Date,Open,High,Low,Close,Adj Close,Volume,vh,vl,vc,open_s,Adj Close_s,volume_s,vh_roll_7,vh_roll_14,vh_roll_30,vl_roll_7,vl_roll_14,vl_roll_30,vc_roll_7,vc_roll_14,vc_roll_30,open_s_roll_7,open_s_roll_14,open_s_roll_30,Adj Close_s_roll_7,Adj Close_s_roll_14,Adj Close_s_roll_30,volume_s_roll_7,volume_s_roll_14,volume_s_roll_30
2000-01-04,10.3947,10.5572,10.2037,10.2037,3.435309,3310623.0,1.0156329668003887,0.9816252513300047,0.9816252513300047,,,,1.011059382135643,1.0110086621854006,1.0102620919468257,0.9835375326221296,0.9877775578279003,0.9904560413954793,0.9930025431089158,0.9982257645641056,0.9992845215740224,-0.05731714285714291,-0.008392857142857122,-0.01846933333333336,-0.0078110000000000445,0.001147071428571416,-0.004610733333333335,-28631.85714285714,-93304.14285714286,97492.2
2000-01-05,9.98393,10.0126,9.79285,9.92661,3.34202,6209608.0,1.0028716146847985,0.9808612440191387,0.9942587738495762,-0.4107699999999994,-0.09328899999999996,2898985.0,1.011059382135643,1.0110086621854006,1.0102620919468257,0.9835375326221296,0.9877775578279003,0.9904560413954793,0.9930025431089158,0.9982257645641056,0.9992845215740224,-0.05731714285714291,-0.008392857142857122,-0.01846933333333336,-0.0078110000000000445,0.001147071428571416,-0.004610733333333335,-28631.85714285714,-93304.14285714286,97492.2
2000-01-06,9.98393,9.98393,9.63043,9.67916,3.258711,6683860.0,1.0,0.9645931011134894,0.9694739446290187,0.0,-0.0833090000000003,474252.0,1.011059382135643,1.0110086621854006,1.0102620919468257,0.9835375326221296,0.9877775578279003,0.9904560413954793,0.9930025431089158,0.9982257645641056,0.9992845215740224,-0.05731714285714291,-0.008392857142857122,-0.01846933333333336,-0.0078110000000000445,0.001147071428571416,-0.004610733333333335,-28631.85714285714,-93304.14285714286,97492.2
2000-01-07,9.74508,9.93616,9.70686,9.81196,3.30342,3479905.0,1.0196078431372548,0.9960780209090127,1.0068629503298074,-0.23885000000000112,0.04470900000000011,-3203955.0,1.011059382135643,1.0110086621854006,1.0102620919468257,0.9835375326221296,0.9877775578279003,0.9904560413954793,0.9930025431089158,0.9982257645641056,0.9992845215740224,-0.05731714285714291,-0.008392857142857122,-0.01846933333333336,-0.0078110000000000445,0.001147071428571416,-0.004610733333333335,-28631.85714285714,-93304.14285714286,97492.2
2000-01-10,9.93616,10.003,9.87884,9.9247,3.3413760000000003,4841285.0,1.0067269448157035,0.9942311718007762,0.9988466369301622,0.19107999999999947,0.03795600000000032,1361380.0,1.011059382135643,1.0110086621854006,1.0102620919468257,0.9835375326221296,0.9877775578279003,0.9904560413954793,0.9930025431089158,0.9982257645641056,0.9992845215740224,-0.05731714285714291,-0.008392857142857122,-0.01846933333333336,-0.0078110000000000445,0.001147071428571416,-0.004610733333333335,-28631.85714285714,-93304.14285714286,97492.2
2000-01-11,9.96482,9.96482,9.64954,9.64954,3.248737,8210699.0,1.0,0.9683606929176845,0.9683606929176845,0.028660000000000352,-0.09263900000000014,3369414.0,1.011059382135643,1.0110086621854006,1.0102620919468257,0.9835375326221296,0.9877775578279003,0.9904560413954793,0.9930025431089158,0.9982257645641056,0.9992845215740224,-0.05731714285714291,-0.008392857142857122,-0.01846933333333336,-0.0078110000000000445,0.001147071428571416,-0.004610733333333335,-28631.85714285714,-93304.14285714286,97492.2
2000-01-12,9.6782,9.99348,9.66865,9.98393,3.3613180000000003,3980658.0,1.0325763055113553,0.9990132462648013,1.0315895517761569,-0.2866199999999992,0.11258100000000004,-4230041.0,1.011059382135643,1.0110086621854006,1.0102620919468257,0.9835375326221296,0.9877775578279003,0.9904560413954793,0.9930025431089158,0.9982257645641056,0.9992845215740224,-0.05731714285714291,-0.008392857142857122,-0.01846933333333336,-0.0078110000000000445,0.001147071428571416,-0.004610733333333335,-28631.85714285714,-93304.14285714286,97492.2
2000-01-13,9.99348,10.175,9.99348,10.0413,3.380632,3110200.0,1.0181638428255224,1.0,1.0047851198981737,0.31527999999999956,0.01931399999999961,-870458.0,1.011420935853519,1.0110086621854006,1.0102620919468257,0.9861624967178432,0.9877775578279003,0.9904560413954793,0.9963110957615113,0.9982257645641056,0.9992845215740224,-0.05731714285714291,-0.008392857142857122,-0.01846933333333336,-0.0078110000000000445,0.001147071428571416,-0.004610733333333335,-28631.85714285714,-93304.14285714286,97492.2
2000-01-14,10.1272,10.2419,10.1272,10.1941,3.4320760000000003,2899367.0,1.0113259341180187,1.0,1.006605972035706,0.13372000000000028,0.05144400000000049,-210833.0,1.0126286957725505,1.0110086621854006,1.0102620919468257,0.9888966047151092,0.9877775578279003,0.9904560413954793,0.9980749812166728,0.9982257645641056,0.9992845215740224,0.020467142857142764,-0.008392857142857122,-0.01846933333333336,0.012865142857142877,0.001147071428571416,-0.004610733333333335,-472891.5714285714,-93304.14285714286,97492.2
2000-01-17,10.2534,10.433,10.2228,10.4167,3.50702,3612992.0,1.0175161409873799,0.9970156240856691,1.0159264244055632,0.12619999999999898,0.07494399999999946,713625.0,1.0151310016278907,1.0110086621854006,1.0102620919468257,0.9935283937111349,0.9877775578279003,0.9904560413954793,1.0047110497561793,0.9982257645641056,0.9992845215740224,0.03849571428571404,-0.008392857142857122,-0.01846933333333336,0.03547271428571427,0.001147071428571416,-0.004610733333333335,-438695.4285714286,-93304.14285714286,97492.2
2000-01-18,10.433,10.6527,10.347,10.5858,3.5639510000000003,3753369.0,1.0210581807725485,0.9917569251413783,1.0146458353302024,0.17960000000000065,0.05693100000000051,140377.0,1.015338192718647,1.0110086621854006,1.0102620919468257,0.9929110943157584,0.9877775578279003,0.9904560413954793,1.0058228904705213,0.9982257645641056,0.9992845215740224,0.09827428571428573,-0.008392857142857122,-0.01846933333333336,0.03721871428571433,0.001147071428571416,-0.004610733333333335,39066.28571428572,-93304.14285714286,97492.2
2000-01-19,10.4893,10.4999,10.3661,10.3852,3.496414,3583812.0,1.001010553611776,0.988254697644266,0.9900756008503904,0.05630000000000024,-0.06753700000000018,-169557.0,1.0145215654038,1.0110086621854006,1.0102620919468257,0.9920573122933999,0.9877775578279003,0.9904560413954793,1.0045698853162681,0.9982257645641056,0.9992845215740224,0.07902000000000012,-0.008392857142857122,-0.01846933333333336,0.022148285714285683,0.001147071428571416,-0.004610733333333335,-179639.0,-93304.14285714286,97492.2
2000-01-20,10.3919,10.4712,10.2228,10.433,3.512508,5821604.0,1.0076309433308634,0.9837277110056871,1.0039550034161222,-0.09740000000000038,0.01609399999999983,2237792.0,1.015611700165352,1.0110086621854006,1.0102620919468257,0.994252600591686,0.9877775578279003,0.9904560413954793,1.0096547868160448,0.9982257645641056,0.9992845215740224,0.06101142857142859,-0.008392857142857122,-0.01846933333333336,0.03768157142857139,0.001147071428571416,-0.004610733333333335,-341299.28571428574,-93304.14285714286,97492.2
2000-01-21,10.3957,10.3957,10.2228,10.2725,3.458472,2357150.0,1.0,0.9833681233586964,0.9881489461989093,0.0038000000000000256,-0.05403599999999997,-3464454.0,1.0109579422351584,1.0110086621854006,1.0102620919468257,0.9920175830336709,0.9877775578279003,0.9904560413954793,1.0034489860192952,0.9982257645641056,0.9992845215740224,0.10249999999999991,-0.008392857142857122,-0.01846933333333336,0.01387914285714282,0.001147071428571416,-0.004610733333333335,-231929.7142857143,-93304.14285714286,97492.2
2000-01-24,10.2772,10.3661,10.2419,10.2514,3.451368,2004365.0,1.0086502160121433,0.9965652123146381,0.9974895886038999,-0.11849999999999916,-0.007103999999999999,-352785.0,1.0095988526903898,1.0105098942719546,1.0102620919468257,0.9915268990786192,0.9888446978982313,0.9904560413954793,1.0024067672629706,0.9993589315122409,0.9992845215740224,0.04053142857142866,-0.008392857142857122,-0.01846933333333336,0.010105142857142877,0.001147071428571416,-0.004610733333333335,-157976.42857142858,-93304.14285714286,97492.2
2000-01-25,10.0795,10.1177,9.95527,10.0499,3.383529,5271049.0,1.003789870529292,0.9876749838781687,0.9970633463961506,-0.1977000000000011,-0.0678390000000002,3266684.0,1.0085222721777147,1.0105754839751326,1.0102620919468257,0.9897661824897862,0.9893313936024477,0.9904560413954793,1.0010435350287483,0.9995592581227104,0.9992845215740224,-0.00681428571428582,0.006826428571428471,-0.01846933333333336,-0.006935285714285795,0.002964928571428541,-0.004610733333333335,338811.71428571426,-67039.92857142857,97492.2
2000-01-26,12.8501,12.8501,12.8501,12.8501,4.326278,151455.0,1.0,1.0,1.0,2.7706,0.9427490000000005,-5119594.0,1.0060199663223748,1.0105754839751326,1.0102620919468257,0.9901925219061193,0.9918604578086271,0.9904560413954793,0.9987683315422393,1.001739690649209,0.9992845215740224,0.3709571428571429,0.20472642857142848,-0.01846933333333336,0.1170368571428572,0.07625478571428575,-0.004610733333333335,-494505.28571428574,-466600.35714285716,97492.2
2000-01-27,10.0556,10.1368,10.003,10.0413,3.380632,3852331.0,1.0080751024304864,0.9947690838935519,0.9985779068379808,-2.7944999999999993,-0.9456460000000004,3700876.0,1.0041652408449373,1.0097517167817922,1.0102620919468257,0.9906228302992869,0.9917669623075227,0.9904560413954793,0.9964729131862076,1.0011479018283644,0.9992845215740224,-0.05391428571428568,0.022180000000000026,-0.01846933333333336,-0.026188428571428637,0.005515142857142845,-0.004610733333333335,14137.42857142857,26601.85714285714,97492.2
2000-01-28,10.0795,10.3852,10.0795,10.3374,3.480322,7518145.0,1.030328885361377,1.0,1.025586586636242,0.023899999999999366,0.09969000000000028,3665814.0,1.008353573952023,1.0114375696779117,1.0102620919468257,0.9923007306358204,0.99217902146461,0.9904560413954793,1.0015459111556149,1.0030578982359415,0.9992845215740224,-0.05854285714285723,0.010238571428571446,-0.01846933333333336,-0.002298857142857142,0.009924714285714271,-0.004610733333333335,562047.5714285715,191204.2857142857,97492.2
2000-01-31,10.197,10.2228,10.0222,10.0795,3.393493,3448251.0,1.0025301559282143,0.9828577032460528,0.9884770030401099,0.11749999999999972,-0.08682900000000027,-4069894.0,1.007624890037359,1.0116182951013555,1.0102620919468257,0.9921764438130154,0.9932145222023507,0.9904560413954793,0.999334768244756,1.0044947775304005,0.9992845215740224,-0.027842857142857218,0.016584285714285687,-0.01846933333333336,-0.017002142857142872,0.010339714285714261,-0.004610733333333335,-339050.4285714286,-340174.85714285716,97492.2
2000-02-01,10.0795,10.1081,9.85973,9.98393,3.3613180000000003,5275728.0,1.0028374423334492,0.9781963391041224,0.9905183788878418,-0.11749999999999972,-0.03217499999999962,1827477.0,1.0080302389421374,1.009494090588648,1.0102620919468257,0.9914376174909335,0.9917276002623022,0.9904560413954793,0.9996732586288893,1.0015611223240923,0.9992845215740224,-0.045171428571428605,0.02866428571428565,-0.01846933333333336,-0.01387914285714282,0.0,-0.004610733333333335,416939.71428571426,92505.0,97492.2
2000-02-02,9.92661,10.2037,9.91705,9.93616,3.345235,4928576.0,1.0279138598171984,0.9990369320442729,1.0009620605624678,-0.1528899999999993,-0.01608300000000007,-347152.0,1.0107821880571455,1.0101905203737676,1.0102620919468257,0.9917907203094527,0.9916588096940361,0.9904560413954793,1.0001693260515416,1.001288046657256,0.9992845215740224,-0.05008428571428577,-0.004776428571428555,-0.01846933333333336,-0.015161857142857116,-0.00252835714285712,-0.004610733333333335,417744.4285714286,129884.0,97492.2
2000-02-03,9.97724,10.0317,9.82151,9.85017,3.316285,5305181.0,1.0054584233715937,0.9843914749970933,0.9872640128933453,0.05062999999999995,-0.02895000000000003,376605.0,1.0110205527489027,1.0097714124633088,1.0102620919468257,0.9913216476121562,0.9905439150509713,0.9904560413954793,0.9987694212654267,0.9999064781470876,0.9992845215740224,-0.014608571428571335,-0.010711428571428578,-0.01846933333333336,-0.009606285714285663,-0.008270785714285729,-0.004610733333333335,4876.0,171843.85714285713,97492.2
2000-02-04,9.88839,10.0222,9.88839,9.93616,3.345235,3571596.0,1.0135320309979683,1.0,1.0048309178743962,-0.08885000000000076,0.02895000000000003,-1733585.0,1.0129537000343267,1.0094868331783506,1.0102620919468257,0.9913216476121561,0.9907570847591377,0.9904560413954793,0.9994595523903405,0.9991139419662899,0.9992845215740224,-0.4231014285714286,-0.026072142857142846,-0.01846933333333336,-0.14014900000000002,-0.011556071428571402,-0.004610733333333335,488591.5714285714,-2956.8571428571427,97492.2
2000-02-07,9.95527,10.0699,9.95527,10.0222,3.3742019999999995,2330750.0,1.011514504378083,1.0,1.0067230723024085,0.06688000000000116,0.0289669999999993,-1240846.0,1.0134450431696977,1.0088051420073174,1.0102620919468257,0.9920689213416488,0.9913458758204678,0.9904560413954793,1.0006231474566873,0.9985480303214475,0.9992845215740224,-0.014332857142857083,-0.03412357142857138,-0.01846933333333336,-0.0009185714285714829,-0.01355350000000006,-0.004610733333333335,-217368.7142857143,-101615.64285714286,97492.2
2000-02-08,10.0222,10.175,10.0222,10.1081,3.403121,2069078.0,1.0152461535391433,1.0,1.0085709724411807,0.06692999999999927,0.028919000000000583,-261672.0,1.011290367195093,1.009821970573558,1.0102620919468257,0.9920689213416488,0.9921848259887345,0.9904560413954793,0.9981923454288214,0.9998691282922182,0.9992845215740224,-0.00818571428571424,-0.033364285714285735,-0.01846933333333336,-0.011028714285714296,-0.006663785714285719,-0.004610733333333335,-778438.1428571428,-108195.28571428571,97492.2
2000-02-09,10.1272,10.2705,10.1177,10.2323,3.444938,3643265.0,1.0141500118492772,0.9990619322221344,1.0103779919424916,0.10500000000000043,0.04181699999999999,1574187.0,1.0129503466123875,1.0102876183248732,1.0102620919468257,0.9943838111953748,0.993280127504195,0.9904560413954793,1.0013210581291616,1.000327913186959,0.9992845215740224,-0.009971428571428425,-0.01890714285714282,-0.01846933333333336,0.0073492857142857405,-0.004826428571428565,-0.004610733333333335,27859.14285714286,-155595.64285714287,97492.2
2000-02-10,10.1721,10.2132,10.0795,10.2132,3.438507,6374527.0,1.0040404636210811,0.9908966683379046,1.0040404636210811,0.04490000000000016,-0.0064310000000000755,2731262.0,1.013122206796335,1.010576222869236,1.0102620919468257,0.996198143943058,0.9938178807169956,0.9904560413954793,1.0032527845196244,1.0014630215742568,0.9992845215740224,0.013228571428571558,-0.015971428571428525,-0.01846933333333336,0.011026999999999962,-0.0014260714285714293,-0.004610733333333335,156971.2857142857,286955.5,97492.2
2000-02-11,10.1091,10.1272,9.89794,9.93616,3.345235,2943213.0,1.001790466015768,0.9791118892878694,0.9828926412835959,-0.06300000000000061,-0.0932719999999998,-3431314.0,1.0093902933961305,1.010086240726638,1.0102620919468257,0.9933517092635717,0.9925712147865121,0.9904560413954793,1.0006714389083569,1.0004203824799494,0.9992845215740224,0.026069999999999944,-0.012007142857142914,-0.01846933333333336,0.0,-0.007580928571428558,-0.004610733333333335,-283623.28571428574,67060.57142857143,97492.2
2000-02-14,9.84062,9.87884,9.76419,9.84062,3.313069,5380998.0,1.0038839016240848,0.9922332129479646,1.0,-0.2684800000000003,-0.03216600000000014,2437785.0,1.0091653617179153,1.010092957233409,1.0102620919468257,0.9944719575422676,0.9928968025772118,0.9904560413954793,1.002490865637879,1.000630143451653,0.9992845215740224,-0.019517142857142948,-0.01706285714285714,-0.01846933333333336,-0.0004594285714285868,-0.0050328571428571245,-0.004610733333333335,10831.0,7853.5,97492.2
2000-02-15,9.84062,9.85973,9.74508,9.79285,3.296987,6235389.0,1.0019419508120424,0.9902912621359223,0.9951456310679612,0.0,-0.01608199999999993,854391.0,1.0075096359770686,1.0102316680056977,1.009805724747214,0.9930849949902564,0.9922033213012063,0.9907449084223432,1.0011072532369598,1.0002834028136502,0.9997352008986209,-0.006824285714285695,-0.21496285714285715,-0.01846933333333336,-0.006892571428571438,-0.07352078571428573,-0.004610733333333335,380541.85714285716,434566.71428571426,97492.2
2000-02-16,9.84062,9.89794,9.76419,9.84062,3.313069,6465690.0,1.005824836239993,0.9922332129479646,1.0,0.0,0.01608199999999993,230301.0,1.0066968262430558,1.0100709347063765,1.0099041654657206,0.9919754539828228,0.9920221876622358,0.991123974053304,1.0001468143366157,1.0003849808966516,0.9999265751036349,-0.016378571428571576,-0.01535571428571433,-0.004777000000000046,-0.008733285714285634,-0.004825928571428558,-0.000965033333333339,590705.7142857143,186668.5,8536.066666666668
2000-02-17,9.82151,9.83107,9.77374,9.77374,3.290553,2748954.0,1.0009733737480286,0.995136185779987,0.995136185779987,-0.019109999999999516,-0.02251599999999998,-3716736.0,1.0046578577014678,1.0079741124482804,1.0099366112573216,0.9912806233799639,0.9916747723608063,0.9921420768755206,0.9982275590993025,0.9982099522640618,1.0007819831420006,-0.028669999999999973,-0.018427857142857107,-0.00541400000000003,-0.016081142857142856,-0.013554928571428577,0.0010614000000000049,97125.14285714286,-340656.5,-131163.53333333333
2000-02-18,9.74508,9.79285,9.63043,9.65909,3.251953,4077768.0,1.0049019607843137,0.9882350888858789,0.9911760601246989,-0.07643000000000022,-0.03860000000000019,1328814.0,1.0033367075493302,1.008143527080859,1.0094464151788902,0.9897339314747845,0.9920588713350796,0.9918806458080828,0.9954844259824748,0.9984027420558184,1.0002590868018304,-0.05458857142857149,-0.03227999999999996,0.0,-0.02756928571428574,-0.01011,-0.0017155666666666717,62071.857142857145,44965.5,19928.766666666666
2000-02-21,9.55973,9.64954,9.55973,9.63999,3.245523,3427968.0,1.0093946167935706,1.0,1.008395634604743,-0.18534999999999968,-0.006429999999999936,-649800.0,1.0041015865739717,1.0086118966851534,1.0095353375781524,0.9910344074265124,0.9936162756847852,0.9920729400813904,0.9961065932658552,0.9996796888927398,1.0005773867243164,-0.08748142857142861,-0.037126428571428526,-0.01254766666666664,-0.027569142857142865,-0.00827107142857145,-0.0031951000000000136,-420937.0,-131982.85714285713,-47110.566666666666
2000-02-22,9.63043,9.63999,9.44891,9.51578,3.203705,11280769.0,1.0009926867232304,0.9811514127614238,0.9880950279478693,0.07070000000000043,-0.04181800000000013,7852801.0,1.0039876181036091,1.0066889557498697,1.0095684271355934,0.9913257679227344,0.992338738593153,0.9924992974095149,0.9968497913607514,0.9987606151345542,1.0012351978919891,-0.06838142857142847,-0.02115571428571426,-0.011146333333333303,-0.02021857142857148,-0.01010928571428574,-0.00150106666666668,1191079.4285714286,453728.0714285714,102335.66666666667
2000-02-23,9.54445,9.554,9.43935,9.45846,3.184407,11631564.0,1.0010005814897665,0.9889883649660274,0.9909905756748687,-0.08598000000000106,-0.019297999999999593,350795.0,1.0035757152272777,1.0063705384725965,1.0085159030015405,0.990862218211029,0.9926670878766483,0.9921651346995558,0.9955627307428755,0.9990267981903772,0.9998818986886129,-0.04231000000000001,-0.030913571428571478,-0.0044583333333333645,-0.01838028571428569,-0.009419857142857138,-0.005897033333333334,892938.0,451884.5,255030.2
2000-02-24,9.54445,9.54445,9.29604,9.33426,3.142592,6500895.0,1.0,0.9739733562436809,0.9779777776613635,0.0,-0.04181500000000016,-5130669.0,1.0032982936827004,1.0054039648298845,1.0079104415740232,0.9885310887978518,0.9908080418940541,0.9912975799076785,0.9931101802562187,0.9971087167465892,0.9989883206140526,-0.04231000000000001,-0.02456714285714285,-0.014967666666666683,-0.02205642857142858,-0.01447450000000001,-0.007934666666666661,37929.42857142857,209235.64285714287,113023.16666666667
2000-02-25,9.34381,9.69731,9.3056,9.67725,3.258068,8181139.0,1.037832532981728,0.9959106617108011,1.0356856571355797,-0.20063999999999993,0.11547600000000013,1680244.0,1.0078708217886625,1.007283824015859,1.0087939948694802,0.9890564386211141,0.9905159463019685,0.9911612686313719,0.9982081312755872,0.9991774728061015,0.999957643450715,-0.07097285714285714,-0.04367571428571436,-0.02611300000000002,-0.007857285714285693,-0.008295285714285663,-0.0058002666666666725,245064.14285714287,417884.9285714286,176059.06666666668
2000-02-28,9.62279,9.64954,9.43935,9.44891,3.181191,5083204.0,1.0027798590637433,0.9809369216204447,0.9819303964858425,0.27898000000000067,-0.07687700000000008,-3097935.0,1.008128891119479,1.0063933744104736,1.0083027854720255,0.987027972312608,0.9891542978462861,0.9906253118825311,0.9963215899478521,0.9972745745235773,0.9988244425200576,-0.0283885714285714,-0.028529285714285684,-0.0210203333333333,-0.015623142857142851,-0.015852142857142853,-0.010860966666666657,333464.28571428574,215294.7142857143,49007.066666666666
2000-02-29,9.53012,9.59222,9.47757,9.56355,3.2197880000000003,6152243.0,1.0065161823775566,0.9944859036402479,1.0035078257146814,-0.09267000000000003,0.038597000000000214,1069039.0,1.008359494204228,1.005848100876779,1.0078180521921924,0.9879209458489465,0.9888274386618655,0.9907162778324934,0.9980832707464212,0.996783848364448,0.9984531755328736,-0.03070857142857137,-0.04264857142857143,-0.03009599999999999,-0.004594999999999937,-0.01608214285714284,-0.0114721,296353.5714285714,179212.7142857143,79962.46666666666
2000-03-01,9.63521,9.84062,9.62088,9.82247,3.30696,8631456.0,1.0213186842839959,0.9985127464788001,1.0194349682051558,0.10509000000000057,0.0871719999999998,2479213.0,1.0100629324171457,1.0070822594955586,1.0084949898812665,0.9877084810602037,0.989371444243358,0.9910582127936446,0.999660318403623,0.997883455834739,0.9994318211113657,0.010782857142857236,-0.03834928571428569,-0.028469666666666647,0.008776714285714313,-0.009396214285714275,-0.006315133333333334,743355.4285714285,161209.2142857143,168254.8
2000-03-02,9.93616,10.0222,9.65909,9.72884,3.275435,3574527.0,1.0086592808489396,0.9721149820453778,0.9791347965411186,0.3009499999999985,-0.03152500000000025,-5056929.0,1.01115816014939,1.0075728891264997,1.0085292677985356,0.9864175623864828,0.9888716651546086,0.9906711218283009,0.9983802853455158,0.9976150383531336,0.998604480882199,0.0436757142857141,-0.012352857142857181,-0.01519133333333335,0.010247142857142868,-0.004985714285714308,-0.007902433333333337,-1100891.7142857143,45093.857142857145,-74902.56666666667
2000-03-03,9.75177,9.79285,9.60177,9.7833,3.293771,3688980.0,1.0042125685901122,0.9846181770078662,1.0032332591929465,-0.18438999999999872,0.01833600000000013,114453.0,1.0116170154494395,1.0075963653383586,1.0086696867515395,0.9857932498210313,0.9883277340160302,0.9907127902832732,1.0001292401338124,0.997845985438344,0.9991072913153336,0.02961714285714301,-0.006346428571428499,-0.021464333333333308,0.015623428571428542,-0.001378428571428574,-0.005490033333333333,-1134654.857142857,-120858.42857142857,44394.333333333336
2000-03-06,9.84062,9.86928,9.65909,9.72597,3.27447,2301079.0,1.0029124181199964,0.9815529915797989,0.98834931132388,0.08884999999999899,-0.019301000000000013,-1387901.0,1.0120330751808673,1.007665684431784,1.008478426821801,0.9868760548690482,0.9877035718334499,0.9902123829254453,1.0016108877998862,0.9973605340280525,0.9988026154059996,0.04231000000000001,0.0,-0.014552666666666703,0.018839714285714276,-0.0016083571428571514,-0.0058966,-599973.7142857143,-281022.14285714284,9890.466666666667
2000-03-07,9.60177,9.79285,9.54445,9.72597,3.27447,4514862.0,1.0199004975124377,0.9940302673361265,1.0129351150881556,-0.23884999999999934,0.0,2213783.0,1.0094713558281116,1.0086710888083872,1.0090154477212392,0.9866074271012375,0.9878319328611758,0.9904242257073772,0.99836081036454,0.9982844708200637,0.9993316743623998,0.03685142857142866,-0.017060714285714238,-0.01592433333333331,0.0023431428571428293,-0.002757071428571432,-0.0036352999999999932,-523753.85714285716,-139344.85714285713,-25206.233333333334
2000-03-08,9.69731,9.89794,9.65909,9.81196,3.30342,2698736.0,1.0206892426868894,0.9960587008149684,1.0118228663412843,0.09553999999999974,0.02895000000000003,-1816126.0,1.0120298392028468,1.0100793651611628,1.0097050891441357,0.9887676812718837,0.9878978267922459,0.9902928490678761,1.0026311632010318,0.999476376574442,0.9997257699071093,0.010645714285714243,-0.008871428571428577,-0.10509299999999998,0.017461285714285704,0.0009190714285714259,-0.03409526666666667,-340638.28571428574,-3587.0,84909.36666666667
2000-03-09,9.84062,10.0317,9.77374,9.97915,3.359709,3613639.0,1.0194174757281556,0.9932036802559189,1.0140773650440726,0.1433099999999996,0.05628900000000003,914903.0,1.0138728811100752,1.0111161876571517,1.010083168254058,0.9885845065026938,0.9882527261758202,0.9902406689466218,1.0041410973909448,1.001112184068683,1.0002424185139789,0.04435714285714276,0.006824285714285695,-0.0071660000000000204,0.01998871428571425,0.007696857142857156,-0.0006974333333333268,-362657.71428571426,-33152.07142857143,-7956.4
2000-03-10,9.98393,10.1941,9.85973,9.89221,3.330439,3327286.0,1.0210508286816915,0.9875600089343575,0.9908132368716527,0.14331000000000138,-0.029269999999999907,-286353.0,1.0138346160240317,1.0119487742205888,1.0097738996980685,0.9870198297106306,0.9873641553854171,0.9898260025777669,1.0000522786290158,0.9998562985163194,0.9990833068551592,0.04981714285714288,0.030300000000000056,-0.00318566666666662,0.003354142857142861,0.006065428571428587,-0.0049961,-757738.5714285715,-7191.571428571428,-139695.3
2000-03-13,9.83298,10.0126,9.82151,9.89508,3.331405,2793317.0,1.018267097055013,0.9988335174077442,1.006315481166442,-0.1509500000000017,0.0009660000000000224,-533969.0,1.015207161196328,1.013182660672859,1.010298464402295,0.9908367633338259,0.9886271628601543,0.99035852971649,1.0039352335754905,1.0011577594605032,0.9996779227927036,-0.014740000000000007,0.014467857142857048,-0.012134,0.007995714285714328,0.009121428571428598,-0.00206959999999999,-111601.42857142857,-606246.5714285715,-21831.133333333335
2000-03-14,9.84062,10.0126,9.84062,10.0126,3.370971,3703429.0,1.017476541112247,1.0,1.017476541112247,0.007640000000000313,0.03956599999999977,910112.0,1.017102014413776,1.0143595149316076,1.0107864343615884,0.9930341666184164,0.9894137082197239,0.9910853184130192,1.0059699881353907,1.0030496141346015,1.000576528200184,0.012692857142856997,0.021155000000000004,-0.007962666666666667,0.011028571428571419,0.01332599999999998,0.0003217666666666563,2064.1428571428573,-566295.3571428572,-52409.96666666667
2000-03-15,10.0059,10.2514,9.93616,10.2323,3.444938,4811809.0,1.0245355240408158,0.9930301122337819,1.022626650276337,0.16528000000000098,0.07396700000000012,1108380.0,1.0201910295453216,1.0161120523630944,1.0106738231690422,0.9946737552832711,0.9907749050761596,0.9908850910860029,1.0108667508428846,1.0062388193213854,1.0012986811906461,0.02361142857142871,0.03296071428571436,0.0026430000000000104,0.02435257142857144,0.02159614285714286,0.003323433333333329,358675.71428571426,-120649.0,-3892.233333333333
2000-03-16,10.347,10.5572,10.324,10.324,3.475811,3642901.0,1.0203150671692278,0.9977771334686383,0.9977771334686383,0.34109999999999907,0.03087300000000015,-1168908.0,1.0202502537820057,1.0148608048050587,1.0111690446289634,0.9952090218736298,0.9909082244874338,0.991331279701721,1.008701324897239,1.0035310676308895,1.001649118543156,0.10646142857142848,0.07165642857142858,0.012325333333333315,0.02876300000000003,0.01555307142857143,0.005317533333333335,-124565.85714285714,-324159.85714285716,-55409.333333333336
2000-03-17,10.5094,10.6145,10.261,10.261,3.454599,3728048.0,1.0100005709174644,0.9763640169752793,0.9763640169752793,0.16239999999999988,-0.02121200000000023,85147.0,1.018723300672088,1.0153765699374673,1.0110513292929464,0.9923954956108171,0.9905815884413504,0.9905434136008969,1.0036357749878098,1.003133469094421,1.0007002218465189,0.11601285714285707,0.06332928571428566,0.020700333333333334,0.021596999999999995,0.01952914285714285,0.00364546666666666,147044.57142857142,-96796.85714285714,5215.066666666667
2000-03-20,10.3183,10.3947,10.1272,10.1979,3.433356,1638258.0,1.0074043204791487,0.9814795072831765,0.9883314111820746,-0.19109999999999872,-0.021243000000000123,-2089790.0,1.0170071356365153,1.0154400083732953,1.010914323162982,0.9907206137575681,0.9896525601301311,0.9899260638436694,0.999957781578953,1.0020494394849488,1.000087166475841,0.06824000000000018,0.05629857142857147,0.012101000000000006,0.010520999999999971,0.01525485714285711,0.0019718000000000123,-282197.28571428574,-322427.5,-23083.066666666666
2000-03-21,10.175,10.2323,10.0317,10.175,3.425647,1398433.0,1.0056314496314496,0.9859164619164619,1.0,-0.14329999999999998,-0.007708999999999744,-239825.0,1.0148043672007667,1.0143194916123992,1.0105938330327255,0.9904858213264403,0.9887528255185355,0.9894566125742182,1.001270176311574,1.0006612274702948,0.9998014673944683,0.027295714285714263,0.03855642857142857,0.005093333333333365,0.013601142857142852,0.008477642857142855,0.0007508666666666681,-275550.4285714286,-516644.5,-22354.833333333332
2000-03-22,10.3183,10.4807,10.2419,10.3183,3.473892,2500404.0,1.015739026777667,0.9925956795208511,1.0,0.14329999999999998,0.04824500000000009,1101971.0,1.014443214304003,1.0148251877501653,1.0106468001970053,0.9895947016283128,0.9902157324810693,0.9892410708175088,1.0003679647163681,1.0021515991459293,0.9994555343297187,0.0693314285714288,0.027295714285714392,0.006370000000000016,0.020355285714285718,0.014175500000000023,0.0009651333333333382,-41844.71428571428,-76723.07142857143,-38095.36666666667
2000-03-23,10.3661,10.4043,10.2228,10.2992,3.46746,2634309.0,1.0036850888955344,0.986176093226961,0.9935462710180301,0.04779999999999873,-0.006432000000000215,133905.0,1.0124730068444725,1.0147875106291242,1.0106349543728204,0.9876198578035928,0.9903270122110045,0.9890837183138107,0.9969493547029085,1.0014596714191495,0.9991057279096169,0.07506857142857142,0.04388071428571421,0.006466666666666635,0.013784142857142865,0.01240635714285714,0.0009651000000000002,-152731.42857142858,-75333.64285714286,-124673.93333333333
2000-03-24,10.3183,10.3661,10.2514,10.3088,3.470692,1904511.0,1.0046325460589436,0.993516373821269,0.9990793056995823,-0.04779999999999873,0.0032320000000001237,-729798.0,1.0096297242756336,1.0149103769104775,1.0107296903742595,0.9876893237446625,0.9911815395139668,0.9895638677982573,0.9935854483348007,1.0022260995888426,0.9996452833901497,0.04462857142857146,0.03412000000000009,0.006973333333333364,0.0036791428571428648,0.014015857142857151,0.004181899999999998,-415328.28571428574,-28326.285714285714,-34623.4
2000-03-27,10.2285,10.4234,10.2285,10.3374,3.480322,2927734.0,1.0190546023366085,1.0,1.0106467223933129,-0.08980000000000032,0.009630000000000027,1023223.0,1.0094496578709737,1.0148499558264898,1.0112353803980103,0.9880068761062856,0.9916079489899577,0.9898227606999919,0.9954239610383256,1.0020626429677824,1.0000001741365936,-0.01692857142857131,0.04476642857142859,0.012929333333333364,0.0006444285714285616,0.014703714285714296,0.005575100000000003,-102166.71428571429,-113366.28571428571,-81775.46666666666
2000-03-28,10.3279,10.4712,10.2801,10.347,3.4835540000000003,2925224.0,1.013875037519728,0.9953717599899301,1.0018493595019315,0.09939999999999927,0.0032320000000001237,-2510.0,1.0100031530998685,1.0143632268859781,1.0116331499549331,0.9907222679655213,0.9915588817881692,0.9899921106284587,0.9990647242564188,1.0013502496221143,1.000223631751059,-0.025928571428571395,0.04504214285714284,0.016242666666666673,0.004136428571428612,0.012866714285714302,0.006218900000000005,-114689.14285714286,16177.714285714286,-110338.83333333333
2000-03-29,10.3374,10.347,10.0508,10.2276,3.4433550000000004,2569249.0,1.00092866678275,0.9722754270899839,0.9893783736722968,0.009500000000000952,-0.040198999999999874,-355975.0,1.0090780597146687,1.013042597675592,1.0114699443063584,0.9894073993664939,0.9900640065620311,0.9893268510998594,0.9992142903264505,0.9995860359527017,0.9998695775401357,0.0027285714285714135,0.035484285714285795,0.01655933333333337,0.001428428571428648,0.00597471428571431,0.004342866666666678,132998.7142857143,-74599.28571428571,-129881.36666666667
2000-03-30,10.2228,10.2228,10.0508,10.1119,3.404402,2859188.0,1.0,0.9831748640294246,0.9891517001212976,-0.11460000000000115,-0.03895300000000024,289939.0,1.008273566910176,1.0115389670554713,1.0114374985147576,0.9890157425254885,0.9897507819259644,0.9889281403748407,0.9976645332009216,0.9994673547562478,0.9996700946848461,0.006828571428571247,0.017062142857142755,0.013376333333333316,-0.003034999999999994,0.005283071428571429,0.0037949666666666697,208679.2857142857,-33435.57142857143,3674.4666666666667
2000-03-31,10.0097,10.1081,9.93616,9.93616,3.345235,6556619.0,1.009830464449484,0.9926531264673266,0.9926531264673266,-0.21309999999999896,-0.05916699999999997,3697431.0,1.0074294865775784,1.0109363504407907,1.0116017819702632,0.9890239492321279,0.9893093254302202,0.9890754082942224,0.9966149798391112,0.9984914722777395,0.9997193302296004,-0.04408571428571432,0.012622857142857238,0.008820666666666692,-0.018379571428571433,0.0009878571428571434,0.0031094000000000104,579459.2857142857,268807.28571428574,82628.36666666667
2000-04-03,9.93616,10.0508,9.88839,10.0222,3.3742019999999995,2866871.0,1.0115376563984477,0.9951923076923077,1.0086592808489396,-0.07354000000000127,0.0289669999999993,-3689748.0,1.0085512819351374,1.010512144389805,1.0116732166237592,0.9903119798700345,0.9889659188368137,0.9889151518839658,0.9987739812435267,0.9978616679732176,0.9997281184377403,-0.06142000000000003,0.006824285714285695,0.01254766666666664,-0.013322571428571501,0.00023078571428568142,0.004289299999999985,33223.142857142855,-59754.142857142855,-18703.233333333334
2000-04-04,10.2276,10.4903,10.1846,10.4616,3.522136,2631189.0,1.025685400289413,0.9957956900934725,1.0228792678634284,0.2914400000000015,0.14793400000000068,-235682.0,1.0115588325394902,1.0105942784075619,1.0124963070759652,0.9906375964803493,0.9891634601125059,0.9894032944617008,1.0021739758383619,0.9978797120865812,1.0008875931015921,-0.012957142857142858,0.015835714285714304,0.019905666666666672,0.007349142857142864,0.005514142857142864,0.010614366666666679,103811.14285714286,-155758.57142857142,-288319.3333333333
2000-04-05,10.2323,10.7674,10.2323,10.6479,3.584858,4015724.0,1.052295182901205,1.0,1.0406164791884522,0.004699999999999704,0.06272199999999994,1384535.0,1.016307486905861,1.0128785723884175,1.0142061271230132,0.9906375964803493,0.9893222362933175,0.9897703489628333,1.006455369666239,1.0009396653522822,1.0025417898853783,0.0005428571428571465,-0.008192857142857082,0.022928333333333367,0.014933714285714281,0.007789071428571421,0.013348366666666663,155427.14285714287,26630.214285714286,-253861.33333333334
2000-04-06,10.5094,10.6336,10.3661,10.4616,3.522136,3568520.0,1.0118179915123604,0.9863645878927436,0.9954516908672237,0.277099999999999,-0.06272199999999994,-447204.0,1.0160136231905228,1.0130083881451957,1.014600060173425,0.9893508576093227,0.990036562787422,0.990183390017802,1.005541417004138,1.0023030706302782,1.003124253658907,0.025928571428571395,0.0,0.032165,0.005511714285714271,0.0048240714285714414,0.01265146666666667,91899.42857142857,-11394.857142857143,-97745.83333333333
2000-04-07,10.6049,10.7387,10.4616,10.4616,3.522136,3613833.0,1.0126168092108363,0.9864873784759876,0.9864873784759876,0.09550000000000125,0.0,45313.0,1.0176833578231066,1.0133807087688875,1.0137595360477287,0.9913811363787517,0.9903942678726229,0.9898692805766415,1.0051284176903794,1.002171354008415,1.0014843110369207,0.03821428571428572,0.020471428571428568,0.04203633333333337,0.011254428571428539,0.006341428571428593,0.008802266666666666,149226.2857142857,141112.5,-152243.53333333333
2000-04-10,10.4903,10.6049,10.4139,10.5572,3.554322,1748886.0,1.0109243777585009,0.9927170814943329,1.0063773200003814,-0.11460000000000115,0.032185999999999826,-1864947.0,1.0192439832171782,1.013758775063677,1.0140310200042206,0.9927443103023101,0.9908800264138993,0.9902619525724378,1.0075892205302486,1.002626876865585,1.0022992084874052,0.03821428571428572,0.022521428571428487,0.028916999999999977,0.021417142857142833,0.00919107142857142,0.012437699999999996,-158614.57142857142,25032.35714285714,-111143.93333333333
2000-04-11,10.5572,10.5572,10.4139,10.4712,3.525368,7952445.0,1.0,0.9864263251619748,0.9918539006554769,0.0669000000000004,-0.028954000000000146,6203559.0,1.0178396311529663,1.0126345588652723,1.0138138139249688,0.9918547672586884,0.9904393582454082,0.9899932999564954,1.0074750454142698,1.0020450126266904,1.0019107443187651,0.07821428571428564,0.01706428571428566,0.034235999999999996,0.025733285714285663,0.0036768571428571167,0.010185999999999983,199403.7142857143,389431.5,60006.73333333333
2000-04-12,10.5667,10.796,10.5572,10.7865,3.631522,5994313.0,1.0217002470023753,0.999100949208362,1.0208011962107375,0.009500000000000952,0.10615400000000008,-1958132.0,1.0192914298106701,1.0139213558729037,1.013826532682248,0.9924131446181247,0.9913625622440797,0.9900129067141474,1.0092096047516697,1.003991792997598,1.0019562852522845,0.09007714285714309,0.014328571428571532,0.031049666666666673,0.03676000000000006,0.01171871428571428,0.010818733333333327,446777.4285714286,240000.2857142857,-87904.76666666666
2000-04-13,10.7291,11.054,10.7291,10.9393,3.682965,6687796.0,1.03028212990838,1.0,1.0195915780447566,0.16239999999999988,0.051442999999999905,693483.0,1.0199481054705226,1.0157534690050063,1.0145472943175629,0.9930137603190572,0.9918256783997033,0.9909424073126349,1.0087399347775736,1.0054569553079677,1.003304844635739,0.07164285714285715,0.029342857142857146,0.026431333333333383,0.02297557142857138,0.015162357142857122,0.013584333333333332,579515.2857142857,341663.21428571426,103775.63333333333
2000-04-14,10.796,11.1304,10.796,11.0798,3.730268,4029053.0,1.0309744349759171,1.0,1.0262875138940348,0.06689999999999863,0.04730300000000032,-2658743.0,1.0169022843383384,1.0166048856220997,1.015439356530423,0.9930137603190572,0.9918256783997033,0.991455134745706,1.006692939735514,1.0065741547008764,1.004073319792442,0.08052857142857128,0.04053571428571422,0.03480766666666663,0.02077285714285715,0.017853285714285714,0.014549900000000004,1904.142857142857,78665.64285714286,11335.766666666666
2000-04-17,10.5275,11.0635,10.519,10.8916,3.666906,5988704.0,1.0509142721443838,0.9991925908335313,1.0345856091189742,-0.2684999999999995,-0.06336200000000014,1959651.0,1.0224874672857704,1.0192505452381466,1.017039418331236,0.9948463321677412,0.9920985948885319,0.992043121387497,1.0122834994857641,1.0089124582449511,1.0056145297189452,0.00258571428571435,0.014257142857142873,0.022896000000000014,0.02068142857142855,0.01309657142857141,0.0130812,345740.5714285714,218820.0,122920.83333333333
2000-04-18,11.0922,11.1304,10.8916,10.9584,3.689396,5405109.0,1.0034438614521917,0.9819152197039361,0.9879374695732135,0.5647000000000002,0.0224899999999999,-583595.0,1.0211770461773926,1.0194302020002497,1.0164908637958943,0.9941931666288768,0.9927871515038141,0.991639286466424,1.0124906553567965,1.008809536523588,1.004781274868447,0.06961428571428563,0.05391428571428568,0.049680999999999996,0.023894285714285677,0.017574357142857107,0.013830866666666664,255896.57142857142,202561.42857142858,29674.9
2000-04-19,11.14,11.417,11.1113,11.3884,3.834165,3965373.0,1.0248653500897666,0.997423698384201,1.0222980251346498,0.04780000000000051,0.14476900000000015,-1439736.0,1.0231686136532878,1.021206298435233,1.01663006737599,0.9948655404702864,0.9938049253862983,0.9916847863853986,1.014765041804549,1.0111771311673987,1.0051304468282258,0.09281428571428586,0.06551428571428579,0.04808966666666669,0.03997757142857144,0.030697357142857134,0.017691500000000002,316641.0,79013.21428571429,42221.23333333333
2000-04-20,11.2737,11.3215,11.1686,11.2737,3.795549,1552447.0,1.0042399567134126,0.9906774173518897,1.0,0.13369999999999926,-0.038616000000000206,-2412926.0,1.0237743217552038,1.020806976454085,1.0161241500754987,0.9954728393545601,0.9936638033066243,0.9916005776219309,1.015928770282338,1.011701907848304,1.0046612013267568,0.10235714285714284,0.09028571428571423,0.047769333333333344,0.038597285714285716,0.03216528571428569,0.014527999999999992,-914285.4285714285,-357440.85714285716,-68706.4
2000-04-21,11.8002,11.8002,11.8002,11.8002,3.972807,0.0,1.0,1.0,1.0,0.5265000000000004,0.17725800000000014,-1552447.0,1.0206742864691503,1.0199828581399102,1.0154224557861091,0.9956012751819369,0.9940072099000308,0.9920152439907857,1.0129571708236613,1.0110833877876655,1.0049674267643685,0.17621428571428563,0.13314571428571437,0.060542333333333316,0.04875500000000001,0.04275750000000004,0.021412266666666662,-856330.4285714285,-204776.5,-110909.53333333334
2000-04-24,11.8002,11.8002,11.8002,11.8002,3.972807,0.0,1.0,1.0,1.0,0.0,0.0,0.0,1.0163482679108102,1.0181481866906663,1.0148135525509419,0.9956012751819368,0.9943075177504971,0.9920541267438608,1.0101583739601245,1.009449154368849,1.004756910725487,0.15301428571428563,0.1123285714285714,0.06557400000000004,0.04140600000000002,0.0321907857142857,0.02138006666666666,-955399.4285714285,-187942.07142857142,-93110.56666666667
2000-04-25,11.8002,11.8002,11.8002,11.8002,3.972807,0.0,1.0,1.0,1.0,0.0,0.0,0.0,1.0119233486285364,1.0144128164834374,1.0142310011805338,0.9956012751819368,0.9943075177504971,0.9920541267438608,1.0064030148324055,1.0065479772839596,1.0041743593550787,0.14345714285714298,0.11199285714285713,0.06531933333333335,0.034648428571428545,0.027710642857142847,0.0200612,-575579.0,-286837.4285714286,-123447.63333333333
2000-04-26,11.4361,11.5412,11.3693,11.4839,3.866317,3612502.0,1.0091901959584124,0.994158847858973,1.0041797465919327,-0.36410000000000053,-0.10648999999999997,3612502.0,1.0059627663162547,1.0142251168010126,1.0137194902444537,0.9948821690427143,0.9948642506052278,0.9920917512647005,1.002059320185685,1.0071714098357247,1.0035594625655986,0.12979999999999997,0.06619285714285716,0.04767333333333331,0.028487285714285715,0.024584357142857133,0.014045966666666665,-339457.4285714286,3141.5714285714284,-39976.9
2000-04-27,11.4266,11.4648,11.3884,11.4447,3.85312,3103239.0,1.0033430766807274,0.9966569233192726,1.0015840232440094,-0.009499999999999176,-0.013196999999999903,-509263.0,1.0059483684917598,1.0135627073345763,1.0131537572281701,0.9969881267020481,0.9955906466654624,0.9920544109263882,1.0040088278529418,1.008249741604869,1.0036863588914442,0.04777142857142864,0.05869285714285714,0.0359866666666667,0.023389142857142886,0.023641714285714283,0.012576966666666663,-328838.5714285714,-36471.0,-17988.733333333334
2000-04-28,11.5603,11.7037,11.2737,11.3119,3.80841,12225970.0,1.0124045223739868,0.9752082558411114,0.9785126683563575,0.13369999999999926,-0.04471000000000025,9122731.0,1.0041682502466485,1.013668431949968,1.0132338889433876,0.9938144920530353,0.9943400162616608,0.9920158855552493,0.9977537768846142,1.0062594093445816,1.003757980604147,0.06004285714285703,0.07642857142857144,0.03503000000000001,-0.003679285714285742,0.018149142857142846,0.011793699999999996,1180085.2857142857,748363.1428571428,283264.06666666665
2000-05-01,11.1916,11.2068,10.8438,10.9298,3.679767,3936188.0,1.0013581614782516,0.9689231209121127,0.9766074555916938,-0.36870000000000047,-0.12864299999999984,-8289782.0,1.003756565213054,1.013765443484129,1.0130323503100245,0.9907067354187814,0.9930897873866706,0.9915973393428806,0.9944119848262848,1.0051703775543115,1.0033671820844676,-0.011728571428571501,0.045314285714285675,0.029109999999999955,-0.01654028571428569,0.011028500000000012,0.008213700000000006,340534.4285714286,-286875.5,76597.66666666667
2000-05-02,11.0043,11.1304,11.0043,11.0635,3.72478,5270555.0,1.0114591568750397,1.0,1.005379715202239,-0.1872999999999987,0.04501299999999997,1334367.0,1.0053935876237738,1.0130339370464623,1.0132266072181442,0.9907067354187814,0.993154005300359,0.9920667906123318,0.9951805155694619,1.0040688431965614,1.003546505924542,-0.11369999999999994,0.03125714285714284,0.027643333333333332,-0.03543242857142857,0.0066612857142857185,0.009971099999999995,752936.4285714285,-51697.0,129070.73333333334
2000-05-03,11.0549,11.0549,10.8724,10.8916,3.666906,10197263.0,1.0,0.9834914834145945,0.9852282698170043,0.05059999999999931,-0.05787399999999998,4926708.0,1.0053935876237738,1.0108709277672923,1.012701972992222,0.9883483759065806,0.9919748255442586,0.99176331740879,0.9930702684004623,1.0016143211802935,1.0030541149184422,-0.10647142857142862,0.023271428571428516,0.02455333333333331,-0.043700142857142854,-0.001147071428571416,0.006433799999999993,1456751.857142857,250676.2142857143,256561.96666666667
2000-05-04,10.8438,10.9107,10.7483,10.8533,3.654011,4298985.0,1.006169424002656,0.99119312418156,1.0008760766520963,-0.21110000000000007,-0.012894999999999879,-5898278.0,1.0062749339098678,1.009099141269202,1.0127847841624593,0.9870902507896606,0.9913457629857987,0.9919305517739433,0.9931954222079048,0.9997992185201551,1.0032984417729112,-0.1366285714285715,0.0034142857142857507,0.01592333333333335,-0.045542285714285695,-0.005446928571428573,0.006218366666666671,614140.7142857143,19280.85714285714,55489.2
2000-05-05,10.8916,11.1495,10.8629,11.1218,3.744408,2716134.0,1.023678798340005,0.9973649417900032,1.0211355540049212,0.04780000000000051,0.09039699999999984,-1582851.0,1.008344734250095,1.007153750283175,1.0134196592384948,0.9875482642083793,0.9912152166255467,0.9920588373729011,0.9956176804097602,0.9988385002977227,1.0040336500497558,-0.0777857142857142,0.026007142857142895,0.01910999999999999,-0.017415571428571437,0.00553585714285714,0.009123866666666662,-128052.57142857143,-233755.0,27054.1
2000-05-08,11.1304,11.3693,11.1209,11.3119,3.80841,4030391.0,1.0214637389491843,0.9991464817077554,1.0163066915834111,0.23879999999999946,0.06400199999999989,1314257.0,1.0109334002884462,1.008440884390103,1.013499963792247,0.9879039154067338,0.9924460210543911,0.9920303867631596,0.9977209187439604,1.000864873298451,1.0042223156894259,-0.04231428571428581,0.0027285714285714135,0.030063333333333317,-0.006387142857142892,0.008500999999999996,0.010936266666666658,132450.2857142857,-98194.14285714286,36755.23333333333
2000-05-09,11.2737,11.4743,11.2737,11.417,3.843794,3861117.0,1.0177936258726061,1.0,1.0127109999379085,0.14329999999999998,0.03538400000000008,-169274.0,1.0117032722168202,1.0079357612317346,1.0136305834040098,0.9914455931437179,0.9926300425983766,0.9921846614301619,1.0026063946841821,1.000180085784398,1.0045843703706252,-0.040942857142857135,0.009549999999999947,0.031526666666666675,0.005054857142857154,0.0006877857142857062,0.01200799999999999,-1194979.0,-7446.857142857143,31196.433333333334
2000-05-10,11.2737,11.3979,11.2164,11.2546,3.789118,2373771.0,1.0110167912930095,0.9949173740653025,0.9983057913551008,0.0,-0.054675999999999725,-1487346.0,1.0130830764760714,1.0084198208445627,1.0139668542210185,0.9951590578798879,0.9929328966493347,0.9929393929960059,1.0057061569360974,1.0000590708811912,1.0048819509600517,0.011728571428571501,0.0,0.031209999999999974,0.015621571428571457,-0.0004593571428571165,0.011525433333333328,-223202.42857142858,58666.0,-6515.933333333333
2000-05-11,11.1304,11.1973,10.9871,11.0444,3.71835,2401061.0,1.0060105656580176,0.98712535039172,0.9922734133544167,-0.14329999999999998,-0.07076800000000016,27290.0,1.0123047063022113,1.0088491469629928,1.014167206409619,0.9933198222215622,0.9920132788201718,0.9930710758747491,1.0038338281006942,0.999507171835078,1.0049860080678223,0.0180142857142856,-0.04784285714285717,0.030253333333333347,-0.0009185714285714194,-0.018175499999999994,0.01046493333333333,-409927.71428571426,171504.35714285713,-15270.9
2000-05-12,11.1247,11.1782,11.0062,11.0444,3.71835,1224956.0,1.0048091184481378,0.9893480273625356,0.9927818278245705,-0.00569999999999915,0.0,-1176105.0,1.0129917232233736,1.009192655423574,1.0139998282095741,0.9941564713569824,0.9912524236317815,0.9929609059045893,1.0049129078160608,0.9989915881082616,1.004990298113064,0.009971428571428678,-0.048249999999999967,0.037166666666666674,0.007349142857142864,-0.018175499999999994,0.012437166666666662,-1281758.142857143,87496.85714285714,-177722.1
2000-05-15,11.0855,11.1782,11.0826,11.1782,3.763396,2604255.0,1.0083622750439765,0.9997383970050967,1.0083622750439765,-0.03920000000000101,0.04504600000000014,1379299.0,1.0133049876578482,1.0097899607838579,1.013893982164425,0.9953772246174876,0.9912337377035741,0.9931124422150156,1.0059823647291866,0.9995888934685456,1.004980397919565,0.0345285714285714,-0.05105000000000004,0.03831133333333335,0.01562642857142858,-0.014957928571428556,0.012973133333333357,-242104.2857142857,186018.2142857143,-8753.866666666667
2000-05-16,11.2919,11.4075,11.2737,11.3597,3.824502,2115841.0,1.0102374268280803,0.9983882251879665,1.0060043039701025,0.20640000000000036,0.06110599999999966,-488414.0,1.0113847917275733,1.0098647629888342,1.013379049715714,0.9955234079600538,0.9915358360842166,0.9931988600514987,1.0038207575813554,0.9997192189955576,1.004417899123121,0.057185714285714236,-0.010299999999999976,0.03547666666666664,0.011441999999999983,-0.0029867857142857257,0.010078866666666656,-85756.14285714286,-106904.35714285714,-17178.266666666666
2000-05-17,11.3693,11.4457,11.2737,11.3119,3.80841,4144529.0,1.0067198508263482,0.9915913908507998,0.9949513162639739,0.0774000000000008,-0.016091999999999995,2028688.0,1.0092785219957394,1.0101059611420928,1.0118598719798855,0.994444109266203,0.9911740123364685,0.9929185730798588,1.0007699896785784,0.9992454542112695,1.0028957270256382,0.03412857142857157,-0.00409285714285712,0.03790000000000002,0.0,-0.003193571428571446,0.007451733333333325,16305.42857142857,74377.85714285714,4293.5
2000-05-18,11.2546,11.3502,11.1877,11.3215,3.811643,3984090.0,1.008494304551028,0.9940557638654417,1.0059442361345583,-0.11470000000000091,0.0032330000000002634,-160439.0,1.0079500475212284,1.0098266598690244,1.0117490824145077,0.9935949326755519,0.992520262909635,0.9931749456122819,0.9998033091352427,1.0012048519097123,1.0032454785345495,-0.0027285714285714135,-0.021835714285714274,0.02484000000000002,-0.004592999999999974,0.00023092857142859025,0.009650233333333333,17567.571428571428,-588705.7142857143,13852.333333333334
2000-05-19,11.3215,11.3502,11.1782,11.2164,3.776258,3745185.0,1.002534999779181,0.9873426666077817,0.9907167778121273,0.0669000000000004,-0.03538500000000022,-238905.0,1.0067383630192528,1.0099107197476622,1.0114130221001192,0.9925128316101918,0.9938359447450399,0.9932034552166752,0.9987191643433894,1.0022126606397435,1.0033864585124208,0.0068285714285715015,0.0092785714285715,0.023886666666666657,-0.0018371428571429022,0.0068922142857142776,0.008470733333333324,195916.2857142857,-13643.07142857143,4378.4
2000-05-22,10.8438,11.1113,10.8342,11.0349,3.813756,7653581.0,1.0246684741511278,0.9991147014884081,1.0176229734963758,-0.47770000000000046,0.03749800000000025,3908396.0,1.0094037785182686,1.0108542424102398,1.01187115864654,0.9942255960525758,0.993772709137069,0.9934167092164776,1.0023405300779549,1.0030871790893245,1.003761313628954,-0.040942857142857135,-0.011464285714285769,0.011783333333333345,0.013629428571428586,0.006355428571428583,0.008647800000000006,750360.0,170216.14285714287,196823.16666666666
2000-05-23,11.0349,11.1495,11.0349,11.0826,3.830242,2625267.0,1.0103852323084033,1.0,1.0043226490498327,0.1911000000000005,0.016486,-5028314.0,1.0102003662125922,1.0115960447179828,1.0122173330568203,0.9957473064293564,0.9949518888931694,0.9938691650444118,1.003989218824421,1.0044510633202408,1.0041769385754324,-0.012828571428571476,-0.0014285714285713982,0.01592333333333335,0.01598457142857144,0.011666857142857154,0.010162466666666677,200044.42857142858,-540856.8571428572,-177572.6
2000-05-24,11.0826,11.1877,11.0253,11.14,3.85008,2908515.0,1.0094833342356486,0.9948297330951221,1.0051792900582897,0.047699999999998965,0.019838000000000022,283248.0,1.0103605175256882,1.011832752591768,1.0118101026312627,0.9950460687279313,0.9952116466727096,0.9937267911739706,1.0035345066836088,1.0047584357063974,1.0036562083703509,-0.0004142857142857638,0.01705714285714282,0.017196666666666617,0.01238342857142857,0.014004928571428574,0.007285266666666675,43465.71428571428,-99319.28571428571,-102859.93333333333
2000-05-25,11.2011,11.2011,11.0253,11.054,3.820356,1819568.0,1.0,0.9843051128906982,0.9868673612413067,0.11850000000000094,-0.029724000000000306,-1088947.0,1.0088980279788196,1.0101414098531962,1.0108006983009834,0.9930341955426074,0.9942788017513307,0.9932036282703272,1.000800657722352,1.0023107076518536,1.0025654011435692,-0.012971428571428538,0.02210714285714285,0.015733333333333318,-0.0005922857142857119,0.005424857142857136,0.004579700000000002,-42324.71428571428,-64040.42857142857,-162274.26666666666
2000-05-26,10.9871,11.2164,10.9871,11.1686,3.859964,5540756.0,1.020869929280702,1.0,1.016519372718916,-0.2140000000000004,0.03960800000000031,3721188.0,1.010919467758013,1.0100989948768764,1.0104638814444762,0.9942354254210646,0.9943397673436338,0.9932036282703272,1.0038818086444867,1.0023258991615325,1.0022397964377319,-0.05460000000000014,-0.010235714285714284,0.006370000000000016,0.007364857142857189,0.0036824285714285943,0.004323200000000001,199461.0,107883.21428571429,50390.1
2000-05-29,11.1686,11.3215,11.1686,11.2928,3.902888,1517430.0,1.0136901670755512,1.0,1.0111204627258563,0.18149999999999977,0.04292399999999974,-4023326.0,1.011661733832945,1.0098058906770866,1.0092230779421818,0.9950846020117157,0.9943397673436338,0.9932305419092095,1.0046212695861008,1.0022122893606717,1.0014576248912948,-0.012285714285714329,-0.007507142857142871,0.021369999999999993,0.013034999999999972,0.004220999999999998,0.007866066666666664,-352380.0,-167406.2142857143,-149042.46666666667
2000-05-30,11.3024,11.6081,11.3024,11.5814,4.002632,3225457.0,1.027047352774632,1.0,1.0246850226500566,0.1338000000000008,0.09974400000000028,1708027.0,1.0151634985465807,1.0109509307829168,1.010009860986263,0.9968927924963183,0.9947028120532551,0.9938333679190783,1.009473875991519,1.0040965201674543,1.0026825433271893,-0.0027285714285714135,0.002050000000000044,0.007006666666666679,0.0323391428571429,0.015250999999999999,0.01044120000000001,-74246.85714285714,60834.71428571428,-72655.06666666667
2000-05-31,11.6559,11.7705,11.5603,11.5995,4.008886,4392919.0,1.0098319306102488,0.9917981451453769,0.9951612488096158,0.35350000000000037,0.006254000000000204,1167462.0,1.0130439923264551,1.0112238854223619,1.0095087470036124,0.9958475701615995,0.9950365831070876,0.9936458494777841,1.0062650581791248,1.0043027941285398,1.001777984116355,0.11601428571428585,0.03753571428571435,0.017196666666666676,0.02787571428571432,0.020752571428571454,0.005824033333333345,-465808.85714285716,142275.57142857142,14251.533333333333
2000-06-01,11.5183,11.5986,11.4839,11.5794,4.00194,1553563.0,1.0069715148936909,0.9970134481650939,1.0053046022416503,-0.13760000000000083,-0.006946000000000119,-2839356.0,1.0125563184100677,1.0113783423113298,1.009599798942955,0.99542091989947,0.9955841131644133,0.9938570505048908,1.0064053372065274,1.005197278015474,1.0019548041910766,0.0690571428571428,0.028114285714285665,0.008153333333333339,0.02452828571428573,0.02025642857142859,0.006879700000000015,-153100.57142857142,23471.928571428572,37.2
2000-06-02,11.6081,11.8661,11.6081,11.7992,4.077906,2668572.0,1.0222258595291218,1.0,1.0164626424651753,0.08980000000000032,0.07596599999999931,1115009.0,1.014376679166278,1.0123685983459831,1.0103406609272592,0.9961595294573099,0.9956027990926206,0.9938570505048908,1.0080172446932252,1.005775875688417,1.0025035589399158,0.0750714285714287,0.037328571428571475,-0.006403333333333331,0.03254657142857135,0.022464999999999957,0.003503299999999987,-34277.57142857143,4594.071428571428,88952.4
2000-06-05,11.847,11.933,11.761,11.7705,4.067986,1870094.0,1.0072592217439014,0.9927407782560985,0.9935426690301342,0.23889999999999922,-0.009919999999999263,-798478.0,1.0154137108439782,1.012155869411399,1.0105826349853892,0.9973646245095099,0.9951994100260586,0.9936150764467607,1.0089708600916292,1.0048857589069906,1.0022883145742536,0.09227142857142846,0.03964999999999996,0.0015599999999999761,0.03537571428571435,0.01739171428571432,0.003172633333333345,7218.0,-17553.35714285714,62336.46666666667
2000-06-06,11.7132,11.7419,11.5603,11.5699,3.998657,2311005.0,1.0024502270942184,0.9869463511252262,0.9877659392821774,-0.13379999999999903,-0.0693290000000002,440911.0,1.0127823248173378,1.0118508962876753,1.0106643092218632,0.9954998175273994,0.9948676214742319,0.9931799548176017,1.0048632267435236,1.0043725176940053,1.0018805125503263,0.10372857142857152,0.024564285714285688,-0.0028999999999999916,0.019813285714285707,0.013589071428571449,0.0008616666666666717,-461393.0,-130966.0,77033.5
2000-06-07,11.526,11.6654,11.4648,11.5986,4.008577,2004439.0,1.012094395280236,0.9946902654867257,1.0062988027069235,-0.1872000000000007,0.009919999999999707,-306566.0,1.0125543574180071,1.0121080456254758,1.010761115865924,0.994741284025503,0.9949129430186093,0.9931976687385267,1.0041744181693903,1.0043978438777454,1.0019511477541594,0.05105714285714288,0.019385714285714277,0.0029966666666666696,0.01509842857142856,0.014066714285714266,0.0047419999999999945,69572.71428571429,-141403.64285714287,-53602.1
2000-06-08,11.6463,11.8087,11.6463,11.6817,4.037294,2402533.0,1.013944342838498,1.0,1.0030395919734163,0.1203000000000003,0.028717000000000326,398094.0,1.0106824988557022,1.0129229987011414,1.0111144914045165,0.994741284025503,0.9958170382609107,0.9933091046278845,1.0010822137870132,1.0052780448892662,1.001999666711806,0.049128571428571376,0.02319999999999998,0.007323333333333319,0.0049517142857142815,0.01864542857142859,0.0061391333333333355,-117560.57142857143,-95903.71428571429,-23356.866666666665
2000-06-09,11.6358,11.7514,11.5794,11.6845,4.038263,2287113.0,1.0099348562195982,0.9951528902181199,1.0041853589783256,-0.010500000000000398,0.0009689999999995536,-115420.0,1.0106972025141807,1.011870597420318,1.01103216919937,0.9952205333216091,0.9955340517416043,0.9939739257737847,1.0023713723825431,1.004318215280834,1.0028554230658717,-0.002871428571428731,0.05657142857142856,0.002516666666666663,0.004196714285714188,0.016036214285714254,0.007661766666666662,-300829.4285714286,-383319.14285714284,-331295.23333333334
2000-06-12,14.4265,14.4265,14.4265,14.4265,4.9859230000000005,1151.0,1.0,1.0,1.0,2.790700000000001,0.9476600000000008,-2285962.0,1.009701271815082,1.0111287951125747,1.010986897150095,0.9956471835837386,0.9955340517416043,0.9950098217433809,1.0016135720623074,1.0040094546344174,1.0036351745461487,0.41545714285714297,0.2422571428571429,0.10783000000000005,0.14056900000000003,0.08254864285714289,0.04353853333333335,-221773.14285714287,-187436.85714285713,-131167.9
2000-06-13,11.4954,11.7705,11.4954,11.7705,4.067986,3146326.0,1.0239313116550968,1.0,1.0239313116550968,-2.9311000000000007,-0.9179370000000002,3145175.0,1.0099449078330784,1.0121607934996784,1.0114026356427634,0.9956471835837386,0.9959033565205243,0.9950098217433809,1.002680524803725,1.005348884748475,1.0042535610945773,-0.016100000000000034,0.029485714285714337,0.016369999999999982,-0.0014171428571427519,0.015564714285714296,0.011440200000000011,68250.57142857143,16986.5,-70807.63333333333
2000-06-14,11.7705,11.9425,11.7514,11.933,4.124146,2343997.0,1.0146128031944268,0.9983772991801538,1.013805700692409,0.2751000000000001,0.05615999999999932,-802329.0,1.0109954194688677,1.013204565156423,1.0118897290825777,0.9964524008586036,0.9969085126840567,0.9955060156022328,1.0055752436126213,1.0072730518521253,1.0052061421237575,-0.010928571428571334,0.04067142857142857,0.02385333333333334,0.008022857142857045,0.0216992857142857,0.015241333333333322,67700.42857142857,37459.21428571428,-261775.53333333333
2000-06-15,11.8947,11.9616,11.7896,11.8374,4.091106,1829051.0,1.0056243537037504,0.9911641319243024,0.9951827284420792,0.12420000000000009,-0.033039999999999736,-514946.0,1.0114488661273724,1.012115595472355,1.0118715600726143,0.9970549409727573,0.9962773792500784,0.9955050491936576,1.0066347849211785,1.005749005832351,1.0050163638500902,0.025928571428571395,0.06482857142857146,0.03503000000000001,0.013206999999999969,0.016510142857142838,0.014569833333333327,-68850.57142857143,-265121.78571428574,-82331.13333333333
2000-06-16,11.7839,11.847,11.6081,11.7705,4.067986,2093980.0,1.0053547637030185,0.9850813397941259,0.998862855251657,-0.11080000000000112,-0.023119999999999585,264929.0,1.0104860616163411,1.011520209517174,1.011260758918048,0.995682237302386,0.9952117606639445,0.995095595793795,1.0055725067132835,1.004873462441337,1.0042739405583148,0.03684285714285705,0.04394999999999997,0.029743333333333292,0.00848700000000007,0.011792714285714314,0.010785933333333346,12791.57142857143,41182.142857142855,-20738.466666666667
2000-06-19,11.6559,11.675,11.6081,11.6654,4.031662,5421241.0,1.0016386551017082,0.9958990725726885,1.000815037877813,-0.12799999999999834,-0.03632400000000047,3327261.0,1.0087281062253712,1.0097053025405367,1.0105999227897988,0.9950963905270559,0.9949188372762794,0.9949873488226262,1.0052547132710543,1.0031684635290339,1.0037575521014612,0.0013714285714286742,0.025250000000000026,0.017516666666666698,-0.000804571428571472,0.0020735714285714047,0.007441733333333334,431244.0,156841.7142857143,46361.666666666664
2000-06-20,11.7037,11.7514,11.6081,11.7037,4.044899,3693217.0,1.00407563420115,0.9918316429846972,1.0,0.04779999999999873,0.013237000000000165,-1728024.0,1.0078910745084502,1.0092941385113154,1.0101426564007503,0.9946219266365669,0.994921229979088,0.9947150702554494,1.0046568048455793,1.0035140886140612,1.003333852103531,0.009699999999999978,0.0034142857142856237,0.014333333333333325,0.0009480000000000441,0.0025723571428571163,0.006703500000000003,200872.0,-49978.71428571428,-5596.666666666667
2000-06-21,11.7037,11.761,11.6654,11.7228,4.051499,2662270.0,1.004895887625281,0.9967275306099781,1.0016319625417602,0.0,0.006599999999999717,-1030947.0,1.0085904870263473,1.0091458794207147,1.0099386262784926,0.9941544310094209,0.9949008072965796,0.9947754088069386,1.004889942351545,1.0032517572069264,1.0034447244764197,-0.38897142857142875,0.013242857142857112,0.014333333333333325,-0.13348914285714297,0.0035399285714285333,0.008746033333333318,380159.85714285716,79193.35714285714,9616.633333333333
2000-06-22,11.7333,11.7419,11.6845,11.6941,4.041581,3122942.0,1.0007329566277177,0.9958408972752764,0.996659081417845,0.029600000000000293,-0.009917999999999871,460672.0,1.0052764363081503,1.0076106720706144,1.0097627059774827,0.9935602734773176,0.994603728530528,0.9950659270363904,1.000993909460509,1.001837217132117,1.0035909134118675,0.03398571428571425,0.00894285714285711,0.020096666666666665,-0.003772142857142922,-0.002594642857142837,0.010774366666666662,-3340.5714285714284,32455.0,24062.7
2000-06-23,11.6368,11.7419,11.6272,11.7371,4.056441,2808604.0,1.009031692561529,0.99917503093634,1.008619208029699,-0.0965000000000007,0.01486000000000054,-314338.0,1.0044791347891648,1.0077372771290165,1.009903458447929,0.9936742351567727,0.9950633180076881,0.9953934938221839,1.0002529819372648,1.002914112774943,1.0041188260853715,-0.019100000000000148,-0.015014285714285742,0.01706999999999995,-0.009672142857142749,-0.0008246428571428512,0.011269700000000013,66372.42857142857,67036.42857142857,52788.26666666667
2000-06-26,11.6559,11.7323,11.6463,11.6559,4.028378,3161377.0,1.0065546204068325,0.9991763827761048,1.0,0.01910000000000167,-0.028063000000000393,352773.0,1.0046120300324624,1.0080304480799174,1.0098432032933575,0.9948188424213159,0.9959368916970366,0.9953747600145508,1.0009411635883965,1.0037879742547875,1.0038400835839056,-0.03411428571428564,-0.00409285714285712,0.01901333333333337,-0.008961142857142843,0.0021229285714285634,0.008832733333333327,190332.2857142857,60740.857142857145,18570.733333333334
2000-06-27,11.7037,11.847,11.7037,11.7562,4.063045,3262091.0,1.012243991216453,1.0,1.0044857609132154,0.04779999999999873,0.03466699999999978,100714.0,1.0055962053915244,1.008041133503933,1.00991008877297,0.9969500795935835,0.9963161584479848,0.9954284858416186,1.001744435825762,1.0036584712695227,1.0037894654820094,-0.011457142857142801,0.012692857142857126,0.01372666666666665,-0.0007058571428572183,0.003890571428571426,0.007951433333333332,166873.0,89832.28571428571,38208.333333333336
2000-06-28,11.7992,11.9425,11.7896,11.933,4.124146,2531207.0,1.012144891179063,0.9991863855176621,1.0113397518475828,0.09550000000000125,0.06110099999999985,-730884.0,1.0070970962597179,1.0079126012425446,1.0100909234513937,0.9974196957285797,0.9962580431278177,0.9956816523305141,1.0032479663928717,1.004251339831963,1.0043357466681297,0.020471428571428568,0.010921428571428622,0.014329999999999999,0.01321199999999997,0.006203714285714249,0.010524533333333327,-412862.0,9191.0,-53777.4
2000-06-29,11.9425,12.1718,11.8947,12.1718,4.206677,3989757.0,1.0192003349382457,0.9959974879631568,1.0192003349382457,0.14329999999999998,0.08253100000000035,1458550.0,1.0092577677935888,1.0085744211510195,1.0104477911309677,0.9980148164397883,0.9963183715381776,0.9957463764671046,1.0059908713840497,1.0053238381148144,1.0047776166282527,0.03411428571428589,0.021907142857142934,0.022930000000000027,0.023111142857142854,0.012029571428571448,0.013167799999999997,42362.857142857145,121617.42857142857,188.9
2000-06-30,12.0887,12.4202,11.9712,12.2387,4.2298,10750767.0,1.0274223034734917,0.99028017901015,1.0124082821147022,0.14619999999999855,0.023123000000000005,6761010.0,1.012475827200476,1.0105331571134117,1.011277367920778,0.9970937662112415,0.9956240986103311,0.9958442935471834,1.0075303456087557,1.0062101439801503,1.005500666771672,0.05499999999999997,-0.16698571428571438,0.0255733333333333,0.025471571428571465,-0.05400878571428575,0.015118066666666671,1155499.5714285714,767829.7142857143,233519.4
2000-07-03,11.9521,12.2291,11.9521,12.0858,4.176956,1886639.0,1.023175843575606,1.0,1.011186318722233,-0.1365999999999996,-0.052844000000000335,-8864128.0,1.0156819539073172,1.0104791951077339,1.0112276135682607,0.9976879237433448,0.9956240986103312,0.9958738034975699,1.0096056652236682,1.0052997873420888,1.0052861116125338,0.03125714285714284,0.032621428571428544,0.03694333333333333,0.019339285714285687,0.007783571428571382,0.012106666666666651,-176614.7142857143,-89977.64285714286,-192231.4
2000-07-04,12.0285,12.0858,11.8565,11.9119,4.116855,1762471.0,1.0047636862451679,0.9857006276759365,0.9903063557384545,0.07639999999999958,-0.060100999999999516,-124168.0,1.0150722387192659,1.0097756867542154,1.0110402286994862,0.9957630089918587,0.9947186220743156,0.9953971577534345,1.0069895434677762,1.0036212627025205,1.0048189018354878,0.05595714285714288,0.018428571428571367,0.03311999999999996,0.008630571428571392,-0.000520785714285678,0.009553766666666666,-149447.57142857142,-41537.57142857143,-28759.866666666665
2000-07-05,11.847,12.0858,11.8279,11.8947,4.110909,2840749.0,1.0201570017726007,0.9983877774964126,1.0040263357812105,-0.18149999999999977,-0.005945999999999785,1078278.0,1.0170154360572325,1.0108137330448475,1.0113960176173846,0.9956503510947597,0.9952345967580377,0.9955157592334775,1.0075647342936633,1.00425294894103,1.004780470026252,0.027299999999999817,-0.00340714285714291,0.025480000000000006,0.011790142857142907,0.0014145000000000327,0.008694300000000007,-45804.0,72264.14285714286,-2258.866666666667
2000-07-06,11.8661,12.1145,11.847,11.9425,4.127431,2546174.0,1.0209335839070968,0.9983903725739712,1.0064385097041153,0.019099999999999895,0.01652199999999926,-294575.0,1.0182568064416102,1.0119265059165674,1.012093803747621,0.9954204043196128,0.9961852419565982,0.9959852678895866,1.007843698406649,1.0047940671162054,1.005432841641679,0.02319999999999998,0.005871428571428591,0.022166666666666637,0.009197999999999975,0.004246071428571379,0.010235833333333326,-102273.85714285714,32299.571428571428,24220.2
2000-07-07,11.9903,12.1145,11.9903,12.0476,4.163754,1566593.0,1.0103583730181898,1.0,1.004778862914189,0.12420000000000009,0.03632300000000033,-979581.0,1.0180015895614856,1.0125493429106018,1.0117434185388707,0.9955366349599467,0.9964781653442633,0.9959852678895866,1.0069064285590215,1.0050771974759467,1.0050414913148547,0.027299999999999817,0.023885714285714194,0.03343999999999999,0.005658285714285759,0.009435142857142864,0.010126333333333326,-137802.0,-275332.0,-132472.1
2000-07-10,12.1336,12.2769,12.1336,12.2387,4.2298,2273116.0,1.011810179996044,1.0,1.0086618975407133,0.14329999999999998,0.06604600000000005,706523.0,1.016945853141171,1.01310181046738,1.0116807523028872,0.9961084223937815,0.9970616194167848,0.9959852678895866,1.005400937502231,1.0056959044431404,1.0049595391420165,0.027299999999999817,0.030707142857142853,0.03216666666666666,0.0033032857142857148,0.013207214285714284,0.01089706666666667,-245234.42857142858,-101435.78571428571,25189.533333333333
2000-07-11,12.1813,12.4011,12.1813,12.296,4.249603,2161333.0,1.018044051127548,1.0,1.0094160721762044,0.04770000000000074,0.01980299999999957,-111783.0,1.0156061028060361,1.014040965003256,1.0113806422479843,0.9974969682494743,0.9972953672303578,0.9959852678895866,1.0049734789395885,1.006251912274172,1.0044505741262215,0.013228571428571558,0.034114285714285764,0.02929666666666666,0.0028289999999999388,0.014150285714285702,0.008232366666666647,-1227062.0,-35781.21428571428,-35470.8
2000-07-12,12.318,12.382,12.1813,12.2291,4.226482,2796942.0,1.0051956486442604,0.9889024192239,0.9927829193050821,0.13669999999999938,-0.023120999999999725,635609.0,1.0130375035301298,1.0143597287187236,1.0112260995157847,0.9959115995671742,0.9967997616552596,0.9958887436922039,1.0023444218799955,1.005975043551832,1.0043712964760703,0.05227142857142856,0.0417642857142857,0.02206999999999996,0.007075142857142883,0.013207214285714284,0.007253199999999982,130043.28571428571,-23285.714285714286,-53199.23333333333
2000-07-13,12.2205,12.2205,12.038,12.124,4.190157,1572161.0,1.0,0.9850660774927377,0.992103432756434,-0.09750000000000014,-0.03632499999999972,-1224781.0,1.012356976923677,1.0137146078214714,1.0109937156859952,0.9958209495410031,0.9957919792664309,0.9954904980031255,1.0026011471682783,1.0047953453180274,1.0039312574932298,0.02742857142857145,0.04169285714285716,0.02340666666666665,0.010471714285714282,0.009551142857142838,0.0062738999999999955,-27187.14285714286,-88317.35714285714,619.9333333333333
2000-07-14,12.124,12.2769,12.0763,12.2387,4.2298,2320747.0,1.0126113493896403,0.996065654899373,1.0094605740679643,-0.09649999999999892,0.03964299999999987,748586.0,1.0112790265832543,1.0141472313202435,1.010673232014679,0.995489217741426,0.9955697844180929,0.9953593531664379,1.003377466923529,1.0054711006085961,1.0036978552133227,0.039571428571428716,0.03343571428571427,0.017196666666666676,0.01698442857142852,0.014387285714285714,0.005063133333333347,-74286.0,-60045.0,-11594.166666666666
2000-07-17,12.2196,12.2291,12.0858,12.0858,4.176956,2642822.0,1.0007774395233888,0.9890503780811156,0.9890503780811156,0.09559999999999924,-0.052844000000000335,322075.0,1.0083995773855816,1.013328191913596,1.0104571726073286,0.9941549328138751,0.994787668566744,0.9952363398272719,1.0008934481202432,1.0043685732634462,1.003548112181689,0.05050000000000005,0.036850000000000015,0.01242000000000001,0.007075000000000006,0.008136499999999991,0.0036323333333333117,13806.857142857143,-44233.5,25757.6
2000-07-18,12.038,12.0667,11.8661,11.9138,4.117511,2386488.0,1.0023841169629506,0.9857202193055324,0.9896826715401229,-0.18159999999999954,-0.059444999999999304,-256334.0,1.0072603979491188,1.0126309937553022,1.0104549689362863,0.992114964143237,0.9938257995515917,0.9951954687666154,0.9987368493525196,1.0028216389557705,1.0036120032569538,0.00681428571428582,0.01705714285714282,0.010826666666666658,-0.006606142857142798,-0.00047392857142852004,0.0039618000000000075,117127.85714285714,-10337.07142857143,2516.1
2000-07-19,11.847,12.0858,11.8087,11.9874,4.1429480000000005,2495290.0,1.0201570017726007,0.9967671140373091,1.011851101544695,-0.19100000000000072,0.025437000000000154,108802.0,1.0084528010600555,1.0126993271006133,1.0107237224860317,0.991653123291424,0.9938807728426028,0.9952646970516349,0.999192449924517,1.002296693713374,1.0037970798848792,-0.040942857142857135,-0.0068214285714286605,0.01069999999999999,-0.012407428571428498,-0.0045520714285713915,0.004479033333333356,31739.14285714286,-106747.64285714286,16361.7
2000-07-20,11.9234,12.1813,11.9234,12.0858,4.176956,2068005.0,1.0216297364845597,1.0,1.0136202760957445,0.07640000000000136,0.03400799999999915,-427285.0,1.0089650418253429,1.0122855723156896,1.0109799022742338,0.991653123291424,0.9945750457704491,0.9952646970516348,0.9997930504844511,1.0023832647120199,1.0041497693556236,-0.03684285714285705,-0.011807142857142747,0.009236666666666693,-0.010378142857142844,-0.0037745714285714526,0.004655399999999984,-13332.57142857143,-620197.2857142857,-11150.933333333332
2000-07-21,12.2291,12.3247,12.1336,12.2387,4.2298,2324456.0,1.0078174191068843,0.9921907581097545,1.0007850127973439,0.30569999999999986,0.052844000000000335,256451.0,1.0093395804628607,1.0111885419964952,1.0109093210371434,0.9921228859894032,0.9940172427782887,0.9951659593146893,1.0009362066976315,1.0016403142888135,1.004036424482924,-0.012699999999999838,0.019785714285714358,0.019776666666666703,0.00047400000000002204,0.0037745714285714526,0.006384566666666676,-67498.0,31272.64285714286,1244.7666666666667
2000-07-24,11.6597,12.21,11.6597,12.1527,4.200078,1276544.0,1.047196754633481,1.0,1.042282391485201,-0.5693999999999999,-0.029721999999999582,-1047912.0,1.0160819739819293,1.0142194754528033,1.0124825461915927,0.9942563034904407,0.995038626515722,0.9951659593146893,1.0081046293731695,1.005352888270724,1.0054458375324309,-0.08011428571428551,-0.026342857142857033,-0.09222666666666667,0.0014172857142857559,0.005944500000000019,-0.026194833333333337,-42231.0,-34709.07142857143,42513.1
2000-07-25,12.1412,12.3342,12.1336,12.2692,4.24034,2251515.0,1.0158962870226995,0.9993740322208677,1.01054261522749,0.4814999999999987,0.040261999999999354,974971.0,1.016551250786652,1.013915138684953,1.0122147120371794,0.9947289288220827,0.9951090732817544,0.9951450937220515,1.0082592066816733,1.005818336802601,1.0049995476515106,0.0024571428571427134,0.021014285714285715,0.02152666666666665,0.001505714285714253,0.009245071428571386,0.005745133333333315,-9890.285714285714,-42088.142857142855,-29827.033333333333
2000-07-26,12.2339,12.3629,12.2291,12.2616,4.237715000000001,1875066.0,1.0105444706920932,0.9996076476021547,1.002264200295899,0.09270000000000067,-0.0026249999999992113,-376449.0,1.0179465409536097,1.0131730591695958,1.0120791009537684,0.9962371101822313,0.9951960214980532,0.9951861053361183,1.0101468955694994,1.0055201718448714,1.004614830971627,0.0020428571428572034,0.02627142857142863,0.015446666666666668,0.00867985714285727,0.007877428571428638,0.003785633333333364,-109679.42857142857,-47936.28571428572,-15631.033333333333
2000-07-27,12.1813,12.2196,12.1145,12.1794,4.2093050000000005,2846726.0,1.0031441635950185,0.9945161846436751,0.9998440232159128,-0.05259999999999998,-0.028410000000000046,971660.0,1.0180551190439053,1.012657758496512,1.0119964279501439,0.9974936766591087,0.9948043204011728,0.995297840426764,1.0115985172374695,1.0051676832949945,1.004770207464088,0.020471428571428568,0.013642857142857194,0.009553333333333332,0.013113428571428594,0.003253642857142897,0.003939966666666687,65748.28571428571,91438.07142857143,33922.5
2000-07-28,12.2377,12.4107,12.1909,12.3915,4.282609,7642316.0,1.0141366433235004,0.9961757519795386,1.0125677210586956,0.056400000000000006,0.07330399999999937,4795590.0,1.0171950678368908,1.0128239344484733,1.0122891572708268,0.9974091963651416,0.9945311598282828,0.9956676541662778,1.0117008914537553,1.005446670689136,1.0052270363243228,0.055814285714285816,0.007435714285714339,0.015126666666666703,0.01995157142857134,0.00377207142857142,0.007154099999999985,735289.4285714285,383514.28571428574,184944.53333333333
2000-07-31,12.3247,12.468,12.3247,12.4298,4.295846,3306023.0,1.0116270578594204,1.0,1.0085275909352764,0.08699999999999974,0.013237000000000165,-4336293.0,1.0157661137475853,1.0123655777864642,1.0126221040294172,0.9974091963651416,0.9945311598282828,0.9958043517471881,1.0109733650022599,1.0053832077433555,1.0054841214262382,0.0573285714285713,0.010242857142857125,0.022293333333333307,0.016984285714285768,0.003303071428571463,0.008806133333333339,176859.7142857143,81763.57142857143,-70507.26666666666
2000-08-01,12.4298,12.4298,12.2387,12.2578,4.2364,3145906.0,1.0,0.9846256576936072,0.9861622874060725,0.1051000000000002,-0.05944600000000033,-160117.0,1.0146493395894591,1.0119944600261597,1.0124862495560454,0.9963284677342632,0.9942256768618333,0.9955641522374851,1.0088844042320781,1.004910305464855,1.005022864339774,0.02867142857142849,0.007985714285714327,0.024203333333333354,0.0009428571428571024,0.0007084285714285622,0.0063833666666666565,117350.0,24926.0,-18243.7
2000-08-02,12.1336,12.21,12.038,12.1556,4.201079,4705619.0,1.0062965649106614,0.9921210522845653,1.001813146963803,-0.2962000000000007,-0.035320999999999714,1559713.0,1.008806455343342,1.0124442146626356,1.0125329387988915,0.9952029037749155,0.9947296036326781,0.9954106029599714,1.0031030835861643,1.0056038564796668,1.0050289038205087,0.0676999999999998,-0.0062071428571428555,0.014329999999999999,0.00014299999999994078,0.0007801428571428483,0.004986000000000009,489867.85714285716,223818.42857142858,68111.63333333333
2000-08-03,12.2291,12.3629,12.2196,12.3055,4.252886,3636741.0,1.0109411158629824,0.9992231644192949,1.0062473935121963,0.09550000000000125,0.05180700000000016,-1068878.0,1.0080985737490966,1.0123249122678744,1.0128732107734002,0.9951813512318337,0.9949551400269583,0.9955233451981054,1.0024894804839795,1.0053743435828264,1.0053485142236538,0.012557142857143029,0.007507142857142871,0.016526666666666696,0.00179228571428577,0.0016490000000000116,0.00704350000000001,197889.42857142858,93999.57142857143,17126.633333333335
2000-08-04,12.3524,12.4393,12.3438,12.3724,4.276007,3922393.0,1.0070350701078332,0.9993037790227001,1.0016191185518604,0.12329999999999863,0.023120999999999725,285652.0,1.0075972308084882,1.012771885881049,1.0128066566916103,0.9951379414347687,0.9956875258085,0.995527636800984,1.0023973259491168,1.006272110759308,1.0051151779077259,0.01692857142857131,0.009485714285714255,0.02385333333333334,0.005470285714285618,0.0070750714285714444,0.007318866666666649,292475.28571428574,91397.92857142857,37126.3
2000-08-07,12.3724,12.3724,12.2482,12.3629,4.272725,2114161.0,1.0,0.989961527270376,0.9992321619087646,0.02000000000000135,-0.003281999999999563,-1808232.0,1.0071480645806283,1.0126015918122668,1.012588169344716,0.9944872760957261,0.9959904763774174,0.995220474950793,1.0023099171909526,1.006954217214211,1.0050895833046847,0.02730000000000007,0.02388571428571432,0.02388333333333333,0.009059999999999973,0.011086714285714283,0.00814490000000001,-104652.14285714286,-19451.928571428572,-34907.2
2000-08-08,12.3724,12.382,12.2769,12.3247,4.259521,2159804.0,1.0007759205974587,0.992281206556529,0.9961446445313762,0.0,-0.013203999999999994,45643.0,1.0052393899054795,1.0112172288711851,1.0122059003240829,0.9939309124638674,0.9956700544145045,0.9949631818360107,0.9999637634013357,1.0058323274275456,1.0048115460919567,0.01924285714285721,0.037528571428571515,0.02229000000000004,-0.0032982857142856504,0.008326642857142843,0.006549200000000018,-783216.0,-23963.285714285714,-36742.9
2000-08-09,12.3247,12.4011,12.296,12.359,4.271376,2394489.0,1.0061989338482884,0.9976713429130121,1.002783029201522,-0.04770000000000074,0.011854999999999727,234685.0,1.0044639436181748,1.0101150286828802,1.0120077017463904,0.9935982471657263,0.995503721765434,0.9949126804158557,0.9991431117250851,1.0050582383636724,1.0045263220037548,0.0,0.02866428571428565,0.01751666666666664,-0.0034957142857142847,0.006744285714285743,0.004907666666666681,-130219.14285714286,23320.285714285714,-4557.266666666666
2000-08-10,12.3065,12.3915,12.3055,12.3724,4.276007,2338903.0,1.0069069191077886,0.9999187421281437,1.0053548937553327,-0.018200000000000216,0.00463099999999983,-55586.0,1.005450646347859,1.010049992968659,1.0115979212187085,0.9957829735135173,0.9960557206238904,0.9950433888880219,1.001884912632122,1.0053846584321002,1.0040648072976575,-0.017614285714285773,0.005528571428571359,0.0121333333333333,0.0056581428571428815,0.003300499999999992,0.0023109999999999962,-115286.14285714286,1031.9285714285713,-55028.46666666667
2000-08-11,12.3533,12.3915,12.3438,12.382,4.279325,2492919.0,1.0030922911286861,0.9992309747193057,1.002323265847992,0.04680000000000106,0.003318000000000154,154016.0,1.004992892950434,1.0068996741468879,1.010786920807215,0.9967986767184803,0.9960007902466979,0.9953417487449937,1.0019577867584348,1.0025304351722997,1.0037286400887673,0.031385714285714475,0.049542857142857145,0.00882000000000005,0.011178000000000006,0.005660499999999973,0.0016508333333333347,-316100.0,86883.92857142857,-275261.6
2000-08-14,12.382,12.4107,12.3055,12.3247,4.259521,1733671.0,1.002317880794702,0.9938216766273623,0.9953723146502989,0.028699999999998838,-0.01980399999999971,-759248.0,1.0037610022263939,1.0059297879877451,1.0100916553811847,0.9960270356053469,0.9956041934185904,0.9951358046325726,1.000404204063878,1.0014468422739287,1.0032015066197029,0.02184285714285699,0.01720000000000001,0.014329999999999999,0.0009478571428571669,0.0013700714285714685,0.0027521666666666888,-271867.14285714284,-36988.857142857145,-5098.933333333333
2000-08-15,12.3571,12.382,12.2769,12.3533,4.269406,1622918.0,1.0020150358902977,0.9935098040802453,0.9996924844826052,-0.024899999999998812,0.0098849999999997,-110753.0,1.0030438544810316,1.0053205426447598,1.010000033702689,0.995199324899282,0.9951686331670254,0.9953961105127161,1.000128970625413,1.001263148287265,1.0035143775778412,0.0006714285714287829,0.008800000000000046,0.010953333333333386,-0.0009429999999999796,0.002263642857142819,0.00508503333333333,-328496.4285714286,-18010.571428571428,-4651.766666666666
2000-08-16,12.3247,12.382,12.3247,12.3629,4.272725,1672298.0,1.0046492003862162,1.0,1.0030994669241442,-0.03240000000000087,0.003319000000000294,49380.0,1.0037080259647768,1.0054280452727027,1.0094831069898096,0.9966333924320854,0.9955603342639058,0.9954498512628357,1.0006814427704673,1.00149567998071,1.0034834819492722,-0.00681428571428582,0.010242857142857125,0.01592333333333335,0.0,0.004529999999999986,0.005393866666666665,-63123.28571428572,-83887.71428571429,-38948.36666666667
2000-08-17,12.339,12.4489,12.3055,12.3055,4.252886,2703200.0,1.0089067185347274,0.9972850312018802,0.9972850312018802,0.014300000000000423,-0.019839000000000162,1030902.0,1.0048695685272437,1.0050544792163616,1.0090822114773974,0.9973482245242785,0.995639568494073,0.9954130065504326,1.000844355151968,1.0004040592766519,1.0031783659991977,-0.0047714285714286165,0.007235714285714298,0.015763333333333365,-0.0009478571428571669,-0.0021230714285714086,0.004181833333333352,77628.0,-352794.0,5234.2
2000-08-18,12.3151,12.3533,12.2864,12.3247,4.259521,2158637.0,1.003101883054137,0.997669527653044,1.000779530819888,-0.023900000000001143,0.0066350000000001685,-544563.0,1.0044271326995078,1.0044455381588413,1.0088403284785956,0.9973479652014259,0.9954731061835761,0.9953353241388674,1.0005581410974487,0.9998506264112669,1.0030450549293877,-0.0013714285714286742,-0.0006857142857143371,0.010826666666666658,-0.0016935714285713896,-0.002594642857142837,0.003192233333333346,-33693.142857142855,-81956.14285714286,19734.8
2000-08-21,12.3055,12.3342,12.2673,12.3065,4.253232,946161.0,1.0023322904392344,0.9968956970460363,1.0000812644752346,-0.009599999999998943,-0.006289000000000655,-1212476.0,1.0037736143182858,1.0046121303330724,1.0085243988267019,0.9969161016182676,0.9963495375658925,0.9952318473737354,0.9998047654860062,1.000844839059064,1.002759033827205,-0.0001428571428570637,-0.008878571428571418,0.005730000000000028,-0.003253571428571459,0.0012022857142857113,0.0007810666666666559,-198963.14285714287,-157124.64285714287,-44231.833333333336
2000-08-22,12.3438,12.4011,12.3247,12.3629,4.272725,2701311.0,1.0046420065133914,0.9984526644955363,1.0015473355044637,0.03829999999999956,0.01949300000000065,1755150.0,1.0039950022303865,1.0044939475904102,1.0080776640062301,0.9968049144434434,0.9968017955809618,0.9951802695235865,0.9996939182940735,1.0008258525262541,1.0024967426048137,-0.001357142857142993,0.015014285714285742,0.005416666666666655,-0.0009428571428571024,0.005117571428571451,0.0007707333333333584,29770.285714285714,-143164.85714285713,17999.266666666666
2000-08-23,12.4202,12.6208,12.3915,12.6208,4.361856,2637987.0,1.016151108677799,0.9976892481602552,1.016151108677799,0.07639999999999958,0.08913100000000007,-63324.0,1.0059711776422575,1.0048660899343258,1.008442846007348,0.9973574246624282,0.9966922301338875,0.9954731638214651,1.0026623174408593,1.0015332607523688,1.0032756822505708,0.005457142857142827,0.013649999999999909,0.0034066666666666616,0.014619285714285724,0.007783571428571445,0.004512466666666685,129188.0,-71339.57142857143,-5298.5
2000-08-24,12.6046,12.8597,12.5444,12.745,4.404780000000001,2200696.0,1.0202386430350825,0.995223965853736,1.0111387906002571,0.18440000000000012,0.042924000000000184,-437291.0,1.0085745500915126,1.0058092022862721,1.0091174674418508,0.9976023049157839,0.996400814907533,0.995811760100165,1.0042975040290953,1.0022132373272543,1.0039101941786983,0.03535714285714268,0.01801428571428573,0.012803333333333337,0.019339142857142937,0.009198071428571477,0.007154100000000015,82539.71428571429,-122978.35714285714,20951.166666666668
2000-08-25,12.7068,12.7737,12.6017,12.659,4.375058999999999,6204387.0,1.0052648975351781,0.9917288381024333,0.9962382346460164,0.10219999999999985,-0.02972100000000122,4003691.0,1.0086625068270785,1.0061852663959276,1.0088725857133687,0.9964207103589887,0.9965270513955371,0.995667199540267,1.0033173279893626,1.001999385379915,1.0034694495313001,0.0545857142857142,0.023885714285714194,0.01942666666666663,0.01461914285714272,0.00730957142857136,0.004841966666666645,647441.2857142857,292159.0,129454.66666666667
2000-08-28,12.596,12.659,12.5444,12.5922,4.351972,1269300.0,1.0050015878056526,0.9959034614163226,0.9996983169260083,-0.11079999999999934,-0.023086999999999414,-4935087.0,1.0081046310086392,1.0064870997679416,1.0090133906561107,0.9962233432467663,0.9967857838855224,0.9958956356514405,1.0036620830928096,1.0022532191223887,1.0038243808261298,0.036714285714285665,0.015971428571428525,0.012546666666666676,0.014155142857142826,0.00660364285714283,0.005833866666666676,-204842.85714285713,-63607.42857142857,-45784.066666666666
2000-08-29,12.5941,12.6877,12.5922,12.6705,4.379034,987505.0,1.007432051516186,0.9998491357064023,1.0060663326478272,-0.001900000000000901,0.02706199999999992,-281795.0,1.0087232265032178,1.0065751796013627,1.0091816551412187,0.9965347158258174,0.9969413405136216,0.9963665995314697,1.0044173404968009,1.0024877407971249,1.0043705028630534,0.03985714285714285,0.019242857142857086,0.018536666666666632,0.01707328571428565,0.007689857142857129,0.008717433333333318,-167304.57142857142,-100498.85714285714,-46632.76666666667
2000-08-30,12.6686,12.7068,12.4584,12.5482,4.336766000000001,2216615.0,1.0030153292392214,0.9834077956522426,0.9904961874240248,0.07450000000000045,-0.042267999999999084,1229110.0,1.0088208034746444,1.006297208896465,1.0086102660567728,0.9946078727695612,0.9957619871939144,0.995921288918634,1.0030480437751996,1.0014264046306027,1.0036586723923644,0.05187142857142847,0.025864285714285704,0.02738666666666667,0.01193342857142873,0.004339928571428635,0.006460600000000009,181493.42857142858,-8734.857142857143,-9289.166666666666
2000-08-31,12.4298,12.5157,12.4202,12.4489,4.302446,2932843.0,1.0069108111152232,0.999227662552897,1.0015366297124653,-0.23879999999999946,-0.034320000000001016,716228.0,1.0091449184177634,1.006569960324075,1.0081196352111281,0.9947185867777556,0.9957617506105995,0.9958955443370638,1.0030465143763425,1.001370216335208,1.0032558841795884,0.012285714285714329,0.005464285714285667,0.016879999999999975,0.0042458571428570634,0.0016514999999999805,0.0041830000000000036,33076.0,31423.14285714286,28827.933333333334
2000-09-01,12.4383,12.468,12.382,12.4107,4.289244,2152455.0,1.00238778611225,0.9954736579757684,0.9977810472492222,0.00849999999999973,-0.013201999999999714,-780388.0,1.0071787294798278,1.0065749535610427,1.0079386474446403,0.9944020738942575,0.9958797492783428,0.9960049743325977,1.000422219886546,1.0015422686637026,1.003155751994651,0.00258571428571435,0.004021428571428588,0.006973333333333305,-0.010373142857142905,0.0021230714285714086,0.0019814666666666684,-69361.71428571429,29913.14285714286,-5733.366666666667
2000-09-04,12.4202,12.5157,12.382,12.4966,4.318933,1815896.0,1.0076890871322524,0.9969243651470991,1.006151269705802,-0.01810000000000045,0.0296890000000003,-336559.0,1.0053859357794235,1.006980242935468,1.0066217251945992,0.9946449880790237,0.9961236464974037,0.9959024531708344,0.9997097169016237,1.0020036104653596,1.0019513812686711,-0.02634285714285716,0.004507142857142757,0.025349999999999952,-0.012263857142857175,0.0035376428571428802,0.003961833333333331,-54971.42857142857,13784.142857142857,17978.4
2000-09-05,12.4966,12.5922,12.4775,12.5922,4.351972,862838.0,1.0076500808219835,0.9984715842709215,1.0076500808219835,0.07640000000000136,0.033038999999999596,-953058.0,1.005726676248967,1.0071945915380227,1.0063468516545755,0.9956082375316649,0.9960144739453266,0.9958723715725029,1.0013399806410477,1.0023286543152052,1.0018549634551541,-0.03002857142857123,0.012278571428571488,0.011846666666666708,-0.0032981428571427734,0.005660499999999973,0.0037210666666666727,-763078.4285714285,-57818.57142857143,-46289.23333333333
2000-09-06,12.6208,12.6208,12.4489,12.5157,4.325532,3437092.0,1.0,0.9863796272819474,0.9916724771805275,0.12419999999999831,-0.02644000000000002,2574254.0,1.0050121637053024,1.006558397356971,1.0059953692981725,0.9942476897981826,0.9952355165224744,0.9954314375618292,1.0001934321059789,1.0019277575993941,1.001501906017975,0.0035428571428570066,0.020128571428571336,0.012896666666666631,-0.00377714285714286,0.0051889999999999836,0.0029272333333333123,309684.5714285714,52420.857142857145,52067.53333333333
2000-09-07,12.5157,12.5922,12.4871,12.5635,4.342054,2109952.0,1.0061123229224094,0.9977148701231253,1.0038192030809303,-0.10509999999999842,0.016522000000000148,-1327140.0,1.0048236310490484,1.0067734287761332,1.0060943079424187,0.9939427947148574,0.9952387552703373,0.9955380604111442,0.9998724135964222,1.0021448770466115,1.0016344120134757,-0.011199999999999781,0.014328571428571532,0.011146666666666683,-0.005282857142857113,0.0058952142857142675,0.004424966666666652,160349.57142857142,-3477.5,-24559.133333333335
2000-09-08,12.5635,12.5922,12.5157,12.5635,4.342054,989202.0,1.0022843952720182,0.9961953277351058,1.0,0.04779999999999873,0.0,-1120750.0,1.0047192119108765,1.0067700076927606,1.0056992330073693,0.9957695850124092,0.9951887288909852,0.9955387129363298,1.0012301011072757,1.0021390724412378,1.0012154879781858,-0.015014285714285742,0.018428571428571367,0.010859999999999974,0.0007554285714284705,0.0063444285714286,0.0019815000000000063,-175344.7142857143,3074.3571428571427,-221770.46666666667
2000-09-11,12.5014,12.5731,12.4871,12.5349,4.332168,1828593.0,1.0057353576399444,0.9988561281136512,1.0026796998736143,-0.062099999999999156,-0.00988599999999984,839391.0,1.0045512899858369,1.0068481042018,1.0055028430000534,0.9957165086639456,0.9952175477208505,0.9955005838734514,1.0013933968445827,1.0022199556104627,1.0010205582761305,0.010228571428571444,0.011257142857142886,0.00589000000000001,0.004246000000000067,0.004245928571428565,0.0012107333333333395,-157750.0,-62337.0,-49247.666666666664
2000-09-12,12.5349,12.5635,12.4011,12.4584,4.305731,2296432.0,1.0022816296899058,0.9893258023598114,0.9938970394658113,0.033500000000000085,-0.026437000000000488,467839.0,1.0045361247826448,1.0058574271312362,1.0055788973230504,0.9948382435759517,0.9946201587351046,0.995657255362325,1.0008385385898098,1.0006303792381779,1.0012783833447885,0.013800000000000066,0.008192857142857208,0.0035033333333333396,0.002355285714285671,-0.004008928571428617,0.0023110333333333346,20568.14285714286,-24396.785714285714,-28315.8
2000-09-13,12.468,12.5635,12.4584,12.5635,4.342054,2379165.0,1.007659608598011,0.9992300288739172,1.007659608598011,-0.0669000000000004,0.03632300000000033,82733.0,1.0045319135634674,1.0049589246714454,1.0056243321126286,0.9951676241083541,0.994906306093689,0.9958942212486367,1.0010540155744112,1.0003818662380175,1.001473265399262,0.0068285714285715015,-0.009757142857142829,0.011146666666666683,0.003302999999999961,-0.004480428571428607,0.004699166666666669,80467.0,12747.785714285714,-77548.46666666666
2000-09-14,12.5425,12.6017,12.5425,12.5444,4.335451,2733819.0,1.0047199521626469,1.0,1.000151484951166,0.07450000000000045,-0.0066030000000001365,354654.0,1.0041133237549908,1.004920000001979,1.0054169599892842,0.9953859692125082,0.9954971033720865,0.9959201157679936,0.9999827875928657,1.0006613841169567,1.0012700684472275,0.006557142857142801,-0.011735714285714214,0.010446666666666656,-0.0023601428571428584,-0.0028291428571428157,0.0027521666666666593,267283.0,-247897.7142857143,-30097.4
2000-09-15,12.5635,12.6304,12.5157,12.5635,4.342054,3130733.0,1.0053249492577705,0.9961953277351058,1.0,0.02099999999999902,0.0066030000000001365,396914.0,1.0048740307918151,1.0049430972485587,1.0053599559609487,0.9967882121343881,0.9955179509662854,0.9958165007250738,1.0011724337099333,1.000682932907956,1.0012160978288323,-0.00818571428571424,-0.002321428571428617,0.0070366666666666685,0.0023602857142857353,-0.0007084285714285622,0.002201566666666673,-43765.57142857143,132959.5,-26388.666666666668
2000-09-18,12.5157,12.554,12.4489,12.4775,4.31233,1499305.0,1.0030601564435069,0.9946627036442228,0.9969478335210974,-0.04779999999999873,-0.02972399999999986,-1631428.0,1.0044380070091148,1.0046308190290818,1.0054619611757323,0.9963521883516877,0.9951474915332726,0.995973206604202,1.0001908094871,1.0000316115417611,1.0011399535492433,0.0,-0.005599999999999891,0.004776666666666666,-0.004246285714285695,-0.004764571428571404,0.001320166666666663,-87235.28571428571,36557.142857142855,-20495.2
2000-09-19,12.3906,12.4011,12.2005,12.2291,4.226482,4527435.0,1.0008474165899957,0.9846577244039837,0.9869659257824481,-0.12510000000000154,-0.08584800000000037,3028130.0,1.0042327243402545,1.0044759681255655,1.0054643443754836,0.9947039593043846,0.9952367721583969,0.9957190905324504,0.9983287988845927,0.9997794499959342,1.0008339962576125,-0.024700000000000038,-0.01985714285714289,0.0006066666666666147,-0.016510285714285748,-0.007877428571428638,-0.0011013000000000162,505461.85714285716,165058.57142857142,78921.03333333334
2000-09-20,12.2291,12.3438,12.2291,12.2769,4.2430010000000005,1203744.0,1.0093792674849333,1.0,1.003908709553442,-0.16149999999999842,0.016519000000000617,-3323691.0,1.0047532828895387,1.0046522864376877,1.005570355496705,0.994867369573863,0.9952919391189042,0.9957967124353501,0.9985043716959965,0.9999488842702896,1.0008715189360098,-0.038899999999999935,-0.014335714285714245,-0.0031866666666666415,-0.012738142857142825,-0.004246071428571379,-0.0009458333333333198,-89264.14285714286,-123507.07142857143,-39691.5
2000-09-21,12.2196,12.2673,12.0476,12.1527,4.200078,1673962.0,1.0039035647648042,0.9859242528397001,0.9945251890405578,-0.009500000000000952,-0.042923000000000044,470218.0,1.0049849879002384,1.0047605563414417,1.0054702436852723,0.9943814339281328,0.9946098387520422,0.9953302294590686,0.9985941073495317,0.9997163229696708,1.0005105287788505,-0.045042857142857225,-0.01562142857142858,-0.002896666666666666,-0.015093285714285618,-0.006368999999999974,-0.002530966666666649,-88924.28571428571,-34178.07142857143,-22164.7
2000-09-22,12.038,12.1813,11.9903,12.0524,4.165412,2185908.0,1.0119039707592623,0.9960375477654094,1.0011962119953481,-0.18159999999999954,-0.03466600000000053,511946.0,1.0055913253518456,1.0050616194576565,1.0057639663396247,0.9939253651983461,0.9945464946533501,0.9952237818939388,0.9976707649777227,0.999362390276067,1.0004729603170959,-0.06142857142857139,-0.027299999999999942,-0.01051000000000002,-0.025234571428571457,-0.010965785714285747,-0.003797100000000005,-27608.14285714286,26429.428571428572,-10233.7
2000-09-25,12.0954,12.2769,12.0954,12.2673,4.239684,926821.0,1.015005704648048,1.0,1.0142120144848454,0.05739999999999945,0.07427199999999967,-1259087.0,1.0070607185640459,1.0055870211595184,1.006186893801403,0.9939253651983461,0.9946556672054273,0.99542972600636,0.9996794120539627,0.9998310998234142,1.0011009503115806,-0.06387142857142868,-0.028657142857142937,-0.009553333333333332,-0.013681000000000054,-0.008020571428571457,-0.0006612333333333591,-258142.57142857142,4570.214285714285,-26895.0
2000-09-26,12.0829,12.3724,12.0829,12.3724,4.276007,971028.0,1.0239594799261766,1.0,1.0239594799261766,-0.01249999999999929,0.03632300000000033,44207.0,1.009722794373818,1.0072984125828166,1.0069183752692656,0.9944688898076166,0.9956285509710023,0.9956460658703518,1.0031021949005594,1.0021373143052463,1.0019098501596997,-0.06865714285714272,-0.03842142857142848,-0.009140000000000014,-0.009435285714285742,-0.003537500000000003,0.00022003333333332856,-308529.28571428574,-176147.42857142858,-21729.666666666668
2000-09-27,12.2368,12.4202,12.2291,12.4107,4.289244,1074400.0,1.0149875784518827,0.9993707505230126,1.0142112316945606,0.15390000000000015,0.013237000000000165,103372.0,1.0114267118035862,1.0079323594063505,1.0072629878714545,0.995141467933158,0.9957468281424229,0.9956250908877855,1.0055683946396257,1.0028796020633626,1.0022802423187136,-0.039842857142857166,-0.019921428571428583,-0.002929999999999981,-0.003298000000000023,-0.003772142857142859,0.0005506333333333243,-60700.71428571428,-73968.0,-19929.933333333334
2000-09-28,12.3724,12.6304,12.3724,12.6113,4.358573000000001,1280970.0,1.0208528660567069,1.0,1.0193091073680125,0.13560000000000016,0.06932900000000064,206570.0,1.0142846331559734,1.009258678748114,1.0076611927888537,0.9973332215897317,0.9960185904470581,0.9957155898477229,1.010188849151849,1.0042588240182206,1.003014378190918,-0.002599999999999777,-0.013649999999999909,0.001113333333333344,0.018870142857142978,0.0011799285714286154,0.0035229000000000176,-463780.71428571426,20840.571428571428,-47407.666666666664
2000-09-29,12.6113,12.6877,12.6113,12.6877,4.384976999999999,3097152.0,1.0060580590422874,1.0,1.0060580590422874,0.23889999999999922,0.02640399999999854,1816182.0,1.013810174807024,1.0092817288482814,1.0077597319884588,0.9973332215897317,0.9961002955817974,0.9957932722592882,1.0104958990788269,1.0045001353874117,1.0031903291316646,0.054599999999999885,0.007849999999999977,0.009873333333333355,0.020282285714285538,0.003772071428571357,0.00418186666666663,270486.85714285716,90611.35714285714,31283.833333333332
2000-10-02,12.6113,12.7546,12.6113,12.659,4.375058999999999,991639.0,1.011362825402615,1.0,1.0037823222031037,0.0,-0.009917999999999871,-2105513.0,1.0148757834695685,1.0099303856849033,1.0080607498205716,0.9993440426126317,0.9968627382703822,0.9958967490244202,1.0118183466734763,1.005206227011504,1.0033136977225936,0.05595714285714288,0.005457142857142827,0.010193333333333322,0.024997285714285562,0.004951999999999972,0.00406089999999999,-97474.71428571429,-93199.5,1515.9333333333334
2000-10-03,12.659,13.1654,12.659,13.0699,4.517069,3018890.0,1.0400031598072517,1.0,1.0324591199936803,0.04770000000000074,0.14201000000000086,2027251.0,1.018889953333567,1.0122406393427064,1.009239454930367,0.9999101072175732,0.9969177362079595,0.995948326874569,1.0162844763875238,1.0069776206826233,1.004344090538901,0.08871428571428577,0.013642857142857194,0.010506666666666694,0.050236714285714336,0.01250107142857144,0.008144799999999997,118997.42857142857,45694.642857142855,10585.966666666667
2000-10-04,13.0126,13.1081,12.9457,12.9743,4.484030000000001,1924242.0,1.007339040622166,0.9948588291348385,0.9970566988918432,0.35360000000000014,-0.033038999999999596,-1094648.0,1.0177947156155838,1.0124277170898148,1.0089457193285125,0.9991756542368359,0.9965505097175908,0.9958539795737218,1.013833717017095,1.0067565645355288,1.0037076102127025,0.13102857142857158,0.03357857142857146,0.01974666666666671,0.03490657142857158,0.010612785714285764,0.004072466666666674,142488.7142857143,-57826.92857142857,-23791.5
2000-10-05,12.9103,13.0317,12.8979,12.9457,4.474145,885450.0,1.0094033446163142,0.9990395265795528,1.002741996700309,-0.10230000000000139,-0.009885000000000588,-1038792.0,1.0157152677141748,1.0127190310439964,1.0085845427145537,0.9990384437482005,0.9967536667779086,0.9959811649312491,1.0108026479848282,1.0069524214426937,1.0034277170827042,0.11819999999999986,0.024771428571428573,0.010189999999999996,0.028305428571428592,0.009435071428571426,0.0023121666666666486,-12225.42857142857,-160377.35714285713,-43841.53333333333
2000-10-06,12.9151,12.9934,12.9074,12.9466,4.474455,1970253.0,1.0060626708271712,0.9994037986542884,1.0024390055051837,0.004800000000001248,0.00030999999999981043,1084803.0,1.0144402809106448,1.0129334963571153,1.00861113515762,0.9990431649098114,0.9970923164214847,0.9962369969496443,1.0091209013863458,1.0073446480129855,1.0036344094446763,0.09690000000000001,0.028528571428571427,0.006943333333333375,0.026458714285714256,0.011580357142857116,0.003313200000000016,127979.0,33639.142857142855,-141137.8
2000-10-09,12.8893,12.917,12.8024,12.8922,4.455655,2334832.0,1.0021490693831316,0.9932579736680813,1.0002249928235047,-0.025800000000000267,-0.018799999999999706,364579.0,1.0117683099572767,1.013026471556625,1.0085160512102027,0.9980800182909658,0.9977066199403488,0.9961488140247029,1.006394599308559,1.0082917242302039,1.0036519653079263,0.0738428571428571,0.03562142857142866,0.009776666666666678,0.013868857142857063,0.01636950000000002,0.003456100000000006,150551.7142857143,-156614.5,35517.73333333333
2000-10-10,12.8597,13.0317,12.8501,12.9934,4.490631,2768970.0,1.0133751176154966,0.9992534818075072,1.010396821076697,-0.029600000000000293,0.03497599999999945,434138.0,1.0128136040391638,1.013311889423094,1.008714153413513,0.9979733728348954,0.9976532972123137,0.9961289588947396,1.0070144224563315,1.0087551607675793,1.003796314922222,0.03548571428571431,0.0450428571428571,0.008853333333333364,0.015093428571428622,0.01768785714285708,0.003719899999999991,-46883.142857142855,111801.85714285714,59382.166666666664
2000-10-11,12.9457,13.2227,12.9457,13.2036,4.563276999999999,2519508.0,1.021397066207312,1.0,1.0199216728334504,0.0860000000000003,0.07264599999999977,-249462.0,1.0142470670112633,1.0145614252404158,1.0093268779791158,0.9979733728348954,0.9986587077237636,0.9966820323729982,1.0093200439749526,1.0105691953242144,1.0047771644358694,0.04777142857142864,0.05186428571428576,0.009236666666666693,0.026888285714285715,0.025942785714285637,0.007550366666666619,218267.0,60396.142857142855,10096.433333333332
2000-10-12,13.1368,13.2801,13.089,13.2801,4.589715,1327622.0,1.0109082881675904,0.9963613665428416,1.0109082881675904,0.19109999999999872,0.026438000000000628,-1191886.0,1.010090656777026,1.0144903050552965,1.0094601272141948,0.9974535680553014,0.9986818376364374,0.9965864891726631,1.0062413537140826,1.0112629150508032,1.0050895530510402,0.06825714285714264,0.0784857142857142,0.02356666666666663,0.010377999999999967,0.03030735714285715,0.00957563333333334,-241609.7142857143,-61306.142857142855,-53507.36666666667
2000-10-13,13.1368,13.1845,12.9934,13.0555,4.512093,1621970.0,1.0036310212532733,0.9890840996285245,0.9938112782412765,0.0,-0.07762199999999986,294348.0,1.009560939724327,1.0136778276699554,1.0095015683855622,0.9966286066972565,0.9979021304670462,0.9963735038944216,1.005777722192573,1.009805719604834,1.004957227417442,0.0177428571428569,0.07438571428571425,0.02328333333333331,0.004008999999999929,0.019457785714285754,0.007428300000000002,-43181.71428571428,49653.5,-17682.833333333332
2000-10-16,13.1043,13.1845,13.0508,13.0632,4.514753,1493979.0,1.0061201285074364,0.9959173706340667,0.996863624917012,-0.03249999999999886,0.0026599999999996626,-127991.0,1.0090919088516301,1.0124035882829026,1.009449269764735,0.9961825844193299,0.9976105140837653,0.996339937410654,1.0049379547949593,1.0078703013898938,1.0046476392578156,0.027714285714285834,0.07295714285714285,0.02280333333333336,0.0058011428571428224,0.01705328571428571,0.006527333333333315,86932.71428571429,37353.642857142855,-10730.566666666668
2000-10-17,13.0794,13.2418,13.0317,13.1845,4.556677,1744388.0,1.012416471703595,0.9963530437176018,1.008035536798324,-0.02490000000000059,0.04192399999999985,250409.0,1.0099995946911193,1.0122199378008818,1.009608149460789,0.9957467622855176,0.9973949635976646,0.9962693193922099,1.0057374592654078,1.0074291803258768,1.0046604877903604,0.023471428571428428,0.060185714285714224,0.01942666666666663,0.01174599999999997,0.019102357142857112,0.00682349999999999,-32266.428571428572,47856.28571428572,29385.0
2000-10-18,13.089,13.3804,13.0412,13.3804,4.62438,1160014.0,1.0222629689051874,0.9963480785392314,1.0222629689051874,0.009600000000000719,0.06770300000000073,-584374.0,1.012873008908556,1.0123206594329164,1.010350248424295,0.9961882058385391,0.9971341120647524,0.996601601100786,1.008885741562791,1.007640170435675,1.0056801708478489,0.028528571428571427,0.051185714285714265,0.01560666666666671,0.024103571428571464,0.018986214285714263,0.009961600000000015,-167831.14285714287,-8639.714285714286,-75902.6
2000-10-19,13.3355,13.5189,13.2036,13.2036,4.563276999999999,2731897.0,1.013752765175659,0.9901091072700686,0.9901091072700686,0.24649999999999928,-0.06110300000000102,1571883.0,1.0129269585600078,1.0128702812995856,1.0106049298327366,0.994881866618905,0.9964276197269003,0.9963480756723508,1.0059874967332727,1.0065009595948022,1.0052231676541536,0.0679714285714285,0.05172857142857141,0.02732666666666663,0.010377999999999967,0.012735714285714295,0.007374099999999976,-5296.142857142857,-26089.64285714286,20731.5
2000-10-20,13.2399,13.3565,13.1081,13.1845,4.556677,2043264.0,1.0088067130416394,0.99004524203355,0.9958156783661508,-0.09559999999999924,-0.006599999999999717,-688633.0,1.0111283366791972,1.0126877018452303,1.0108223404250574,0.9934597583379834,0.9957165655864395,0.9961430728156323,1.0025437832379442,1.0059319136064484,1.0050836902663587,0.04202857142857143,0.04490000000000004,0.0225466666666667,-0.0009428571428571024,0.012972714285714306,0.007154099999999985,-68034.85714285714,75116.07142857143,35135.4
2000-10-23,13.1845,13.4711,13.1368,13.4387,4.6445300000000005,1606273.0,1.02173764647882,0.9963821153627365,1.0192802154044522,-0.05540000000000056,0.08785300000000085,-436991.0,1.0126753878665158,1.011383022321771,1.01135575005302,0.9934627224551115,0.9954581452552064,0.9960606057239351,1.00373977284321,1.0049905632786464,1.0056370407840531,0.00681428571428582,0.03753571428571423,0.022769999999999988,0.007830714285714357,0.009104357142857162,0.010412066666666674,39807.28571428572,-100901.21428571429,-7410.666666666667
2000-10-24,13.4616,13.6431,13.4138,13.624,4.708572,2209733.0,1.0134827955072205,0.9964491590895584,1.0120639448505377,0.2771000000000008,0.06404199999999971,603460.0,1.0140827841885083,1.0118218619564174,1.0117291222469305,0.9945148738066877,0.995571740251972,0.9962980509482601,1.0063472966445333,1.0060625094185531,1.0062426042968775,0.04640000000000022,0.03207142857142856,0.03089000000000001,0.02806842857142858,0.016038714285714257,0.013428033333333348,83966.14285714286,20392.214285714286,-2889.9666666666667
2000-10-25,13.5476,13.6813,13.5476,13.6145,4.705287,1676714.0,1.009868906669816,1.0,1.00493814402551,0.08599999999999852,-0.0032849999999999824,-533019.0,1.014618323925991,1.0118551163888108,1.0118027655159907,0.9950981065732495,0.9956403454962898,0.9963237166524628,1.0075007993743188,1.006219377084639,1.0061518888111274,0.06332857142857128,0.04552142857142855,0.03598666666666664,0.027219142857142917,0.01651014285714287,0.01210776666666667,26105.0,56518.857142857145,-23415.033333333333
2000-10-26,13.6049,13.8438,13.4711,13.7434,4.749836,3590040.0,1.017559849760013,0.9901653080875272,1.0101801556792038,0.05730000000000146,0.04454899999999995,1913326.0,1.015353092219765,1.0126763434554422,1.0122307621025695,0.9942141443403818,0.9949804533129497,0.9959958935887137,1.0078071735001586,1.0067723163827833,1.0064861778353955,0.0750714285714287,0.04927142857142857,0.03541333333333334,0.02759414285714293,0.01967007142857145,0.01381283333333334,263664.5714285714,115699.07142857143,28540.7
2000-10-27,13.71,13.7387,13.4043,13.4176,4.637237,15540267.0,1.0020933625091173,0.977702407002188,0.9786725018234864,0.1051000000000002,-0.11259900000000034,11950227.0,1.0124717198774693,1.0126723643930127,1.012123042544281,0.9915504769779471,0.993869341408243,0.9953794628976164,1.0015799639170586,1.0052328527399248,1.0057752612295114,0.08871428571428577,0.0586214285714286,0.03821666666666671,0.0018367142857142074,0.012970142857142835,0.009839433333333324,2054321.857142857,943245.3571428572,413651.13333333336
2000-10-30,13.4396,13.6145,13.4396,13.5571,4.685449,2160859.0,1.013013780172029,1.0,1.0087428197267776,-0.2704000000000004,0.048212000000000366,-13379408.0,1.0123661505912362,1.012646554575622,1.0124548300018985,0.9929634616536516,0.9939226641362782,0.9955573727761423,1.0042419228394457,1.005114709786359,1.0061684274363676,0.014871428571428678,0.041421428571428595,0.030796666666666656,0.017453142857142976,0.013915571428571472,0.0124373,-81576.85714285714,-43436.5,22051.8
2000-10-31,13.5667,13.6431,13.5189,13.6145,4.705287,1822587.0,1.005631435794998,0.9964766671334959,1.0035233328665039,0.12710000000000043,0.019838000000000022,-338272.0,1.011912539556002,1.0115204381175995,1.0126142973087318,0.9938822366679295,0.9936709975029565,0.9959513375337927,1.005343016339496,1.0039433997887202,1.006720341005836,0.046685714285714344,0.04435714285714289,0.03920333333333339,0.021230000000000082,0.01014357142857149,0.015960166666666678,-31525.285714285714,-49780.07142857143,-90161.6
2000-11-01,13.602,13.6431,13.4616,13.5094,4.668964,5836462.0,1.0030216144684605,0.9896779885310983,0.993192177620938,0.03529999999999944,-0.03632300000000033,4013875.0,1.0092388206973792,1.0109571042819474,1.0124023755415161,0.9929245042634097,0.9931936133592606,0.9956072704848293,1.001616153798994,1.002677963321102,1.0063631232747527,0.059642857142857206,0.03322857142857151,0.045763333333333316,0.003490571428571343,0.00566064285714285,0.014198766666666647,604312.7142857143,322060.0,154423.93333333332
2000-11-02,13.1845,13.366,13.1272,13.2705,4.586399,5991036.0,1.0137661648147445,0.995653987636998,1.006522810876408,-0.4175000000000004,-0.08256499999999978,154574.0,1.0092793020270254,1.0116810431077667,1.0127311288765142,0.9928109083416153,0.9936628910741515,0.9959315949780726,1.0008245632312611,1.003585929937897,1.0067630440026145,-0.0395857142857144,0.00340714285714291,0.032163333333333335,-0.017453285714285727,0.005307571428571427,0.012877366666666657,540186.1428571428,312076.14285714284,143902.46666666667
2000-11-03,13.261,13.4616,13.2514,13.4138,4.635925,2104986.0,1.0151270643239576,0.999276072694367,1.0115225096146596,0.07649999999999935,0.04952600000000018,-3886050.0,1.0100304674061886,1.01232439566609,1.0128385653286704,0.9927074901550963,0.9939027983641731,0.9960395458090379,1.0017651868868538,1.0046329931305862,1.0071072539232582,-0.040942857142857135,0.011192857142857069,0.04076666666666663,-0.009908857142857132,0.008655142857142892,0.01568376666666668,61181.71428571428,43643.357142857145,-2697.4
2000-11-06,13.4234,13.6145,13.4234,13.4425,4.645843,2443685.0,1.0142363335667564,1.0,1.0014228883889327,0.16240000000000165,0.009917999999999871,338699.0,1.0095556793785805,1.0124543857991728,1.0128129196259608,0.9941124461425924,0.994163295241487,0.9960395458090379,1.0005141487025295,1.004160661101344,1.0066809497200608,-0.025928571428571395,0.024571428571428657,0.044266666666666704,-0.014856142857142858,0.006369000000000037,0.013538633333333354,-163765.0,49949.78571428572,50562.13333333333
2000-11-07,13.4616,13.7387,13.4138,13.6422,4.714862,2578221.0,1.0205844773281036,0.9964491590895584,1.0134159386699946,0.03819999999999979,0.06901899999999994,134536.0,1.0121972672098642,1.0123344935436667,1.0127004195393583,0.9967905535836453,0.9941705152807961,0.9959211844453565,1.0054774968234592,1.003528730370259,1.0063294983448547,-0.03548571428571431,0.026614285714285733,0.04595666666666667,0.011089285714285755,0.006462999999999981,0.014628500000000008,-1851720.857142857,101300.5,53573.1
2000-11-08,13.6145,14.0444,13.5667,13.9402,4.817851999999999,2953509.0,1.0315766278600023,0.9964890374233355,1.0239230232472731,0.15289999999999893,0.10298999999999925,375288.0,1.0148491025938604,1.0136076265925484,1.0132533878529624,0.9962889875012648,0.9946262245774581,0.9958251273420339,1.0076460973263872,1.0059440100829162,1.0066532247299453,0.024985714285714167,0.019928571428571424,0.0459233333333333,0.018914714285714167,0.01818392857142857,0.017620266666666645,113235.71428571429,15829.42857142857,62636.96666666667
2000-11-09,13.8533,14.1495,13.8342,14.073,4.86375,2188442.0,1.0213811871539633,0.9986212671349064,1.0158590371969134,0.23880000000000123,0.045898000000000216,-765067.0,1.0170990670737126,1.0145058033148573,1.0132709985562043,0.9965953589300377,0.9952387977989836,0.995779169579864,1.00940834080216,1.0073756785708279,1.0065382223909087,0.040942857142857135,0.04381428571428574,0.049363333333333335,0.022637571428571337,0.021933785714285708,0.016839233333333297,52265.0,10369.857142857143,30249.066666666666
2000-11-10,14.0921,14.2832,13.9488,14.1399,4.88687,2672427.0,1.0135607893784462,0.9898311820097785,1.0033919713882247,0.23879999999999946,0.023120000000000474,483985.0,1.0186046634894248,1.013921742093402,1.0135210895674096,0.9966172437127063,0.994770873988058,0.99544020898019,1.0108654541974864,1.0062408039982402,1.00644935280244,0.07001428571428571,0.06482857142857146,0.04936000000000001,0.031129428571428593,0.017309999999999968,0.016729766666666694,-452005.0,76153.85714285714,-14157.5
2000-11-13,14.0921,14.1781,13.9584,14.0062,4.963522,1643615.0,1.0061027100290234,0.9905124147572043,0.993904386145429,0.0,0.07665200000000016,-1028812.0,1.0175098842343218,1.0133945931306738,1.0133457523882898,0.9958827333013073,0.9943468208214613,0.9951239561387636,1.0090628220930609,1.004943692662161,1.0061200882671841,0.12965714285714292,0.045035714285714255,0.04936000000000001,0.0538747142857143,0.018210714285714285,0.019615433333333362,-621060.1428571428,-40437.0,21732.533333333333
2000-11-14,13.9488,13.9679,13.6909,13.7004,4.855153,4011131.0,1.001369293415921,0.9815109543473273,0.9821920165175498,-0.14329999999999998,-0.1083690000000006,2367516.0,1.0155444883903166,1.0127874778982524,1.0120579568419121,0.99334485925173,0.9930261747034133,0.9945076546170077,1.0048727516506166,1.0033189692687352,1.004444518151313,0.09825714285714301,0.028657142857142937,0.04299333333333332,0.03131828571428562,0.010704714285714243,0.011269466666666646,272306.4285714286,166744.07142857142,33074.7
2000-11-15,13.796,13.796,13.5858,13.6909,4.851786,3663849.0,1.0,0.9847636996230793,0.9923818498115395,-0.15280000000000094,-0.003366999999999898,-347282.0,1.0135107264522085,1.0115332029153945,1.0118133221545067,0.9911682449121699,0.9926403455273812,0.9941711502999492,1.003581174710989,1.0020476617067593,1.0042886898486363,0.053228571428571216,0.013649999999999909,0.026113333333333284,0.029420428571428507,0.007282142857142825,0.012258533333333302,174309.14285714287,5272.071428571428,57986.9
2000-11-16,13.6536,13.6622,13.5667,13.5858,4.8145430000000005,3594015.0,1.0006298705103416,0.9936353782152693,0.9950342766742837,-0.14239999999999853,-0.03724299999999925,-69834.0,1.0106600683353852,1.0114286677726247,1.0115208730176408,0.9907662762158429,0.9937784148997443,0.9939910120211396,1.0009552229973162,1.0032163599103876,1.0040317658477689,0.02742857142857145,-0.004028571428571429,0.024776666666666714,0.014240142857142908,0.012664714285714331,0.011346600000000014,145113.42857142858,-853303.7142857143,90285.5
2000-11-17,13.5743,13.8342,13.5743,13.8342,4.902569000000001,3852242.0,1.0191464753246944,1.0,1.0191464753246944,-0.0793000000000017,0.08802600000000016,258227.0,1.0088843322589127,1.0118667174263867,1.011956999834225,0.9912678422982236,0.9937784148997443,0.99401088539933,1.0002728590083763,1.0039594781673817,1.004588681508419,-0.005742857142857208,0.009621428571428479,0.021973333333333282,0.012102428571428752,0.015508571428571458,0.014270466666666693,128390.42857142857,120813.07142857143,62732.96666666667
2000-11-20,13.8151,13.9106,13.7578,13.8533,4.909338,1395894.0,1.0069127259303228,0.9958523644418065,1.0027650903721292,0.24080000000000013,0.006768999999999359,-2456348.0,1.0068174092269644,1.0119582381503383,1.012115788385798,0.9908722847706378,0.9937338218503378,0.9940973650917876,0.9984022951762643,1.0039053179892121,1.0046733514267066,-0.005457142857143081,0.01774285714285703,0.03085999999999996,0.0065125714285714864,0.014575071428571411,0.01512276666666666,-113221.14285714286,-30478.071428571428,-31297.933333333334
2000-11-21,13.7578,13.8151,13.71,13.7195,4.861921,1471606.0,1.0041649100873686,0.9965256072918636,0.9972161246710957,-0.057299999999999685,-0.047417000000000264,75712.0,1.0054751407568103,1.0120399021231175,1.0118087814681938,0.9918286312395072,0.9942229374761066,0.9940064359412661,0.9975200313595316,1.0041927427785091,1.0042339948798533,-0.047757142857142956,0.011128571428571377,0.02993666666666665,-0.0035641428571429046,0.013782642857142844,0.012376333333333338,-171545.85714285713,-311775.4285714286,-43245.46666666667
2000-11-22,13.7645,13.7769,13.6813,13.71,4.858556,2345879.0,1.0009008681753786,0.9939554651458462,0.9960405390678921,0.006700000000000372,-0.0033649999999996183,874273.0,1.0047320204920038,1.0111209523631628,1.0111255748671293,0.9923204955807418,0.9941016144410245,0.9938049514461277,0.9978251960627407,1.0034440090779009,1.003437957087668,-0.04680000000000005,0.04142857142857143,0.02729333333333332,-0.014995142857142874,0.01943978571428571,0.009842633333333357,100323.42857142857,-260368.35714285713,-5787.633333333333
2000-11-23,13.6431,13.8151,13.624,13.7578,4.875494000000001,2824268.0,1.0126071054232542,0.9986000249210224,1.0084071801863213,-0.12139999999999951,0.016938000000000564,478389.0,1.0063374222073371,1.0109409552988269,1.0111822021089847,0.9947617913769838,0.994053325314357,0.993879573392067,1.0015702194439935,1.0032214855473052,1.0033545868216256,-0.04367142857142855,0.02729285714285723,0.01687666666666671,0.0029058571428572932,0.017112071428571456,0.00952596666666669,-169551.85714285713,51377.28571428572,49888.2
2000-11-24,13.7664,13.9488,13.7578,13.9106,4.929643,3837022.0,1.0132496513249651,0.9993752905625289,1.010474779172478,0.12330000000000041,0.05414899999999978,1012754.0,1.008230229539475,1.010870477995842,1.0115028231113745,0.9968491615111911,0.9940087032116803,0.9942226130898671,1.0041549236384135,1.0038680491747014,1.0039100368526657,-0.004228571428571216,0.024499999999999997,0.020986666666666723,0.011122428571428675,0.02027142857142859,0.013918333333333343,24739.0,99524.07142857143,73835.06666666667
2000-11-27,13.9871,14.1781,13.9679,14.1781,5.024439,2365722.0,1.0136554396551107,0.9986273065896434,1.0136554396551107,0.220699999999999,0.09479599999999966,-1471300.0,1.010091025131585,1.0103755467334852,1.0117540001496304,0.9975622941361016,0.9941642851759722,0.9943129442883863,1.0068150897785315,1.0038851563879239,1.0044697640106022,0.047642857142857,0.03753571428571423,0.029426666666666653,0.029985142857142804,0.022112642857142855,0.016989533333333345,-175470.42857142858,-15178.5,29058.1
2000-11-28,14.1495,14.4934,14.1304,14.3501,5.085394,4114326.0,1.0243047457507333,0.9986501289798226,1.0141771794056327,0.16239999999999988,0.06095499999999987,1748604.0,1.0108279209067332,1.009856126582823,1.0121502759512016,0.9973694554189334,0.9943186488585785,0.994389513797127,1.0061051903615228,1.0031890246849495,1.004674485430846,0.08217142857142866,0.03821428571428572,0.03567,0.02611785714285705,0.019110142857142902,0.017623900000000012,37440.57142857143,82915.5,78997.93333333333
2000-11-29,14.3119,14.4457,14.2928,14.3597,5.0887970000000005,2222098.0,1.0093488635331438,0.9986654462370474,1.0033398780036193,0.16239999999999988,0.003403000000000489,-1892228.0,1.0111759405642793,1.0089966748956216,1.0117198057721335,0.997771324246825,0.9943218045087313,0.9944667593870542,1.006187302880307,1.0022947990282858,1.004043715734127,0.07097142857142862,0.03275714285714277,0.040763333333333304,0.02563700000000007,0.016074785714285778,0.01548056666666667,118029.14285714286,2404.0,35402.8
2000-11-30,14.4265,14.5316,14.3406,14.3501,5.085394,3886006.0,1.00728520431151,0.9940456798253214,0.9947041902055245,0.11460000000000115,-0.003403000000000489,1663908.0,1.0116216968820135,1.008548418819412,1.011504220409995,0.9974170488944617,0.9946228400669844,0.9945979784722294,1.0058284550995114,1.0016742432295216,1.004196885165309,0.0955285714285716,0.02388571428571432,0.0363666666666667,0.03192471428571432,0.01418028571428571,0.01740390000000002,344914.28571428574,86684.21428571429,38470.3
2000-12-01,14.331,14.3788,14.3119,14.331,5.078626,3735955.0,1.0033354266973693,0.9986672248970763,1.0,-0.09550000000000125,-0.006768000000000107,-150051.0,1.0119694909565837,1.0083507557242937,1.0113218441985194,0.9980901574303518,0.9952053265055467,0.9948853779010136,1.0063940923755266,1.0021096442191337,1.0043363625531039,0.08092857142857136,0.01706428571428566,0.03636999999999997,0.03143857142857139,0.008221714285714261,0.01739830000000001,198582.2857142857,149452.85714285713,56423.03333333333
2000-12-04,14.331,14.4074,14.331,14.3979,5.102332,2889207.0,1.005331100411695,1.0,1.004668201800293,0.0,0.023705999999999783,-846748.0,1.010930061669218,1.0086337419382776,1.0107749593296154,0.9982901538702057,0.9965259726235948,0.9950059740555891,1.005859952606094,1.003715086025044,1.0038492954329652,0.09827142857142844,0.027299999999999942,0.038216666666666656,0.032405428571428425,0.01765564285714286,0.015260066666666638,9277.0,-80137.42857142857,42764.46666666667
2000-12-05,14.4265,14.7132,14.4265,14.6081,5.176824,2951198.0,1.0198731501057081,1.0,1.0125879457941982,0.09550000000000125,0.07449200000000022,61991.0,1.0118762757807527,1.0100532526601138,1.0109879711495648,0.9983793980755588,0.9976142797933749,0.9951243354192704,1.0061618335520541,1.0051583785952338,1.0038667621310873,0.09429999999999998,0.04503571428571439,0.032163333333333335,0.035311571428571345,0.023217000000000012,0.01560839999999999,-126546.28571428571,-50903.642857142855,24715.5
2000-12-06,14.7132,14.7227,14.4457,14.4457,5.119273000000001,2254009.0,1.0006456787102738,0.9818190468422913,0.9818190468422913,0.28669999999999973,-0.05755099999999924,-697189.0,1.010017738502919,1.010054381817252,1.01068053021758,0.9959782181116513,0.9967702561238764,0.9945183036473467,1.001613777435937,1.0042144336072343,1.0030961255583133,0.10372857142857152,0.07568571428571426,0.03885333333333338,0.01354771428571436,0.021766428571428582,0.013799533333333346,-15959.0,-95714.71428571429,19243.166666666668
2000-12-07,14.353,14.417,14.2832,14.3119,5.071858,2899451.0,1.00445899811886,0.9951369051766182,0.9971364871455445,-0.36020000000000074,-0.04741500000000087,645442.0,1.0071826316983656,1.0090052763025494,1.010243835162875,0.9954763289969079,0.9964228922079206,0.9946840235503165,0.9991793928273529,1.0026422915944377,1.0026613366071913,0.029071428571428574,0.05562142857142861,0.024936666666666638,-0.0019337142857143164,0.012092071428571367,0.010734066666666653,-173553.57142857142,-68056.5,-23019.633333333335
2000-12-08,14.2832,14.3501,14.2259,14.3167,5.073557,2440389.0,1.004683824353086,0.9959882939397333,1.0023454127926514,-0.06979999999999897,0.0016990000000003391,-459062.0,1.006516197529786,1.0088460690470327,1.0103301838910075,0.99509387866872,0.9964326014577726,0.9952935531149013,0.9990373263686434,1.0026123146244752,1.003450433639497,-0.004099999999999834,0.033435714285714395,0.019106666666666664,-0.002177142857142909,0.01172992857142858,0.014544000000000008,31184.428571428572,74606.78571428571,-436662.6
2000-12-11,14.331,14.5507,14.331,14.503,5.1395800000000005,1926472.0,1.0153304026236831,1.0,1.0120019538064335,0.04779999999999873,0.06602300000000039,-513917.0,1.0076655115743822,1.009643604228198,1.0104074046393958,0.9959444958365313,0.9966807723654966,0.9952935531149014,1.0015084354544874,1.0036684452769993,1.0035590714421518,-0.013642857142857321,0.040942857142857135,0.029713333333333303,0.007740857142857216,0.019832785714285768,0.01513770000000001,-279933.4285714286,32490.428571428572,-7812.9
2000-12-12,14.5269,14.5412,14.3883,14.4265,5.11247,2320930.0,1.0009843807006313,0.9904590793631125,0.9930886837522115,0.19589999999999996,-0.02711000000000041,394458.0,1.0073296478605624,1.009649569408573,1.0102525028029168,0.9947719036173935,0.9964310305238727,0.9950929668558885,1.0005211045619462,1.0034575984687364,1.0032112498050088,0.02798571428571428,0.05445714285714282,0.03200666666666662,0.004834857142857173,0.018136714285714284,0.013572766666666661,-202146.42857142858,-1782.0714285714287,16611.433333333334
2000-12-13,14.3864,14.4074,14.1208,14.1208,5.004136,4836023.0,1.0014597119501751,0.9815381193349274,0.9815381193349274,-0.1404999999999994,-0.10833400000000015,2515093.0,1.0067765923660597,1.0088533270176387,1.0102004393856407,0.9921344920938119,0.9952123229820087,0.9948216378826829,0.997216807066894,1.001538379836494,1.0028227811954753,0.007914285714285794,0.053092857142857115,0.02614666666666666,-0.01402799999999996,0.009188714285714232,0.0111724,278116.5714285714,143696.7857142857,-33347.96666666667
2000-12-14,13.9995,13.9995,13.6145,13.732,4.866351,6630658.0,1.0,0.972499017822065,0.9808921747205257,-0.3869000000000007,-0.13778500000000005,1794635.0,1.003937570922387,1.0079069233515698,1.0097415672251493,0.9882057803541068,0.9932925892148329,0.9940498055555184,0.992688839770655,0.9994253366613545,1.0019684266569457,-0.0610000000000002,0.016649999999999894,0.02716666666666665,-0.04435328571428571,-0.004520857142857183,0.009331733333333325,525637.1428571428,199545.42857142858,21320.733333333334
2000-12-15,13.5667,13.6431,13.3947,13.5189,4.790833999999999,4552599.0,1.005631435794998,0.9873218984719939,0.9964766671334959,-0.4327999999999985,-0.0755170000000005,-2078059.0,1.0046498219344906,1.0073337802187048,1.009425046274184,0.9889919020154929,0.9924850600635722,0.9936513330814394,0.9947827855265414,0.9981982814812392,1.0014668985742405,-0.16378571428571423,-0.030028571428571356,0.010190000000000055,-0.046919857142857326,-0.01668607142857148,0.005163633333333303,328370.0,156205.5,81587.1
2000-12-18,13.5094,13.71,13.4998,13.71,4.858556,2324072.0,1.0148489200112516,0.9992893836883948,1.0148489200112516,-0.05730000000000146,0.06772200000000073,-2228527.0,1.0061340964905463,1.0066583640944562,1.0094454658223337,0.9895851132314609,0.9925307211141844,0.9936276458710526,0.9973131330787853,0.9982462629530692,1.001914432961651,-0.12051428571428577,-0.04572142857142859,0.0028666666666666172,-0.030471714285714237,-0.016202714285714275,0.007090433333333331,-82197.0,-127875.28571428571,-3987.1
2000-12-19,13.71,13.8629,13.71,13.8151,4.8958,2819293.0,1.0111524434719181,1.0,1.007665937272064,0.20060000000000144,0.03724400000000028,495221.0,1.0070581849360938,1.00678719123294,1.0091310646937943,0.9901582140972133,0.9926260463829667,0.9937460072347338,0.9980732080044156,0.9985552671865294,1.0017227662483867,-0.08188571428571427,-0.042992857142857055,0.008280000000000006,-0.025393857142857103,-0.013785500000000006,0.006031266666666675,54129.142857142855,42656.78571428572,8035.733333333334
2000-12-20,13.7482,13.8151,13.6622,13.7673,4.878863,1719823.0,1.004866091561077,0.9937446356613957,1.0013892727775273,0.03819999999999979,-0.016937000000000424,-1099470.0,1.0055632833557218,1.0066143974650519,1.00824071348383,0.9892645906202698,0.9926045432284007,0.9936545271760024,0.9965571107145719,0.9990327730845296,1.0009716412327285,-0.0832571428571427,-0.04845000000000001,0.004456666666666702,-0.03724528571428579,-0.014752214285714287,0.0020337000000000198,-29521.285714285714,-154727.35714285713,-41122.86666666667
2000-12-21,13.6145,13.9011,13.5953,13.8055,4.892399,3344909.0,1.0210510852400014,0.9985897388813397,1.0140291600866724,-0.13370000000000104,0.013536000000000215,1625086.0,1.0084299554327745,1.0078798016466686,1.0082297100866981,0.9904261134085882,0.9925990085129909,0.993653476234217,0.9995486073337806,1.0000348559478633,1.0009106453290537,-0.13034285714285712,-0.05117857142857142,-0.007960000000000042,-0.03143871428571427,-0.01330192857142855,0.0009549666666666864,146282.7142857143,-27931.85714285714,38548.9
2000-12-22,13.8323,14.0759,13.8323,14.0759,4.988222,3700392.0,1.0176109540712681,1.0,1.0176109540712681,0.21780000000000044,0.09582300000000021,355483.0,1.0107372757357878,1.0087569340509237,1.0083647155764588,0.9930635249321699,0.9925990085129909,0.9939924368338909,1.004701869438972,1.000959338252933,1.0013846114184886,-0.07915714285714286,-0.03562142857142853,-0.008660000000000008,-0.0022734285714285057,-0.008150714285714233,0.003378400000000011,-162233.0,57941.78571428572,34265.5
2000-12-27,14.1399,14.2355,14.0921,14.1781,5.024439,1116061.0,1.0067610096252448,0.9966194951873776,1.0027015749757777,0.30760000000000076,0.03621699999999972,-2584331.0,1.0117031342536797,1.0078203525880336,1.0083866588963328,0.9965093074129288,0.9923575438835179,0.9941960061815635,1.0078174980468653,1.0002531689087601,1.0016778510461668,0.020057142857143058,-0.020471428571428568,0.0015933333333333502,0.02258400000000003,-0.010884642857142841,0.002030566666666663,-787799.5714285715,-131081.2142857143,-17585.133333333335
2000-12-28,14.1781,14.1877,13.9679,14.0511,4.979435,1839652.0,1.0006771005988109,0.9851743181385376,0.9910425233282315,0.03819999999999979,-0.04500400000000049,723591.0,1.010995372082796,1.0078225970086432,1.0083635858024291,0.996202510222435,0.992597206118964,0.9943181183079373,1.0070411917889703,1.0009119886577558,1.001972867939856,0.0873428571428571,-0.038221428571428566,0.007643333333333343,0.026943000000000033,-0.009988428571428645,0.004142733333333333,-387563.85714285716,-29596.928571428572,-72382.63333333333
2000-12-29,14.0855,14.2163,13.7387,13.7387,4.868725,2388715.0,1.0092861453267545,0.9753789357850271,0.9753789357850271,-0.0926000000000009,-0.1107099999999992,549063.0,1.0102006899850107,1.0081673932377786,1.0086731239799878,0.9927867319505255,0.9911859225909933,0.9940052928466688,1.0014026226137955,0.9993578778462905,1.0014061041389726,0.08230000000000004,-0.01910714285714286,0.009650000000000011,0.001452714285714331,-0.014509499999999953,0.0005646333333333568,9234.714285714286,-36481.142857142855,-42504.46666666667
2001-01-01,14.3802,14.3802,14.3802,14.3802,5.096061,0.0,1.0,1.0,1.0,0.29470000000000063,0.22733599999999932,-2388715.0,1.0086074837747367,1.0078328343554153,1.0086521282963097,0.9927867319505255,0.9914724730238694,0.9942174469061598,1.0003074887177863,0.9991903483611011,1.0015716282498297,0.09574285714285706,0.006928571428571395,0.02421999999999998,0.028608714285714192,0.0016074285714285455,0.00938393333333331,-402756.14285714284,-174313.5,-119800.5
2001-01-02,13.8418,14.0921,13.8342,14.0042,4.962814,1092457.0,1.0180829082922742,0.9994509384617607,1.0117325781329018,-0.5384000000000011,-0.1332469999999999,1092457.0,1.010495600450622,1.0080294419031717,1.0086166760618955,0.9936019180648632,0.9914332543425666,0.9941991448548851,1.0017851037685541,0.999171107241563,1.0013244983434366,0.013371428571428368,-0.034942857142857164,0.008916666666666668,0.011992999999999985,-0.012626142857142903,0.0020081666666666403,-89623.71428571429,-59572.5,-91992.83333333333
2001-01-03,13.9832,14.1208,13.882,14.0253,4.9702910000000005,1397962.0,1.0098403798844326,0.9927627438640654,1.0030107557640597,0.14140000000000086,0.007477000000000622,305505.0,1.0088940711141121,1.0086620132734434,1.0087142645270324,0.9927694902052525,0.9915978018069203,0.9940961575022939,1.0002110460081808,0.9998798266709807,1.0013326871898343,0.05267142857142864,-0.038835714285714244,0.00560333333333336,0.011127428571428613,-0.01015564285714283,0.0020317666666666827,-278135.28571428574,-65926.28571428571,68.93333333333334
2001-01-04,14.1877,14.2163,13.9488,14.0444,4.977059,1524891.0,1.0020158306138416,0.9831614708515123,0.9898997018544232,0.20449999999999946,0.006767999999999219,126929.0,1.0066661963344798,1.0087017360351338,1.0086426285445815,0.9903639860411829,0.9917137554866765,0.9936506862876153,0.9962522956914889,1.0004770825652305,1.0010888064292784,0.0507714285714285,-0.014192857142857182,0.014329999999999999,-0.0015947142857143856,-0.0019340714285714458,0.0038379333333333323,-310785.85714285716,-236509.42857142858,1776.1666666666667
2001-01-05,14.0358,14.2163,13.9011,14.1791,5.024796,2845126.0,1.012859972356403,0.9904031120420639,1.0102096068624518,-0.15189999999999948,0.047737000000000585,1320235.0,1.0075374767246452,1.0096203054891626,1.0090412653506158,0.9894759313061382,0.9929926193595335,0.9935322745174894,0.9973248716752993,1.0025711848610823,1.0015611086890972,-0.014871428571428678,0.0025928571428571905,0.009043333333333337,5.100000000002325e-05,0.011317500000000027,0.005541333333333339,247009.2857142857,-270395.14285714284,16641.566666666666
2001-01-08,14.0921,14.1113,13.9488,13.9488,4.943182,3111315.0,1.0013624654948516,0.9898311820097785,0.9898311820097785,0.05630000000000024,-0.08161400000000008,266189.0,1.0076353859955083,1.009315379039152,1.008666444019669,0.9901411975734583,0.9931718538979466,0.9932399797537812,0.9971518229155203,1.0020965073522454,1.000941908749879,-0.012285714285714329,0.03752857142857139,0.014966666666666661,-0.005178999999999918,0.010882000000000058,0.002256266666666651,181666.14285714287,-102948.85714285714,9568.233333333334
2001-01-09,13.9488,13.9488,13.71,13.7291,4.865324,4347410.0,1.0,0.9828802477632484,0.9842495411791695,-0.14329999999999998,-0.07785799999999998,1236095.0,1.006308793805972,1.0082547418954912,1.0082247889755036,0.9912128135703471,0.9919997727604362,0.9926901449938051,0.9984190522575406,0.9999108374356681,1.0000677341501023,-0.01952857142857134,0.03138571428571435,0.006079999999999982,-0.0004858571428571728,0.0004834285714285791,-0.0021439666666666747,279813.5714285714,144524.14285714287,17012.933333333334
2001-01-10,13.7291,13.7387,13.5667,13.5667,4.807772,3838741.0,1.0006992446700802,0.9881711109978076,0.9881711109978076,-0.21969999999999956,-0.05755200000000027,-508669.0,1.0064086859016976,1.0075080848382172,1.007792915809336,0.9895229722843195,0.9911548521174225,0.992341605140744,0.9967292109715131,0.9985183498446498,0.9992182565281921,-0.09301428571428565,0.0013642857142857068,-0.00859999999999997,-0.04118414285714283,-0.0062877142857143175,-0.007222233333333339,548391.5714285715,72817.71428571429,49100.63333333333
2001-01-11,13.6145,13.6431,13.5285,13.5667,4.807772,3130400.0,1.0021007014580043,0.993683205406001,0.9964890374233355,-0.11460000000000115,0.0,-708341.0,1.004125513496802,1.007310556973712,1.0070527809995782,0.9886990104192109,0.9911504642420371,0.9921760410216166,0.9945515622987181,0.998168333033636,0.9986286517954487,-0.03247142857142852,-0.009550000000000074,-0.017833333333333336,-0.02214885714285713,-0.005077928571428573,-0.009254066666666668,291134.71428571426,100755.5,-32797.53333333333
2001-01-12,13.6145,13.796,13.5667,13.6641,4.842288,1604462.0,1.0133313746373351,0.9964890374233355,1.003643174556539,0.0,0.03451599999999999,-1525938.0,1.0046242270329309,1.0067591490735215,1.007185531369718,0.9892313380705353,0.991000414137894,0.9921034940611596,0.9946419078405009,0.9974264769243408,0.9986387616805461,-0.05267142857142864,0.0,-0.02324666666666667,-0.018286142857142935,-0.0035793571428571597,-0.008216966666666685,29500.0,-124317.64285714286,-20587.866666666665
2001-01-15,13.6527,13.6527,13.4329,13.5285,4.794233999999999,2650478.0,1.0,0.9839006203901061,0.9909028983278033,0.03819999999999979,-0.048054000000000485,1046016.0,1.0043362512309535,1.0055012237827168,1.0069426912260009,0.9893369308617631,0.9898504584514729,0.991765325413319,0.9947852216224121,0.9955187586569505,0.9985120519512888,-0.07642857142857144,-0.012828571428571476,-0.02579333333333338,-0.026117857142857175,-0.013856285714285781,-0.00970533333333335,160798.14285714287,-74993.85714285714,-41184.26666666667
2001-01-16,13.4998,13.5189,13.2992,13.3154,4.718716000000001,3313247.0,1.0014148357753447,0.9851405206003052,0.9863405383783463,-0.15289999999999893,-0.07551799999999886,662769.0,1.0027012317193738,1.0051193542220094,1.0068786715286,0.9885851320843689,0.9890305316952535,0.9913144352700932,0.9913753546961114,0.9943501131857053,0.9980567365639003,-0.07657142857142851,-0.04572142857142859,-0.027706666666666636,-0.04372571428571424,-0.02183735714285711,-0.011996999999999976,66874.42857142857,156941.85714285713,-14090.266666666666
2001-01-17,13.3727,13.4329,13.2132,13.3211,4.720738,2455442.0,1.0045017087050483,0.988072715308053,0.99614139253853,-0.12710000000000043,0.002021999999999302,-857805.0,1.003149695035116,1.0053925405153121,1.0068510251383787,0.988333922555551,0.9892375600645046,0.990916859113695,0.9922768133430759,0.9947143181292981,0.9977725095885082,-0.10277142857142861,-0.05752857142857147,-0.03194333333333332,-0.03177771428571433,-0.018478357142857123,-0.012719799999999993,-93696.14285714286,43985.0,-14458.833333333334
2001-01-18,13.3756,13.4616,13.3278,13.4329,4.760358,2588610.0,1.0064296181105894,0.9964263285385329,1.0042839199736835,0.0029000000000003467,0.03962000000000021,133168.0,1.0040682119080573,1.0051885028570147,1.0064029074052079,0.9902690769520202,0.9907409452611836,0.9907977367316462,0.9951388674565779,0.9967789598570593,0.9974957087278243,-0.08188571428571427,-0.050707142857142805,-0.03503000000000001,-0.014995142857142874,-0.007740500000000023,-0.013882199999999992,-251257.14285714287,14278.214285714286,-12086.266666666666
2001-01-19,13.5113,13.5667,13.452,13.4769,4.775949,3566751.0,1.0041002716244922,0.9956110810950833,0.9974539829624093,0.13569999999999993,0.015590999999999688,978141.0,1.004554072901545,1.0054813794016213,1.0065180605023485,0.9913319298230595,0.9904274510536896,0.9912574712067392,0.9964649920229496,0.9965971014972314,0.9980168732651616,-0.03111428571428578,-0.06206428571428572,-0.04006333333333334,-0.00454614285714288,-0.022865142857142855,-0.011444133333333361,-38855.71428571428,254767.92857142858,43758.066666666666
2001-01-22,13.4711,13.5189,13.4234,13.4941,4.782044,2403670.0,1.0035483368099116,0.996459086488854,1.0017073587160663,-0.04020000000000046,0.006095000000000184,-1163081.0,1.0047608779518173,1.0044431957243096,1.0064877051253835,0.991728484263467,0.990213747341339,0.9913015439171471,0.9972104664933397,0.9958810143960288,0.9981692356508456,-0.02048571428571425,-0.026478571428571383,-0.029396666666666665,-0.0036754285714285678,-0.012912142857142848,-0.00966046666666666,-103818.57142857143,93658.07142857143,-16526.033333333333
2001-01-23,13.5275,13.71,13.5275,13.6622,4.841616,2627337.0,1.0134910367769359,1.0,1.0099574939937166,0.056400000000000006,0.05957200000000018,223667.0,1.0047836868289033,1.004703956930917,1.0067812788728452,0.9922300503458477,0.9907306942081916,0.9914352674524893,0.9981125121272222,0.9963772099838615,0.9984229716908811,-0.012428571428571391,-0.032550000000000016,-0.025190000000000032,-9.599999999996913e-05,-0.009191071428571451,-0.007731366666666665,146125.0,87812.5,6231.6
2001-01-24,13.6546,13.8342,13.6431,13.8275,4.900197,3394886.0,1.0131530766188683,0.9991577929781905,1.0126623994844228,0.12710000000000043,0.058581000000000216,767549.0,1.0066626977744557,1.0054994745027046,1.0067087013393514,0.9944096464298599,0.9918732886458114,0.9914071938850956,1.0012210122924536,0.9980031169574329,0.9984449865468142,0.00027142857142870014,-0.03807857142857137,-0.022546666666666642,0.01513757142857156,-0.005490142857142809,-0.007979433333333338,106344.0,133571.07142857142,48947.13333333333
2001-01-25,13.8629,14.1495,13.8629,14.1495,5.014306,3069331.0,1.0206738849735626,1.0,1.0206738849735626,0.20829999999999949,0.11410900000000002,-325555.0,1.0094139905170585,1.006057611118216,1.0073650181484493,0.9965324292012447,0.9925587806428069,0.991725224572992,1.0061257760917701,0.9987505653939408,0.9993644932541926,0.05187142857142847,-0.012350000000000019,-0.022133333333333324,0.04222714285714283,-0.0007492857142857064,-0.003272133333333323,-34845.142857142855,16014.642857142857,24946.7
2001-01-29,14.159,14.3215,14.0921,14.3119,5.071858,6559352.0,1.0114767992089837,0.9952750900487323,1.0107987852249452,0.2961000000000009,0.05755199999999938,3490021.0,1.0104104320176206,1.0067800635263684,1.0076989210570761,0.9975613398784847,0.9929476312170179,0.9921831235967854,1.0082196893326867,1.0002482513378812,1.0003398487838597,0.11232857142857153,0.0047785714285714575,-0.007579999999999979,0.05015999999999998,0.009191142857142827,0.0022573999999999945,586272.8571428572,246288.35714285713,57444.3
2001-01-30,14.3119,14.4552,14.2832,14.4265,5.11247,2971743.0,1.0100126468183819,0.9979946757593332,1.008007322577715,0.15289999999999893,0.040612000000000315,-3587609.0,1.0109222932615909,1.0074952525848242,1.0080326759510223,0.9977853894814562,0.9940272332167382,0.993032978861361,1.0087516039904054,1.0019452357234917,1.001243687045766,0.13375714285714274,0.025935714285714236,0.01041333333333334,0.05030171428571428,0.017653285714285705,0.008203966666666673,54733.28571428572,-98261.92857142857,-121963.83333333333
2001-01-31,14.4265,14.4934,14.2765,14.2765,5.059312,2658636.0,1.0046372994142723,0.9896024676810037,0.9896024676810037,0.11460000000000115,-0.053157999999999817,-313107.0,1.0109990115172738,1.0077765422094094,1.0079995380716646,0.9969270161365877,0.9941294729798236,0.9931089978349946,1.0076299589502047,1.002047475486577,1.0010145470640164,0.13074285714285722,0.049814285714285714,0.028659999999999998,0.04048042857142864,0.01796714285714288,0.008949266666666697,-129730.71428571429,-84293.21428571429,-63132.1
2001-02-01,14.3386,14.3979,14.2068,14.3979,5.102332,2790218.0,1.0041356896768165,0.9908080286778347,1.0041356896768165,-0.0879000000000012,0.04301999999999939,131582.0,1.0110829190696886,1.007921898510753,1.0076424303938503,0.996119722163585,0.9939241032135261,0.9928262860013093,1.007976863373169,1.0025936649332543,1.0006574393862018,0.12392857142857139,0.05172142857142857,0.027640000000000005,0.04575542857142852,0.02103999999999998,0.008125866666666651,55221.142857142855,-24298.714285714286,15538.2
2001-02-02,14.3979,14.4934,14.2928,14.4323,5.114523999999999,1638655.0,1.0066329117440738,0.992700324352857,1.0023892373193313,0.05930000000000035,0.012191999999999759,-1151563.0,1.010103186922137,1.00744343687552,1.0074917793362554,0.9950769113568503,0.993653480851349,0.9925829634797378,1.0068956838482566,1.0025040979877393,1.0004815493877774,0.12434285714285716,0.05595714285714288,0.022929999999999968,0.03898685714285704,0.019445428571428534,0.007290799999999968,-141240.2857142857,2442.3571428571427,-39354.6
2001-02-05,14.4103,14.4265,14.2832,14.417,5.109102,1837408.0,1.0011241958876638,0.9911799199183918,1.0004649452127992,0.012399999999999523,-0.005421999999999372,198753.0,1.0083847753891078,1.0075237365817817,1.007367049480475,0.9939372152054504,0.9941734308176552,0.9924974729549711,1.005153190380882,1.0031871013366678,1.0004507384689532,0.10795714285714274,0.05411428571428572,0.02206999999999996,0.029843571428571383,0.02249057142857147,0.007674633333333336,-222496.85714285713,-58076.42857142857,3919.5
2001-02-06,14.4189,14.4361,14.2546,14.2546,5.05155,1518480.0,1.0011928787910311,0.9886052334089285,0.9886052334089285,0.008600000000001273,-0.05755200000000027,-318928.0,1.005601774505889,1.0075078825114736,1.0067051092655093,0.9923093914067259,0.9944209103039855,0.9921646561058908,1.0005719544430771,1.0033488652674236,0.9996032742463616,0.07942857142857156,0.06565000000000001,0.02681333333333337,0.005320571428571341,0.023773857142857086,0.00530503333333332,-221550.14285714287,-128197.64285714286,-60880.96666666667
2001-02-07,14.3215,14.331,14.0826,14.0826,4.990596,2571477.0,1.0006633383374646,0.9833187864399678,0.9833187864399678,-0.09740000000000038,-0.06095399999999973,1052997.0,1.0040569943813862,1.0072337131995035,1.0061401887410493,0.9906013480340452,0.9940813439562649,0.9916086156538896,0.9966462403309374,1.002432964831812,0.998460201991985,0.023214285714285663,0.0677714285714286,0.016306666666666678,-0.011608857142857103,0.01927557142857144,7.91333333333218e-05,-569696.4285714285,8288.214285714286,-37630.5
2001-02-08,14.0635,14.1686,13.882,14.0635,4.98383,2678949.0,1.0074732463469265,0.9870942510754791,1.0,-0.2580000000000009,-0.006765999999999828,107472.0,1.0036942228854642,1.0073082580735275,1.0061639299651053,0.9890441445077804,0.9934147669946183,0.9912911075168264,0.9955023371055496,1.0021269705479774,0.9983701494927925,-0.03548571428571431,0.04913571428571422,-0.002546666666666712,-0.01837714285714284,0.015962285714285724,-0.0013536333333333298,-41827.71428571428,6452.785714285715,52096.26666666667
2001-02-09,14.0635,14.1399,13.9966,14.0921,4.993964,1940004.0,1.0054325025775945,0.9952430049418709,1.002033633163864,0.0,0.010133999999999865,-738945.0,1.003807823337367,1.0074034174273205,1.006322443364398,0.9898499355450471,0.9933884758408175,0.9916267304102708,0.9972782178888152,1.00245408841951,0.9987365198206468,-0.051857142857143046,0.03944285714285708,-0.003820000000000038,-0.009335428571428597,0.01557250000000002,0.0004843000000000153,-102661.71428571429,-116196.21428571429,3345.0666666666666
2001-02-12,14.0386,14.0635,13.9775,13.9966,4.960121,2256121.0,1.0017736811362956,0.9956477141595315,0.9970082486857664,-0.024899999999998812,-0.03384300000000007,316117.0,1.0034703935458642,1.0072766563077764,1.0060720278913826,0.9905413191852894,0.9933305206744372,0.9923023563560877,0.996260012032951,1.00211843770306,0.9994574969173382,-0.042857142857142705,0.04053571428571434,-0.0015633333333333018,-0.02031585714285709,0.012719785714285716,0.0030465333333333194,-76299.57142857143,-10539.214285714286,-4419.8
2001-02-13,14.0444,14.1686,14.0348,14.1304,5.007537999999999,1385197.0,1.0088433824157672,0.9993164535330809,1.0061234370994845,0.005799999999998917,0.047416999999999376,-870924.0,1.0037861750703918,1.0069446809962643,1.0063668073052416,0.99148648049675,0.9932816959268002,0.9922795714738569,0.9967934691444016,1.001844576496329,0.999661611487321,-0.05050000000000005,0.03692142857142855,-0.011193333333333359,-0.01528371428571429,0.011851571428571375,-0.0029507666666666785,-36208.28571428572,-88724.28571428571,46173.23333333333
2001-02-14,14.1972,14.331,14.1686,14.331,5.078626,3009775.0,1.0094243935423886,0.9979855182712083,1.0094243935423886,0.15280000000000094,0.07108800000000048,1624578.0,1.0049719175924954,1.0066783464908016,1.006078190146912,0.9924587088328668,0.9931979620191586,0.9922307241341719,0.998073390334343,1.0016132903576123,0.9995846720009706,-0.030442857142856994,0.03875714285714287,0.011846666666666708,-0.00435371428571431,0.012744928571428536,0.003860400000000001,167481.0,-27507.928571428572,63910.6
2001-02-15,14.2832,14.331,14.2259,14.331,5.078626,1768696.0,1.0033465889996638,0.9959882939397333,1.0033465889996638,0.0860000000000003,0.0,-1241079.0,1.005279590479443,1.005440682492666,1.005861730450753,0.9935134317658388,0.9929114115862824,0.9923382424700276,1.0001792982758764,1.0003756263594767,0.9995958664421573,-0.019385714285714277,0.030021428571428643,0.010000000000000024,0.0038680000000000142,0.0045942857142856775,0.0036111666666666467,35745.142857142855,-92902.5,12357.8
2001-02-16,14.3215,14.331,14.2355,14.2355,5.044783,1884376.0,1.0006633383374646,0.993995042418741,0.993995042418741,0.03829999999999956,-0.03384300000000007,115680.0,1.005279590479443,1.0046682924304147,1.005816647374874,0.9950386111913778,0.9928199796127115,0.9926993615222685,1.0017044777014155,0.9991753590161764,0.9997323777943012,0.0,0.011607142857142832,0.004460000000000027,0.007740999999999966,-0.0019339285714285686,0.0022574666666666707,-98157.28571428571,-333926.85714285716,11982.833333333334
2001-02-19,14.1399,14.1877,14.0062,14.0635,4.98383,1318767.0,1.0033805048126223,0.9905444875847778,0.9945968500484443,-0.18159999999999954,-0.06095299999999959,-565609.0,1.0046949131173997,1.0041945680014317,1.0055006651234146,0.9955315021212776,0.9922878233145289,0.9927040740403589,1.0009325991369076,0.9982174681212285,0.9992119525671677,0.010914285714285907,-0.012285714285714202,0.0034700000000000247,0.0,-0.00918857142857142,-0.0013655333333333353,-194311.7142857143,-118069.71428571429,-50878.63333333333
2001-02-20,14.0348,14.2546,14.0253,14.1772,5.024122,2214225.0,1.0156610710519565,0.9993231111237779,1.0101462079972638,-0.1051000000000002,0.040291999999999994,895458.0,1.0061561371851655,1.0049819802612663,1.0059772853086513,0.9961143744329787,0.992982154989013,0.9930204716774923,1.0020915383988218,0.9996848781438186,0.9998891201000839,-0.004099999999999834,-0.02797857142857144,-0.0019099999999999894,0.004308285714285732,-0.0025135714285714323,0.0026980000000000003,39174.42857142857,-31743.64285714286,-29903.0
2001-02-21,14.1456,14.4743,14.1208,14.4457,5.119273000000001,3417094.0,1.0232369075896393,0.9982468046601063,1.0212150774799231,0.11079999999999934,0.09515100000000043,1202869.0,1.0092223123927861,1.006346352969325,1.0067518488949725,0.9964856730759178,0.9935134961306037,0.9935326902407209,1.005549656797987,1.000904834415469,1.0011213046434422,0.015285714285714189,-0.013785714285714259,0.006559999999999988,0.02273600000000009,0.0012100714285714989,0.008464966666666681,165853.2857142857,44776.857142857145,-31010.533333333333
2001-02-22,14.3358,14.8011,14.3358,14.8011,5.24522,3828194.0,1.0324572050391327,1.0,1.0324572050391327,0.1902000000000008,0.12594699999999914,411100.0,1.0125957156246954,1.0081909453475437,1.007810447573941,0.9965833225711922,0.994034901533971,0.9939269865407939,1.0093116236465083,1.003052546395455,1.002597507778153,0.041628571428571605,-0.004435714285714225,0.020223333333333333,0.03395457142857149,0.009335428571428597,0.014581599999999995,348999.5714285714,156395.64285714287,-351.56666666666666
2001-02-23,14.7552,15.3628,14.7418,15.1144,5.356247,7110304.0,1.0411787031012796,0.9990918455866405,1.024343960095424,0.41939999999999955,0.11102699999999999,3282110.0,1.0171320455616797,1.0110519815770875,1.009113047628717,0.9967413693305395,0.9946000390817031,0.9941072745468152,1.0114429902969417,1.0047581903156424,1.0035260052005561,0.0797142857142857,0.024635714285714348,0.03802333333333336,0.039660142857142845,0.017653214285714265,0.018282499999999993,585789.8571428572,376635.4285714286,132663.46666666667
2001-02-26,15.0953,15.2768,14.8756,14.9042,5.281756,3708495.0,1.012023609997814,0.9854458010109107,0.9873404304651117,0.3400999999999996,-0.07449100000000008,-3401809.0,1.018371619989987,1.011825605234715,1.0090694554740662,0.9952352989121364,0.9943743653389875,0.993739166666401,1.0091563962205772,1.0046678472482269,1.0029825803975085,0.1160142857142856,0.04831428571428566,0.04936000000000001,0.0290185714285714,0.01644328571428571,0.014648933333333326,277114.14285714284,156429.64285714287,70134.43333333333
2001-02-27,14.8584,15.0476,14.6749,14.7132,5.21407,2536158.0,1.0127335379314057,0.9876500834544769,0.9902277499596188,-0.23690000000000033,-0.06768599999999925,-1172337.0,1.020095934217693,1.012687762348568,1.0094939067384463,0.9943288762029557,0.9946837436971669,0.9938641487685467,1.0086182115835598,1.0051613446424876,1.0029600754519024,0.0766999999999999,0.03834999999999995,0.04019000000000001,0.024183857142857233,0.0159624285714286,0.013994533333333366,93111.71428571429,-2522.785714285714,-3810.6666666666665
2001-02-28,14.6654,14.8947,14.589,14.78,5.237742,2068340.0,1.0156354412426527,0.9947904591760198,1.0078143112359703,-0.19299999999999962,0.02367199999999947,-467818.0,1.0218466394219827,1.0132707762696913,1.00996792692069,0.9949354435731331,0.9952334728472054,0.9941858133877373,1.0105064203246348,1.0057195097307712,1.0036758678804898,0.07507142857142846,0.04299285714285718,0.038853333333333316,0.036273142857142816,0.018136571428571408,0.017300866666666644,107081.85714285714,-43614.92857142857,-41496.9
2001-03-01,14.7132,15.1718,14.7132,15.1431,5.366417,2249331.0,1.0311692901612157,1.0,1.0292186607943887,0.04780000000000051,0.12867500000000032,180991.0,1.0240620992947342,1.0151091182399499,1.0108568463025622,0.995032141984022,0.9955732582085004,0.9945833895441355,1.0132310564385099,1.0076612974186658,1.0047784434890186,0.0969142857142857,0.04640714285714293,0.044683333333333346,0.048899285714285715,0.026603785714285726,0.021522633333333343,5015.142857142857,22094.785714285714,-6870.366666666667
2001-03-02,15.0571,15.2386,14.952,14.952,5.298697,1382221.0,1.012054114006017,0.9930199042312264,0.9930199042312264,0.34389999999999965,-0.06772000000000045,-867110.0,1.0224645573542168,1.0158434348735015,1.0110443294990765,0.9942854419227534,0.9953855574993357,0.9944698420672253,1.009203174545839,1.007376415671913,1.0044029762976032,0.13021428571428575,0.07274999999999997,0.056049999999999996,0.025631999999999877,0.024183999999999983,0.017944633333333324,-290696.14285714284,-62421.42857142857,-40212.96666666667
2001-03-05,14.9042,15.0667,14.9042,14.9902,5.312232,913254.0,1.0109029669489138,1.0,1.0057701855852712,-0.1529000000000007,0.013535000000000075,-468967.0,1.0193853804841855,1.0159905480544404,1.0112710860098906,0.9942854419227535,0.9954343822469728,0.9946161393640558,1.0053907431952873,1.0073511834208977,1.0046801830516985,0.08119999999999981,0.061414285714285706,0.04642999999999997,0.009573142857142867,0.021763857142857175,0.017876100000000002,-416420.0,-33710.21428571428,-88449.9
2001-03-06,14.9902,14.9998,14.8374,14.9042,5.281756,1576863.0,1.0006404184066924,0.9898066736934797,0.9942629184400474,0.0860000000000003,-0.03047600000000017,663609.0,1.0135941969563873,1.0153631212590335,1.0111741553964497,0.9929589887951592,0.9948501790628493,0.9943943922708768,1.0010934515302334,1.0062682209135876,1.004432035042498,0.03357142857142849,0.05664285714285709,0.05063666666666666,-0.010641571428571441,0.0145092857142857,0.016657066666666658,-790491.5714285715,-102350.85714285714,-27560.233333333334
2001-03-07,14.9042,14.9042,14.6845,14.7514,5.227607,2546738.0,1.0,0.9852591886850687,0.9897478563089599,-0.0860000000000003,-0.05414899999999978,969875.0,1.011876538385271,1.015124079187629,1.010724454170552,0.9929323298914674,0.9940838144018018,0.9939030318937123,1.0014373695079262,1.0052968828642517,1.0037583804530061,-0.02730000000000007,0.04435714285714276,0.045889999999999986,-0.007735571428571397,0.010641500000000002,0.012866366666666658,-165965.2857142857,55574.42857142857,-2686.633333333333
2001-03-08,14.7198,14.7323,14.4839,14.5221,5.146348000000001,2688207.0,1.0008491963206023,0.9839739670375957,0.986569110993356,-0.18440000000000012,-0.0812589999999993,141469.0,1.0101787752980136,1.015137354757853,1.0103143248272766,0.9924071704033415,0.9933680233031487,0.9933969043623592,1.00091470679846,1.00476645919101,1.0028886041699705,-0.01980000000000004,0.028449999999999927,0.03550666666666664,-0.009674571428571406,0.0072546428571429135,0.00820503333333334,21721.285714285714,57416.5,-23555.966666666667
2001-03-09,14.5221,14.5698,14.1399,14.331,5.078626,5145197.0,1.0032846489144132,0.9736814923461483,0.9868407461730742,-0.19769999999999932,-0.06772200000000073,2456990.0,1.0084143763939792,1.015130507907981,1.009734683625305,0.9893916037133598,0.9921635236432466,0.9925196207738974,0.9979184832180463,1.0042124517713407,1.001760832876621,-0.020471428571428568,0.027299999999999942,0.02197333333333334,-0.022730857142857146,0.006771142857142832,0.002143999999999983,439551.0,273316.4285714286,69195.53333333334
2001-03-12,14.2918,14.4457,14.2355,14.2737,5.058319,2741286.0,1.0107684126562084,0.9960606781511077,0.9987335395121678,-0.23029999999999973,-0.020306999999999853,-2403911.0,1.0054999653218353,1.0147810323082849,1.0097110707402124,0.9888288434492323,0.9919304927166273,0.9925458070439765,0.9935634658920147,1.0033972611652622,1.0013586580195284,-0.06020000000000003,0.018357142857142832,0.0044266666666666525,-0.04401400000000003,0.0024426428571428438,-0.0004512999999999915,70279.28571428571,37647.21428571428,-127268.86666666667
2001-03-13,14.1351,14.1877,14.0062,14.0921,4.993964,3758709.0,1.0037212329590877,0.9908808568740228,0.9969579274288828,-0.15670000000000073,-0.06435499999999994,1017423.0,1.0043095537437026,1.0133870555489597,1.0095013569449025,0.9885232652553462,0.9914043535890499,0.9923086797477996,0.994126040634537,1.001664607590188,1.0009903448479007,-0.1317142857142858,-0.0007500000000000284,-0.0058933333333333355,-0.04353328571428567,-0.008950642857142897,-0.0039502,339498.28571428574,24401.071428571428,26232.2
2001-03-14,14.1046,14.2641,14.0635,14.0826,4.990596,2450484.0,1.0113083674829488,0.9970860570310395,0.9984402251747657,-0.03049999999999997,-0.0033680000000000376,-1308225.0,1.0043674681057075,1.0118764242949465,1.0097237258805252,0.9881069876883518,0.9911962148055526,0.9925581327261341,0.9930789034330364,0.9992348233141618,1.0012849367643593,-0.11422857142857142,-0.016514285714285797,-0.01073000000000004,-0.045947999999999975,-0.018187428571428552,-0.0022905333333333405,219604.2857142857,-98407.85714285714,-6938.4
2001-03-15,13.9164,13.9488,13.7578,13.8533,4.909338,3863406.0,1.0023281883245667,0.9886033744359174,0.9954657813802421,-0.18820000000000014,-0.08125800000000005,1412922.0,1.0046085780939753,1.0091013875251813,1.0096634758354501,0.9879350877944143,0.9904470382947866,0.9924846442514035,0.9932507409959213,0.9971720962630773,1.0009959398211403,-0.15340000000000004,-0.059914285714285774,-0.014073333333333337,-0.053202571428571384,-0.03192207142857141,-0.0064331333333333225,326649.0,-231921.2857142857,35772.933333333334
2001-03-16,13.881,13.9966,13.7769,13.7769,4.882264,2450982.0,1.0083279302643902,0.9925005403068943,0.9925005403068943,-0.03539999999999921,-0.02707399999999982,-1412424.0,1.0057982824174594,1.0088374104013653,1.009719976452794,0.9889695665975322,0.9909509482444998,0.9924779847832048,0.9936439815670547,0.9975406755374905,1.0006663165873924,-0.14617142857142845,-0.08673571428571426,-0.01722999999999999,-0.049334714285714246,-0.02853514285714282,-0.007741999999999975,-13679.42857142857,-89822.35714285714,27077.566666666666
2001-03-19,13.7396,13.796,13.6431,13.6622,4.841616,3318485.0,1.0041049229963026,0.9929765058662553,0.9943666482284783,-0.14140000000000086,-0.04064800000000002,867503.0,1.006263386228274,1.0082210807631438,1.0098193340230819,0.990255643573055,0.9913314069881982,0.992537870981467,0.9947579154577865,0.9978363111281233,1.0004630400212482,-0.14002857142857142,-0.07991428571428573,-0.02235666666666667,-0.04353314285714292,-0.02660385714285716,-0.008916199999999996,90039.71428571429,55880.5,49369.23333333333
2001-03-20,13.7176,13.9202,13.6909,13.8246,4.899166,3349601.0,1.0147693474077097,0.9980535953811163,1.0078001982854143,-0.02200000000000024,0.05754999999999999,31116.0,1.007904057441602,1.0081592169177906,1.0102718829769712,0.9937373725780505,0.991564488145705,0.9928528163805398,0.9977521229024064,0.9978353030602264,1.0011028721837978,-0.11492857142857156,-0.06770000000000007,-0.02337666666666672,-0.02563714285714282,-0.024183999999999983,-0.0050794666666666545,-256513.7142857143,91518.64285714286,61037.36666666667
2001-03-21,13.6431,13.8342,13.6145,13.8275,4.900197,3294012.0,1.0140070805022319,0.9979037022377611,1.0135159897677215,-0.07449999999999868,0.0010310000000002262,-55589.0,1.0083667242767482,1.0069333447992916,1.0107166743824636,0.9940006617332867,0.9914147525912594,0.9933389802404663,0.9998639015103427,0.9967136837011787,1.0021094456280564,-0.09267142857142854,-0.07643571428571429,-0.02261333333333333,-0.022588857142857095,-0.03330142857142856,-0.003013299999999989,78960.85714285714,74620.07142857143,24084.5
2001-03-22,13.752,13.752,13.2227,13.2418,4.692635,6760465.0,1.0,0.9615110529377544,0.9628999418266433,0.10890000000000022,-0.20756200000000025,3466453.0,1.007835119568307,1.0060723366560047,1.0104675661708993,0.9898049754566769,0.9891641203560114,0.9924862069692089,0.9949984749957371,0.9945622578151371,1.0008727770222776,-0.05472857142857127,-0.09322142857142854,-0.010383333333333293,-0.043046999999999995,-0.04329014285714283,-0.009706500000000003,428822.28571428574,384160.28571428574,136050.53333333333
2001-03-23,13.1272,13.1845,12.8406,12.8406,4.550457,4958818.0,1.0043649826314827,0.9781674690718508,0.9781674690718508,-0.6248000000000005,-0.14217800000000036,-1801647.0,1.006843207446669,1.0056053377761882,1.0104319821726955,0.9871023200339356,0.9876046538611438,0.9919170224402081,0.9921023669810349,0.9925906352070355,1.0000772382192107,-0.13962857142857135,-0.12692857142857136,-0.031209999999999974,-0.06287700000000004,-0.05441250000000001,-0.014783566666666676,358333.4285714286,288968.85714285716,100627.13333333333
2001-03-26,12.8979,13.089,12.8501,13.0412,4.621544999999999,4038096.0,1.0148163654548414,0.9962939703362562,1.0111103357910978,-0.22930000000000028,0.0710879999999996,-920722.0,1.008627232750994,1.0066179054224846,1.010866738316647,0.9882009765911269,0.9880680321927706,0.9919385643127655,0.9943373033254429,0.9937940221606821,1.0005473077893885,-0.14549999999999993,-0.14945,-0.03802333333333336,-0.041113285714285804,-0.047157928571428594,-0.01128586666666669,24955.714285714286,175802.35714285713,59399.166666666664
2001-03-27,13.1559,13.1845,12.9648,13.0317,4.6181790000000005,3832857.0,1.0021739295677223,0.9854741978883998,0.9905593688003101,0.2580000000000009,-0.00336599999999887,-205239.0,1.0077480897943272,1.0067731861058935,1.0106444232217122,0.9871972133884849,0.9880833899930085,0.9914771557912763,0.9940599931102166,0.9938519873386357,1.0000285055127491,-0.1035857142857142,-0.12487857142857132,-0.029616666666666625,-0.03772642857142853,-0.043530571428571384,-0.012978633333333297,197410.7142857143,91865.64285714286,81588.66666666667
2001-03-28,13.0412,13.1654,12.9266,13.0221,4.614776999999999,3852131.0,1.009523663466552,0.9912124651105727,0.9985354108517621,-0.11470000000000091,-0.0034020000000012374,19274.0,1.0085221955757915,1.0073927909020328,1.0106477322191842,0.9869452075662445,0.9886004255696498,0.9912513873525884,0.9946555306278286,0.9947067230428076,0.9996655394230616,-0.0997714285714285,-0.11989999999999996,-0.03853333333333335,-0.032405571428571554,-0.03796935714285724,-0.015461633333333355,76235.14285714286,83137.42857142857,28078.533333333333
2001-03-29,12.9934,13.3584,12.9648,13.3584,4.733955,2917471.0,1.0280911847553373,0.9977988825095818,1.0280911847553373,-0.04780000000000051,0.11917800000000067,-934660.0,1.0104253151968812,1.0091646863192414,1.0114725520777068,0.9869088200131682,0.9903230962956092,0.9913117403049166,0.9975542429806747,0.9976531829415407,1.0004903592815841,-0.10345714285714282,-0.10919285714285719,-0.042993333333333376,-0.02360157142857146,-0.02461935714285714,-0.011489033333333332,-61732.857142857145,-159123.2857142857,38292.5
2001-03-30,13.3756,13.6145,13.1368,13.1654,4.66556,8263607.0,1.0178608810072072,0.9821465952929214,0.9842848171296988,0.382200000000001,-0.06839499999999976,5346136.0,1.0109758581261632,1.0096712912014556,1.0120458035000315,0.9846578047353338,0.9893292332343103,0.9909167920673894,0.9933783611752428,0.9966211313427928,1.0001666851052826,-0.03821428571428572,-0.06544285714285714,-0.031529999999999996,-0.03351957142857146,-0.028054214285714276,-0.012640766666666655,709942.1428571428,394451.5,212641.03333333333
2001-04-02,13.2294,13.2705,13.175,13.2323,4.689267,3243500.0,1.0031067168579073,0.9958879465433051,1.0002192087320665,-0.14620000000000033,0.023706999999999923,-5020107.0,1.01141967482015,1.0096273971942284,1.0120366772348743,0.9895687895361268,0.9896868824964018,0.9910949073660069,0.9987096850188749,0.9968540800073059,1.0003540970614033,-0.07465714285714295,-0.06469285714285711,-0.030350000000000026,-0.00048114285714286254,-0.021764071428571428,-0.009818766666666671,-502423.5714285714,-36800.642857142855,64157.76666666667
2001-04-03,13.1845,13.624,13.1845,13.538,4.797601,5021316.0,1.0333345974439683,1.0,1.0268117865675603,-0.04490000000000016,0.10833400000000015,1777816.0,1.0155581912219338,1.0112006993343015,1.0126257947812747,0.9926877225258625,0.989895021279899,0.9911174703285476,1.0056588732325475,0.9988806201067914,1.0009096163470799,0.00818571428571424,-0.06572142857142856,-0.028343333333333356,0.03530628571428578,-0.013785357142857129,-0.007550699999999999,8928.285714285714,183630.85714285713,93569.7
2001-04-04,13.4711,13.7387,13.452,13.6154,4.82503,2390488.0,1.0198647474964926,0.9985821499357884,1.0107118201186243,0.28659999999999997,0.027428999999999704,-2630828.0,1.0162793886564552,1.0124533107037246,1.0125133894448366,0.9930146053257956,0.9906077909584613,0.9911286485044037,1.0056019424221943,0.9999696228738185,1.00055950776837,0.08188571428571427,-0.031807142857142826,-0.022483333333333338,0.029069285714285797,-0.006022000000000004,-0.009808100000000023,-235372.57142857142,-105208.42857142857,-34220.2
2001-04-05,13.6145,13.8629,13.6145,13.8151,4.8958,6373829.0,1.0182452532226671,1.0,1.0147342906460024,0.14339999999999975,0.07077000000000044,3983341.0,1.0185752920357332,1.0131616909150303,1.0120396577176212,0.9950897199131671,0.9911434666508259,0.9911286485044037,1.0090555026858645,1.0015577478980406,0.9999687439552657,0.06551428571428554,-0.01903571428571433,-0.02404333333333337,0.039660142857142845,0.0009668571428571582,-0.011647333333333313,362996.0,280203.35714285716,84854.5
2001-04-06,14.0377,14.0444,13.624,13.6431,4.834848,4214569.0,1.0004772861651126,0.9705293602228287,0.9718899819771046,0.4231999999999996,-0.06095200000000034,-2159260.0,1.017282952421242,1.0129025739985165,1.0106829438197489,0.9921349906434893,0.989540099104867,0.9901765656589434,1.0052490128466276,0.9999522717372281,0.9982202780179883,0.14235714285714277,0.02129285714285713,-0.023916666666666704,0.031438714285714396,-0.0004834285714285791,-0.017379966666666656,51776.857142857145,64006.0,-96524.5
2001-04-09,13.6059,13.6059,13.261,13.3947,4.746819,3690667.0,1.0,0.9746507030038438,0.9844773223381034,-0.4317999999999991,-0.08802899999999969,-523902.0,1.0132699260276221,1.0118476206122515,1.0102821568198217,0.9888281078569553,0.9878684639350618,0.9898167290587078,0.9990184610727372,0.9982863520267059,0.9981248410804214,0.0875000000000001,-0.00797857142857136,-0.04964666666666666,0.0018377142857143472,-0.010881928571428556,-0.01783123333333331,110456.57142857143,24361.85714285714,-594.2666666666667
2001-04-10,13.4234,13.4425,13.2227,13.2227,4.685865,3895998.0,1.0014228883889327,0.9850484974000625,0.9850484974000625,-0.18249999999999922,-0.06095400000000062,205331.0,1.0109216413678686,1.010948749747016,1.0099051351684059,0.9892426653008327,0.9869502350180833,0.9897300095235606,0.9991275582542177,0.9962529597147304,0.9979521993284362,0.0068285714285715015,-0.015692857142857113,-0.04783333333333329,0.002900714285714225,-0.015309428571428616,-0.017606833333333356,-623944.1428571428,42999.0,45328.0
2001-04-11,13.3651,13.366,13.0097,13.0097,4.610382,4440038.0,1.00006733956349,0.973408354595177,0.973408354595177,-0.05830000000000091,-0.0754829999999993,544040.0,1.0104874446115233,1.0109535597158368,1.009386198445767,0.9860312950225286,0.9878000422793277,0.9890172727041993,0.9952974362346622,0.9970035606267684,0.9968053341070764,0.019385714285714277,-0.027635714285714336,-0.04334333333333333,-0.011269285714285664,-0.005875214285714263,-0.020911999999999983,170934.0,-165744.7857142857,79056.6
2001-04-12,13.0412,13.1845,12.8406,13.0947,4.640505,6319096.0,1.01098825261479,0.9846179799404963,1.0041023832162683,-0.3239000000000001,0.030122999999999678,1879058.0,1.0072951096359264,1.01142665042893,1.0087134971942195,0.9838338635854565,0.9882607930556595,0.9885045387022158,0.9920532357559061,0.9988560544942269,0.9959681248544724,-0.020471428571428568,-0.006142857142857164,-0.05573333333333335,-0.02244228571428573,0.006432000000000025,-0.02419706666666667,185397.14285714287,97162.71428571429,135658.83333333334
2001-04-13,13.7062,13.7062,13.7062,13.7062,4.857207,0.0,1.0,1.0,1.0,0.6650000000000009,0.21670199999999973,-6319096.0,1.004457288564999,1.0103683386107272,1.008311693394019,0.9840364135946297,0.9885255094602127,0.9887372085611748,0.9905229757389596,0.998062459080577,0.9962007947134315,0.03358571428571443,0.05773571428571435,-0.04502999999999998,0.004596714285714272,0.016833000000000035,-0.014716333333333331,-341498.28571428574,-288435.4285714286,-46074.03333333333
2001-04-16,13.7062,13.7062,13.7062,13.7062,4.857207,0.0,1.0,1.0,1.0,0.0,0.0,0.0,1.0018508238189037,1.0102130579273183,1.0079482611623887,0.9840364135946297,0.9895630667538985,0.9887372085611748,0.9884180770752451,0.9987367898805548,0.9960084551939226,0.013100000000000176,0.03930714285714286,-0.039933333333333286,-0.005513285714285792,0.017073428571428524,-0.0151675,-910547.0,-273775.5,-30441.8
2001-04-17,13.0412,13.0985,12.9457,12.9934,4.604606,3705816.0,1.0043937674447136,0.9926770542588106,0.9963346931263993,-0.6650000000000009,-0.2526009999999994,3705816.0,1.0024103211445607,1.0098466367829013,1.0080733727969893,0.9872003698854844,0.9896676802644869,0.9888328879133524,0.9919101786680015,0.9985795957573147,0.9960775143501341,-0.14235714285714277,0.0,-0.06496666666666666,-0.03289171428571423,-0.0007264999999999157,-0.022571666666666643,-72679.0,-10451.07142857143,70965.1
2001-04-18,13.089,13.089,12.8597,12.9361,4.584301,7784718.0,1.0,0.9824814729925891,0.9883184353273741,0.04780000000000051,-0.02030500000000046,4078902.0,1.002410321144561,1.0078401235860917,1.0080733727969893,0.988319051312448,0.9885735795847017,0.9887402973902699,0.9924589090950402,0.9957386850838887,0.9960298669840812,-0.0738428571428571,0.0068285714285715015,-0.06050666666666663,-0.0232168571428572,-0.010689571428571425,-0.02144353333333333,584864.4285714285,347660.5,174599.33333333334
2001-04-19,13.1186,13.2514,13.089,13.1845,4.672329,5388220.0,1.0101230314210357,0.9977436616712149,1.0050234018873965,0.029600000000000293,0.08802800000000044,-2396498.0,1.0036531987205757,1.0072874200442221,1.0083825006336704,0.9901326462083269,0.9896876557545797,0.9891992872113905,0.9953124668789451,0.9972200125665813,0.9966450100138827,-0.04354285714285717,-0.018357142857142832,-0.05337333333333329,-0.0019337142857141895,0.00048350000000001766,-0.015800633333333338,213174.57142857142,-205384.7857142857,90000.43333333333
2001-04-20,13.3192,13.3192,13.1368,13.1845,4.672329,5100844.0,1.0,0.9863054838128416,0.989886779986786,0.20059999999999967,0.0,-287376.0,1.0036435787829343,1.007065511697229,1.0082730123365233,0.9919750932394218,0.9890031941309753,0.989620086926947,0.9976665276491749,0.9964819819419185,0.9967465444743396,-0.006557142857142801,0.006414285714285738,-0.040096666666666655,0.008849571428571425,-0.0012098571428571197,-0.013543233333333316,94400.85714285714,132667.42857142858,-1478.4333333333334
2001-04-23,13.1654,13.2514,13.1081,13.2323,4.689267,2723890.0,1.0065322739909155,0.9956476825618668,1.0050815015115377,-0.15380000000000038,0.016937999999999676,-2376954.0,1.0030070104080948,1.0051510600220108,1.0081318077143469,0.9935507650424747,0.9886923143139656,0.9896063204073057,0.9978064016913563,0.9949298187236312,0.9969581432076521,0.017742857142857154,-0.0013642857142857068,-0.03754666666666668,0.006965999999999996,-0.007738142857142868,-0.012301733333333332,-513600.85714285716,-164101.85714285713,-579.8666666666667
2001-04-24,13.2266,13.4043,13.2227,13.325,4.722119,2939066.0,1.0134350475556833,0.9997051396428409,1.0074395536267824,0.06119999999999948,0.0328520000000001,215176.0,1.0049263029160496,1.0046917957405244,1.0084556015342334,0.9935086421343092,0.9887725278644695,0.9899004631662662,0.9988691950666109,0.9946960854027853,0.997307530747582,-0.0685142857142859,-0.01746428571428574,-0.030283333333333336,-0.019298285714285664,-0.007350785714285697,-0.009061499999999997,419866.5714285714,39184.142857142855,-27321.433333333334
2001-04-25,13.9472,13.9472,13.9472,13.9472,4.942613,0.0,1.0,1.0,1.0,0.720600000000001,0.22049399999999952,-2939066.0,1.0049263029160496,1.0033885633674766,1.0080786559514685,0.9935086421343092,0.9887725278644695,0.989997594598565,0.9988691950666109,0.993643636070928,0.9973595232417566,0.03442857142857138,0.023764285714285776,-0.0052466666666666365,0.012200857142857124,0.0033437857142856664,-0.0015994333333333444,0.0,-455273.5,-81682.8
2001-04-26,13.3756,13.4234,13.2801,13.3851,4.743415,6721720.0,1.0035736714614671,0.9928601333771943,1.0007102485122161,-0.5716000000000001,-0.199198,6721720.0,1.0048091463470146,1.0036097337457879,1.0081201720560318,0.9935347962940781,0.9903675830897812,0.9901394865632741,0.9994942744074419,0.9957022265377217,0.9975343388128224,0.04777142857142864,-0.04729285714285706,-0.018026666666666635,0.01982985714285704,-0.006530928571428595,-0.005530766666666675,430843.4285714286,179082.2142857143,95277.13333333333
2001-04-27,13.4358,13.4902,13.2992,13.4234,4.756989,11084684.0,1.0040488843239703,0.9898331323776776,0.999077092543801,0.06020000000000003,0.013574000000000197,4362964.0,1.005387558393296,1.0038989397689284,1.007977537191351,0.9945850333490908,0.9914520423307694,0.9900505729656336,1.00103122543836,0.9967450672667001,0.9977535572207192,0.049542857142857145,-0.012149999999999979,-0.014839999999999994,0.024669714285714277,0.0007264285714285405,-0.004175833333333341,471423.71428571426,528144.0714285715,287790.06666666665
2001-04-30,13.4329,13.4902,13.3756,13.3851,4.743415,4347274.0,1.0042656462863566,0.9957343537136434,0.9964415725569311,-0.0029000000000003467,-0.013574000000000197,-6737410.0,1.0045507890883418,1.0041019939044586,1.007982894634353,0.994297989355152,0.9922153177817394,0.9901425012272131,0.9998052498197222,0.9975588583493336,0.997822721365001,0.044899999999999905,0.0006785714285713697,-0.01022333333333331,0.01015514285714276,0.004110714285714285,-0.003273366666666681,-148706.57142857142,32234.0,34292.96666666667
2001-05-01,13.4138,13.4234,13.2514,13.3756,4.74005,3080996.0,1.0007156808659738,0.9878930653506091,0.9971521865541457,-0.019099999999999895,-0.0033649999999996183,-1266278.0,1.0046530292120524,1.0041483039974932,1.0075144390829618,0.9945247867176902,0.993249939978556,0.9898038168928629,1.0008431650436305,0.9992548463464027,0.9974677876406254,0.013514285714285685,0.003478571428571442,-0.010126666666666633,0.009674428571428528,0.009261999999999977,-0.005303866666666668,-288549.71428571426,-97074.42857142857,-8953.5
2001-05-02,13.4234,13.4425,13.3565,13.4043,4.750222,2715577.0,1.0014228883889327,0.9950161658000208,0.9985771116110671,0.009600000000000719,0.010171999999999848,-365419.0,1.0039231169831977,1.0034650636956464,1.0070949660125186,0.9944345700374265,0.9939926675399506,0.9897075656782716,0.9999139664864204,0.9988601840888884,0.9969698250354035,0.036857142857142984,0.02730000000000007,-0.007323333333333319,0.008707857142857125,0.00783692857142856,-0.00499916666666668,-1187.5714285714287,-257394.2142857143,-19281.166666666668
2001-05-03,13.4711,13.6909,13.3278,13.6813,4.848383999999999,3779020.0,1.016316410686581,0.9893624128690307,1.0156037740050925,0.047699999999998965,0.09816199999999942,1063443.0,1.0043347402876117,1.0046305216018308,1.0076388463687378,0.9929570376411679,0.9932328398877386,0.9906359443426475,1.001080283683322,0.9999747393749664,0.9987266194413519,0.03492857142857148,-0.016792857142857213,-0.00936333333333336,0.018037857142857026,-0.0006302142857143192,0.005191633333333308,119993.42857142857,269930.0,-99381.5
2001-05-04,13.5724,13.7482,13.5667,13.6737,4.845691,4906918.0,1.0129527570658101,0.9995800300610063,1.007463676284224,0.10130000000000017,-0.0026929999999989462,1127898.0,1.0061851341541561,1.005555718535103,1.0079251055165488,0.9928970419355974,0.9932028420349532,0.9913496963756194,1.0021465231524969,1.0005078591095538,0.9997031596817643,-0.05354285714285721,-0.009557142857142915,0.014839999999999994,-0.013845999999999898,-0.0008225714285713868,0.009841133333333356,700988.2857142857,350494.14285714284,-1730.0
2001-05-07,13.7578,13.8342,13.7578,13.796,4.889031,4309848.0,1.0055532134498248,1.0,1.0027766067249124,0.18539999999999957,0.04333999999999971,-597070.0,1.0064679258667784,1.0056385361068965,1.0076163337830482,0.9939170228817125,0.9937259095878953,0.9914732306977442,1.0024417171828819,1.0009679957951618,0.9994253687128916,0.054599999999999885,0.051185714285714265,0.028663333333333322,0.020802285714285773,0.02031607142857141,0.008916200000000025,-344553.14285714284,43145.142857142855,9058.4
2001-05-08,13.796,13.796,13.5667,13.6049,4.821311,3625787.0,1.0,0.9833792403595246,0.9861481588866339,0.03819999999999979,-0.06772000000000045,-684061.0,1.005889513820497,1.0056385361068965,1.007543869464124,0.9929950383076908,0.9937900358283908,0.9914033987801149,1.0005947266604296,1.0008129760493947,0.9992783283824356,0.05145714285714271,0.05049999999999993,0.02133666666666662,0.00918885714285711,0.016929285714285695,0.00677106666666664,-1065556.7142857143,-297066.5,-6902.333333333333
2001-05-09,13.538,13.6145,13.4807,13.5667,4.807772,3919611.0,1.0056507608213916,0.9957674693455459,1.0021199586349534,-0.2579999999999991,-0.013538999999999746,293824.0,1.006087387325502,1.0053190882069218,1.0074147727092855,0.9929997691122482,0.9936488792337002,0.9915552322546141,1.0014059246715756,1.000605587245649,0.9993978133085419,0.015014285714285742,0.029957142857142825,0.016560000000000012,0.009193857142857174,0.009674499999999966,0.0064331666666666894,-61094.71428571428,-104900.64285714286,2249.3333333333335
2001-05-10,13.6336,13.796,13.624,13.7769,4.882264,3940233.0,1.0119117474474826,0.9992958572937449,1.0105107968548293,0.09559999999999924,0.07449200000000022,20622.0,1.0076868254085747,1.0061699273103135,1.006875458132357,0.9946287393898391,0.9945767630537646,0.9916051314140862,1.0033142975716733,1.002078731307652,0.998811800378525,0.03139999999999991,0.022457142857142794,0.021340000000000005,0.020316285714285724,0.014995357142857126,0.004943633333333341,122748.14285714286,-82900.78571428571,34092.066666666666
2001-05-11,13.6145,13.8246,13.5189,13.8151,5.015948000000001,8945132.0,1.0154320760953395,0.9929780748466709,1.0147342906460024,-0.019099999999999895,0.13368400000000058,5004899.0,1.0096881379380613,1.0068056274606294,1.006794497968628,0.9943375835393605,0.9943860767883936,0.9919661807325445,1.0056224660052355,1.0027682162458278,0.9998267828290683,0.027299999999999817,0.0320785714285714,0.007963333333333307,0.037960857142857254,0.02333435714285719,0.01167960000000002,889936.4285714285,444374.4285714286,22717.5
2001-05-14,13.7578,14.0062,13.7578,13.9297,5.057557,5018089.0,1.0180552123159226,1.0,1.012494730262106,0.14329999999999998,0.04160899999999934,-3927043.0,1.0099365381708245,1.0071356392292181,1.0072927811505619,0.9958572388437847,0.9944071382424763,0.9921032491811009,1.0051783168990946,1.003129300291208,1.0002359668800698,0.04095714285714282,0.03794285714285715,0.017613333333333318,0.029881857142857245,0.023959857142857137,0.012276333333333334,177009.85714285713,148501.64285714287,59152.96666666667
2001-05-15,13.8705,14.2259,13.8705,14.2259,5.1651,4493661.0,1.0256227244872211,1.0,1.0256227244872211,0.11270000000000024,0.10754299999999972,-524428.0,1.0117465335167404,1.0089658338354481,1.0070357187186703,0.9959172345493553,0.9944071382424763,0.9921032491811009,1.0077724666423797,1.0049594948974383,1.0001963314773918,0.04258571428571426,-0.005478571428571476,0.022866666666666664,0.045629857142857055,0.015891928571428578,0.012249966666666652,-59036.71428571428,320975.78571428574,-17588.5
2001-05-16,14.1972,14.2163,14.0444,14.1208,5.126942,5195256.0,1.0013453356999973,0.9892373144000225,0.9946186572000112,0.32670000000000066,-0.038158000000000136,701595.0,1.0111454081239077,1.008806666995343,1.0064184049921203,0.9943797080350727,0.9941483654583926,0.9917917546632421,1.0066070452816798,1.0045243812322808,0.9996598927134381,0.0627714285714287,0.05868571428571429,0.024203333333333354,0.03398728571428565,0.027394785714285712,0.010063733333333325,126486.85714285714,-109033.14285714286,93492.26666666666
2001-05-17,14.2355,14.3597,14.2068,14.245,5.172035,4398428.0,1.0087246672052264,0.9979839134557971,1.0006673457202064,0.03829999999999956,0.045093000000000494,-796828.0,1.012391789153226,1.0091406514868615,1.0061010521248723,0.9964660899059687,0.9947305641068297,0.9917245517784353,1.0086812148293327,1.0046379707448811,0.9991909945492449,0.06278571428571438,0.057121428571428545,0.020700000000000014,0.05010342857142864,0.029646142857142874,0.009207833333333327,110377.28571428571,-477589.71428571426,-65846.7
2001-05-18,14.2832,14.331,14.0921,14.1581,5.140484,3538432.0,1.0033465889996638,0.9866206452335611,0.9912414584966953,0.04770000000000074,-0.03155100000000033,-859996.0,1.0120626217501218,1.0090750045378118,1.0061966955526909,0.9951594007471138,0.994079584929681,0.9922609279454596,1.0071271433810103,1.004266534026293,0.9998360437665645,0.10645714285714293,0.06073571428571434,0.008183333333333386,0.0475302857142857,0.028362071428571438,0.01018786666666666,-54454.142857142855,-57774.42857142857,-22537.9
2001-05-21,14.2737,14.5221,14.1877,14.503,5.265708999999999,4151118.0,1.0174026356165535,0.9939749329185845,1.016064510253123,-0.009500000000000952,0.12522499999999948,612686.0,1.0128470343457034,1.010266929877139,1.006776783406576,0.9943992686935194,0.9945140040416793,0.9929050689426178,1.007920531009338,1.0056174142905057,1.0008889500303986,0.09144285714285719,0.06142142857142855,0.02225999999999999,0.054777857142857024,0.037547071428571374,0.0172963333333333,30126.428571428572,76437.28571428571,15348.366666666667
2001-05-22,14.5316,14.6463,14.4743,14.4858,5.2594650000000005,2641517.0,1.007893143218916,0.9960568691678824,0.9968482479561783,0.25789999999999935,-0.006243999999998806,-1509601.0,1.0117700439347856,1.0107290909364237,1.0069924585675751,0.9948390964536925,0.9945883399965265,0.9932720146682118,1.0053653820536488,1.005493924029442,1.0012822750489356,0.13101428571428567,0.07915714285714273,0.036939999999999945,0.03478814285714282,0.03637450000000004,0.019120000000000026,-900516.4285714285,-5290.0,-41816.03333333333
2001-05-23,14.4046,14.5221,14.2832,14.3339,5.204315,3486856.0,1.008157116476681,0.991572136678561,0.995091845660414,-0.1269999999999989,-0.055150000000000254,845339.0,1.0103560302434655,1.010146284207145,1.007262117798015,0.9936351159792013,0.994746177411493,0.9938774740709913,1.0028792556819786,1.0040287862905364,1.0020050580844435,0.09240000000000011,0.06667857142857146,0.03465000000000001,0.020965428571428597,0.02542364285714292,0.01979776666666666,-218747.57142857142,-20868.85714285714,-31772.733333333334
2001-05-24,14.2355,14.5221,14.2163,14.5221,5.272643,3349711.0,1.020132766674862,0.9986512591760037,1.020132766674862,-0.16910000000000025,0.06832800000000017,-137145.0,1.0095717505559858,1.010659142036363,1.0075669349333507,0.9934424387186302,0.9946798366339928,0.9943452500455082,1.0020949759944986,1.0049337213184393,1.00253940419973,0.05214285714285717,0.04736428571428571,0.039810000000000005,0.015363285714285801,0.03049657142857143,0.02107126666666668,-163421.42857142858,-111229.07142857143,-98979.5
2001-05-25,14.5221,14.6654,14.4743,14.6367,5.314252,5146318.0,1.0098677188560883,0.9967084650291624,1.0078914206623009,0.28659999999999997,0.04160899999999934,1796607.0,1.0107892338639988,1.0109673209939534,1.0078958588952203,0.9945097459513645,0.9944447269932187,0.9942355322131469,1.0039910850605398,1.0052990651711098,1.0028024515551401,0.046414285714285644,0.05459285714285717,0.02719666666666664,0.02675857142857144,0.030372928571428544,0.015234833333333331,-6991.142857142857,59747.857142857145,171543.93333333332
2001-05-28,14.609,14.7132,14.5316,14.5871,5.296244000000001,1505449.0,1.0071325894996235,0.9947018960914504,0.998500924087891,0.08689999999999998,-0.018007999999999136,-3640869.0,1.0105617941917697,1.0114767916724978,1.0081336118785411,0.9940408863278866,0.9952534881169276,0.9940589287495285,1.0036815962559236,1.0061814055426281,1.0027524823580698,0.053357142857142846,0.058071428571428614,0.030093333333333305,0.017744142857142924,0.03392378571428578,0.014634566666666692,-413282.71428571426,-151452.7142857143,50181.63333333333
2001-05-29,14.5307,14.6081,14.4839,14.503,5.265708999999999,1736992.0,1.005326653223864,0.9967792329344078,0.9980936912881004,-0.07830000000000048,-0.03053500000000131,231543.0,1.0108446605095127,1.0114536411298174,1.0081647080711795,0.9954921131422932,0.9953257569447035,0.9941956680387152,1.0046604866546958,1.005893815017853,1.0028111156301265,0.03535714285714268,0.07090714285714281,0.049649999999999986,0.01788928571428564,0.03270978571428567,0.02203676666666663,-257348.57142857142,-155901.35714285713,-65627.46666666666
2001-05-30,14.503,14.6749,14.4648,14.6558,5.321187,2518305.0,1.0118527201268703,0.9973660621940288,1.0105357512238846,-0.027699999999999392,0.055478000000000804,781313.0,1.010051815439558,1.0114494248926307,1.0085597987420751,0.9959765601816423,0.995187914437581,0.9946918210120965,1.003870663936233,1.0058955974727855,1.003551692826677,0.032757142857142894,0.062100000000000044,0.047133333333333326,0.007925428571428686,0.031351642857142856,0.024562866666666672,-233259.0,-101566.28571428571,-175547.1
2001-05-31,14.5507,14.6749,14.5507,14.589,5.296935,4419412.0,1.0085356718233487,1.0,1.0026321757716123,0.04770000000000074,-0.024251999999999718,1901107.0,1.010143605240191,1.0109568245874885,1.0085068867554854,0.9965398645862306,0.9956894805199615,0.9947670322897226,1.0046969393384377,1.0050311606960434,1.003471985289484,0.0027285714285716673,0.06687142857142866,0.04773666666666667,0.005352857142857127,0.020070499999999974,0.0208202,253985.0,-323265.71428571426,-32293.6
2001-06-01,14.6081,14.8087,14.6081,14.7132,5.342028,3680854.0,1.0137321075293844,1.0,1.0071946385909187,0.05739999999999945,0.045092999999999606,-738558.0,1.0109400325334346,1.01064803138845,1.0089646236731318,0.9977438450607219,0.9956894805199615,0.9952235161626279,1.0064259097570816,1.00465258271953,1.0040489139096218,0.029071428571428574,0.06073571428571434,0.04296333333333333,0.019673285714285678,0.020319357142857136,0.022323299999999987,27714.0,-95516.78571428571,-47333.0
2001-06-04,14.8087,15.1144,14.7609,15.0342,5.458575,3309650.0,1.020643270509903,0.9967721677122232,1.0152275351651394,0.20059999999999967,0.11654699999999973,-371204.0,1.0110129616527261,1.010292356104356,1.0094349902237647,0.997475403423039,0.9954589210708347,0.9952609990009731,1.0057251623985497,1.0039100691965241,1.0043871150314085,0.08188571428571427,0.06701428571428572,0.05477666666666667,0.02656171428571419,0.020962499999999995,0.02564359999999999,-5723.0,-84572.21428571429,19525.333333333332
2001-06-05,15.0476,15.0476,14.866,14.8851,5.404442,3142849.0,1.0,0.987931630293203,0.989200935697387,0.23889999999999922,-0.05413299999999932,-166801.0,1.0096032875304277,1.0101962606972132,1.0089871553052419,0.9962215698893305,0.9953656579203475,0.9948685486893185,1.0030550931178477,1.0035230890891937,1.0037791611004288,0.07507142857142846,0.06074285714285705,0.06069999999999999,0.012884285714285808,0.019821428571428625,0.022744100000000007,-286209.85714285716,-146600.5,6792.766666666666
2001-06-06,14.9683,15.038,14.8756,14.952,5.428731,2765881.0,1.0046565074190121,0.9938069119405678,0.9989110319809197,-0.07929999999999993,0.02428899999999956,-376968.0,1.0092495615189117,1.0099056778553408,1.0091423722192088,0.996093715010633,0.9950673006692597,0.9946621124206707,1.003113679959709,1.0033976381078162,1.0037428621664592,0.05132857142857133,0.05234285714285709,0.034036666666666625,0.018926714285714193,0.018335428571428558,0.016203933333333344,180061.7142857143,-116610.5,92196.03333333334
2001-06-07,14.952,15.5635,14.9138,15.4211,5.59905,7494622.0,1.0408975387907973,0.9974451578384163,1.0313737292669876,-0.016299999999999315,0.1703190000000001,4728741.0,1.0143311165999023,1.0125878885547075,1.0103865011301865,0.996188847139777,0.9958404801410351,0.9948149465693782,1.00786797109955,1.0062642288771229,1.0047649781916184,0.06018571428571435,0.04777142857142851,0.05254666666666665,0.047620142857142965,0.032754714285714304,0.028521166666666677,822518.5714285715,282585.0,25763.4
2001-06-08,15.339,15.4488,15.0953,15.1909,5.51547,3158671.0,1.007158224134559,0.9841123932459743,0.9903448725471021,0.38700000000000045,-0.08358000000000043,-4335951.0,1.0136604743152862,1.0118561448774221,1.0104901457905395,0.9942954658614835,0.995136013021563,0.9946242552649881,1.0049835598600096,1.0044271118981212,1.0044739041917283,0.11942857142857147,0.07609285714285718,0.06344,0.02775471428571422,0.01784007142857145,0.02528269999999999,91480.85714285714,-70889.07142857143,-264200.43333333335
2001-06-11,15.9003,15.9003,15.9003,15.9003,5.773036,0.0,1.0,1.0,1.0,0.5612999999999992,0.25756600000000063,-3158671.0,1.0124410926262366,1.0112923489332137,1.0103479575809944,0.9942954658614835,0.9954176652238571,0.9947664434745334,1.0046075347497792,1.0046522370441084,1.0045925184398308,0.19279999999999983,0.09776428571428575,0.08224666666666665,0.06801442857142856,0.03668364285714284,0.034320700000000016,-631344.5714285715,-188679.7857142857,-144909.13333333333
2001-06-12,14.9463,15.1909,14.9042,15.0476,5.463442,4438559.0,1.016365254276978,0.9971832493660637,1.0067775971310624,-0.9539999999999988,-0.3095940000000006,4438559.0,1.0128172564473215,1.011878644490378,1.0108696100280279,0.9938930729137783,0.9958184589872501,0.9950761162750486,1.004547957398371,1.0054869335777263,1.0049133654590612,0.04831428571428579,0.03869285714285718,0.051083333333333356,0.0173448571428571,0.01850907142857139,0.02411306666666665,108243.57142857143,67978.78571428571,45252.1
2001-06-13,14.9912,15.1813,14.9234,15.0877,5.478001,2428071.0,1.0126807727199958,0.99547734671007,1.0064371097710658,0.044899999999998386,0.01455900000000021,-2010488.0,1.0116797567630489,1.0113463592078875,1.0112448728390633,0.9937080984848993,0.9955917509539691,0.9950914889720501,1.0032921823420748,1.0045086723703123,1.005175365397728,0.02607142857142846,0.05397857142857137,0.052259999999999945,0.002775142857142881,0.014668428571428535,0.024259299999999998,-125939.85714285714,-65831.42857142857,-9583.533333333333
2001-06-14,15.0858,15.124,14.952,15.0667,5.470376,2606921.0,1.002532182582296,0.9911307322117487,0.998733908708852,0.09460000000000157,-0.007624999999999993,178850.0,1.0120414971319482,1.0108223923311879,1.0107853985689206,0.9941651130446915,0.995193341467011,0.9951504329501407,1.0046540356294271,1.0038545643736374,1.0046130365545198,0.005457142857143081,0.040264285714285766,0.05382333333333336,0.009419142857142784,0.011151714285714296,0.020733066666666685,-76561.14285714286,-181385.5,-39069.96666666667
2001-06-15,14.9912,15.2864,14.9616,15.2577,5.539725,2869614.0,1.0196915523773948,0.9980255082982017,1.017777095896259,-0.09460000000000157,0.06934899999999988,262693.0,1.0141893606974315,1.0117194611081717,1.0110100250793066,0.9947677696672106,0.9954307423389218,0.9950986155580472,1.0073491876173326,1.0052314337885209,1.0049568172082544,0.00327142857142856,0.027299999999999942,0.047293333333333305,0.015856285714285687,0.01739149999999994,0.023134466666666645,14819.0,97440.35714285714,-67910.13333333333
2001-06-18,15.2386,15.3437,15.1383,15.1383,5.496373,4665771.0,1.006896959038232,0.9934180305277387,0.9934180305277387,0.24740000000000073,-0.04335199999999961,1796157.0,1.0093321350184936,1.011831625809198,1.0110548165989202,0.9941924657656853,0.9951906564527312,0.9948792165756385,1.0019269449402972,1.0048974580199235,1.0046448646683486,0.040942857142857135,0.05056428571428574,0.04936000000000001,-0.014668142857142843,0.016476000000000064,0.020244733333333334,-404121.5714285714,209198.5,11864.1
2001-06-19,15.1909,15.3819,15.1431,15.3342,5.567499,2470494.0,1.0125733169199982,0.9968533793257807,1.0094332791342184,-0.04770000000000074,0.07112599999999958,-2195277.0,1.010105719702128,1.0118830970087072,1.01147392716292,0.9960126066342292,0.9951540362478563,0.9953283545411805,1.004653860167028,1.0048187100135189,1.0054210353432682,-0.021157142857143034,0.04913571428571422,0.04649666666666666,0.0074327142857143,0.01759371428571426,0.024872933333333336,-98311.0,-3415.0714285714284,-38509.76666666667
2001-06-20,15.4297,15.8119,15.4297,15.6877,5.695848000000001,4126116.0,1.024770410312579,1.0,1.016720999112102,0.23880000000000123,0.12834900000000093,1655622.0,1.013644349746782,1.0130427211865094,1.0121112488126263,0.9960126066342292,0.9951540362478563,0.9954694388963289,1.0070425743258997,1.0058250545378395,1.0059077366925064,-0.06722857142857132,0.06278571428571425,0.06305666666666668,-0.011026857142857085,0.028493785714285735,0.029602533333333358,589445.1428571428,-20949.714285714286,6883.5
2001-06-21,15.7068,15.9838,15.7068,15.8883,5.768681,4719312.0,1.0176356737209362,1.0,1.0115555046222018,0.277099999999999,0.07283299999999926,593196.0,1.013825838238776,1.0133215473430488,1.0123020463550747,0.9964149995819344,0.9951540362478563,0.9954929103198707,1.0077251325389198,1.0061365449686455,1.005942560284752,0.10864285714285694,0.07847857142857137,0.06910666666666666,0.043605571428571466,0.030475214285714283,0.029547233333333325,40107.57142857143,74175.57142857143,25969.3
2001-06-22,15.8596,16.050698999999998,15.7163,15.8405,5.751326000000001,3445545.0,1.0120494211707733,0.9909644631642665,0.9987956821105198,0.15280000000000094,-0.017354999999999343,-1273767.0,1.0137356451603157,1.0127077009616823,1.0121892911909225,0.9957703019325337,0.9947392002087165,0.9954257899304573,1.0066335000159845,1.0049628411790297,1.0054112733335694,0.12405714285714302,0.07506428571428574,0.07483666666666669,0.03904642857142867,0.020910785714285778,0.024512599999999996,145353.42857142858,9706.785714285714,-183319.56666666668
2001-06-25,15.9647,16.003,15.7928,16.003,5.810324,3635195.0,1.0023990428883724,0.9892324941903073,1.0023990428883724,0.1051000000000002,0.058997999999998996,189650.0,1.0137166252040408,1.0128790611679945,1.0116674188766708,0.995499125072328,0.9948321190585097,0.9950668730701342,1.007157090613059,1.005905563121243,1.0050747504211115,0.12555714285714284,0.06550714285714296,0.07356333333333337,0.048563999999999954,0.02899157142857137,0.025092233333333318,146896.2857142857,35167.57142857143,-46096.46666666667
2001-06-26,15.9552,16.108,15.9552,16.098499,5.844998,2062339.0,1.0095768150822304,1.0,1.0089813352386683,-0.009500000000000952,0.03467400000000076,-1572856.0,1.012271662733303,1.0132305117153673,1.0111325552298378,0.995781195315442,0.9952744824913262,0.9950668730701342,1.0059005533762602,1.0066248704967966,1.0045200374461598,0.13771428571428576,0.07049285714285716,0.06949,0.043610428571428654,0.02973335714285717,0.022663266666666685,-115325.0,-50253.0,-81044.06666666667
2001-06-27,15.9485,16.003,15.6686,15.6686,5.688911,2658991.0,1.0034172492710913,0.9824497601655329,0.9824497601655329,-0.006700000000000372,-0.1560870000000003,596652.0,1.0117745613379971,1.0105533481782456,1.011201619015541,0.9942142995494125,0.9942033826575489,0.9948406212623178,1.0043336576102309,1.003130301275264,1.0041144075450106,0.10141428571428561,0.07117857142857138,0.058376666666666625,0.027505428571428552,0.0064186428571428545,0.018732300000000014,-286682.85714285716,-345402.21428571426,-84542.16666666667
2001-06-28,15.6686,15.8596,15.6495,15.7641,5.723587,3212858.0,1.0121899850656728,0.9987810014934327,1.0060949925328364,-0.2798999999999996,0.03467600000000015,553867.0,1.0117197996445222,1.0109127596733252,1.0113171296108894,0.9944896741447913,0.9952511403895101,0.9948671908635724,1.003856759524319,1.0042553098456737,1.0042953291054315,0.0682428571428572,0.023542857142857088,0.047769999999999986,0.022298285714285777,0.01486550000000004,0.01838506666666667,106052.0,3870.5,-39519.0
2001-06-29,15.7928,16.194,15.7928,16.150101,5.863734,11197065.0,1.0254039815612177,1.0,1.0226242971480675,0.12420000000000009,0.1401469999999998,7984207.0,1.0118103098228992,1.0127273297848405,1.0120523760296076,0.9944896741447913,0.9952511403895102,0.9953131693557871,1.0047000878151713,1.0058713310705356,1.005341423727144,0.05187142857142847,-0.0076785714285714235,0.05031999999999996,0.023983714285714188,0.006478428571428552,0.02410833333333334,1010135.5714285715,799790.3571428572,255287.76666666666
2001-07-02,15.8071,15.9552,15.6208,15.6781,5.692362999999999,3792119.0,1.0093692075080185,0.988214156929481,0.9918391102732317,0.014300000000000423,-0.1713710000000006,-7404946.0,1.0106293860781965,1.0122276121584863,1.0117845950926565,0.9928059822775743,0.9946104909297543,0.9951211434894834,1.0018834600510327,1.0048042962949764,1.0045339103944808,0.014328571428571532,0.06148571428571424,0.051113333333333344,-0.010902571428571508,0.01635149999999998,0.014221800000000003,-132456.14285714287,-46174.28571428572,-11966.633333333333
2001-07-03,15.6208,15.7163,15.4488,15.487,5.622977,3643033.0,1.0061136433473319,0.9889890402540203,0.9914344975929531,-0.18630000000000102,-0.06938599999999973,-149086.0,1.009781417817705,1.0117585314890103,1.0117252784302704,0.992523779004682,0.9941470404686079,0.9948855491923548,1.000831862262809,1.0037326811393967,1.0043534520490403,-0.03411428571428589,0.044971428571428565,0.03630666666666667,-0.018335571428571562,0.010355428571428555,0.01211706666666664,28212.571428571428,86783.0,33383.86666666667
2001-07-04,15.3342,15.4584,15.2673,15.2864,5.550144,4416071.0,1.0080995421997887,0.9956372031146067,0.9968827848860717,-0.28659999999999997,-0.07283299999999926,773038.0,1.010595774862193,1.012156200033117,1.0117233592877073,0.993438737422439,0.9944689312473834,0.9950210514068896,1.0000438254053374,1.003600458009198,1.0044131500232287,-0.09007142857142877,0.01774285714285703,0.030986666666666628,-0.037168571428571315,0.0056977142857143215,0.011527633333333339,111553.71428571429,129225.0,30973.833333333332
2001-07-05,14.9912,15.1431,14.8565,14.8565,5.394057,6019647.0,1.010132611131864,0.9910147286408026,0.9910147286408026,-0.34299999999999997,-0.1560870000000003,1603576.0,1.010675174297855,1.011473418515579,1.0113900207696074,0.992155127228268,0.9939681612718549,0.9947665003890496,0.997477167319928,1.001688860348094,1.0034425487554268,-0.13771428571428576,0.0,0.025189999999999973,-0.0644201428571429,-0.01040485714285712,0.004047133333333323,565329.7142857143,225002.35714285713,88997.86666666667
2001-07-06,14.7132,15.038,14.7132,14.9902,5.442599,3833057.0,1.02207541527336,1.0,1.0188266318679824,-0.2779999999999987,0.04854200000000031,-2186590.0,1.0133406265838933,1.0125575939609452,1.0117969439835164,0.9946623043474777,0.994438301948445,0.9948762182214108,1.0026738632774208,1.0035037604438257,1.003807055795616,-0.1764714285714284,-0.03752857142857139,0.006370000000000016,-0.03518742857142852,-0.0038409999999999833,0.004278233333333355,167723.7142857143,-59479.57142857143,-43775.36666666667
2001-07-09,14.8087,14.8947,14.5985,14.694,5.335058,2881328.0,1.005807397003113,0.9858056412784376,0.9922545530667783,0.09549999999999947,-0.10754100000000033,-951729.0,1.012428828289242,1.0120743139668822,1.0117527709002994,0.9928086814596212,0.9936491778022063,0.9945796763943104,1.0006966576394125,1.0022767085818658,1.0035988434282457,-0.1228428571428571,-0.027299999999999942,0.006656666666666667,-0.05550414285714288,-0.01660292857142855,0.001293799999999982,-47361.42857142857,29345.285714285714,45862.63333333333
2001-07-10,14.694,15.1144,14.6654,15.0571,5.466892,1889874.0,1.028610317136246,0.9980536273308833,1.0247107662991697,-0.11469999999999914,0.13183399999999956,-991454.0,1.0128868762285317,1.0123485930257154,1.0125288930307121,0.992530628221176,0.9935101511829837,0.9946221562075264,1.0009947246609985,1.0028474062380848,1.0044860792619479,-0.1569714285714284,-0.05254999999999997,0.005443333333333378,-0.05669171428571434,-0.016354000000000073,0.006706100000000011,-1329598.7142857143,-159731.57142857142,5096.066666666667
2001-07-11,14.8823,15.2386,14.8823,15.1593,5.503997,1706240.0,1.0239411918856627,1.0,1.018612714432581,0.1882999999999999,0.03710500000000039,-183634.0,1.0149685882824808,1.012798987180339,1.0129318420893385,0.9942143200883928,0.9935101511829837,0.994709954134392,1.0048195252551912,1.003351492653112,1.0047553113689045,-0.13211428571428563,-0.058892857142857045,0.012643333333333355,-0.02690942857142848,-0.018905999999999996,0.006093666666666664,-297982.71428571426,-215219.42857142858,-27068.833333333332
2001-07-12,15.209,15.4058,15.1144,15.4058,5.593495,3094670.0,1.0129397067525807,0.9937799986849891,1.0129397067525807,0.3266999999999989,0.08949799999999986,1388430.0,1.0159437401975164,1.0128625790076107,1.0130786432536463,0.9948987427213885,0.9937112608630352,0.9945026207572251,1.007891697992281,1.0043617801275448,1.0050988957349367,-0.058828571428571355,-0.04647142857142862,0.021943333333333294,-0.004211714285714255,-0.011273642857142909,0.009885333333333317,-78337.57142857143,-25062.5,-44158.066666666666
2001-07-13,15.3915,15.4775,15.2577,15.2864,5.550144,1199571.0,1.0055874995939316,0.9913068901666504,0.9931715557288113,0.182500000000001,-0.04335099999999947,-1895099.0,1.0155848769681082,1.0130903259151507,1.0128071563224645,0.9942801265859662,0.9938594320042027,0.9942128504294466,1.0073615223983865,1.003702673901862,1.0046314596395332,0.008185714285714494,-0.040942857142857135,0.026113333333333343,0.0,-0.018584285714285657,0.006937200000000014,-459500.0,-173973.14285714287,-82709.43333333333
2001-07-16,15.3055,15.4679,15.3055,15.4297,5.602172,1120349.0,1.0106105648296364,1.0,1.00811472999902,-0.0860000000000003,0.05202799999999996,-79222.0,1.0156531560677902,1.0131641651828225,1.0124727327997889,0.9955637367801372,0.9938594320042027,0.9943204448390391,1.0098043797352747,1.0036407735276014,1.004394366133996,0.04490000000000016,-0.04640714285714281,0.016560000000000012,0.029730714285714326,-0.017344714285714286,0.004786566666666688,-699899.7142857143,-67285.0,-72976.7
2001-07-17,15.3724,15.5444,15.2864,15.3055,5.557078,2701991.0,1.0111888839738752,0.9944055580130624,0.9956480445473705,0.0669000000000004,-0.045094000000000634,1581642.0,1.0140979373107208,1.013719281947307,1.0128456955989182,0.9947645307820032,0.9947134175647404,0.9945362424297012,1.0064931529751875,1.0045835081263041,1.0046092697623286,0.0941714285714286,-0.041149999999999895,0.010826666666666717,0.01635414285714276,-0.009416642857142879,0.0050878666666666445,-161580.85714285713,3071.4285714285716,-14695.266666666666
2001-07-18,15.3819,15.4775,15.3342,15.3839,5.585543,1506643.0,1.0062150969646142,0.9968989526651454,1.0001300229490506,0.009499999999999176,0.02846500000000063,-1195348.0,1.0141561801623638,1.0132925042258027,1.0128976485837715,0.996349289551533,0.9945789855055771,0.9946393104538538,1.0076182201012263,1.0041574388703194,1.0046499027945996,0.08188571428571427,-0.02047857142857141,0.013786666666666688,0.03578357142857147,-0.009860285714285702,0.00522706666666668,-196383.57142857142,-121872.5,-41974.6
2001-07-19,15.3819,15.6399,15.3724,15.5549,5.647631,2028468.0,1.0167729604275155,0.9993823909920101,1.011246985092869,0.0,0.062087999999999255,521825.0,1.0124651292039737,1.0126760027162527,1.0120934959716623,0.9965391129316938,0.9945348705764349,0.9947038848923069,1.0056948227860405,1.0033447737235195,1.0039790113221292,0.09827142857142844,-0.029349999999999987,0.014329999999999999,0.02581985714285714,-0.015435928571428599,0.0016193666666666515,19799.14285714286,-654899.7857142857,-182205.13333333333
2001-07-20,15.5854,15.6208,15.2864,15.3418,5.570259,2138932.0,1.0022713565259793,0.9808153784952585,0.9843699872958024,0.20350000000000001,-0.07737199999999955,110464.0,1.0093694384383047,1.0121690133603927,1.0119306003847095,0.9937984527167308,0.9940063864025619,0.9945939844006163,1.0008030046236436,1.0028112649394174,1.003779848480419,0.10044285714285703,-0.015835714285714304,0.008213333333333317,0.009466000000000006,-0.008721714285714237,0.001826300000000014,61813.142857142855,-118084.78571428571,-33991.3
2001-07-23,15.3428,15.4393,15.2864,15.3819,5.584818,1149614.0,1.0062895951195348,0.9963240086555257,1.002548426623563,-0.24259999999999948,0.01455900000000021,-989318.0,1.0084194224907268,1.0121815813441215,1.0121402535553607,0.9941618827125218,0.994530312716955,0.9944714513558005,0.999318536033784,1.0036051170130325,1.003864796034538,0.01911428571428583,-0.019857142857142764,-0.018583333333333306,-0.0012395714285713716,-0.0027256428571428132,-0.006273933333333333,-277865.14285714284,-178101.35714285713,38320.46666666667
2001-07-24,15.2864,15.5539,15.2864,15.4775,5.6195260000000005,1820208.0,1.0174992149884865,1.0,1.0125013083525225,-0.056400000000000006,0.03470800000000018,670594.0,1.0101210961185203,1.0128529865433142,1.0121780522457444,0.9954037555458574,0.9948419410659117,0.9945653430435984,1.0020799292657425,1.0047207258320647,1.0040555864085865,-0.015014285714285742,-0.0034142857142856237,0.011336666666666655,0.009911714285714293,0.004955857142857146,0.005202800000000026,88662.42857142857,-185418.7857142857,-87278.36666666667
2001-07-25,15.3819,15.5061,15.2959,15.3055,5.557078,2538499.0,1.0080744251360365,0.9944090131908282,0.9950331233462707,0.09549999999999947,-0.062448000000000725,718291.0,1.009758790448006,1.012705973257898,1.012024507326279,0.9946050431445472,0.9950843899623422,0.9945297319262904,1.0002111283153499,1.0050077540253124,1.0036754535277599,0.010914285714285654,0.027907142857142908,0.013023333333333357,-0.006442000000000091,0.011644357142857118,0.002635899999999995,202592.85714285713,-248653.42857142858,3680.9333333333334
2001-07-26,15.2959,15.3246,14.9711,14.9998,5.446086,3123814.0,1.001876319798116,0.9787655515530306,0.9806418713511464,-0.0860000000000003,-0.11099199999999954,585315.0,1.0084284241371833,1.011263180723952,1.012002645233473,0.9923707565073998,0.9935676436447015,0.9941175592376664,0.9980673892873179,1.0022802711312526,1.0030723856158366,-0.01092857142857159,0.04162142857142851,0.007003333333333295,-0.015855999999999933,0.000249071428571414,-0.0008096666666666567,60260.42857142857,-50660.21428571428,17229.766666666666
2001-07-27,15.1116,15.1144,14.8469,14.9902,5.442599,8831038.0,1.0001852881230313,0.9824836549405754,0.9919664363799995,-0.18430000000000035,-0.003486999999999796,5707224.0,1.0075670228741,1.010861601518232,1.0113524364249942,0.9903114282610327,0.9933303589062827,0.9935994974590788,0.9969011626345962,1.0022596913679112,1.002212030298628,-0.03861428571428581,0.021635714285714234,0.004013333333333336,-0.020420571428571423,0.007681500000000023,-0.0032375333333333127,1046342.1428571428,424979.28571428574,198714.13333333333
2001-07-30,14.9234,15.1909,14.9234,15.1718,5.508535,1840008.0,1.01792486966777,1.0,1.016645000469062,-0.18819999999999837,0.06593599999999977,-6991030.0,1.0077315813369936,1.0100983552704836,1.0117200334459786,0.990399658119317,0.9934693855255053,0.9938188964414876,0.9976723076883381,1.0016835652371892,1.0029862626300052,-0.06549999999999986,0.016385714285714288,-0.010506666666666635,-0.01987085714285706,0.0029745000000000387,0.0004054000000000002,-26922.85714285714,-3561.8571428571427,-94192.1
2001-07-31,15.1718,15.2195,14.8947,14.8947,5.407926,1511629.0,1.0031439908250834,0.9817358520412872,0.9817358520412872,0.2483999999999984,-0.10060900000000039,-328379.0,1.0078562433797227,1.0086128409090136,1.0114057225761484,0.9905311543401781,0.9921648035284545,0.9933149788653377,0.9972960026519787,0.9990495036378111,1.002063015060241,-0.05908571428571437,0.020678571428571324,-0.0006366666666666632,-0.023190428571428612,-0.006862214285714303,-0.0053190999999999985,-89614.71428571429,-13900.785714285714,-31962.166666666668
2001-08-01,14.9912,15.3819,14.952,15.3819,5.584818,3266320.0,1.026061956347724,0.9973851326111319,1.026061956347724,-0.1806000000000001,0.1768920000000005,1754691.0,1.010680866412321,1.009550144451524,1.0114487741106533,0.9906827434766934,0.9924223130946076,0.9932278166190421,1.000655078326859,0.9999868071803214,1.0023743803014282,-0.05022857142857161,-0.01555714285714289,-0.014616666666666707,0.0,-0.0006197857142856858,-0.0037010000000000137,302386.5714285714,12260.714285714286,-28659.866666666665
2001-08-02,15.4488,15.6208,15.3915,15.4775,5.6195260000000005,2502974.0,1.011133550825954,0.9962909740562373,1.0018577494692145,0.4576000000000011,0.03470800000000018,-763346.0,1.0097714858176736,1.009946290968097,1.0112320366808203,0.9901528826275845,0.9927783190867209,0.9931041824209167,0.9991345699149577,1.0006072495903502,1.0020511217963288,0.02319999999999998,0.00409285714285712,-0.00859999999999997,0.0,0.004955857142857146,-0.004971833333333316,97538.0,93100.21428571429,-73877.93333333333
2001-08-03,15.5253,15.8692,15.4393,15.8596,5.758259,3653808.0,1.0221509407225624,0.9944606545445176,1.021532595183346,0.07649999999999935,0.13873299999999933,1150834.0,1.0117824166157487,1.0107706035318773,1.0115687539992133,0.9901602599638257,0.9923826515541865,0.9932207221335918,1.0029202087488256,1.0015656685320877,1.0028090188987562,0.02048571428571425,0.015699999999999954,-0.011143333333333358,0.028740142857142863,0.011149071428571387,0.00023109999999997298,159329.85714285713,180961.35714285713,6942.1
2001-08-06,15.7259,15.8596,15.7163,15.8119,5.740941,2190133.0,1.0085018981425546,0.9993895420929805,1.005468685417051,0.20059999999999967,-0.0173179999999995,-1463675.0,1.0127289278078113,1.0105786759724973,1.0117721825076862,0.9931065443266757,0.9927386504170378,0.9935592903970143,1.0064668964725263,1.0022671428799221,1.002911340316379,0.06142857142857139,0.0252499999999999,-0.007960000000000042,0.04212214285714287,0.013133071428571468,-0.0023127666666666437,-133383.0,-36561.28571428572,-48168.73333333333
2001-08-07,15.6389,15.8979,15.6389,15.8979,5.772163,3370143.0,1.0165612670967907,1.0,1.0165612670967907,-0.08699999999999974,0.03122199999999964,1180010.0,1.0150683533754914,1.0113176881247956,1.0120049975748382,0.9956088793351648,0.9929601537980989,0.9935592903970143,1.0099804437177822,1.0034408031761892,1.0031640047116497,0.07532857142857148,0.018357142857142832,-0.010543333333333333,0.04708057142857136,0.013329999999999969,-0.0024278333333333474,-780127.8571428572,133107.14285714287,43593.46666666667
2001-08-08,15.9552,16.146299,15.9265,16.0268,5.818967,2926693.0,1.011977223726434,0.9982012133975131,1.0044875651825111,0.3163,0.046803999999999846,-443450.0,1.0142186896695862,1.0109751355032899,1.012290330056683,0.9953519098205239,0.9928757839699205,0.9940843388380802,1.0082436672482749,1.0029579874683066,1.0038985982122155,0.1473999999999998,0.04094999999999998,0.00022333333333334575,0.04434742857142852,0.012238285714285726,0.004335199999999991,155240.7142857143,64158.92857142857,8923.4
2001-08-09,15.9217,16.031601000000002,15.7354,15.7641,5.723587,4138034.0,1.0069025920598933,0.9882989881733735,0.9901015595068365,-0.033500000000000085,-0.09537999999999958,1211341.0,1.0147556327031304,1.0113059380414264,1.012114083623157,0.9962895006965363,0.9934103275183572,0.9937349383940782,1.009438768314782,1.0033673854833804,1.0033654837780157,0.10712857142857146,0.024021428571428544,0.008436666666666663,0.04509442857142863,0.010952000000000009,0.0,375200.71428571426,142793.0,30839.2
2001-08-10,15.744,15.8119,15.6972,15.745,5.716653,2124503.0,1.0043127540650407,0.9970274390243903,1.0000635162601625,-0.17769999999999975,-0.006934000000000218,-2013531.0,1.0116486038056043,1.0111647351089628,1.0114110427066179,0.996238401612716,0.9934605725447048,0.9936358530282247,1.0057247054451304,1.0031898918859947,1.0026134577484187,0.10754285714285723,0.028657142857142808,-0.0016266666666666652,0.018833571428571387,0.009416785714285694,-0.0049027,-163116.7142857143,69634.92857142857,-302418.73333333334
2001-08-13,15.7641,15.8119,15.5921,15.659,5.6854260000000005,2082351.0,1.0030322060885175,0.9890891329032423,0.9933329527216905,0.02009999999999934,-0.03122699999999945,-42152.0,1.0104912688431134,1.0101313773303935,1.0111998093259678,0.995209567162288,0.9926812248949364,0.9936650188940167,1.0045068773383412,1.0018207236266494,1.0026632524967007,0.045042857142856975,0.034121428571428476,-0.0014333333333333678,0.009414285714285724,0.004707142857142862,-0.00023123333333329536,-60089.0,18724.5,-56992.26666666667
2001-08-14,15.6275,15.7737,15.6275,15.7354,5.713164,2346513.0,1.0093553031514957,1.0,1.006904495280755,-0.1365999999999996,0.027737999999999374,264162.0,1.0086633206186753,1.0102228686172119,1.0113078646527731,0.9960009022273572,0.9930805810955914,0.9940320508855494,1.0024171487808282,1.002668678764827,1.003178919086294,0.014599999999999978,0.017542857142857114,0.00022333333333334575,-0.006442142857142841,0.011149000000000011,0.0030062333333333415,-186756.42857142858,-13713.285714285714,-43217.333333333336
2001-08-15,15.7641,15.9838,15.745,15.7545,5.7201010000000005,2678972.0,1.0139367296578936,0.9987883862700694,0.9993910213713438,0.1365999999999996,0.006937000000000637,332459.0,1.0094397251208664,1.011084326464339,1.0115024375680433,0.9959150228240841,0.9945107835753799,0.9941370903240647,1.001548911060013,1.0040079037662697,1.0032625269691364,0.005457142857142827,0.03344285714285711,0.014329999999999999,-0.002977142857142821,0.019572500000000024,0.005665233333333338,69834.14285714286,-31774.428571428572,-57903.3
2001-08-16,15.7163,15.7259,15.5921,15.7259,5.709716,1058167.0,1.0006108307935073,0.9920973766089983,1.0006108307935073,-0.04779999999999873,-0.01038500000000031,-1620805.0,1.0071610913632545,1.011114722369373,1.0111850448900979,0.9947860766253696,0.9951974779802673,0.9941731785896712,0.9992702773024009,1.0046253605100917,1.0035823970408932,0.011057142857142972,0.04319285714285722,0.02417000000000004,-0.008920999999999957,0.019079785714285702,0.01052196666666667,-330282.28571428574,-555205.0714285715,-165382.66666666666
2001-08-17,15.7163,15.8214,15.7163,15.7641,5.723587,1584805.0,1.0066873246247527,1.0,1.0030414283260054,0.0,0.013870999999999967,526638.0,1.0064053914915858,1.010312040580586,1.0106721085351444,0.9950430461400105,0.9951974779802671,0.9941731785896712,0.9990636863229001,1.0036536767855877,1.0030562235894942,-0.03412857142857132,0.05663571428571425,0.03343666666666666,-0.013625714285714225,0.015360857142857145,0.00936626666666666,-191698.2857142857,-18228.785714285714,-74941.73333333334
2001-08-20,15.6686,15.7641,15.6208,15.6495,5.681977,1248017.0,1.0060949925328364,0.9969493126380149,0.9987810014934327,-0.04770000000000074,-0.04161000000000037,-336788.0,1.0062900201305776,1.0105228264168542,1.010681695052802,0.9962788067778164,0.9962841537371764,0.9945446343016573,1.0003036066066995,1.004871187460741,1.0032737718703826,-0.03615714285714284,0.03548571428571431,0.028663333333333322,-0.005944285714285767,0.01957507142857143,0.011563966666666658,-412859.5714285714,-18829.428571428572,-54443.7
2001-08-21,15.6686,15.7928,15.6686,15.7641,5.723587,1765127.0,1.0079266813882541,1.0,1.0060949925328364,0.0,0.04161000000000037,517110.0,1.0068062954624655,1.0092274496340348,1.009992240527869,0.9967034583457607,0.9964709299792384,0.9946095133906278,1.0011652460742246,1.0034449757596773,1.0026532460781714,-0.01077142857142859,0.04838571428571432,0.03248666666666663,0.0009905714285714598,0.009912071428571423,0.008556500000000019,-51339.42857142857,-107228.07142857143,-4158.233333333334
2001-08-22,15.6686,15.7374,15.5253,15.7374,5.713893,2092068.0,1.0043909475000956,0.9908543201051785,1.0043909475000956,0.0,-0.009694000000000536,326941.0,1.007000401378405,1.0087458351107592,1.0093405657150167,0.9969556279460373,0.9960825975541628,0.9943046573941337,1.0027449596139966,1.0036259184761689,1.002179187180422,-0.013642857142857068,0.015699999999999954,0.026209999999999962,0.0040667142857141615,0.006740499999999943,0.006996533333333321,1388.142857142857,-29350.428571428572,12860.933333333332
2001-08-23,15.7641,15.9275,15.7354,15.9275,5.7829120000000005,2407535.0,1.01036532374192,0.9981794076414131,1.01036532374192,0.09549999999999947,0.06901900000000083,315467.0,1.0071446900341798,1.0079040053264277,1.0092547529479945,0.9966955433233821,0.9963482227753696,0.9944513043593478,1.0032393636798773,1.0028282562303528,1.0020933744134,0.019514285714285658,0.01705714285714282,0.018503333333333316,0.009964000000000084,0.0017609285714286216,0.006313900000000021,8717.42857142857,-89019.5,-22904.5
2001-08-24,15.9103,16.2131,15.9074,16.146299,5.862355,2579348.0,1.019031696448213,0.9998177281383759,1.0148330955418816,0.14620000000000033,0.07944299999999949,171813.0,1.007872542432797,1.0086561337768318,1.0097028928431373,0.9968425921617116,0.9963788074928978,0.9947349989584053,1.0054453742756684,1.0034971426678407,1.0028154257405022,0.020885714285714334,0.01317142857142858,0.017293333333333293,0.02032199999999992,0.00867242857142855,0.010407033333333319,-14232.0,27801.071428571428,45992.566666666666
2001-08-27,16.2246,16.5093,16.2227,16.486401,5.985836,4727529.0,1.0175474279797345,0.9998828938771989,1.0161360526607746,0.31429999999999936,0.12348099999999995,2148181.0,1.0102920563165436,1.0087265738398992,1.0099341216148072,0.9979548089143117,0.9963704427698404,0.9947310954209787,1.0076632631138496,1.0034667702081252,1.0030828031625607,0.07261428571428549,0.04183571428571423,0.030636666666666614,0.039445714285714244,0.015262357142857143,0.012788799999999986,524194.5714285714,96956.14285714286,120239.33333333333
2001-08-28,16.4424,16.538,16.4042,16.452,5.973346,2597598.0,1.005814236364521,0.9976767381890722,1.0005838563713327,0.21780000000000044,-0.012489999999999668,-2129931.0,1.010167329422225,1.0082863604569055,1.0097549666944954,0.9976229143698934,0.9963329802549519,0.9948401347601789,1.007312181406039,1.0031879338644696,1.0032473302233595,0.10372857142857127,0.03479999999999998,0.03566666666666662,0.03567985714285715,0.011027071428571464,0.013875600000000017,144684.7142857143,-23506.785714285714,-3479.766666666667
2001-08-29,16.375601,16.4806,16.181601,16.181601,5.8751690000000005,1281543.0,1.0064119173397055,0.9881531065638447,0.9881531065638447,-0.06679899999999961,-0.09817699999999974,-1316055.0,1.010212604394635,1.0082513122626062,1.009761527373665,0.9963663135021548,0.9963225601399855,0.9945486065568023,1.0057939107018121,1.0030487586542558,1.002848099677186,0.10100014285714286,0.032421500000000006,0.03312336666666666,0.02759885714285724,0.010827285714285737,0.009654200000000005,4789.428571428572,-204035.07142857142,-7503.333333333333
2001-08-30,16.050698999999998,16.299101,16.050698999999998,16.194,5.879673,3716652.0,1.0154760861193648,1.0,1.0089280223870625,-0.3249020000000016,0.0045039999999998415,2435109.0,1.0112910907847934,1.0090486931236293,1.00971829823006,0.9963663135021549,0.9965348859239577,0.9945691935237353,1.006198629252416,1.0036819376633201,1.0027708009203258,0.0545855714285712,0.021907071428571307,0.02229329999999994,0.022298000000000023,0.011644285714285742,0.007734733333333358,278789.28571428574,113724.92857142857,56272.8
2001-08-31,16.140499,16.1749,16.041201,16.1367,5.858869,3870937.0,1.0021313467446082,0.9938478977632601,0.9997646293339507,0.08980000000000032,-0.020804000000000045,154285.0,1.0109682906768669,1.008984346027636,1.0097136312373478,0.9967939674533094,0.9968747976996732,0.9950036108326686,1.0055377266572525,1.0041413431356245,1.0032839556549307,0.06741414285714267,0.026885642857142806,0.018503299999999948,0.020710857142857236,0.0123887857142857,0.009620333333333342,254124.14285714287,127756.14285714286,57733.5
2001-09-03,16.050698999999998,16.4806,16.031601000000002,16.4615,5.9767980000000005,3025157.0,1.0267839425560221,0.9988101452777853,1.0255939632286422,-0.08980000000000032,0.11792900000000017,-845780.0,1.0133138076503099,1.0102292488422449,1.0103967761518973,0.9968840728299339,0.996789808076658,0.9950864820534107,1.007713246583927,1.005476305131902,1.0040521402084335,0.04094271428571413,0.030228499999999898,0.023596633333333252,0.027698,0.018831000000000042,0.013066000000000006,88231.71428571429,48474.57142857143,62518.1
2001-09-04,16.4424,16.6908,16.432899,16.6154,6.032675,3974865.0,1.0151072836082324,0.9994221646474967,1.0105215783583905,0.3917010000000012,0.05587699999999973,949708.0,1.0127531772445983,1.0103128598386977,1.010317045105889,0.9968275637598083,0.9968350779607599,0.9950672208749938,1.0070973155577139,1.0062713449166911,1.003986149208629,0.07601428571428569,0.04845000000000001,0.038533333333333294,0.024331428571428608,0.022326714285714262,0.013771633333333326,199359.57142857142,92563.78571428571,71821.9
2001-09-05,16.369801000000002,16.4806,15.9743,16.0221,5.817262,6131947.0,1.0067685001179913,0.9758395963396255,0.9787596074014581,-0.07259899999999675,-0.21541299999999985,2157082.0,1.0112133304072066,1.0107526933618751,1.0102735142719539,0.9933928069687263,0.995673807941519,0.9944482403132872,1.0017578233778115,1.0047105432458305,1.0034436986771353,0.02074300000000053,0.04667864285714301,0.03293003333333342,-0.024081999999999937,0.007681857142857153,0.00867280000000002,200631.14285714287,362412.85714285716,119781.6
2001-09-06,15.573,15.745,15.4202,15.5253,5.636883999999999,29679468.0,1.0110447569511334,0.9901881461503884,0.9969370063571565,-0.7968010000000021,-0.18037800000000104,23547521.0,1.0119605476338653,1.011063938528045,1.0105791288437211,0.9923230081060572,0.9949729612379753,0.9948289934665323,1.0012368448043578,1.0042745131051984,1.0039868698440022,-0.12419999999999984,-0.010235714285714284,0.009236666666666693,-0.04806600000000013,-0.0061930714285714904,0.0063599333333333044,3868838.5714285714,2006761.642857143,885188.4666666667
2001-09-07,15.2864,15.5061,15.1909,15.3819,5.584818,4259767.0,1.0143722524597028,0.9937526167050449,1.006247383294955,-0.28659999999999997,-0.05206599999999906,-25419701.0,1.0130977383652937,1.0116551713799642,1.0110520276549437,0.9931229381262288,0.9947446258141917,0.9952046255253479,1.0038217414802308,1.0048078260910214,1.0044629014078341,-0.15560014285714274,-0.027299999999999942,0.005826666666666706,-0.04147871428571432,-0.00693992857142854,0.004740633333333329,425460.5714285714,215125.0,-152375.7
2001-09-10,15.2673,15.7259,15.2386,15.6686,5.688911,6554572.0,1.03003805518985,0.9981201653206526,1.0262849357777732,-0.019099999999999895,0.10409299999999977,2294805.0,1.0151780196610771,1.0132345552229354,1.0114558005056797,0.9928543903148934,0.9946103519085241,0.9951419643693697,1.0063013005360466,1.0062499648942314,1.004784232584791,-0.1119141428571425,-0.02866428571428565,0.011463333333333322,-0.02725171428571433,-0.0024768571428571535,0.006012533333333329,405417.14285714284,342103.21428571426,157152.13333333333
2001-09-11,15.6542,15.7641,15.6303,15.659,5.6854260000000005,2566383.0,1.007020480126739,0.9984732531844489,1.0003066269755083,0.3868999999999989,-0.0034849999999995163,-3988189.0,1.015876467287096,1.0134223789819814,1.011585016815735,0.9935151553750632,0.9951545614141862,0.9956998777408085,1.0063787287705548,1.0059582277139036,1.0054032584159318,-0.06947128571428555,-0.0010285714285714423,0.016080000000000004,-0.0247775714285714,-0.0020333571428570807,0.009250000000000026,-186364.85714285713,33879.642857142855,35158.46666666667
2001-09-12,14.8144,15.2959,14.8144,15.0456,5.462715,2911924.0,1.0325021600604818,1.0,1.0156064369802356,-0.8398000000000003,-0.22271100000000033,345541.0,1.0166933555020188,1.0150035815761644,1.0117996902728268,0.9936851346210939,0.9952846037255139,0.995787039987104,1.0049519393064967,1.0063325929452118,1.005054741103682,-0.1766141428571427,-0.06783571428571429,-0.0058933333333333355,-0.07344042857142861,-0.022871214285714307,-0.004070100000000003,-16176.142857142857,36027.78571428572,-11813.2
2001-09-13,15.2864,15.2864,14.7992,14.8565,5.394057,5314110.0,1.0,0.9681285325518107,0.9718769625287837,0.4720000000000013,-0.06865800000000011,2402186.0,1.014535172129414,1.0136441746870062,1.0114285719119616,0.9892146157502816,0.9930210897550449,0.9948482919369565,0.9994312799022672,1.0032642977299906,1.0040553815390012,-0.16514285714285698,-0.04456428571428565,-0.005413333333333329,-0.09123114285714287,-0.033449857142857135,-0.007515633333333345,191320.7142857143,195340.14285714287,93704.53333333334
2001-09-14,14.8087,14.8374,14.4743,14.7514,5.355897,3440374.0,1.0019380499301087,0.9774186795599884,0.9961306529269957,-0.47770000000000046,-0.038160000000000416,-1873736.0,1.0138451078168593,1.012529219112033,1.0107548088855465,0.9894401990674763,0.9914165030181012,0.9942802261041389,1.001912857834487,1.001835340606149,1.0032086501304562,-0.22301442857142892,-0.1011357142857142,-0.023886666666666657,-0.06590928571428581,-0.04499564285714287,-0.01341206666666667,-384510.4285714286,-91939.64285714286,-7114.466666666666
2001-09-17,14.4351,14.5221,14.0921,14.1877,5.151232,4735719.0,1.006026975912879,0.9762384742745115,0.9828612202201578,-0.3735999999999997,-0.20466499999999943,1295345.0,1.0131282819542518,1.0125444147940585,1.0106723114778906,0.9874473887994938,0.9898851984527756,0.9935085238435233,0.9999020312434871,1.0005694380239225,1.0024550679572264,-0.16255714285714287,-0.14337857142857136,-0.04302666666666664,-0.069378857142857,-0.05872242857142857,-0.019656966666666668,-3563392.714285714,152722.92857142858,84852.86666666667
2001-09-18,14.4265,14.7132,14.3788,14.5221,5.272643,3153090.0,1.0198731501057081,0.9966935847225591,1.0066266939313069,-0.008599999999999497,0.12141100000000016,-1582629.0,1.0139141244751095,1.0135059314202015,1.0107827075781879,0.9878675270877102,0.9904952326069695,0.9933983100009418,0.9999562184772516,1.0018889799787412,1.002123915518377,-0.1228428571428571,-0.13922149999999991,-0.040413333333333294,-0.04459642857142855,-0.04303757142857144,-0.01665066666666665,-158096.7142857143,133681.92857142858,-7235.1
2001-09-19,14.6845,14.7609,14.4743,14.5698,5.289962999999999,4314006.0,1.0052027648200483,0.9856855868432701,0.9921890428683307,0.2579999999999991,0.017319999999998892,1160916.0,1.0103662258508521,1.0127721227559647,1.0105568922813084,0.9860911587337985,0.9894727745243459,0.9929811224491338,0.9950853766330455,1.000693338584546,1.001713964774571,-0.08325714285714295,-0.09758564285714273,-0.04235666666666666,-0.05699257142857154,-0.042122142857142934,-0.017633466666666684,-320080.85714285716,42668.142857142855,46243.76666666667
2001-09-20,14.3215,14.5221,13.882,13.9488,5.064493,10370792.0,1.0140069126837272,0.9693118737562406,0.9739761896449394,-0.36299999999999955,-0.22546999999999962,6056786.0,1.0113642876447078,1.0136203774659018,1.0107937029687695,0.9819252473869114,0.9877202013809875,0.9923482186352293,0.9913238855858214,0.998851307178188,1.001176452445841,-0.19038571428571416,-0.12992849999999986,-0.05333999999999997,-0.0887047142857144,-0.0567411428571429,-0.02196980000000002,1114915.5714285714,464275.35714285716,207758.6
2001-09-21,13.4243,13.8533,13.3469,13.8533,5.029818,8978778.0,1.031956973547969,0.9942343362409958,1.031956973547969,-0.8971999999999998,-0.03467500000000001,-1392014.0,1.0112864038572058,1.013989879679612,1.0117151769515338,0.9811015811356251,0.9873933578783596,0.9922551152091162,0.993659676524069,0.9993058079152829,1.0022395676887679,-0.1985857142857141,-0.1875999285714284,-0.07732333333333331,-0.061842428571428645,-0.06764142857142863,-0.02289450000000001,866693.4285714285,425258.64285714284,228475.83333333334
2001-09-24,13.6145,13.7578,13.3756,13.6336,4.95005,6206694.0,1.0105255426200008,0.9824525322266702,1.0014029160086673,0.19019999999999904,-0.07976799999999962,-2772084.0,1.0127900528029203,1.0136626124661672,1.0119649548359166,0.9831478668034622,0.9861812412768718,0.9920338951865638,0.9978776698783381,0.9986544748903027,1.0025085664650004,-0.23884285714285727,-0.2019928571428571,-0.07165333333333332,-0.06342957142857143,-0.07733035714285716,-0.02451253333333335,127512.0,159416.35714285713,137478.1
2001-09-25,13.8533,14.2641,13.8055,14.1208,5.126942,7863979.0,1.0296535843445243,0.9965495585889282,1.019309478607985,0.23880000000000123,0.1768919999999996,1657285.0,1.0167494148621226,1.015297261339491,1.0126415642090174,0.9858808495218822,0.9876605242946791,0.9919188804728614,1.001188930689908,1.0015508942621973,1.0029220659092415,-0.13648571428571415,-0.17975007142857155,-0.059139999999999956,-0.03270785714285714,-0.04930857142857148,-0.01954073333333334,631943.5714285715,123716.57142857143,183915.53333333333
2001-09-26,14.3119,14.8087,14.2832,14.802,5.37427,5687802.0,1.0347123722217175,0.9979946757593332,1.0342442303258128,0.4585999999999988,0.24732800000000044,-2176177.0,1.020847328620528,1.0169878052873897,1.0133340856278117,0.9889888783054283,0.988218133552461,0.991892423455837,1.0085293607050017,1.0042156959742443,1.0040838395410572,-0.01760000000000009,-0.09007857142857148,-0.048406666666666646,0.03186257142857141,-0.018758142857142803,-0.011527700000000014,136011.85714285713,-1713690.4285714286,100294.33333333333
2001-09-27,15.1526,15.2864,14.8278,15.1431,5.498114,9199833.0,1.0088301677599885,0.9785647347649908,0.9993730448899859,0.8407,0.12384400000000007,3512031.0,1.0192697597139966,1.016591942094553,1.0136080635266944,0.9863990425972041,0.9871332848424572,0.99144133539437,1.00749312512767,1.0037246718024608,1.0040425800109396,0.10372857142857127,-0.009557142857142915,-0.018790000000000025,0.03221014285714282,-0.006193142857142865,-0.007053400000000002,863820.4285714285,352861.85714285716,271388.86666666664
2001-09-28,15.2864,15.5253,15.0667,15.2673,5.543207,9124591.0,1.0156282708813062,0.9856277475402972,0.998750523341009,0.1338000000000008,0.045092999999999606,-75242.0,1.0207591177227477,1.0155626717868,1.0139060950685794,0.9863907798396365,0.9862409692867175,0.9909622603123799,1.0084304794809098,1.0017579280569777,1.0038995498447731,0.08598571428571436,0.0013642857142857068,-0.014329999999999999,0.036177714285714355,-0.010407428571428592,-0.006012666666666681,687226.4285714285,183572.7857142857,251326.2
2001-10-01,15.3724,15.6294,15.21,15.6294,5.674681,1733965.0,1.016718274309802,0.9894356118758294,1.016718274309802,0.0860000000000003,0.13147399999999987,-7390626.0,1.0211464550979013,1.0162553713713045,1.0142602044611448,0.9892655995710065,0.9855954234789589,0.990711803620307,1.01453649157589,1.0029301885808557,1.0044974589386522,0.15012857142857147,-0.020128571428571336,-0.009873333333333296,0.08716971428571428,-0.0007675000000000638,-0.00024320000000000637,-1233832.4285714286,-59458.42857142857,16198.266666666666
2001-10-02,15.574,16.031601000000002,15.4775,15.9456,5.789484,5202350.0,1.029382368049313,0.993803775523308,1.023860279953769,0.2015999999999991,0.11480300000000021,3468385.0,1.020778654312379,1.0160325290847922,1.0149753940165136,0.9892040908970511,0.9851528360163381,0.9905052628044173,1.013379821062433,1.003519748793251,1.0050896351860166,0.3070999999999999,0.054257142857142907,-0.0031533333333333266,0.1085237142857143,0.02334064285714283,0.002196566666666655,-539489.7142857143,163601.85714285713,114574.1
2001-10-03,15.9552,15.9838,15.5444,15.6036,5.665311,3716545.0,1.0017925190533494,0.9742529081427999,0.9779632972322503,0.38119999999999976,-0.12417299999999987,-1485805.0,1.019531079517143,1.0161605661600315,1.0148887797349555,0.9880327160279266,0.9855902914156944,0.9899518824056713,1.0100313040943736,1.0039544869863557,1.0042087135104216,0.3343857142857143,0.04777142857142851,0.009553333333333332,0.10218014285714284,0.019375285714285706,-0.0016193999999999894,-355735.5714285714,-114111.78571428571,54149.23333333333
2001-10-04,15.7374,15.9494,15.5921,15.9494,5.790864,3562890.0,1.013471094335786,0.9907672169481617,1.013471094335786,-0.21780000000000044,0.12555300000000003,-153655.0,1.0172192952301804,1.0169843550461513,1.0149923054214176,0.9872066672221029,0.9865437583719926,0.9897048093825629,1.009197249198345,1.0051930899441266,1.004312239196884,0.2691571428571426,0.06633571428571423,-0.0008899999999999982,0.09484600000000006,0.031069071428571453,0.0002650666666666505,-614441.2857142857,8751.142857142857,38511.833333333336
2001-10-05,15.9246,16.385099,15.7641,16.3564,5.938636,4405288.0,1.0289174610351282,0.9899212539090463,1.0271152807605843,0.1872000000000007,0.1477719999999998,842398.0,1.0163914507749534,1.0186193896977407,1.0153218309076482,0.9860533212434904,0.9875210997744592,0.9893749269082519,1.0081788278318837,1.0083540942684428,1.0047216453708405,0.23038571428571433,0.10639285714285711,0.0004766666666666808,0.08062371428571424,0.056243142857142825,0.002542699999999994,-183216.2857142857,-23602.214285714286,60864.666666666664
2001-10-08,16.194,16.280001000000002,16.0889,16.1654,5.869288,3717348.0,1.0053106706187478,0.99350994195381,0.998233913795233,0.2693999999999992,-0.06934799999999974,-687940.0,1.0158886654690618,1.0175792125915293,1.0149139389956152,0.9881883508418933,0.9872936967195487,0.9891624951774723,1.0080160948183476,1.0077546099730088,1.004124907408656,0.1487714285714285,0.1262499999999999,-0.0010199999999999912,0.05302485714285713,0.042617499999999975,-0.003884933333333329,-783212.1428571428,40304.142857142855,-33672.7
2001-10-09,16.1271,16.146299,15.6877,15.7192,5.707283,3502923.0,1.0011904806195782,0.9727539359215235,0.9747071699189565,-0.0669000000000004,-0.16200499999999973,-214425.0,1.0138261240031006,1.0172926208629243,1.014759813804117,0.9863492348963542,0.9863700073679953,0.9883317351018874,1.0045813300437687,1.0065059047623393,1.0032623511935768,0.12009999999999975,0.10304285714285706,-0.01051000000000002,0.02343942857142865,0.0298085714285715,-0.008868766666666665,-803095.4285714285,-57934.5,30177.5
2001-10-10,15.659,16.146299,15.6495,16.0889,5.841514,5053637.0,1.0311194201417715,0.9993933201353853,1.02745386039977,-0.46809999999999796,0.13423099999999977,1550714.0,1.0158834305505249,1.018514942824213,1.0155833972308526,0.9877717646477192,0.9885186821093628,0.9887064088876054,1.0061149851994784,1.0103257383876842,1.004572376321441,0.040942857142857135,0.09553571428571431,-0.023886699999999966,0.02383328571428578,0.05550150000000003,-0.0011218333333333477,474238.85714285716,-379796.78571428574,125736.46666666666
2001-10-11,16.298201000000002,16.4615,16.280001000000002,16.385099,5.949056,7385524.0,1.0100194493858554,0.9988833123361284,1.0053317540997315,0.6392010000000017,0.10754199999999958,2331887.0,1.013117299312888,1.0169479768126333,1.0154015093397357,0.9884974127638364,0.9888507518304437,0.9886691859654764,1.0034680529346158,1.0084239369985244,1.0044525007118632,0.10345728571428607,0.20527864285714298,0.00825006666666681,0.022795999999999976,0.06565985714285714,0.0023127666666666437,311882.0,-113803.85714285714,122295.73333333334
2001-10-12,16.614401,16.614401,16.3564,16.375601,5.945608999999999,4967754.0,1.0,0.9844712427489862,0.9856269269051589,0.3161999999999985,-0.003447000000000422,-2417770.0,1.0128612251624096,1.0161961523397764,1.0153304644482488,0.9899571748504344,0.9889949454391805,0.9883566307983339,1.004562857173603,1.007297080633988,1.0039812439642368,0.0941715714285716,0.21427864285714296,0.015796733333333417,0.04004257142857132,0.07111135714285709,0.0028913333333332974,178744.14285714287,-88495.71428571429,36560.566666666666
2001-10-15,16.2418,16.4424,16.146299,16.432899,5.966412999999999,3769409.0,1.0123508478124346,0.9941200482705117,1.0117658757034318,-0.3726009999999995,0.020804000000000045,-1198345.0,1.012701189944788,1.0149602425874842,1.0148493612901293,0.9904361507536272,0.9888214089878652,0.9882002942314246,1.004319254511838,1.0067582518550915,1.0035203077133965,0.07205714285714317,0.1706071428571429,0.006370033333333443,0.02507842857142847,0.05996221428571426,-0.0003461666666667066,29502.714285714286,-292469.28571428574,24808.4
2001-10-16,16.6717,16.748199,16.5284,16.633499,6.039246,7049849.0,1.0045885542566144,0.9914045958120647,0.997708631993138,0.42989999999999995,0.07283300000000104,3280440.0,1.0092256318335717,1.0128085413042627,1.0144987369784084,0.990648056739773,0.9883506889916317,0.9879330419369104,1.000118304687917,1.0041485662599003,1.0030932095012213,0.10672857142857163,0.168557142857143,0.007643333333333402,0.014372857142857218,0.04749828571428573,0.0002190333333333368,377794.4285714286,97289.07142857143,102499.46666666666
2001-10-17,16.624001,16.624001,16.385099,16.4806,5.983731,4253267.0,1.0,0.9856290913360749,0.9913738575930066,-0.04769900000000149,-0.05551500000000065,-2796582.0,1.008466964602322,1.012177815035692,1.0142731203078088,0.9895222209372392,0.9888552858895662,0.988259358436792,0.9991382966590276,1.0035771957386876,1.0035136845076063,0.06142871428571439,0.10510007142857145,0.008473333333333244,0.016348999999999947,0.034686928571428535,0.0055489666666666436,76559.85714285714,-353326.14285714284,-62622.666666666664
2001-10-18,16.2609,16.337298999999998,16.079399,16.1367,5.858869,5778034.0,1.0046983254309416,0.9888381946878708,0.9923620463811967,-0.36310100000000034,-0.12486199999999936,1524767.0,1.0089680852896596,1.01139710464638,1.0140615725904691,0.9918199721895746,0.9890846035429642,0.9882143600547082,1.001660421867919,1.0031208759558439,1.0033611858417408,0.01911428571428583,0.06960714285714278,0.022929999999999968,0.021655142857142855,0.022547285714285752,0.007399500000000033,325015.85714285716,-239039.7857142857,-796714.4666666667
2001-10-19,16.069799,16.2418,15.9743,16.050698999999998,5.827644,6168503.0,1.0107033697185634,0.9940572374302877,0.9988114350403511,-0.19110099999999974,-0.031225000000000058,390469.0,1.0060515066577727,1.0109674686041488,1.0139392764990978,0.991057674660275,0.9894147196539971,0.9882245140788829,0.9975686468165735,1.0018418160080258,1.0031133208999208,0.05868557142857129,0.04981421428571421,0.026113299999999975,-0.0019814285714285468,0.010925928571428616,0.0080942,159266.57142857142,316752.71428571426,63624.53333333333
2001-10-22,16.0641,16.2418,16.0221,16.2418,5.897028,4208332.0,1.0110619331303965,0.9973854744430126,1.0110619331303965,-0.005698999999999899,0.06938399999999945,-1960171.0,1.006200432906993,1.0096588661099406,1.0133067390971162,0.9908436978184012,0.9896705552911189,0.9882000243829616,0.9983872438209543,1.0009276483777851,1.0026058874783417,-0.03344300000000037,0.035007142857142855,0.026559999999999976,-0.007432571428571423,0.007681714285714276,0.006937233333333322,-453884.5714285714,-71001.28571428571,-78208.0
2001-10-23,16.5284,16.547501,16.4042,16.5284,6.001086,6161997.0,1.0011556472495824,0.9924856610440211,1.0,0.4643000000000015,0.1040580000000002,1953665.0,1.006365525371219,1.0096133752668144,1.0131112446678774,0.9919886147176921,0.9909728947840633,0.9880004379782806,1.0004405399773602,1.0025016985754815,1.002595666579158,-0.01228585714285708,0.04094285714285727,0.02914000000000006,0.00792528571428581,0.023983928571428566,0.01052199999999998,170606.14285714287,174675.14285714287,119853.8
2001-10-24,16.496901,16.700398999999997,16.4424,16.700398999999997,6.063535,5238604.0,1.0123355289578324,0.9966962885938394,1.0123355289578324,-0.031499000000000166,0.06244899999999998,-923393.0,1.0063633369634188,1.0095322634541033,1.0124390236311225,0.992356649049596,0.9913963999016115,0.9878903142647419,1.0005219190137031,1.0024205867627705,1.0024866363117446,0.03644299999999997,0.05425007142857157,0.05608336666666673,0.013874571428571514,0.01947649999999999,0.020027333333333324,209885.0,119693.85714285714,77556.0
2001-10-25,16.815001000000002,16.967899,16.633499,16.815001000000002,6.105144,6906735.0,1.0090929521800205,0.9892059477129973,1.0,0.31810000000000116,0.04160900000000023,1668131.0,1.007006822381048,1.0081162271073099,1.012742122037123,0.9920425564640148,0.9913453066018939,0.9885928947701148,1.0008492573003978,1.0004837809941574,1.0034240708941184,0.02047157142857157,0.0636000714285716,0.05095336666666673,0.00941399999999997,0.011893428571428595,0.023702900000000002,-20444.85714285714,178674.7857142857,53087.5
2001-10-26,16.862801,17.0443,16.8437,16.910601,6.139853,18366443.0,1.0107632771091823,0.9988672700342012,1.0028346417656235,0.04779999999999873,0.034708999999999435,11459708.0,1.0085444333966456,1.0085056989994838,1.0130362962764257,0.9939337248494615,0.9917279728933502,0.989307847785922,1.0024865121822,1.000812404420614,1.0036475371887394,0.03411428571428589,0.04777150000000014,0.06847003333333337,0.022303142857142837,0.019326071428571394,0.026131866666666663,2016168.0,1046363.9285714285,497535.63333333336
2001-10-29,16.977501,17.168501000000003,16.9583,17.0166,6.1783410000000005,5063709.0,1.0112501834044954,0.9988690326096874,1.0023029891148292,0.11469999999999914,0.038488000000000966,-13302734.0,1.0094804131071533,1.0092242491984065,1.0132104031928129,0.9953667016954352,0.9935933369425048,0.9900621997304277,1.0039066468584332,1.0027835343631761,1.0042955961518951,0.10237157142857153,0.06074292857142868,0.0847467,0.04563885714285717,0.03364700000000002,0.034236966666666674,-102046.42857142857,111484.71428571429,10933.0
2001-10-30,16.862801,17.0634,16.8246,17.0291,6.18288,3282803.0,1.0118959477728522,0.9977345993705315,1.0098618847485656,-0.11469999999999914,0.004538999999999405,-1780906.0,1.0096507814006233,1.007851144029198,1.0129444964483842,0.9958920391154701,0.9934748568878725,0.9900969002186936,1.0054852825310354,1.0015269646738045,1.0044034358458036,0.11328600000000019,0.08598578571428574,0.08121003333333335,0.05074799999999995,0.0243832857142857,0.030341233333333318,-412242.85714285716,-126488.14285714286,4323.766666666666
2001-10-31,16.9583,17.168501000000003,16.920099,17.0443,6.188399,5553539.0,1.0123951693271143,0.9977473567515611,1.0050712630393377,0.09549900000000022,0.005519000000000496,2270736.0,1.00984124371444,1.0080208383107165,1.0131842432652867,0.9959437365881199,0.9933937172032606,0.9904989592156366,1.0046294725180267,1.0015083581694906,1.0048328431848372,0.12774285714285735,0.04714992857142849,0.07579333333333338,0.04162442857142867,0.017095928571428626,0.029947866666666705,192172.42857142858,-130856.07142857143,41317.76666666667
2001-11-01,16.673599,16.8246,16.585698999999998,16.711901,6.213533,7431133.0,1.0090562931254374,0.9947281927555052,1.0022971645173908,-0.28470100000000187,0.025133999999999546,1877594.0,1.0109699074109906,1.0086677163911049,1.0130192226133434,0.9962640982611891,0.9941263564894405,0.9913461698489454,1.0049576388776542,1.0026990894275072,1.0057768756805856,0.02074271428571401,0.004228428571428466,0.07840329999999997,0.030349571428571438,0.01913742857142862,0.03830133333333334,181305.14285714287,175955.64285714287,-97988.63333333333
2001-11-02,16.7864,16.910601,16.7673,16.881901,6.27674,3030028.0,1.0073989062574464,0.9988621741409711,1.0056891888671782,0.11280100000000104,0.06320700000000024,-4401105.0,1.0102646755966498,1.0083140062800342,1.0122006203703262,0.9965735104822079,0.9944650797659019,0.9915004311122779,1.0040081617218466,1.0022650403677746,1.0049012828578927,0.0413569999999999,0.038899999999999935,0.11206999999999999,0.030457857142857186,0.02216621428571435,0.041564066666666684,-315510.85714285716,-52812.92857142857,-198291.66666666666
2001-11-05,16.9583,17.0252,16.881901,17.0252,6.330018,4416909.0,1.0039449708992056,0.9954948904076468,1.0039449708992056,0.17190000000000083,0.053277999999999714,1386881.0,1.0095292496993906,1.0082680360402192,1.011981267979633,0.9974719308671577,0.9947572436655863,0.9919351763849771,1.0045717289931615,1.0027104931467796,1.0049860180209107,0.020471285714285564,0.020471428571428568,0.11146000000000006,0.032124857142857115,0.020769428571428543,0.04599893333333333,-355689.4285714286,-188067.14285714287,-59659.5
2001-11-06,17.1017,17.185699,17.073,17.185699,6.389691,4306536.0,1.004911733921189,0.998321804265073,1.004911733921189,0.14339999999999975,0.05967300000000009,-110373.0,1.0086933149582487,1.0086188741774471,1.0111565396321884,0.9973940071858537,0.9956638660176577,0.9919942512408486,1.0048684564439567,1.0036774843130785,1.0045060931980174,0.034128428571428567,0.03412135714285723,0.10828,0.03569114285714292,0.02899714285714288,0.04209163333333334,-2008558.142857143,3804.9285714285716,-118581.43333333333
2001-11-07,17.168501000000003,17.178101,16.821699,16.821699,6.254355,1985087.0,1.0005591635519024,0.9798001001951188,0.9798001001951188,0.06680100000000166,-0.13533599999999968,-2321449.0,1.0071660264078781,1.0083232197575158,1.0100180993431946,0.9946698739837725,0.9950182878396039,0.9913877653887081,1.0016537580268552,1.0027802024426442,1.0026912888603277,0.027285714285714642,0.06482864285714308,0.09522003333333344,0.01085914285714283,0.028249,0.029336166666666674,-439803.14285714284,-270924.78571428574,-123423.83333333333
2001-11-08,16.9583,17.149401,16.862801,16.986099,6.315482,2745522.0,1.0112688771869822,0.994368598267515,1.0016392562933782,-0.21020100000000141,0.06112699999999993,760435.0,1.007076444895611,1.008363613148117,1.0100993896574277,0.9941890166833416,0.9950405278994058,0.9919145608387923,1.0004790968189712,1.0029821896750033,1.0027668292404406,0.013642714285714317,0.06346435714285725,0.060190000000000056,0.018943142857142905,0.03484557142857143,0.027245600000000002,-76754.42857142857,-244498.64285714287,-215143.7
2001-11-09,17.038601,17.3405,17.0061,17.2717,6.421667,4076468.0,1.0177185321729172,0.9980925077123409,1.0136806419728943,0.08030099999999862,0.10618499999999997,1330946.0,1.0078369253021544,1.008839084508297,1.0101690650338149,0.9942383239634529,0.9950910302757865,0.992330052844527,1.0017090080951936,1.0031692403066101,1.0032644998615037,0.011471571428571232,0.06960721428571429,0.058406699999999985,0.03332399999999997,0.037474214285714326,0.029282000000000016,-211010.14285714287,-9418.857142857143,-168270.76666666666
2001-11-12,17.3883,17.6271,17.3405,17.4389,6.483831,3524698.0,1.013733372440089,0.9972510251145884,1.002910002702967,0.3496990000000011,0.06216400000000011,-551770.0,1.0085050794899617,1.0097374934504761,1.0100695683048244,0.9945987285861791,0.995431413423684,0.9925905666191525,1.0017965564074187,1.0033770976425365,1.0028042241412758,0.10210014285714308,0.06142142857142855,0.06719666666666667,0.03861400000000005,0.03448178571428574,0.02697166666666669,-558062.1428571428,-188378.5,59691.1
2001-11-13,17.4265,17.7418,17.3118,17.579399,6.53607,3841354.0,1.018093134020027,0.9934180701804723,1.008773936246521,0.03819999999999979,0.05223899999999926,316656.0,1.0100328263131875,1.0101487509549185,1.009693260503848,0.9938209994489651,0.9951972549655864,0.9925777097743911,1.0022372346044677,1.0031226981631571,1.0023013460177006,0.09144285714285719,0.06639992857142854,0.061750000000000034,0.03704714285714277,0.03375249999999998,0.02488619999999999,115903.71428571429,-99803.57142857143,-45366.53333333333
2001-11-14,17.729401,17.818199,17.608,17.7752,6.608867999999999,3876112.0,1.0050085166441889,0.9931525605405395,1.0025832232008292,0.30290099999999853,0.0727979999999997,34758.0,1.0101847614196138,1.009857005559502,1.0098004604235427,0.9934863808965212,0.9954791558818394,0.9932076981876492,1.0020426992189853,1.0033072141060733,1.0031220102166534,0.11015728571428543,0.0653142857142855,0.05914003333333332,0.0398357142857142,0.03598028571428565,0.03145189999999998,-77256.71428571429,-216473.07142857142,5318.9
2001-11-15,17.7227,17.770398999999998,17.502899,17.6749,6.571578,4774294.0,1.0026914070655146,0.9875977700914645,0.9973028940285623,-0.006700999999999624,-0.0372899999999996,898182.0,1.009867571868803,1.0092804434135259,1.0094411375145336,0.9919543760145771,0.9946741916002154,0.9931020499590927,1.0009557220914673,1.002912089267712,1.0025830702064125,0.08871428571428552,0.06142135714285705,0.06617666666666669,0.025983857142857097,0.03083750000000001,0.02602379999999999,66822.57142857143,-970867.7857142857,40380.13333333333
2001-11-16,17.579399,17.885099,17.483801,17.691098999999998,6.577601,3529053.0,1.017389672991665,0.9945619301319687,1.0063540283715047,-0.143301000000001,0.0060229999999998896,-1245241.0,1.0122719303601977,1.009718978384038,1.0090568779130848,0.9940632088626985,0.9943665414232354,0.9932567391665235,1.0047491404023794,1.003201449214617,1.00189102846011,0.05869971428571371,0.042992714285714176,0.05515996666666663,0.04617799999999989,0.028518571428571362,0.021298833333333326,220566.57142857142,-109618.28571428571,-29207.833333333332
2001-11-19,17.579399,17.6367,17.0921,17.178101,6.386866,5309840.0,1.0032595539813394,0.9722801103723739,0.977172257140304,0.0,-0.1907349999999992,1780787.0,1.0111277413308202,1.0091020931132155,1.0089885073585048,0.990907710591964,0.9925483636376528,0.9925490781138089,1.0012538548090832,1.000866475814027,1.001188973238279,0.0887284285714282,0.05118557142857126,0.046179966666666655,0.010197714285714301,0.014570428571428604,0.01725260000000001,366331.14285714284,144788.35714285713,53083.066666666666
2001-11-20,17.1017,17.1017,16.8055,16.967899,6.308712,6094719.0,1.0,0.98268008443605,0.9921761579258201,-0.47769899999999765,-0.0781540000000005,784879.0,1.0085965224489748,1.0082167238755646,1.0089488246711855,0.9887059358382082,0.9914721299008306,0.9928799497309596,0.9981817856595011,0.9999453968773474,1.0017712728385078,0.009014142857143017,0.010242857142857125,0.03248666666666675,-0.016136428571428624,0.008593785714285675,0.020047633333333318,288321.5714285714,38655.71428571428,86393.2
2001-11-21,16.815001000000002,17.0826,16.8055,16.948798999999998,6.301613,3118184.0,1.0159143017594823,0.9994349688114795,1.0079570616736802,-0.2866989999999987,-0.0070990000000001885,-2976535.0,1.0089080837803166,1.008706581635139,1.0084419873917758,0.9890179277949069,0.9918083281905431,0.9928813380201629,0.9989027940838887,1.0003496752456535,1.0011213795476381,-0.08189985714285695,0.010100142857143066,0.03853336666666672,-0.02603114285714295,0.006291428571428551,0.01533663333333332,-58073.42857142857,-308067.78571428574,-64515.1
2001-11-22,16.948798999999998,17.0921,16.7768,16.8342,6.2590010000000005,2999694.0,1.0084549353614967,0.9898518473196835,0.9932385179622463,0.1337979999999952,-0.042611999999999206,-118490.0,1.0075311982576696,1.0087820122854285,1.0083898369242972,0.9885084673862228,0.9911647334175939,0.9925802891862812,0.9966834486147066,0.9994603416095872,1.0007182716763885,-0.06824300000000047,0.011599928571428362,0.021686599999999837,-0.03958128571428559,-0.001267071428571409,0.010331500000000026,-120237.14285714286,-2166.714285714286,-146194.33333333334
2001-11-23,16.8342,16.9583,16.681299,16.6908,6.205687,4887273.0,1.0073718976844759,0.9909172399044802,0.9914816266885269,-0.11459899999999834,-0.053314000000000306,1887579.0,1.0078688241205678,1.0090267927700907,1.008635566847113,0.9881891358667857,0.9908377583816534,0.992795155758131,0.9950975062558064,0.9985701027373958,1.000913428335834,-0.12788585714285716,-0.008864285714285864,0.007326633333333277,-0.05759728571428559,-0.008880785714285697,0.008669266666666698,144451.57142857142,33597.42857142857,-2682.7
2001-11-26,16.7453,17.0061,16.624001,16.929701,6.294511,4262900.0,1.0155745194173886,0.9927562360781831,1.0110121048891332,-0.08889999999999887,0.08882399999999979,-624373.0,1.009709268742264,1.0097884203055334,1.008743022567278,0.9889260595791741,0.9904402177968755,0.9927496953517202,0.9970559649501736,0.9990058435208204,1.0008883026420243,-0.13962857142857135,-0.025457142857142907,0.0167833333333333,-0.03958099999999996,-0.006798571428571432,0.010936600000000022,-73056.28571428571,-3116.8571428571427,16449.7
2001-11-27,17.087298999999998,17.197201,17.0061,17.0443,6.337121,3552397.0,1.0064317947500072,0.9952479909200396,0.9974835695214324,0.3419989999999977,0.042609999999999815,-710503.0,1.0081438575648842,1.010207893962541,1.008804463917058,0.9890240682631842,0.9915436385629414,0.9928778085219859,0.9957887565430205,1.0002689484726999,1.0008808005596341,-0.0703000000000001,-0.00580014285714319,0.013853299999999891,-0.034354285714285684,0.005911857142857103,0.009929166666666649,3334.8571428571427,111950.71428571429,-116581.73333333334
2001-11-28,17.1017,17.1017,16.862801,16.862801,6.269637,4399504.0,1.0,0.9860306870077243,0.9860306870077243,0.014401000000002995,-0.06748399999999943,847107.0,1.0076782069961217,1.009402974163471,1.008804463917058,0.9909884363539485,0.9909480734729563,0.9928911950443743,0.9970542465240805,0.9991540506665818,1.000702694873458,-0.06824271428571395,0.010242857142857125,0.01592330000000004,-0.016747000000000005,-0.003274642857142851,0.009530200000000022,-130048.0,118141.57142857143,4874.566666666667
2001-11-29,16.7768,16.910601,16.7195,16.7386,6.223459,6287243.0,1.0079753588288587,0.9965845691669447,0.9977230461112966,-0.3248999999999995,-0.046178000000000274,1887739.0,1.008817543971673,1.0087070332103238,1.008913698363655,0.992974791315505,0.9908403635768565,0.9931494075270101,0.9978466591220058,0.9980142223907534,1.0008813948644613,-0.046414285714285644,-0.018700071428571313,0.017196666666666735,-0.012178999999999971,-0.014157714285714298,0.012152999999999992,27503.428571428572,157912.5,16973.633333333335
2001-11-30,16.862801,17.0539,16.059299,16.059299,5.970893,14964342.0,1.0113325775474666,0.9523506207539304,0.9523506207539304,0.08600099999999955,-0.25256599999999985,8677099.0,1.008163011941385,1.0085355478608509,1.008934671957952,0.9862484558787122,0.9876331918368095,0.9917591869711315,0.9899028818477557,0.9944028379658223,0.999332701054914,0.006828571428571247,-0.03753564285714285,0.026433400000000044,-0.04724571428571421,-0.03663842857142858,0.004774966666666666,1692308.2857142857,817117.4285714285,293194.63333333336
2001-12-03,16.337298999999998,16.337298999999998,16.069799,16.2896,6.05652,7046731.0,1.0,0.9836264244169126,0.9970803619374293,-0.525502000000003,0.08562699999999968,-7917611.0,1.0069551640325998,1.0072431811451346,1.0085659408536052,0.985359109749745,0.986933788567984,0.9913005519702616,0.9904517167013533,0.9935675826580299,0.9988666486818151,-0.08735714285714279,-0.07780007142857162,0.009106633333333274,-0.028925857142857225,-0.034253571428571404,0.005316400000000007,578148.1428571428,228955.5,94613.3
2001-12-04,16.432899,16.643101,16.2705,16.614401,6.177282,6243632.0,1.012791534835089,0.9901174467146667,1.0110450383708927,0.09560000000000102,0.12076200000000004,-803099.0,1.0077293979112587,1.007799111015913,1.0089538037731223,0.9852448535797718,0.9867169947232787,0.9912216114926163,0.9932464897988341,0.9941719980273203,0.9992348166275115,-0.0573287142857143,-0.09260728571428574,-0.0031833666666667426,-0.004057857142857176,-0.03082757142857138,0.0058732,193765.57142857142,169108.57142857142,2721.1666666666665
2001-12-05,16.7195,16.881901,16.7099,16.7673,6.234131,4485383.0,1.0097132689374682,0.9994258201501242,1.0028589371691736,0.286601000000001,0.056848999999999705,-1758249.0,1.0068920764141271,1.0083006725781956,1.0088663951057766,0.9861976513043346,0.9875618554417545,0.9913125958778258,0.9920817515531256,0.9945688582516496,0.9989189302345561,-0.003685714285714324,-0.07165714285714284,0.007419966666666629,-0.008625714285714332,-0.024103357142857145,0.005686533333333325,31783.285714285714,-20636.5,-25107.366666666665
2001-12-06,16.815001000000002,16.862801,16.2227,16.344998999999998,6.0771180000000005,8646722.0,1.0028426998012072,0.9647754406913207,0.9720486487036186,0.09550100000000228,-0.15701299999999918,4161339.0,1.0063793485642984,1.0072616030645913,1.0086580533598164,0.9818444298430891,0.9854342490531367,0.9904982456437701,0.988448191436295,0.9921184739896577,0.9979872185246769,-0.03889971428571367,-0.05459985714285688,0.0,-0.037143285714285615,-0.03574878571428565,-0.0009341999999999888,727760.7142857143,365547.78571428574,57999.566666666666
2001-12-07,16.337298999999998,16.337298999999998,16.108,16.2227,6.031645,4794887.0,1.0,0.9859646934294343,0.9929854378009487,-0.4777020000000043,-0.04547300000000032,-3851835.0,1.0063793485642984,1.00702877778021,1.008299277456177,0.9818350021890476,0.9864117192714982,0.9900681597569444,0.9894417272638986,0.9932479868939895,0.9976589117258542,-0.10920014285714329,-0.08872142857142862,-0.017516733333333433,-0.03399885714285717,-0.025372928571428588,-0.0036069333333333137,56483.28571428572,-36782.357142857145,-452385.2
2001-12-10,16.249399,16.585698999999998,16.1654,16.585698999999998,6.16661,3565151.0,1.0206961500545342,0.994830639582424,1.0206961500545342,-0.08789999999999765,0.13496500000000022,-1229736.0,1.0081966044536808,1.008507074212677,1.0086141430111781,0.9815844408198304,0.9872796160676677,0.9899335466560356,0.9927235992557897,0.9952851291888977,0.998272017090511,-0.07534300000000016,-0.0608786428571429,-0.02427006666666666,-0.008121285714285673,-0.010150142857142821,-0.0003910333333333386,-388870.28571428574,-180683.42857142858,-49951.933333333334
2001-12-11,16.5189,16.8064,16.432899,16.8064,6.248667,4150664.0,1.0174043065821574,0.9947937816682709,1.0174043065821574,0.2695009999999982,0.08205699999999982,585513.0,1.0090639943157795,1.0086135031285821,1.0087977549714884,0.9876477495218791,0.9869481027002956,0.9898355193992935,1.0020169829455363,0.9959599323966462,0.9985234311516308,-0.049128714285714636,-0.021150071428571695,-0.011463366666666749,0.039681999999999995,-0.003781857142857107,0.002192900000000009,-1544811.142857143,73748.57142857143,28928.7
2001-12-12,16.7195,16.7195,16.3937,16.3937,6.095225,3949184.0,1.0,0.9805137713448369,0.9805137713448369,0.20060000000000144,-0.15344200000000008,-201480.0,1.0090639943157795,1.0080095791741894,1.0083845826605846,0.9872030847972967,0.9862810972735209,0.9892610665524029,0.9996503271465945,0.9950510219239739,0.9977048480951475,0.054600142857143145,-0.01637849999999982,-0.007960000000000042,0.005529285714285744,-0.011698285714285741,-0.0031058000000000105,-442506.71428571426,67820.71428571429,-53478.5
2001-12-13,16.432899,16.547501,16.318199,16.5208,6.142481,1800282.0,1.0069739368567896,0.9930200994967474,1.0053490866097334,-0.286601000000001,0.047255999999999965,-2148902.0,1.0082329088903081,1.0079811534007832,1.008315170784963,0.9876177494804511,0.9864313015301115,0.9892041301104442,0.9988366197521433,0.9960415547754886,0.997806578831559,0.0,-0.02866435714285715,-0.008023333333333346,-0.0049715714285714085,-0.004514714285714293,-0.0023683999999999966,-634764.2857142857,-220499.35714285713,-187695.03333333333
2001-12-14,16.432899,16.5762,16.385099,16.3908,6.094146,2177825.0,1.008720372467451,0.9970912010108504,0.9974381270158114,0.0,-0.048334999999999795,377543.0,1.0080910665374485,1.0074915714757877,1.0083592196586297,0.987284232460555,0.9867409418824449,0.9891450976727735,0.998062218301663,0.9950719849273942,0.9975315434365134,-0.04094300000000014,-0.022314357142857233,-0.011783366666666713,-0.01999785714285705,-0.014311785714285692,-0.006086466666666664,-329651.14285714284,-148933.92857142858,-28406.766666666666
2001-12-17,16.4711,16.614401,16.3421,16.3421,6.076038,1903578.0,1.0087001475311304,0.9921681004911632,0.9921681004911632,0.03820100000000082,-0.01810800000000068,-274247.0,1.0089278447845804,1.0076535966744395,1.0085177255463607,0.9911974695748181,0.9865209497089537,0.9890342046755574,1.0009364256998836,0.9946923085680893,0.9971389810895787,-0.049128714285714636,-0.04401421428571416,-0.016240000000000046,-0.00015428571428583688,-0.018648785714285725,-0.00846600000000001,-963306.2857142857,-117772.78571428571,-83777.7
2001-12-18,16.432899,16.662201,16.432899,16.662201,6.195053,2589379.0,1.0139538373600423,1.0,1.0139538373600423,-0.03820100000000082,0.11901500000000009,685801.0,1.0109212501217293,1.008650299343014,1.0088191289943222,0.9932025133706134,0.9875187577798304,0.9890901445333883,1.0039319113511826,0.9966868193075406,0.9974403845375404,0.013657142857143003,-0.04777150000000014,-0.022293366666666734,0.023343999999999938,-0.0053274285714286175,-0.006487933333333344,-315072.5714285714,-129294.64285714286,-57238.566666666666
2001-12-19,16.7281,16.929701,16.7195,16.748199,6.227026,4646270.0,1.012051637663572,0.9994858949910629,1.0012015112296075,0.29520100000000227,0.031973000000000695,2056891.0,1.0096863197801633,1.008941462116922,1.0092022114647115,0.9938675498575618,0.9877259953386961,0.9897463376932532,1.0011469629476217,0.9969352811017057,0.9981537649053567,0.06838585714285728,-0.003478571428571442,-0.014680033333333379,0.008630857142857147,0.00025478571428573716,-0.0009109666666666645,154445.57142857142,-117212.35714285714,88706.1
2001-12-20,16.7864,16.8915,16.7195,16.733801,6.221674,2798775.0,1.0062610208263834,0.9960146308916742,0.9968665705571176,0.05829999999999913,-0.0053520000000002454,-1847495.0,1.0080944218150525,1.0085792080654161,1.009035282919358,0.9940419568894764,0.9908448532056777,0.9898012054473917,0.9982130006583303,1.0001149918019332,0.9979946753808147,0.03821428571428598,-0.005457214285714329,-0.005730000000000028,-0.0038561428571428635,0.017912928571428566,-0.003126933333333337,-193127.0,-868969.0714285715,1775.1
2001-12-21,16.7052,16.939199,16.681299,16.899099,6.283132,11140300.0,1.0140075545339173,0.9985692478988577,1.0116071043746857,-0.08119999999999905,0.06145800000000001,8341525.0,1.0100955010341837,1.0095797476749815,1.0089115836647247,0.996621310682908,0.9919121977401024,0.9898170967869423,1.00265490537688,1.0011526162617375,0.9979255574608743,-0.0020428571428569497,0.026278642857143097,-0.011113366666666617,0.02684385714285715,0.016186571428571446,-0.004617833333333336,1027302.2857142857,292397.78571428574,235461.06666666668
2001-12-24,16.948798999999998,16.977501,16.929701,16.948798999999998,6.301613,1073664.0,1.001693453323743,0.9988731944959642,1.0,0.24359899999999612,0.018480999999999526,-10066636.0,1.0093411462437485,1.0087870275670283,1.0085102530275132,0.9974574671113675,0.9925376082959093,0.9898711690996548,1.001890750146918,1.0003636849495308,0.9978285573707755,0.07369999999999978,0.03684999999999989,-0.01465003333333345,0.022733142857142803,0.008880785714285697,-0.006073933333333355,-103802.57142857143,-369283.4285714286,-81701.13333333333
2001-12-25,17.740299,17.740299,17.740299,17.740299,6.595892,0.0,1.0,1.0,1.0,0.7915000000000028,0.2942790000000004,-1073664.0,1.0080953787483984,1.0080932226429233,1.007907148560179,0.9978730098241032,0.992578621142329,0.9900905667603058,1.0022567320018023,1.0001594751517326,0.9975360928292248,0.18677142857142875,0.0729142142857143,0.01045996666666665,0.07167799999999998,0.02584007142857146,0.001994066666666683,-311117.85714285716,-320384.5,-128045.13333333333
2001-12-26,17.740299,17.740299,17.740299,17.740299,6.595892,0.0,1.0,1.0,1.0,0.0,0.0,0.0,1.0068525005296656,1.0078901726571228,1.0077401980053726,0.9989918526110798,0.9950946610929491,0.9903188147422878,1.003375574788779,1.0021560002443313,0.9974499853891972,0.18131414285714292,0.06609271428571414,0.00036326666666669873,0.07426485714285722,0.037055285714285686,-0.000432533333333307,-271939.71428571426,-617623.0,-129203.73333333334
2001-12-27,16.910601,17.1017,16.900999,17.0539,6.340689,1135142.0,1.0113005445519057,0.9994321904939983,1.008473915267707,-0.8296980000000005,-0.25520299999999985,1135142.0,1.0064734586999315,1.0086973544108304,1.008027169254919,0.9989107369673652,0.9960566251689892,0.9907132954223722,1.0025927287755882,1.0032623200633854,0.9978223527638352,0.06824314285714296,0.04095014285714298,-0.027069966666666664,0.020805142857142935,0.022074571428571436,-0.0076962999999999815,-207748.14285714287,-261410.35714285713,-121305.06666666667
2001-12-28,17.1399,17.2068,17.1017,17.130301,6.369093,1792647.0,1.0039031732973938,0.9977712822128484,0.9994399617267311,0.22929900000000103,0.028404000000000096,657505.0,1.005309392361906,1.0074978560710346,1.00757761926511,0.9986657922847633,0.9962666710711625,0.9908202738250682,1.0023410788466058,1.0017440208971138,0.9975918838756762,0.058828571428571355,0.06360721428571432,-0.014649966666666596,0.020295285714285707,0.014463071428571426,-0.006950266666666641,-407660.4285714286,-126607.42857142857,-57880.2
2001-12-31,17.130301,17.1877,17.0147,17.0147,6.326114,2079122.0,1.0033507292136898,0.9932516655720178,0.9932516655720178,-0.009599000000001467,-0.04297900000000077,286475.0,1.0048936364172356,1.0064940291161442,1.0075806584395217,0.9982710829533838,0.9961565199214302,0.9915193256650563,1.0018246638487345,1.0000188322535324,0.9981278641567334,0.04912871428571413,0.04367150000000005,-0.014969933333333312,0.014919999999999918,0.005531928571428527,-0.0020250666666666935,-102807.57142857143,-147967.2857142857,-107690.6
2002-01-01,17.809299,17.809299,17.809299,17.809299,6.6215470000000005,0.0,1.0,1.0,1.0,0.678998,0.29543300000000094,-2079122.0,1.0028925571981044,1.0064940291161442,1.0075806584395217,0.9984754761106898,0.9975483933967989,0.9920966561838547,1.0001665060809224,1.0014107057289012,0.9983886588925394,0.15772842857142827,0.07784278571428567,0.023586633333333277,0.04834500000000005,0.0375944285714286,0.010427833333333355,-1591471.4285714286,-282084.5714285714,-203157.3
2002-01-02,16.987,17.178101,16.9583,17.145599,6.374782,1194459.0,1.0112498381114972,0.9983104727144289,1.0093364926119976,-0.822299000000001,-0.2467650000000008,1194459.0,1.0042577550249268,1.0067994506343376,1.0074251763179223,0.9983950872847561,0.9979262771980618,0.9920591729806196,1.0015002907397792,1.0016955204433486,0.9984346399238165,0.005457285714285831,0.039578642857142805,0.0057332999999998675,0.010452714285714291,0.016592928571428547,0.002438966666666668,17256.428571428572,-43273.07142857143,-64124.166666666664
2002-01-03,17.1647,17.225901,17.1017,17.1504,6.376568,2010011.0,1.0035655152726235,0.9963296766037275,0.9991668948481477,0.17770000000000152,0.0017860000000000653,815552.0,1.004767114349587,1.0064312465489926,1.007262195648293,0.997870755371003,0.9978718825975531,0.9922751006234212,1.0013812757180858,1.0018190038599442,0.9986322524866799,-0.08222842857142863,0.05227150000000006,0.007196700000000078,-0.03133200000000004,0.020172999999999965,0.003918899999999977,287144.4285714286,-11986.714285714286,-32989.433333333334
2002-01-04,17.197201,17.197201,17.0443,17.138901,6.372292,1376356.0,1.0,0.9911089601150792,0.9966099134388207,0.03250099999999989,-0.0042759999999999465,-633655.0,1.004767114349587,1.0058098074396262,1.0070164657254772,0.9966006068160143,0.9977962297135471,0.9922814912971079,1.0008969776379175,1.002136276213348,0.9988031953783564,-0.07758542857142865,0.051864357142857136,0.012100033333333352,-0.031942857142857176,0.021161000000000017,0.005553499999999989,196622.2857142857,-37658.71428571428,-117030.56666666667
2002-01-07,17.0625,17.1208,16.920099,17.0061,6.322915,2667760.0,1.0034168498168499,0.9916541538461539,0.9966945054945054,-0.13470099999999974,-0.04937699999999978,1291404.0,1.003640872244579,1.0050571654722553,1.0066112100721258,0.9954894587234652,0.9972000978454153,0.9922447552227067,0.9992142048131744,1.0009034667943815,0.9983259420652021,0.021699857142857177,0.04497150000000007,0.010573333333333323,-0.0025391428571428826,0.009133000000000027,0.0009468000000000032,218945.42857142858,5598.642857142857,-53171.333333333336
2002-01-08,16.900999,16.900999,16.614401,16.614401,6.177282,3850218.0,1.0,0.9830425408580878,0.9830425408580878,-0.16150100000000123,-0.14563300000000012,1182458.0,1.0030832760592372,1.0041963342105718,1.0063968169137925,0.9933853528156421,0.9960255725502026,0.9918379068873083,0.9968717161176538,0.9996063974821299,0.9978445744430907,-0.034128714285714574,0.01234992857142839,-0.006209999999999975,-0.027401571428571487,-0.0035531428571428897,-0.005327966666666661,293938.71428571426,-56860.857142857145,9927.366666666667
2002-01-09,16.4806,16.4806,16.4233,16.4424,6.113332,5234860.0,1.0,0.9965231848355037,0.997682123223669,-0.42039899999999975,-0.06395000000000017,1384642.0,1.0026046004572815,1.0037491184372587,1.0063968169137925,0.9938527127104259,0.9960618978319049,0.9921876568149011,0.9975046386393184,0.9996646512440263,0.9982329556502888,-0.09281442857142862,-0.021842857142857244,-0.0207033333333334,-0.030397428571428544,-0.007738714285714313,-0.005210166666666686,450819.71428571426,174006.07142857142,27845.2
2002-01-10,16.432899,16.547501,16.432899,16.5208,6.142481,4256691.0,1.0069739368567896,1.0,1.0053490866097334,-0.04770099999999999,0.029149000000000314,-978169.0,1.0036008771511085,1.0032467171746065,1.00636343618139,0.9938527127104259,0.9961640944105579,0.9923015045093363,0.9982687938692802,0.9992176499751012,0.9984871570002366,-0.19662857142857146,-0.019450071428571598,-0.011463366666666749,-0.06843800000000007,-0.010046500000000005,-0.0026992666666666664,608098.7142857143,-491686.35714285716,-67685.06666666667
2002-01-11,16.5762,16.5762,16.432899,16.538,6.148874,4043977.0,1.0,0.9913550150215369,0.997695491125831,0.143301000000001,0.006393000000000093,-212714.0,1.0019937574208948,1.0031257562229106,1.0059856835964744,0.9928590758971555,0.9956270815909559,0.9936016509849231,0.9966057936569708,0.9990530421983749,0.9999986526793,-0.05868571428571404,-0.026614214285714106,-0.0095533666666667,-0.032272571428571366,-0.010909928571428537,0.005932699999999998,407074.0,212165.2142857143,-364012.1666666667
2002-01-14,16.4233,16.5284,16.308701,16.318199,6.067152,5695771.0,1.0063994446913835,0.9930221697222847,0.9936004944195137,-0.15289999999999893,-0.08172200000000007,1651794.0,1.0023986044807176,1.0035828594151524,1.0061989984195205,0.9923865749140922,0.9951286651425476,0.9939148424951021,0.9958105935957374,0.9985959346569117,0.9998826570953695,-0.10591428571428553,-0.09407135714285708,0.0028667000000001035,-0.04420228571428567,-0.03776714285714285,0.00035440000000000655,526537.1428571428,406840.78571428574,-45032.0
2002-01-15,16.308701,16.385099,16.2609,16.299101,6.06005,4553153.0,1.0046844932652823,0.9970689878979325,0.9994113571644977,-0.1145990000000019,-0.00710199999999972,-1142618.0,1.0030678178043293,1.0039174660769583,1.005928763700527,0.9932380074545,0.9949193071352571,0.9941465605345443,0.9962107998422626,0.99855388874009,0.999494867721823,-0.1269285714285715,-0.10225700000000007,-0.004139933333333327,-0.044605999999999923,-0.03827442857142855,-0.0039077333333333185,453828.14285714284,325225.21428571426,-56349.3
2002-01-16,16.337298999999998,16.624001,16.327801,16.624001,6.1808510000000005,5352317.0,1.0175489228666257,0.999418630949951,1.0175489228666257,0.02859799999999879,0.12080100000000016,799164.0,1.0050866853828688,1.0043637788137239,1.0061899521648323,0.9943472184693282,0.9949183385963966,0.9941463208945386,0.999190002323994,0.9992021035685842,0.999984533911738,-0.10360014285714314,-0.04095014285714298,-0.0127400333333334,-0.020294857142857076,-0.01141699999999998,-0.00177599999999997,383508.14285714284,301226.78571428574,28897.8
2002-01-17,16.4998,16.6717,16.4615,16.547501,6.152406,3959640.0,1.0104183081007043,0.9976787597425424,1.0028910047394515,0.16250100000000245,-0.028445000000000498,-1392677.0,1.0065750151115407,1.004829145585389,1.0064424724414822,0.996438106881393,0.9949117298485176,0.9952430981962459,1.0020254971641889,0.9994486066409214,1.001012612446266,-0.05731414285714261,-0.04572142857142859,-0.010506700000000061,-0.003553714285714271,-0.015477642857142879,0.002509599999999986,15631.714285714286,154785.2142857143,-156236.06666666668
2002-01-18,16.5762,16.6049,16.4424,16.495001000000002,6.132886,2875321.0,1.0017313980284988,0.9919281861946646,0.9951014707834125,0.07639999999999958,-0.019519999999999982,-1084319.0,1.0068223576870405,1.004713479072161,1.0065001857090987,0.9957816785041302,0.9948171956072781,0.9954418812884203,1.0016568325298665,0.9995807355845924,1.0010831468790147,0.013657142857143003,-0.039578642857142805,0.007963366666666733,0.0027934285714286133,-0.013801999999999965,0.003374699999999997,-337077.0,56871.357142857145,-63985.53333333333
2002-01-21,16.495898999999998,16.5762,16.385099,16.5131,6.139616,2892845.0,1.0048679371763856,0.9932831790495324,1.001042744017771,-0.08030100000000218,0.006730000000000125,17524.0,1.00652150058984,1.0050611888704744,1.0059725786131604,0.9948221326540635,0.9943374226822447,0.9953902992706573,1.0010416407310145,0.9996552173001475,1.000428033344456,0.008999999999999833,-0.09381428571428582,0.008216666666666584,-0.00040928571428569934,-0.03442364285714288,-0.0008998000000000062,-194835.14285714287,206631.7857142857,-22410.2
2002-01-22,16.566601000000002,16.624001,16.4902,16.566601000000002,6.15951,3954521.0,1.0034648024661184,0.9953882513377367,1.0,0.07070200000000426,0.019893999999999856,1061676.0,1.007016472370714,1.0045051148958044,1.0055079284759592,0.9953983092706636,0.9941286925839095,0.9954101149263062,1.0013708562844674,0.9989883249707192,0.9998478897917172,-0.0013712857142854165,-0.03002849999999973,0.0015900333333334516,0.0015194285714285524,-0.015376571428571406,-0.002971900000000005,-12779.42857142857,197147.2857142857,-6538.1
2002-01-23,16.547501,16.566601000000002,16.413798999999997,16.413798999999997,6.102695,5293544.0,1.0011542528385404,0.9919201092660455,0.9919201092660455,-0.01910000000000167,-0.05681500000000028,1339023.0,1.0062671592488794,1.0043328818647985,1.0055464035705772,0.9952408720626293,0.9938137234883608,0.9957903261903465,1.0011308012625435,0.9984706974291404,1.0002281010557577,0.017742999999999905,-0.044085642857142816,-0.0057332999999999855,0.00507757142857138,-0.019562357142857145,0.0002489999999999881,-57461.0,234538.07142857142,44812.0
2002-01-24,16.432899,16.566601000000002,16.4233,16.5284,6.145306,5258483.0,1.0081362393817428,0.999415866914292,1.0058115734783013,-0.11460200000000142,0.042610999999999954,-35061.0,1.0067602658369452,1.0049140418206373,1.0055851469880757,0.9955761404935377,0.9944070739740188,0.9960035184375979,1.002045117878801,0.9991279588605319,1.0002435172847097,0.017742571428571403,-0.05459300000000005,0.0,0.012179428571428477,-0.016213285714285725,9.416666666665445e-05,100761.42857142857,277294.78571428574,115273.36666666667
2002-01-25,16.5762,16.624001,16.413798999999997,16.5341,6.147426,11068412.0,1.0028837127930406,0.9902027605844522,0.997460214041819,0.143301000000001,0.002120000000000566,5809929.0,1.004665235826433,1.0048759606046507,1.0053905916655954,0.9942595875841808,0.9943034030267545,0.9957739037567179,0.9991753023324002,0.9991826523281971,1.00024425351891,0.034128714285714574,-0.03473571428571428,0.004776700000000034,-0.004775000000000037,-0.012534928571428556,0.0017759999999999998,816585.0,600046.5714285715,296352.9
2002-01-28,17.306299,17.306299,17.306299,17.306299,6.434529,0.0,1.0,1.0,1.0,0.7300989999999992,0.2871030000000001,-11068412.0,1.003176906097761,1.0048759606046507,1.005100586747891,0.9945911933352461,0.9955146501083197,0.9960349670736792,0.9987623016553356,1.0003938994097623,1.0005053168358713,0.11521414285714268,0.02895000000000003,0.027839966666666646,0.040303285714285764,0.018374785714285746,0.011949700000000027,-565662.8571428572,-275015.5714285714,-63452.6
2002-01-29,16.538,16.987,16.5284,16.9727,6.310498,6539505.0,1.027149594872415,0.9994195186842424,1.026284919579151,-0.768298999999999,-0.12403100000000045,6539505.0,1.0068080770754633,1.006815217381252,1.0055404453316368,0.9956613836909003,0.9957215310975152,0.9960156176964873,1.0032170800547269,1.0024369562922968,1.0009163529098415,-0.005457142857142827,0.004100000000000088,0.0035033666666667075,0.02537314285714284,0.014083285714285727,0.0038481666666666746,523454.85714285716,93188.92857142857,131670.86666666667
2002-01-30,16.920099,17.0826,16.7386,16.7386,6.223459,4682365.0,1.0096040218204396,0.9892731715104032,0.9892731715104032,0.3820990000000002,-0.08703899999999987,-1857140.0,1.0074846605960424,1.0070030805929413,1.0054588581368658,0.9950885254710246,0.994955329062544,0.9956751935804653,1.0015357125536744,1.0012886766423446,1.000518741585868,0.06060000000000037,0.0348000000000001,0.006399966666666638,0.011977571428571412,0.005784142857142857,-0.00011890000000001067,255645.7142857143,30405.285714285714,1203.1666666666667
2002-01-31,16.8246,16.977501,16.7386,16.9583,6.305143,3005240.0,1.0090879426553974,0.994888437169383,1.0079466970982967,-0.09549900000000022,0.08168400000000009,-1677125.0,1.0082879663373678,1.0076522193540411,1.0055530888644995,0.995017123446974,0.9952077163588188,0.9956376537897224,1.0026709549962882,1.0020209056403777,1.0008880791372408,0.03685699999999973,0.017742857142857154,0.0012733333333333264,0.020804714285714305,0.011162071428571427,0.0027823000000000006,-135611.57142857142,-74195.5,6882.166666666667
2002-02-01,16.967899,17.073,16.714701,16.714701,6.214572,2470470.0,1.0061941080625245,0.9850778225400801,0.9850778225400801,0.14329899999999895,-0.09057099999999974,-534770.0,1.00900794565508,1.0076375524519796,1.0052926406487863,0.9940396539146932,0.9946402629886614,0.9951879396110963,1.0016934854640074,1.0014121433632754,1.000003769742754,0.06005685714285696,0.03889992857142843,0.00875663333333326,0.015982428571428668,0.010530000000000024,-0.0022853333333333246,-403296.28571428574,-230378.64285714287,-288994.3333333333
2002-02-04,16.758699,16.862801,16.643101,16.8533,6.266104,2941847.0,1.0062118187097937,0.993102209187002,1.0056448892601986,-0.20919999999999916,0.05153199999999991,471377.0,1.0087330284162301,1.0077466471265877,1.0054432528283213,0.9931377028107947,0.9943569216521662,0.9949955734341309,1.0016696734328498,1.0018573956558254,1.0001919327180937,0.04654285714285728,0.032142714285714344,-0.006336666666666583,0.017256857142857233,0.014718142857142855,-0.0011836333333333116,-330948.0,-115093.28571428571,62272.76666666667
2002-02-05,16.810301000000003,17.0539,16.8055,16.948798999999998,6.301613,3766419.0,1.014491055216679,0.9997144013066748,1.0082388768648458,0.05160200000000259,0.03550899999999935,824572.0,1.0103912201910357,1.0075282280087343,1.0059262880022106,0.994496508628255,0.994378048106218,0.9949860534776868,1.003209482407568,1.001192392369984,1.000466561946922,0.03344300000000037,0.03378585714285747,-0.030999933333333254,0.0220267142857142,0.008625857142857083,-0.009809300000000014,-1043141.8571428572,-113278.42857142857,125547.3
2002-02-06,16.977501,17.0443,16.920099,17.0061,6.322915,3129166.0,1.0039345602158998,0.9966189370273045,1.0016845235350007,0.16719999999999757,0.021302000000000376,-637253.0,1.0109533002218785,1.0070651031598197,1.0060574400094073,0.9940134996321558,0.9943023464837009,0.9948733513785969,1.0034501286268536,1.0011062151410948,1.000522712731422,-0.04697114285714272,0.03412149999999998,-0.025426600000000004,-0.015944857142857188,0.012179214285714288,-0.009099233333333335,447023.71428571426,-59319.57142857143,104305.53333333334
2002-02-07,16.9583,17.149401,16.910601,17.066299,6.3453,4305333.0,1.0112688771869822,0.9971872770265887,1.0063685039184351,-0.019200999999998913,0.022384999999999877,1176167.0,1.0086846262668165,1.0077463516711398,1.0060563844305765,0.9936946079667767,0.9946779958288383,0.9947985209296832,1.0006049263896086,1.0019110032221676,1.000452532353113,0.06004285714285729,0.02729285714285723,0.0015899666666667164,0.004971714285714286,0.015172428571428562,0.00015369999999998997,-319167.4285714286,102143.71428571429,105673.03333333334
2002-02-08,17.0634,17.254499,17.0634,17.197201,6.393969,5153734.0,1.0111993506569616,1.0,1.0078414032373384,0.1051000000000002,0.048669000000000295,848401.0,1.0089125303863198,1.0081985954911812,1.006299590342562,0.995227012036719,0.9951577687538717,0.9948728115225883,1.003257530922028,1.002396621737851,1.0007325804034666,0.02047157142857157,0.04053578571428597,-0.002549999999999978,0.02435857142857145,0.018168071428571433,0.0008291999999999966,67338.42857142857,161492.07142857142,112036.23333333334
2002-02-11,17.2068,17.254499,17.0252,17.178101,6.386866,2079840.0,1.002772101727224,0.989446032963712,0.9983321128856034,0.14339999999999975,-0.007102999999999859,-3073894.0,1.0080102673965807,1.0081491168669745,1.0062803027596798,0.9944495257216232,0.9947333245842985,0.9947459571023114,1.0018840188916431,1.0022774869439657,1.000901928647253,0.05460000000000014,0.045728499999999936,0.002549966666666729,0.011674714285714316,0.01623971428571431,0.0020250666666666935,-132200.0,-133905.7857142857,23.933333333333334
2002-02-12,17.197201,17.245001000000002,17.0443,17.0826,6.351357,3082010.0,1.0027795220861815,0.9911089601150792,0.9933360667238814,-0.009599000000001467,-0.035509000000000235,1002170.0,1.0075224693999603,1.00826520752752,1.006372953495886,0.9953111168037658,0.9946753853592296,0.9944495891061474,1.0030637680607575,1.0023786267623824,1.0006797975380488,0.03275742857142865,0.04640714285714281,-0.020403266666666652,0.019540714285714245,0.017761571428571456,-0.009006333333333345,87362.85714285714,-157966.7142857143,102733.66666666667
2002-02-13,17.0539,17.067301,16.929701,17.067301,6.34567,2421977.0,1.000785802660975,0.9927172670181016,1.000785802660975,-0.143301000000001,-0.005686999999999998,-660033.0,1.006747324250129,1.0077401763331795,1.006024152314202,0.9952561250653514,0.9941969139380731,0.9942631489162698,1.0023696128322972,1.0020196431325734,1.0003947745396813,0.042171571428571246,0.044357214285714264,0.0022300000000000137,0.011366571428571401,0.014311714285714316,-0.0009703999999999861,-74267.14285714286,-202607.57142857142,40917.26666666667
2002-02-14,17.1112,17.197201,17.1112,17.178101,6.386866,3309629.0,1.0050260063584084,1.0,1.0039097783907618,0.05730000000000146,0.04119600000000023,887652.0,1.0053951744132332,1.0078931973021346,1.006072835350395,0.9952969248786838,0.9948967167534694,0.994385493029479,1.0017511701931423,1.0024803263003552,1.0005528706577684,0.04298557142857108,0.03821428571428572,-0.001783333333333322,0.012179000000000098,0.01710285714285715,0.00034326666666668616,-65255.71428571428,-554198.7857142857,43320.6
2002-02-15,17.157101,17.3501,17.149401,17.234501,6.407836,5926174.0,1.0112489283591675,0.999551206232335,1.0045112516386072,0.045901000000000636,0.020969999999999267,2616545.0,1.0064400841479857,1.008696692184932,1.0064477996290337,0.9957158204794023,0.994864660055779,0.9946669012333874,1.0021549884936576,1.0028025585602556,1.0008162485977614,0.02565714285714295,-0.010656999999999885,-0.0013366666666666306,0.012131571428571368,-0.0019066428571429103,0.0011847999999999932,399572.5714285714,423298.14285714284,151660.6
2002-02-18,17.2278,17.3118,17.149401,17.2068,6.397536,1802218.0,1.004875840211751,0.9954492738480829,0.9987810399470625,0.07069899999999762,-0.010299999999999976,-4123956.0,1.0055267931515242,1.0071057097091705,1.006496432642197,0.9954675343110443,0.9945810711389106,0.9947934052334517,1.0010710650691756,1.0008379957293922,1.00088579974618,0.0384999999999996,0.049271428571428445,0.005509999999999948,0.007462285714285676,0.00621699999999998,0.0024873666666666533,-357587.85714285716,-338377.64285714284,-28851.4
2002-02-19,17.1838,17.3883,17.159,17.3883,6.465019,2385217.0,1.0119007437237397,0.9985567802232334,1.0119007437237397,-0.04399999999999693,0.06748300000000018,582999.0,1.0056269921610639,1.0072697612736918,1.006893124099655,0.9952613600572205,0.9952441860469697,0.9953105465456232,1.0016509708529473,1.0024542508874876,1.0018477398417016,0.01720000000000001,0.01883578571428579,0.009426700000000092,0.010149999999999946,0.017254285714285698,0.00959123333333333,-395502.4285714286,-164082.0,-48833.36666666667
2002-02-20,17.3118,17.4743,17.245001000000002,17.251699,6.414229,3152637.0,1.009386661121316,0.996141417992352,0.9965283217227554,0.1280000000000001,-0.05079000000000011,767420.0,1.006571929217363,1.0072910983069716,1.0072060128036988,0.9962178436327406,0.9953336846771819,0.9952978209841847,1.0013932864011117,1.0016386526463774,1.0018092797916713,0.01500000000000006,0.0348000000000001,0.027706666666666754,0.003908999999999908,0.0077918571428571125,0.0100299,153256.7142857143,10528.357142857143,-69407.43333333333
2002-02-21,17.3405,17.4074,17.216299,17.330999,6.443716,3068258.0,1.003858020241631,0.9928375191026787,0.9994520919235316,0.02869999999999706,0.029487000000000485,-84379.0,1.006726000382427,1.0071242348911935,1.007102148916527,0.9964647806309692,0.9958879487173674,0.9950590716209408,1.0022670042867763,1.0026653861737669,1.001612713302131,0.020471285714285564,0.02661435714285711,0.030253366666666656,0.013194142857142868,0.016367428571428557,0.010041166666666672,-1964.5714285714287,42699.142857142855,-39614.433333333334
2002-02-22,17.283199,17.416901,17.254499,17.3596,6.45435,4754244.0,1.0077359521232152,0.9983394277876451,1.004420535804743,-0.057300999999998936,0.010633999999999588,1685986.0,1.0077188788770328,1.0072331015635807,1.007360013987301,0.9972679464551897,0.9962620357602706,0.995291885379811,1.002786251878743,1.00257793235552,1.0018368814580951,0.03275700000000015,0.03746428571428569,0.023566633333333323,0.015525714285714238,0.01344614285714282,0.010182533333333322,333181.0,129456.92857142857,23675.566666666666
2002-02-25,17.3883,17.531601000000002,17.3787,17.4275,6.479593,1520163.0,1.0082412311726852,0.9994479046255239,1.0022543894457767,0.10510100000000122,0.02524300000000057,-3234081.0,1.0081781967076435,1.0067866855604384,1.007421406870011,0.9971890756874072,0.9962430002830455,0.9955060765432524,1.0025497677437452,1.0021504689684437,1.002125344625637,0.0395857142857144,0.04128564285714274,0.03216666666666666,0.013246714285714287,0.012712857142857192,0.013748033333333343,-255638.0,-160446.85714285713,-139186.93333333332
2002-02-26,17.502899,17.6558,17.445601,17.6367,6.557375,2899986.0,1.0087357528601404,0.9967263708714769,1.0076445050617044,0.11459899999999834,0.07778200000000002,1379823.0,1.007819171636354,1.00712962789217,1.007556448856506,0.9967855277787132,0.9962506741290579,0.9954946559757037,1.0029973753756163,1.0025761819346368,1.0023997828888773,0.04939971428571407,0.03752842857142851,0.039806600000000004,0.021362714285714395,0.01674714285714288,0.016577500000000002,-432312.5714285714,-16370.0,-55105.566666666666
2002-02-27,17.579399,17.6749,17.521998999999997,17.598499,6.543172,2639580.0,1.0054325520457215,0.9967348144268185,1.001086499032191,0.07649999999999935,-0.014203000000000188,-260406.0,1.0078987018983498,1.0067127475249371,1.0071525698291426,0.9969691764328183,0.9962183553719315,0.9954051954249328,1.0033267266734918,1.0021988958713337,1.0018510354277295,0.050228428571428604,0.0443642142857141,0.041403333333333354,0.020805142857142935,0.014133714285714305,0.012077366666666655,119623.14285714286,-118982.35714285714,-90424.56666666667
2002-02-28,17.598499,17.780001000000002,17.598499,17.6271,6.553804,2878096.0,1.0103134932132565,1.0,1.0016251954214959,0.01910000000000167,0.010632000000000197,238516.0,1.0076719518254238,1.0066494719932437,1.0071490759995612,0.9971753506866422,0.9962183553719315,0.9954825701001814,1.0018587912017425,1.001754881027345,1.0018088417837976,0.059242714285714114,0.038221357142857064,0.0366233,0.012683571428571508,0.011416785714285727,0.013379933333333345,70411.28571428571,-162545.57142857142,-36051.46666666667
2002-03-01,17.5956,17.6271,17.4361,17.6271,6.553804,3843400.0,1.0017902202823432,0.990935233808452,1.0017902202823432,-0.002898999999999319,0.0,965304.0,1.0065867459912847,1.0065793376043237,1.0071510367413559,0.9964316100889421,0.9963247268608414,0.9954494716873076,1.0026104909959694,1.0020018886985407,1.0020318001004287,0.040542857142857054,0.027771428571428558,0.03398000000000003,0.01993928571428581,0.011924142857142859,0.014030600000000011,98680.42857142857,125968.57142857143,32269.3
2002-03-04,17.579399,17.7131,17.4074,17.4361,6.4827900000000005,3555517.0,1.0076055501101033,0.9902158771184385,0.9918484699050293,-0.016201000000002352,-0.07101399999999991,-287883.0,1.0071221074010663,1.0069240538917466,1.0072422905058132,0.9960570898054792,0.9962609352182241,0.9953472282896045,1.0015242592790405,1.0018956317829084,1.0017253242966706,0.034128428571428567,0.027299857142857067,0.03611666666666669,0.005582000000000039,0.009388071428571454,0.011439133333333344,69608.42857142857,33821.92857142857,22089.066666666666
2002-03-05,17.3787,17.3787,17.1399,17.216299,6.401068,4535990.0,1.0,0.986259041240139,0.9906551698343374,-0.20069900000000018,-0.08172200000000007,980473.0,1.0060169713834644,1.0068679251302484,1.0071267970902757,0.9943313202986926,0.9957996333769411,0.9950429212863513,0.9995577784261255,1.0011720151524341,1.0014138299578152,0.013642999999999818,0.02319999999999998,0.027069966666666546,-0.007611714285714198,0.00395700000000002,0.008051933333333346,-31179.14285714286,151000.92857142858,19382.3
2002-03-06,17.149401,17.149401,16.920099,16.996599,6.319382,5373482.0,1.0,0.9866291539861946,0.9910899511883825,-0.22929899999999748,-0.08168600000000037,837492.0,1.0048396526445094,1.0065089246760763,1.0070883219956577,0.9925000702073599,0.9948445729473836,0.9948665561103561,0.9979628586750691,1.0002563132094073,1.001386158021893,-0.034128428571428567,0.0027286428571429155,0.020063333333333353,-0.02288728571428576,-0.004820285714285737,0.0072229000000000095,550474.1428571428,147418.07142857142,2664.6
2002-03-07,17.0453,17.264098999999998,16.929701,17.264098999999998,6.41884,6015077.0,1.0128363243826741,0.99321813051105,1.0128363243826741,-0.104101,0.09945800000000027,641595.0,1.0054254485763,1.006622310106327,1.007244991495689,0.9919988930130132,0.9943922103958631,0.9946599648969148,0.9987045471494934,1.000850961262555,1.0016203163853723,-0.06537128571428548,-0.0079857857142857,0.02041336666666673,-0.019790714285714297,0.0007860000000000486,0.00911780000000002,445013.0,6350.214285714285,25219.8
2002-03-08,17.214399,17.3405,17.1208,17.245001000000002,6.411738,5036837.0,1.0073253210873059,0.9945627494750179,1.001777697844694,0.16909899999999922,-0.007102000000000608,-978240.0,1.005695844153669,1.0067972730260093,1.0073930451054978,0.991688598019899,0.9943288872263586,0.9948052978599337,0.9988032898369937,1.0010650082552428,1.0017642325121345,-0.05214285714285692,-0.0009572142857141586,0.021273300000000005,-0.018776285714285783,0.0010144285714285748,0.00881039999999998,342465.28571428574,231044.2142857143,-201052.5
2002-03-11,17.197201,17.283199,16.967899,16.967899,6.308712,3416068.0,1.0050006974972265,0.9866663185480009,0.9866663185480009,-0.01719800000000049,-0.10302599999999984,-1620769.0,1.0049368733370934,1.0063044125812584,1.007559735022072,0.9897837863838991,0.9934795685352705,0.9943608418115336,0.9966663074264944,0.9992625493141185,1.0013197764637347,-0.0573282857142858,0.0009572142857141586,-0.0036365999999999825,-0.03501314285714293,-0.011164785714285712,-0.004193900000000017,76853.14285714286,73632.21428571429,113868.93333333333
2002-03-12,16.987,17.0061,16.8342,16.9478,6.301239,3600703.0,1.0011243892388297,0.9910048860893625,0.9976923529758052,-0.21020100000000141,-0.007473000000000063,184635.0,1.0048417546165913,1.005714250303938,1.0066922281676192,0.9897937367097434,0.9931126733993427,0.994080354058371,0.9960808978112748,0.9993456944036222,1.0003666909102897,-0.08694285714285753,-0.023200000000000238,0.014966666666666602,-0.03608071428571437,-0.00807071428571428,-0.0003086333333333376,-34671.0,32004.714285714286,-97960.06666666667
2002-03-13,16.9583,17.073,16.8437,16.862801,6.269637,4004507.0,1.0067636496582795,0.9932422471592081,0.994368598267515,-0.02869999999999706,-0.031601999999999464,403804.0,1.0047214831234736,1.00592179526227,1.0065975490955472,0.990226075286996,0.9931415825462377,0.9942126565799979,0.9964409161487727,0.9989825877139067,1.0005365384688603,-0.0887284285714282,-0.027299999999999817,0.001273366666666694,-0.030450428571428594,-0.012434214285714276,0.0015392666666666757,64141.42857142857,66874.92857142857,-22595.266666666666
2002-03-14,16.862801,17.1877,16.8437,17.159,6.379764,4244486.0,1.0192672024060534,0.9988672700342012,1.0175652313040993,-0.09549900000000022,0.11012699999999942,239979.0,1.0074739406100528,1.0067454559967586,1.0069368577539022,0.992027250829005,0.9931792855638488,0.9943452843421584,1.000285210644453,0.9999214945352893,1.0008571562757202,-0.07369985714285678,-0.03002842857142848,0.001273366666666694,-0.003043428571428665,-0.0053275714285714315,0.0024873666666666533,-41643.42857142857,-36411.28571428572,41308.2
2002-03-15,17.088301,17.149401,16.9039,16.9039,6.284919,3518173.0,1.0035755456320672,0.9892089330589389,0.9892089330589389,0.22550000000000026,-0.0948449999999994,-726313.0,1.0079847328432052,1.0064121927438572,1.0068495723395536,0.99239579069654,0.9924479304519499,0.9944829880261205,1.0000164937688183,0.9989896762219436,1.0009948599596823,-0.008728571428571388,-0.02142849999999998,0.0040134000000000706,-0.00492328571428567,-0.013905285714285716,0.002344899999999998,-265044.14285714284,142715.0,34923.433333333334
2002-03-18,17.1017,17.197201,17.0061,17.159,6.379764,2547353.0,1.0055842986369776,0.9944099124648427,1.003350544097955,0.013398999999999717,0.0948449999999994,-970820.0,1.0069487291652486,1.0061870888707742,1.0068286550037933,0.9925660452613675,0.9922824691371904,0.9945265781353818,0.9986613822995726,0.9986829647245329,1.0009183817876075,0.008057142857142858,-0.028657071428571306,0.0114333666666667,-0.005582285714285794,-0.012686500000000045,0.0037886666666666477,-495389.14285714284,-25188.071428571428,-13149.8
2002-03-19,17.159,17.245001000000002,17.0252,17.178101,6.386866,2386650.0,1.005012005361618,0.9922023427938693,1.0011131767585526,0.05729999999999791,0.007102000000000608,-160703.0,1.0066182554901504,1.0061570498219097,1.0065126866752911,0.9922288443069177,0.9919587211634082,0.9942761761849549,0.9985664507158382,0.998684870276416,1.000680858450731,-0.007914142857143045,-0.030028499999999982,0.011623299999999876,-0.0035531428571427626,-0.011164714285714274,0.0028417666666666896,-378598.14285714284,-18066.428571428572,-45992.3
2002-03-20,17.197201,17.254499,17.1399,17.245001000000002,6.411738,1943695.0,1.0033318212655653,0.996668004287442,1.0027795220861815,0.03820100000000082,0.02487199999999934,-442955.0,1.006379844599913,1.005658358968503,1.0064925953769466,0.9936576565554092,0.9917207214696541,0.9942778117602928,1.0008683369355782,0.9987673221810365,1.0007173584024371,0.0,-0.0286641428571429,0.007323333333333319,0.014717999999999978,-0.010147571428571478,0.002960766666666655,-210339.0,-66742.92857142857,-39515.7
2002-03-21,17.1399,17.1399,17.0061,17.0443,6.337121,2335827.0,1.0,0.9921936534052124,0.994422371192364,-0.057300999999998936,-0.07461699999999993,392132.0,1.0062192175657945,1.0055304860911929,1.0061169661373806,0.9938274804576734,0.9918106085837083,0.9941113576395803,1.0004011966808009,0.9982410472460378,1.0003191539782348,0.021842857142857497,-0.032550000000000016,0.006053333333333318,0.005125999999999996,-0.015477357142857187,-0.0002726333333333386,-180696.57142857142,-107683.78571428571,-65650.2
2002-03-22,17.073,17.245001000000002,17.0634,17.235398999999997,6.408171,2725290.0,1.0100744450301646,0.999437708662801,1.0095120365489367,-0.0669000000000004,0.0710500000000005,389463.0,1.0066921883332065,1.0057068357283403,1.006079469283154,0.9947125463867582,0.9924693108368772,0.9940926145950069,1.0025645450067184,0.9995027305777455,1.000374841755288,0.016385714285714163,-0.03617135714285702,0.00031999999999996474,0.019790571428571418,-0.005329928571428587,0.0004734000000000016,-182745.2857142857,-59301.92857142857,-80948.13333333333
2002-03-25,17.216299,17.330999,17.1877,17.245001000000002,6.411738,2171350.0,1.0066622913554184,0.9983388415826189,1.0016671411201676,0.14329899999999895,0.0035669999999994317,-553940.0,1.0048914867545444,1.0061827136822985,1.0062091422707604,0.9946370566079608,0.9933321537184829,0.9943890415489706,1.0002933892661567,1.0002892999553048,1.0004860093631067,0.050499714285714044,-0.011600071428571366,0.0003166333333332716,0.004567714285714278,0.0007621428571428065,0.0008290666666666447,-296162.28571428574,-168902.85714285713,3050.3333333333335
2002-03-26,17.1399,17.168501000000003,16.8437,16.8533,6.266104,3862334.0,1.001668679513883,0.9827186856399394,0.9832787822566059,-0.07639899999999855,-0.14563399999999938,1690984.0,1.0046190773090895,1.0063019050761473,1.0061721141850173,0.9937098784052464,0.9930528345508932,0.9941093657331326,0.9994462248658234,0.9997313593173207,1.000150766547531,0.007371285714285644,-0.0006786428571428717,-0.0019100333333332978,-0.0026878571428571468,-0.003805571428571408,-0.00284176666666666,49165.857142857145,-107939.14285714286,26010.8
2002-03-27,16.977501,17.073,16.939199,16.996599,6.319382,2588579.0,1.0056250328007639,0.997743955367754,1.0011249005374818,-0.16239900000000063,0.053277999999999714,-1273755.0,1.0046248964753448,1.0057868128202967,1.0063334218563436,0.9941861702485195,0.9933761077549434,0.9942769220114543,0.9991282757857558,0.9988948290426641,1.0001620698100813,-0.017742714285714407,-0.004842785714285773,-0.002546633333333285,-0.008625999999999958,-0.0071041428571428766,-0.0008762666666666697,5889.428571428572,-244749.85714285713,5553.4
2002-03-28,16.910601,17.0252,16.910601,16.977501,6.312283,5542752.0,1.0067767550071107,1.0,1.003956098307801,-0.0669000000000004,-0.0070990000000001885,2954173.0,1.0048770035675578,1.005747629528854,1.0063917801446336,0.9953001212779667,0.9937644827924422,0.9942769220114543,0.9995344074356485,0.9990504290757433,1.0001636138073158,-0.035485571428571304,-0.021699857142857177,-0.006686633333333347,-0.01065471428571436,-0.0071039285714285605,-0.002486100000000017,450871.71428571426,36136.78571428572,74437.43333333333
2002-03-29,17.7703,17.7703,17.7703,17.7703,6.607048,0.0,1.0,1.0,1.0,0.8596989999999991,0.29476499999999994,-5542752.0,1.0044010291010486,1.005390436850481,1.0060168158659948,0.9957761206654752,0.9947168886104423,0.9942918818037098,0.9991373328519081,1.0000028348937433,1.0000132387526954,0.08187128571428559,0.040935642857142795,0.0204399666666666,0.027901428571428584,0.021309714285714283,0.0066404000000000055,-277670.71428571426,-244004.85714285713,-197539.13333333333
2002-04-01,17.7703,17.7703,17.7703,17.7703,6.607048,0.0,1.0,1.0,1.0,0.0,0.0,0.0,1.0044010291010486,1.0053101233334216,1.0058542878589363,0.9968913130361591,0.9953593967469162,0.9944435726754404,0.9999341369672846,1.000167666824043,1.0000538707544602,0.09005714285714259,0.05595000000000004,0.018083333333333347,0.038561000000000005,0.0218435,0.006983733333333338,-333689.5714285714,-257193.07142857142,-60073.933333333334
2002-04-02,16.920099,16.920099,16.7673,16.7673,6.234131,5750912.0,1.0,0.990969379079874,0.990969379079874,-0.8502009999999984,-0.37291700000000017,5750912.0,1.0029618226681678,1.0048270055006872,1.0054575964014782,0.9956815516671694,0.9951970490269638,0.9941906593039952,0.9972851859002757,0.999924865453497,0.9993561585996645,-0.021842999999999994,-0.0027286428571429155,-0.008790033333333369,-0.024862857142857235,-0.0025361428571429073,-0.0076962666666666735,432231.71428571426,124743.21428571429,112189.83333333333
2002-04-03,16.862801,16.987,16.7386,16.8342,6.2590010000000005,3918181.0,1.0073652651181733,0.9926346162775687,0.9983038998088157,-0.057297999999999405,0.024870000000000836,-1832731.0,1.0030622474914186,1.0039768671229816,1.005390216534707,0.9948666623378765,0.9947518594729187,0.9940737659135023,0.9968047228557969,0.9985490560609768,0.9994153445358667,-0.050499714285714044,0.0,-0.014966633333333352,-0.02181957142857132,-0.00862592857142852,-0.0051742666666666414,249547.2857142857,-23307.5,25518.133333333335
2002-04-04,16.7195,16.8915,16.7099,16.8342,6.2590010000000005,3826989.0,1.010287388976943,0.9994258201501242,1.0068602529979962,-0.143301000000001,0.0,-91192.0,1.0042934917004271,1.0044562845047584,1.005604528825884,0.9972533958393316,0.995481637122289,0.9942933759484173,1.0001735043902813,0.9998098646280524,0.9996622832383488,-0.06005714285714297,-0.026342928571428663,-0.020699999999999955,-0.0010147142857142657,-0.0018512857142857061,-0.006157166666666658,-5049.285714285715,22058.285714285714,25291.033333333333
2002-04-05,16.900999,17.0921,16.900999,17.0443,6.337121,2470285.0,1.0113070830901771,1.0,1.0084788479071563,0.18149899999999874,0.0781199999999993,-1356704.0,1.0051052131703435,1.0048650548228442,1.0057235665247828,0.9975756879296523,0.995880929089086,0.9943487283554956,1.0012240683002347,1.0001761720429954,0.9997975603084293,-0.010928857142857342,-0.014335785714285874,-0.012740000000000033,0.002534142857142818,-0.0030459285714285705,-0.003907633333333335,-16899.14285714286,-5504.857142857143,-76131.96666666666
2002-04-08,17.0921,17.1017,16.948798999999998,16.996599,6.319382,2935101.0,1.0005616629905045,0.9916159512289303,0.9944125648691502,0.19110099999999974,-0.017738999999999727,464816.0,1.0042173428822567,1.0045471732249074,1.0054675809187101,0.9963779666766425,0.9958390439773047,0.9940876632422758,0.9998607063804276,0.999697556908038,0.9995361661558751,0.02592842857142839,-0.0047785714285714575,-0.009873333333333416,0.001014142857142884,-0.004820285714285737,-0.005340366666666678,-372521.5714285714,39175.07142857143,47164.6
2002-04-09,17.0061,17.073,16.939199,17.015698999999998,6.326485,3847667.0,1.0039338825480268,0.9960660586495433,1.0005644445228477,-0.08599999999999852,0.007102999999999859,912566.0,1.0047793261034035,1.0045901776022261,1.005307518574973,0.9958159750551486,0.9957960478603118,0.9940656528348781,0.9999413413122628,0.9995393370820855,0.9993001641379132,-0.1091714285714284,-0.01365007142857141,-0.016559966666666644,-0.04008042857142856,-0.0060894999999999855,-0.007696333333333349,549666.7142857143,135998.0,31589.366666666665
2002-04-10,17.0634,17.178101,17.0061,17.130301,6.369093,3552960.0,1.006722048360819,0.9966419353704419,1.0039207309211529,0.05730000000000146,0.04260800000000042,-294707.0,1.0057396187263776,1.005070323913713,1.0053505017854762,0.9953362515366403,0.9961137822863997,0.9940625568663322,1.0005014457295702,1.0002177913484276,0.999394638534212,-0.10098571428571392,-0.005464285714285667,-0.017199966666666573,-0.03399357142857135,0.0022837142857143255,-0.0058026333333333294,507565.71428571426,86938.07142857143,30446.0
2002-04-11,17.197201,17.235398999999997,16.996599,17.149401,6.376195,3858205.0,1.002221175411045,0.9883351947796621,0.9972204779138187,0.13380099999999828,0.00710199999999972,305245.0,1.0060569294993842,1.004509376083776,1.0050807578587357,0.9949599394937528,0.9953207455804611,0.9936737300256542,1.0013944598487055,0.9993398228744905,0.9992478146172893,0.0395859999999999,0.008871499999999952,-0.01337660000000002,0.0202948571428572,-0.002284000000000016,-0.005920300000000012,-270386.71428571426,80922.5,32670.3
2002-04-12,17.0826,17.1877,17.0061,17.149401,6.376195,5047125.0,1.0061524592275182,0.9955217589828247,1.0039104703031156,-0.1146010000000004,0.0,1188920.0,1.0058836715150048,1.0044729595032116,1.005226165823575,0.9953723884516467,0.9951195253947616,0.9938266141981332,1.0021953984907481,0.9995000606732727,0.9993184896179816,0.0313998571428569,-0.009549928571428572,-0.017100000000000056,0.01674199999999994,-0.00253878571428569,-0.005920300000000012,161277.7142857143,205412.5,40124.166666666664
2002-04-15,17.216299,17.4743,17.2068,17.4265,6.479223,4799550.0,1.0149858572972041,0.9994482554003042,1.0122094185283377,0.133699,0.10302800000000012,-247575.0,1.0065548812750422,1.0054241864877347,1.0054721760631449,0.9953755934873867,0.9963144946633591,0.9941343601408622,1.0029595649950827,1.001566534692682,0.9999971879054252,0.07097128571428561,0.005457071428571325,-0.01210333333333331,0.03146028571428567,0.015222785714285703,-0.00011890000000001067,138937.2857142857,66944.0,41467.76666666667
2002-04-16,17.464701,17.6653,17.464701,17.5411,6.521832,4680833.0,1.0114859681823352,1.0,1.0043744808456783,0.24840200000000223,0.042608999999999675,-118717.0,1.0065804362882076,1.0058428247292754,1.005855041669223,0.9953755934873867,0.9964756407085196,0.9945923920995242,1.0023732268434429,1.001798647571839,1.00045449827247,0.08052885714285754,0.0348000000000001,0.0028667000000001035,0.026387285714285724,0.014460714285714271,0.004025466666666647,315792.5714285714,149446.7142857143,4828.1
2002-04-17,17.6271,17.6558,17.3883,17.493401000000002,6.504094,2343590.0,1.001628174799031,0.9864526779787941,0.9924151448621726,0.16239899999999707,-0.017737999999999587,-2337243.0,1.0067327951179972,1.0054750690001268,1.005909314162524,0.9946379830230815,0.9955079748498621,0.9945865095659443,1.0020878811281606,1.0009742937542938,1.0004986713949298,0.07642857142857144,0.05117849999999992,0.01592329999999992,0.0263874285714286,0.013700785714285743,0.006157066666666673,-84501.57142857143,-228511.57142857142,-100996.4
2002-04-18,17.512501,17.6558,17.512501,17.569799,6.532501,2762626.0,1.0081826690545228,1.0,1.0032718342171687,-0.11459899999999834,0.028406999999999627,419036.0,1.007339764618925,1.0060595453611643,1.0057541923182522,0.9951999746445753,0.995507974849862,0.9948125718822426,1.0024746510844922,1.0012079961983775,1.0001798550560794,0.07234300000000005,-0.018414214285714183,0.015573366666666644,0.02943085714285714,-0.005324785714285708,0.0037886999999999856,-155005.85714285713,197330.42857142858,-108415.03333333334
2002-04-19,17.617599,17.818199,17.617599,17.808701,6.621324,4912713.0,1.0113863415781006,1.0,1.0108472215765612,0.10509799999999814,0.08882300000000054,2150087.0,1.0080060922213938,1.0068728554738857,1.0058895596679454,0.9956796981630837,0.995507974849862,0.9949938135664086,1.0034641497495504,1.0019827977395603,1.0004821725138084,0.07917128571428529,-0.010907214285714315,0.013439999999999942,0.036033000000000016,0.0010197142857143301,0.006986200000000024,194250.42857142858,350908.0714285714,-4137.466666666666
2002-04-22,17.818199,18.038,17.7418,18.0093,6.6959100000000005,4105509.0,1.0123357585129675,0.9957123051549711,1.0107250457804404,0.20060000000000144,0.07458600000000004,-807204.0,1.0094510326645256,1.007753981081955,1.0061340617018033,0.9967335710738421,0.9958467552837975,0.9952953464533076,1.0053933737304963,1.0033939167896009,1.001284130088223,0.08871400000000003,0.06414999999999996,0.02069993333333334,0.04567357142857149,0.032984214285714346,0.01290660000000002,35329.142857142855,-117528.78571428571,22981.366666666665
2002-04-23,17.9615,18.104799,17.932899,18.104799,6.731416,4209144.0,1.0079781198674944,0.9984076496951813,1.0079781198674944,0.143301000000001,0.035505999999999815,103635.0,1.0097118413273793,1.007797756421192,1.0063625193894254,0.9971458411756072,0.9962591148136271,0.9955421052401683,1.0059744665254076,1.004084932508078,1.0016269889846126,0.1255571428571431,0.07847849999999999,0.03248333333333342,0.050745857142857176,0.03374392857142856,0.014339233333333349,-119711.57142857143,20783.071428571428,20281.366666666665
2002-04-24,18.133499,18.2768,18.0571,18.123899,6.738516000000001,4232749.0,1.0079025564784823,0.9957868583443271,0.9994705930719714,0.17199899999999957,0.007100000000000328,23605.0,1.0086999412104192,1.0076274112427306,1.006400482950099,0.9966227844533249,0.9959991889703558,0.9956269256130056,1.0041546343173553,1.0035570996562189,1.0017970554780946,0.13102857142857158,0.1009999285714286,0.03917329999999997,0.0370418571428572,0.034251071428571436,0.01562930000000001,-80971.57142857143,28982.85714285714,7608.066666666667
2002-04-25,18.970301,18.970301,18.970301,18.970301,7.053211,0.0,1.0,1.0,1.0,0.8368019999999987,0.3146949999999995,-4232749.0,1.0070590886129427,1.006819762450575,1.0057582428698972,0.9966227844533248,0.9959991889703558,0.9956646832785322,1.0035297084822583,1.0029514676628506,1.001211547767958,0.21508571428571394,0.14780728571428575,0.07024999999999994,0.07591128571428575,0.05114928571428574,0.022448233333333345,-668690.4285714285,-176448.92857142858,-141482.86666666667
2002-04-26,18.2481,18.659,18.2481,18.601601,6.916128,20064701.0,1.0225174127717405,1.0,1.0193719346123704,-0.7222009999999983,-0.1370830000000005,20064701.0,1.0100432654661868,1.008388030292092,1.0063896384412196,0.9985581161706399,0.9965980495968606,0.9960243855099009,1.0073806784465724,1.0047342797873664,1.0022169811530721,0.08871428571428604,0.08257142857142874,0.03865996666666665,0.05886199999999991,0.04262471428571425,0.021040299999999974,2531587.285714286,1223542.857142857,551550.9333333333
2002-04-29,18.5825,18.6208,18.104799,18.133499,6.7420860000000005,5024461.0,1.0020610789721511,0.9742929638100364,0.9758374276873403,0.3343999999999987,-0.17404199999999914,-15040240.0,1.0091687525972766,1.008254258608101,1.0062721977857254,0.9948856824292165,0.9950428285368959,0.9953538205547406,1.0034614775137398,1.002968064299116,1.0012998772727184,0.15285699999999988,0.11259999999999996,0.04935999999999995,0.02994071428571437,0.029685785714285755,0.012077400000000023,323119.28571428574,84056.71428571429,82570.26666666666
2002-04-30,18.104799,18.229,18.0284,18.133499,6.7420860000000005,3957715.0,1.0068601148236995,0.9957801796087326,1.0015852150581732,-0.4777009999999997,0.0,-1066746.0,1.0085221487752194,1.0082641204983065,1.0063338014344614,0.9942828509447497,0.9949812745539167,0.9954730817819029,1.0021383337253986,1.0028012417374745,1.0013156118827058,0.0696000000000002,0.07438564285714275,0.031526633333333366,0.01725171428571429,0.02664235714285715,0.01184066666666667,-136428.2857142857,28911.071428571428,52368.833333333336
2002-05-01,18.1621,18.2481,18.152599,18.2195,6.774062,3527419.0,1.0047351352541833,0.9994768776738373,1.0031604274836061,0.057300999999998936,0.03197599999999934,-430296.0,1.007436345452536,1.0084436890585307,1.0063805785674154,0.9948206470188735,0.9957771090463579,0.9955667108947827,1.001057673968708,1.0032255238496022,1.0013283087292866,0.04912871428571413,0.06892135714285708,0.03216329999999997,0.011164571428571333,0.02841907142857141,0.01207746666666667,-82584.28571428571,-23627.571428571428,52790.8
2002-05-02,18.3437,18.3915,18.229,18.2959,6.802467999999999,4715602.0,1.0026057992662332,0.9937471720536206,0.997394200733767,0.18159999999999954,0.028405999999999487,1188183.0,1.0066688710809273,1.0081903562041534,1.0064674385429564,0.9941548644986505,0.9956503528371289,0.9956184948497295,0.9995456855210326,1.00276007602322,1.0014273697140001,0.054599999999999635,0.09007857142857136,0.04012666666666658,0.010150285714285572,0.030448071428571373,0.01551156666666665,72351.14285714286,-23680.214285714286,79325.83333333333
2002-05-03,18.353201,18.362801,18.152599,18.152599,6.749188,2861657.0,1.000523069517955,0.9890699175582505,0.9890699175582505,0.009501000000000204,-0.053279999999999106,-1853945.0,1.0056146586579946,1.0071572999342069,1.0061490593592162,0.9931953015292111,0.9949090429912679,0.9952729018129112,0.9980598747333582,1.0011072545253568,1.0007459657476439,0.03138599999999973,0.08120728571428566,0.04267336666666661,0.0015245714285713672,0.019283214285714285,0.01136723333333333,-195870.2857142857,-138420.92857142858,4545.566666666667
2002-05-06,18.0571,18.133499,17.9806,18.104799,6.731416,2781137.0,1.004230967320334,0.9957634393119604,1.0026415648138407,-0.29610100000000017,-0.0177719999999999,-80520.0,1.0062190825608996,1.0066390855869212,1.0060680152247135,0.9925900785737768,0.9946064315135509,0.9951870550705559,0.9984372411353354,1.000983474808797,1.000778446537433,-0.13045728571428583,0.04231421428571406,0.028026699999999967,-0.04597071428571426,0.014970285714285745,0.010655933333333352,397305.28571428574,-135692.57142857142,20326.233333333334
2002-05-07,18.095301,18.315001,18.0284,18.2673,6.791835000000001,3705354.0,1.0121412735825726,0.9963028523261371,1.0095051748517474,0.03820100000000082,0.060419000000000445,924217.0,1.004736776962447,1.007390021214317,1.0064171016936696,0.9920619146203679,0.9953100153955038,0.9956398606267626,0.9970277040266751,1.0022041912366237,1.0016526596239375,-0.02182842857142881,0.03344292857142861,0.03184669999999994,-0.017756142857142696,0.020552928571428604,0.01752436666666668,-2337049.5714285714,97268.85714285714,-5232.666666666667
2002-05-08,18.2386,18.4774,18.2386,18.2768,6.7953660000000005,2779125.0,1.0130931102167928,1.0,1.0020944590045289,0.1432990000000025,0.003530999999999729,-926229.0,1.0063127814259671,1.0077407670116219,1.0066660376075371,0.9957343483617913,0.9953100153955038,0.9957150621145041,1.0007787085005593,1.0021200930071494,1.0016849782395059,-0.049128571428571126,0.05186421428571438,0.042036633333333386,0.00761142857142857,0.01877607142857147,0.015866133333333348,-320762.28571428574,1178.5,6351.533333333334
2002-05-09,18.3246,18.381901,17.9902,18.104799,6.731416,2329090.0,1.003126998679371,0.9817513069862371,0.9880051406306276,0.08599999999999852,-0.06395000000000017,-450035.0,1.0057794791196346,1.0071508139474268,1.0065443790632793,0.9937302237014347,0.9940065373230922,0.9951067723473787,0.9988386978680526,1.0004885157967256,1.001153279650267,0.03140014285714291,0.050500071428571554,0.04713330000000002,-0.00152428571428574,0.007863714285714276,0.013971100000000014,-232660.7142857143,-184544.5,-107122.06666666667
2002-05-10,18.095301,18.229,18.047501,18.0762,6.720783,1740849.0,1.0073886032622503,0.9973584302355624,0.9989444220905749,-0.22929900000000103,-0.010633000000000337,-588241.0,1.0061585459779299,1.0067974457152329,1.0067906658386876,0.9934275883531097,0.9941241176859916,0.9950187200218974,0.9982364113833339,0.9996470426760208,1.0011180937199526,-0.009542714285714229,0.01979299999999995,0.010833366666666677,-0.007611285714285694,0.00177664285714282,0.0037911666666666714,-255224.2857142857,-168904.2857142857,58028.3
2002-05-13,18.095301,18.200399,18.085699,18.200399,6.766959,1892055.0,1.0058080271778846,0.9994693650025497,1.0058080271778846,0.0,0.046175999999999995,151206.0,1.0066160071081658,1.0066424390945465,1.0069842667446172,0.994245044488671,0.9941999544936608,0.995001032188649,0.9994383865896364,0.9994920360553345,1.0013116946258822,-0.035485571428571304,0.009557214285714164,0.010833366666666677,-0.005072714285714193,0.00253878571428569,0.005330366666666671,-403363.85714285716,-165506.35714285713,63068.5
2002-05-14,18.2864,18.429701,18.2864,18.372299,6.830872,3439429.0,1.0078364795695163,1.0,1.0046974254090473,0.19109900000000124,0.06391300000000033,1547374.0,1.0076607799726747,1.0066377193153346,1.0072454827302677,0.9958064848374925,0.9945008931833518,0.9953020528859865,1.0016708877111786,0.9998653812222685,1.0017692961701878,-0.00954299999999973,0.010921499999999997,0.04554336666666667,0.01166914285714287,0.006596857142857119,0.019891366666666688,82538.85714285714,-56665.71428571428,-77049.43333333333
2002-05-15,18.487,18.487,18.2099,18.3915,6.838011,3981938.0,1.0,0.9850110888732624,0.9948342078217127,0.2005999999999979,0.007138999999999562,542509.0,1.0070563560697696,1.0066377193153346,1.0069999738929951,0.9942704347748214,0.9934302566742991,0.995047935305843,1.0005555509980175,0.9994963960666764,1.0016536397706177,0.061414285714285706,-0.03452150000000006,0.054139966666666574,0.01522785714285708,-0.015371428571428591,0.01930033333333331,171543.0,284424.14285714284,2125.233333333333
2002-05-16,18.410601,18.5252,18.2959,18.4965,6.87705,3625807.0,1.006224620260903,0.9937698394528239,1.0046657357899398,-0.07639899999999855,0.039038999999999824,-356131.0,1.0062111198809596,1.0054739484217035,1.0068645482691272,0.9939085757929195,0.9929852452066437,0.994859402615933,0.9998642025606165,0.9984459532936458,1.001580489197016,0.045042857142857225,0.011607214285714207,0.056370033333333326,0.012173571428571275,-0.0027912857142857106,0.020601633333333307,-11363.857142857143,-1174206.7142857143,-6706.066666666667
2002-05-17,18.152599,18.2768,18.085699,18.1717,6.901814,14410614.0,1.0068420505515492,0.9963145773230601,1.0010522460172233,-0.2580020000000012,0.02476400000000023,10784807.0,1.0053181113573535,1.0058154463916602,1.0067157138511729,0.9933820868390708,0.994558217600431,0.9947365551933683,0.9997153149910015,1.0002470117457802,1.0013329358006848,-0.012285857142857586,-0.030707214285714355,0.04171999999999999,0.015206857142857062,0.011409142857142816,0.018823100000000002,1661641.2857142857,670439.5,398010.9666666667
2002-05-20,18.152599,18.152599,17.818199,17.846901000000003,6.778453999999999,4131306.0,1.0,0.9815783954683295,0.9831595464649444,0.0,-0.1233600000000008,-10279308.0,1.0048713972603005,1.0053254381899674,1.0066969917514894,0.9933573851936555,0.9935438044475451,0.9944019700013483,0.9990230872530467,0.9989308925605497,1.0009578351872113,-0.02457157142857166,0.0034142857142856237,0.03534996666666667,0.006719714285714115,0.0025977142857141872,0.015302399999999968,257459.42857142858,12399.357142857143,39873.5
2002-05-21,17.846901000000003,18.2195,17.799101,18.2195,6.919971,4201026.0,1.0208775181752843,0.9973216638563747,1.0208775181752843,-0.30569799999999603,0.14151700000000123,69720.0,1.0067983851050197,1.0064784655414747,1.0072617796057315,0.9933521328537714,0.9933898606034406,0.9944438235082428,1.0021563866937195,1.0001963990385268,1.0016349376422924,-0.0354857142857138,-0.022514214285714016,0.028026700000000085,0.028455428571428625,0.010422071428571465,0.01978286666666668,351453.85714285716,48114.78571428572,11778.633333333333
2002-05-22,18.2195,18.400999,18.2099,18.3915,6.985297,2960158.0,1.0099617991712175,0.9994730920167952,1.0094404346990862,0.37259899999999746,0.06532599999999977,-1240868.0,1.0073917811040671,1.0070038941061166,1.0073697712994112,0.9933526652843779,0.9937988548865245,0.9945381953964545,1.002675302053891,1.0010568443217638,1.0018189277682237,0.017742714285714407,-0.00887142857142845,0.03853666666666662,0.03119114285714288,0.013059214285714342,0.020540133333333325,152586.14285714287,-125388.85714285714,-19760.066666666666
2002-05-23,18.3437,18.381901,18.1908,18.1908,6.90907,2156648.0,1.0020825133424556,0.9916647132257942,0.9916647132257942,0.12419999999999831,-0.07622700000000027,-803510.0,1.0065697859287728,1.0071152829507235,1.0073651492304583,0.99216191003092,0.9939841974342062,0.9946491793446589,1.000813486027712,1.0012421868694454,1.0016337356119562,0.008185714285713987,-0.0006786428571428717,0.038216633333333284,0.011171142857142793,0.011420142857142832,0.017762499999999994,-183254.42857142858,-50357.78571428572,-56718.566666666666
2002-05-24,18.2481,18.487,18.2481,18.420099,6.996158,2986620.0,1.0130917739381085,1.0,1.009425584033406,-0.09559999999999746,0.0870880000000005,829972.0,1.0084400393485027,1.007748197709136,1.0075964597208114,0.9943031830490253,0.9942868089119232,0.9947984540452314,1.0028979683436685,1.001726759670843,1.0018175727362992,-0.034128571428571064,0.013642857142857321,0.03885000000000005,0.02259242857142864,0.018910142857142858,0.02066543333333334,-142188.2857142857,14677.357142857143,-68683.5
2002-05-27,18.3915,18.573,18.2864,18.2864,6.94538,3152821.0,1.0098686893401843,0.994285403583177,0.994285403583177,0.14339999999999975,-0.05077800000000021,166201.0,1.0089606206455428,1.0075858702632512,1.0074258874555775,0.9943768350676473,0.9941427054302833,0.9946263589846605,1.0014150637427022,1.0006396331516594,1.0012201055714605,-0.002728714285714164,0.021157071428571532,0.03917336666666671,0.009761428571428634,0.010967499999999955,0.015538566666666665,-67569.42857142857,-39466.642857142855,-54890.96666666667
2002-05-28,18.3055,18.3437,18.104799,18.1717,6.901814,3412115.0,1.002086804512305,0.9890360274234521,0.992690721367895,-0.08600000000000207,-0.043566000000000216,259294.0,1.0082812997827937,1.0067997055700737,1.0071125819999096,0.9933370422248461,0.9933595645319585,0.9942608932321089,1.0002205602213696,0.9999679376061855,1.000830646922201,0.021842999999999994,0.004778571428571203,0.02802663333333323,0.0,0.007603428571428531,0.012666066666666668,-1571214.142857143,45213.57142857143,-42290.6
2002-05-29,18.152599,18.439199,18.143,18.420099,6.996158,4478148.0,1.0157883727834234,0.9994712051976691,1.0147361818547307,-0.15290099999999995,0.09434400000000043,1066033.0,1.010536781608997,1.0077040894346487,1.0075845885993895,0.995893157900466,0.9946252715470607,0.9946948441394047,1.0047315081341963,1.0018772976936214,1.0015746814886195,0.0,-0.01228578571428583,0.01751663333333333,0.031100571428571606,0.018910142857142858,0.016402133333333336,49548.857142857145,153504.14285714287,71151.93333333333
2002-05-30,18.5061,18.630301,18.439199,18.439199,7.003413,4579947.0,1.0067113546344177,0.996384921728511,0.996384921728511,0.3535010000000014,0.007254999999999789,101799.0,1.0085130439603016,1.0076557145326606,1.007535544785386,0.9957593375964855,0.9945557352251285,0.9945743415303551,1.001232565784657,1.0016944762391884,1.0013451177389976,0.09417128571428535,0.029342785714285773,0.03311996666666665,0.011920285714285685,0.020187857142857153,0.015697066666666672,54131.57142857143,202792.7142857143,60577.36666666667
2002-05-31,18.5156,18.630301,18.2481,18.630301,7.075997,13896589.0,1.0061948303052561,0.9855527231091621,1.0061948303052561,0.009499999999999176,0.07258399999999998,9316642.0,1.0079749055508789,1.0076833433274728,1.0073624944096244,0.9937707134668237,0.9935616893756007,0.9940927656339938,1.00076890801411,1.0017221050340006,1.0011900380299543,0.04229999999999988,0.03002135714285714,0.02993336666666669,0.012957142857142858,0.02207414285714287,0.015155766666666655,1562347.2857142857,857466.7142857143,299462.5333333333
2002-06-03,18.5825,18.668501000000003,18.4965,18.5156,7.032431,4662335.0,1.0046280640387464,0.9953719897753264,0.9963998385577828,0.0669000000000004,-0.043566000000000216,-9234254.0,1.0083385556503488,1.0074541707895608,1.0071055712604837,0.9943003244024711,0.9932311172166955,0.9940814217880056,1.0014453544901085,1.0011294202589103,1.0007125311225322,0.03411428571428589,0.02114999999999994,0.025476699999999988,0.017623000000000007,0.0143970714285714,0.011217366666666647,357955.28571428574,87350.42857142857,18560.866666666665
2002-06-04,18.487,18.5825,18.4583,18.5348,7.039723,3471972.0,1.0051657921782875,0.9984475577432792,1.0025856006923786,-0.09550000000000125,0.00729200000000052,-1190363.0,1.007206272541803,1.0078231559451527,1.0070118270041768,0.9940785469372252,0.9941908649931254,0.9940827520562756,1.0004682140128187,1.0016830911782437,1.0005327804833617,0.034128571428571064,0.0,0.01751666666666658,0.006223571428571439,0.01440800000000004,0.010276900000000004,69336.0,-36426.142857142855,-24572.4
2002-06-05,18.5634,18.8978,18.5252,18.8692,7.1667320000000005,4306394.0,1.0180139414115947,0.9979421873148238,1.0164732753698136,0.07640000000000313,0.12700900000000015,834422.0,1.0083698799805758,1.0086652503130593,1.007348873168614,0.9946009446131747,0.9944888898404111,0.9941545963552921,1.0036379099823383,1.0025264868625203,1.0010995365599564,0.024557142857142975,0.010914214285714405,0.014330033333333365,0.03162171428571435,0.020691571428571493,0.014273866666666664,164796.14285714287,48613.357142857145,2454.8333333333335
2002-06-06,18.964701,19.1558,18.916901,19.1271,7.264686999999999,5155522.0,1.0100765627678494,0.9974795278870991,1.0085632249092669,0.40130100000000013,0.09795499999999802,849128.0,1.0095112740170822,1.008896286899938,1.0076847585942088,0.9958071589651245,0.9945721005949854,0.9940705806181954,1.0059054104882486,1.003062985354809,1.0013849773902654,0.09417157142857187,0.05800728571428593,-0.0001866666666665869,0.05183899999999981,0.025919499999999904,0.007049199999999948,249058.14285714287,-661078.0,171850.73333333334
2002-06-07,19.069799,19.270399,19.002899,19.002899,7.217515,4656946.0,1.0105192508846057,0.9964918350738778,0.9964918350738778,0.10509799999999814,-0.04717199999999888,-498576.0,1.0087585423172512,1.009647661963124,1.0072848198646378,0.9953815346617256,0.9956373462810958,0.9939536417873247,1.0032990752338409,1.0040152916840186,1.000622307405649,0.13102857142857158,0.06551428571428579,0.02738996666666663,0.03162242857142848,0.03136150000000004,0.010046233333333337,25542.571428571428,37545.71428571428,-513591.8333333333
2002-06-10,19.890301,19.890301,19.890301,19.890301,7.554558999999999,0.0,1.0,1.0,1.0,0.8205020000000012,0.3370439999999997,-4656946.0,1.0077997773694771,1.0081564106648895,1.0072161172322327,0.9958979744147954,0.9958286560056405,0.9948105429936568,1.0038155149869108,1.002524040385784,1.0014277264827376,0.19774300000000014,0.14595714285714273,0.04359336666666671,0.07873514285714275,0.045327714285714214,0.027082433333333298,-654278.1428571428,-300073.28571428574,-167482.03333333333
2002-06-11,19.108,19.5093,19.0411,19.4711,7.395341,5428373.0,1.0210016746912287,0.9964988486497802,1.0190025120368431,-0.7823010000000004,-0.1592179999999992,5428373.0,1.0099150408531874,1.008944973202033,1.0076875025611503,0.9974617066348838,0.9956162100508538,0.9948344986283584,1.005645183805709,1.0032070459099096,1.0020083030486933,0.08462857142857162,0.06346428571428575,0.033440033333333355,0.04562057142857144,0.029288857142857148,0.021775166666666658,-1209745.142857143,176301.07142857142,49021.933333333334
2002-06-12,19.518801,19.6812,19.251301,19.289499,7.326367999999999,3925698.0,1.0083201319589252,0.9862952647552481,0.9882522497155435,0.4108009999999993,-0.0689730000000015,-1502675.0,1.0104424791274986,1.009390517388924,1.0078070024513084,0.9961650316320155,0.9952326780172432,0.9943951115310721,1.004481242542532,1.0029632985163202,1.001511363789758,0.13375728571428575,0.08393578571428582,0.0452233666666667,0.04199099999999983,0.029806999999999917,0.018410199999999963,-105233.85714285714,126360.71428571429,13275.966666666667
2002-06-13,19.337299,19.3468,18.964701,18.964701,7.203005,4304818.0,1.0004913302524825,0.9807316419940552,0.9807316419940552,-0.18150199999999828,-0.12336299999999856,379120.0,1.0097746988523837,1.0084904856970933,1.0077365201508501,0.9936341865249835,0.9938563667311043,0.9939612605290866,1.0013592484427714,1.0009137312277951,1.0009559451651007,0.12147128571428618,0.07779992857142862,0.03311996666666677,0.023325999999999958,0.014774785714285699,0.01335123333333336,118978.0,94157.0,-13692.8
2002-06-14,18.916901,19.031601,18.630301,18.7258,7.112267,5904497.0,1.0060633610124619,0.984849526886037,0.9898978696352009,-0.42039800000000227,-0.09073799999999999,1599679.0,1.008067473081079,1.0082186765308274,1.0079211965340003,0.9917638064637282,0.9931823755384516,0.9938205808400128,0.9975627619092553,1.0006003359457967,1.0009835435676657,0.05050014285714255,0.03752864285714276,0.018790000000000025,-0.007780714285714347,0.0119205,0.012102633333333331,228300.42857142858,196548.2857142857,101428.0
2002-06-17,18.7927,18.916901,18.764099,18.9074,7.181242,4015627.0,1.0066090024317953,0.9984780792541785,1.006103433780138,-0.12420099999999934,0.06897500000000001,-1888870.0,1.0075721073187855,1.0085416906679339,1.008000464371049,0.9919064566590252,0.9938568078120749,0.9939110688380868,0.9972113631765226,1.0015583868323856,1.0010989391998757,-0.02457157142857166,0.0348000000000001,0.024520000000000052,-0.011920714285714062,0.019959142857142873,0.014994199999999994,-162842.14285714287,43108.0,41149.666666666664
2002-06-18,18.964701,19.1558,18.964701,19.0889,7.250178,4646909.0,1.0100765627678494,1.0,1.0065489564006307,0.17200100000000162,0.06893599999999989,631282.0,1.007508866159249,1.00813370423825,1.007931640677225,0.9924076230770427,0.9938945788693843,0.9940343070938822,0.9986480947946302,1.0009735850142356,1.0010003985848386,-0.015013999999999734,0.05800728571428593,0.02898000000000008,0.004666142857142904,0.018144285714285693,0.015278099999999977,-1433.857142857143,12054.357142857143,31385.166666666668
2002-06-19,19.1271,19.203501,18.85,18.9074,7.181242,4371853.0,1.0039943849302821,0.9855127018732585,0.9885136795436841,0.16239899999999707,-0.06893599999999989,-275056.0,1.008079492577861,1.007939634973669,1.0076283498343412,0.9903380090589368,0.9931179917368661,0.9935513971563241,0.9970071918722994,1.000411353429605,1.0005477059361436,-0.1090287142857146,0.04435714285714276,0.029616666666666566,-0.05333099999999989,0.012702071428571429,0.012862533333333322,624550.4285714285,-14863.857142857143,53090.933333333334
2002-06-20,18.916901,18.916901,18.630301,18.659,7.086896,5500578.0,1.0,0.984849526886037,0.9863666358459031,-0.21019899999999936,-0.09434599999999982,1128725.0,1.0050792533362567,1.007497147094722,1.0075241165450288,0.9886738202355448,0.9930677634352144,0.993654671152984,0.9923449238450222,0.9989950538253655,1.0004930891099861,-0.02729985714285732,0.02866435714285715,0.019743366666666637,-0.04406357142857141,0.0007785000000000153,0.011849333333333333,10315.0,-599715.0714285715,105716.26666666666
2002-06-21,18.5348,18.5825,18.2481,18.410601,6.992549,6228513.0,1.0025735373459654,0.984531799641755,0.9932991453913719,-0.3821009999999987,-0.09434699999999996,727935.0,1.004258311248691,1.0073503951880949,1.0073636143478193,0.988421896647903,0.9922934641399592,0.9932271167998573,0.993065908941569,0.9987735757420505,1.0003049132200128,-0.14057157142857132,-0.003407142857142783,0.014649966666666714,-0.04768842857142833,-0.002848714285714252,0.00905886666666668,328973.5714285714,111869.85714285714,149588.8
2002-06-24,18.3437,18.5061,18.2386,18.429701,6.999806,3670421.0,1.0088531757497126,0.9942705124920275,1.0046883126086887,-0.19110000000000227,0.007257000000000069,-2558092.0,1.005452860605438,1.0076137797289109,1.0074651193002135,0.9903560210047562,0.9919951037648698,0.9930538217161732,0.9964882904579453,0.9989237694503583,1.0002675894010395,-0.14194271428571476,-0.010235714285714284,0.008279966666666638,-0.029028428571428528,-0.002851214285714284,0.007761566666666682,-90628.14285714286,14174.92857142857,59278.86666666667
2002-06-25,18.4583,18.5825,18.4583,18.5348,7.039723,3340123.0,1.0067286803226732,1.0,1.0041444770103423,0.11460000000000292,0.03991699999999998,-330298.0,1.0055479062211827,1.0068076896511309,1.0074281926586521,0.9925203743067509,0.9921420903852395,0.9930538217161732,0.9985235200829655,0.9980431409961105,1.0002491577877495,-0.0655144285714283,-0.007507142857142871,0.005730000000000028,-0.010363428571428532,-0.00907207142857144,0.006961700000000004,-366339.14285714284,-69019.35714285714,-3310.2
2002-06-26,18.487,18.487,18.3055,18.448799,7.007061,7371141.0,1.0,0.9901822902580192,0.9979336290366205,0.02869999999999706,-0.03266200000000019,4031018.0,1.0046037630166402,1.006087935167713,1.0074281926586521,0.9913352615930139,0.9916208591260195,0.9932261950956651,0.997356405119606,0.9972838841480642,1.0003524718282464,-0.043671428571428805,-0.034121500000000235,0.0,-0.02488299999999999,-0.018401857142857025,0.005635000000000012,479359.14285714284,158258.5,112973.43333333333
2002-06-27,18.487,18.5348,18.2768,18.439199,7.003413,6362514.0,1.0025856006923786,0.9886298480012984,0.9974143452155569,0.0,-0.0036480000000000956,-1008627.0,1.0035336255772873,1.005521245868268,1.007306892006368,0.989710954164628,0.9910592886208354,0.9930548620472809,0.9960514606645953,0.9973497777296129,1.0001107588091,-0.06824300000000047,-0.0416285000000001,0.002546633333333285,-0.03525214285714284,-0.01529299999999997,0.004212100000000015,245086.42857142858,121826.28571428571,91223.56666666667
2002-06-28,18.487,18.5348,18.362801,18.429701,6.999806,11063114.0,1.0025856006923786,0.9932818196570564,0.9969005787850924,0.0,-0.003606999999999694,4700600.0,1.0033323706861583,1.0057059316320094,1.0071650103443957,0.9908208281337421,0.9905794185963394,0.9929537701250807,0.9972495891276537,0.9971283904999765,0.9999723699013626,-0.09144285714285719,-0.1002357857142859,0.01114669999999999,-0.02591942857142853,-0.03962521428571421,0.0032664000000000174,955894.4285714285,790222.4285714285,-111583.33333333333
2002-07-01,18.372299,18.420099,18.1717,18.1717,6.901814,3601417.0,1.0026017429827372,0.9890814426653953,0.9890814426653953,-0.11470099999999661,-0.09799200000000052,-7461697.0,1.0037040482551207,1.0043916507956887,1.007251735110487,0.991425387530793,0.990049603883169,0.9932038716983163,0.9976374186732954,0.9949911712591588,1.0001697664413776,-0.07780028571428536,-0.05255007142857134,0.007323333333333437,-0.026440285714285774,-0.035251928571428594,0.004112000000000027,-271308.71428571426,-130496.85714285714,-17662.966666666667
2002-07-02,18.143,18.152599,18.0284,18.047501,6.854642999999999,5448942.0,1.000529074574216,0.993683514303037,0.9947363170368737,-0.22929900000000103,-0.04717100000000052,1847525.0,1.0034119821448708,1.0038351466967808,1.0065734536571178,0.9927327753395476,0.9905773359937253,0.9930826000465383,0.997842728908367,0.995454318924968,0.9992983930700973,-0.05597142857142856,-0.09827149999999994,0.009869966666666603,-0.01970085714285728,-0.033694642857142805,-0.0021776000000000312,-111367.28571428571,108803.14285714286,41597.2
2002-07-03,18.018801,18.152599,17.9615,18.0571,6.858287,5717811.0,1.007425466322648,0.996819932691415,1.002125502135242,-0.12419900000000084,0.0036440000000004247,268869.0,1.0032080236552903,1.0043304421303643,1.0064889092288323,0.9930969782251745,0.9917264996149654,0.9929941614023591,0.9974766131264462,0.9969824517921957,0.9990545619846357,-0.04641414285714264,-0.09417842857142869,-0.006689966666666673,-0.02021700000000009,-0.024622714285714307,-0.004233666666666676,292484.28571428574,100928.07142857143,91921.76666666666
2002-07-04,18.152599,18.1717,18.0571,18.143,6.890916000000001,2890758.0,1.0010522460172233,0.9947391004450657,0.9994712051976691,0.13379799999999875,0.03262900000000091,-2827053.0,1.0023971044687976,1.00397250534499,1.0064545669846579,0.9923454211458982,0.9924328977263245,0.9930966409763348,0.9968090028674929,0.9976662614752293,0.9993147783836982,-0.04367157142857181,-0.05459300000000005,-0.006370033333333325,-0.021258142857142812,-0.015810785714285673,-0.0006051333333333039,-64195.0,-215267.07142857142,24470.333333333332
2002-07-05,18.1717,18.2099,18.0093,18.0571,6.858287,4598878.0,1.0021021698575256,0.9910630265742885,0.9936934904274227,0.0191010000000027,-0.03262900000000091,1708120.0,1.002697414448444,1.0036505887325422,1.0060882468486385,0.9924712406196509,0.9919032511063323,0.9927987418621443,0.9962032687804646,0.9967798369500352,0.9987903752634988,-0.04504285714285672,-0.04435714285714276,-0.002546666666666653,-0.021253428571428628,-0.02306821428571431,-0.004595700000000018,-396037.5714285714,41660.78571428572,53741.933333333334
2002-07-08,18.181299,18.1908,17.9902,18.0571,6.858287,4356991.0,1.0005225699219842,0.9894892548656729,0.9931688599367955,0.009598999999997915,0.0,-241887.0,1.002402695766959,1.0029681606721232,1.0057767095346983,0.9925940130288472,0.9911524835967376,0.9926388702382275,0.9955967708834986,0.9958241157740471,0.9987531571419528,-0.0436715714285713,-0.05595728571428588,-0.007006700000000047,-0.02073228571428576,-0.0279922142857143,-0.0029031000000000104,-286503.28571428574,-20708.428571428572,40139.0
2002-07-09,18.0571,18.3437,18.0571,18.3437,6.967142999999999,2021840.0,1.015871873113623,1.0,1.015871873113623,-0.12419900000000084,0.1088559999999994,-2335151.0,1.0043007346842796,1.003816552685219,1.006236211821409,0.9935537530778392,0.9921872906057906,0.9930043359907792,0.9983069557875744,0.9977782724576141,0.9995258622001437,-0.061414285714285706,-0.07642857142857144,-0.008280000000000006,-0.004666142857143031,-0.015292785714285781,0.00217763333333331,-1291610.5714285714,-167858.07142857142,-46342.5
2002-07-10,18.334101,18.3915,18.2577,18.3246,6.959888,5016183.0,1.0031307234535252,0.9958328472173247,0.999481785335425,0.27700100000000205,-0.007254999999998901,2994343.0,1.0043763033229636,1.0040401757890423,1.005814290177079,0.9945182394424006,0.9929718134865968,0.9928830573914343,0.9997927190261502,0.9987150688497228,0.9990173823161668,-0.0054568571428573265,-0.04162857142857135,0.006050066666666728,0.008296285714285772,-0.009072,-0.0012090000000000009,202109.42857142858,-34599.642857142855,17934.5
2002-07-11,18.1908,18.2481,18.104799,18.2481,6.9308320000000005,3945700.0,1.0031499439276998,0.9952722804934363,1.0031499439276998,-0.143301000000001,-0.02905599999999975,-1070483.0,1.0047507132306042,1.0040813476877375,1.0056955764868551,0.994745206041029,0.9937389906902884,0.9928459693502651,1.0009946657248396,0.9994186973166034,0.9992428830561397,0.006828571428571247,-0.024571428571428657,-0.01051000000000002,0.010884142857143024,-0.004408357142857129,-0.002419366666666652,-214748.85714285713,-163058.07142857142,-21141.566666666666
2002-07-12,18.2864,18.487,18.2864,18.410601,6.992549,4729450.0,1.0109699011287077,1.0,1.0067919874879692,0.09560000000000102,0.0617169999999998,783750.0,1.0052570610600413,1.0042325423576657,1.0058547455143036,0.9951995013708269,0.9941482397980007,0.9933275452466265,1.0016613064895148,0.9995689598079806,0.9992627882955636,0.038228428571428656,-0.004092857142856994,-0.007639999999999958,0.019180285714285792,-0.0005183571428571478,-0.0027815999999999913,-141194.42857142858,75644.92857142857,-305571.3
2002-07-15,18.3915,18.467899,18.2864,18.3437,6.967142999999999,3243982.0,1.0041540385504173,0.994285403583177,0.9974009732756979,0.1051000000000002,-0.02540600000000115,-1485468.0,1.005700174279069,1.0040486393739332,1.0058389446646925,0.9951346875334142,0.9937400543396562,0.9932913257068882,1.0013655590720905,0.9990872809697916,0.9992961594528273,0.034128714285714574,-0.0047714285714286165,-0.006366666666666632,0.010889571428571212,-0.0051842857142858,-0.0021762666666666894,50460.57142857143,-6867.214285714285,-47278.433333333334
2002-07-16,18.229,18.229,18.0762,18.1621,6.898167999999999,4710290.0,1.0,0.991617751933732,0.9963300235887871,-0.16250000000000142,-0.06897500000000001,1466308.0,1.0053998642994224,1.0040486393739332,1.005666751592083,0.9952139340133347,0.9938425873164928,0.9930636655132365,1.0017422066665709,0.9989727377235179,0.999087640216041,0.008185714285713987,-0.018428571428571367,-0.00859999999999997,0.005697285714285627,-0.007778071428571501,-0.00471850000000004,15916.0,-190060.7857142857,41277.26666666667
2002-07-17,18.104799,18.104799,17.9711,18.0093,6.840135000000001,5400681.0,1.0,0.9926152728898012,0.994725210702422,-0.12420099999999934,-0.058032999999998225,690391.0,1.0053252114534248,1.0038639536101919,1.005066286878363,0.9956605080167815,0.9941272605228144,0.9928861016990691,1.001964542490232,0.9987806566868652,0.998362704727128,-0.010928571428571334,-0.02730007142857132,-0.015286700000000052,-0.0025931428571426907,-0.011662714285714224,-0.010886566666666653,149098.57142857142,-68702.35714285714,36476.23333333333
2002-07-18,18.038,18.200399,17.9902,18.085699,6.86915,5509287.0,1.009003159995565,0.9973500388069632,1.00264436190265,-0.06679899999999961,0.029014999999999347,108606.0,1.0043439667222736,1.0043223507032766,1.0050305067859537,0.9952819421320621,0.9944178476049507,0.9928817853963979,1.0000748980315215,0.999190926909548,0.998165409293574,-0.00272857142857116,-0.03207142857142843,-0.03089003333333338,-0.013998999999999841,-0.009332571428571437,-0.013184566666666609,498206.71428571426,-396701.9285714286,11792.166666666666
2002-07-19,18.0571,18.085699,17.6653,17.7227,6.73128,8406658.0,1.0015838091387876,0.9783021636918442,0.9814809687048308,0.01909999999999812,-0.13787000000000038,2897371.0,1.0041229789630253,1.0042496411429944,1.0047326587277599,0.9927775587712792,0.9936478991068398,0.9922754630169968,0.9975033527985796,0.9986480359123648,0.9976650470812723,-0.03957157142857172,-0.022514214285714523,-0.033756633333333376,-0.032658285714285765,-0.012180999999999997,-0.016207833333333324,484353.5714285714,343231.5,124990.4
2002-07-22,17.3118,17.885099,17.264098999999998,17.808701,6.763942,4815983.0,1.0331160826719348,0.9972445961713974,1.028703023371342,-0.7452999999999967,0.03266200000000019,-3590675.0,1.0084038559264876,1.006577284578546,1.0058365281501576,0.993059318153845,0.993902262097437,0.9921836162227101,1.0011537927190999,1.0010742292219696,0.9986218145269838,-0.12557142857142825,-0.059371428571428506,-0.08595003333333331,-0.02384142857142863,-0.0064786428571428035,-0.026353899999999975,124326.14285714286,-45211.357142857145,160532.76666666666
2002-07-23,17.694,17.865999,17.502899,17.6749,6.713125,6778115.0,1.0097207527975585,0.9891996722052674,0.9989205380354924,0.38219999999999743,-0.050817000000000334,1962132.0,1.0082254061648948,1.006741233612468,1.0054604974203687,0.9915164141831688,0.9933579577769979,0.9919403103412263,1.0000292999401745,1.0008453032148448,0.9979524153936055,-0.08462857142857162,-0.023200071428571483,-0.04713333333333338,-0.03991771428571437,-0.010368714285714287,-0.022740533333333347,292666.4285714286,75736.0,44991.4
2002-07-24,17.302298999999998,17.302298999999998,16.729,16.977501,6.448245,9514031.0,1.0,0.9668657326982965,0.9812280437414705,-0.3917010000000012,-0.2648799999999998,2735916.0,1.0076319720862636,1.0066660731826664,1.0051831596884044,0.9875993183424717,0.9913670029379429,0.9912926592726612,0.9977188814352849,0.9995422202536878,0.9977182751944697,-0.15560014285714324,-0.06073571428571434,-0.07388340000000007,-0.0741282857142856,-0.03161935714285719,-0.02927076666666662,895721.2857142857,473090.9285714286,186277.76666666666
2002-07-25,17.2736,17.2927,16.7768,16.862801,6.40468,9605945.0,1.001105733605039,0.9712393479066322,0.9762181016117082,-0.028698999999999586,-0.043565000000000076,91914.0,1.0077899340298406,1.0065948991646316,1.0052036398001563,0.9846881177671717,0.9899510258902532,0.9909762494697472,0.9948457497242738,0.9982939781954224,0.9975678238483916,-0.1364857142857144,-0.06415000000000022,-0.06878996666666677,-0.07049828571428561,-0.03240049999999999,-0.02661083333333334,699379.2857142857,357647.64285714284,176704.23333333334
2002-07-26,16.729,16.7386,16.1654,16.2036,6.154309,18723286.0,1.0005738537868374,0.9663100005977645,0.9685934604578876,-0.5445999999999991,-0.25037100000000034,9117341.0,1.007871913142246,1.0065985622978355,1.005020656225969,0.9809302217254521,0.9882953648711169,0.990358265260138,0.991112642546483,0.9965385925183575,0.9968576768758144,-0.19654271428571438,-0.10373564285714286,-0.07293003333333334,-0.09797514285714305,-0.050284142857142874,-0.03193193333333335,1903229.2857142857,1026163.9285714285,427292.9666666667
2002-07-29,16.327801,16.700398999999997,16.1749,16.681299,6.335744,9719920.0,1.0228198518588019,0.9906355424101506,1.0216500678811555,-0.4011989999999983,0.18143500000000046,-9003366.0,1.0098457262655656,1.0070948464939196,1.0055610178735357,0.9799710079544789,0.9876264750432704,0.990096847365337,0.9938277434005551,0.9969513207160384,0.997375898012515,-0.24431414285714276,-0.12352135714285696,-0.08216329999999997,-0.07620085714285718,-0.04509992857142851,-0.02818326666666667,601519.0,549862.8571428572,190143.1
2002-07-30,16.977501,17.1208,16.881901,17.0443,6.473617,5509821.0,1.0084405237260772,0.9943690181493731,1.0039345602158998,0.6496999999999993,0.1378729999999999,-4210099.0,1.0108252569208926,1.007474117941959,1.00550648323881,0.9822662728769831,0.9875219158241312,0.9899091479703162,0.9970353993307081,0.9972693760646437,0.997288751473024,-0.15422842857142832,-0.09690000000000001,-0.06624000000000005,-0.036808999999999995,-0.03473364285714288,-0.02588536666666667,-413833.85714285716,35259.857142857145,28763.733333333334
2002-07-31,17.1877,17.235398999999997,17.0061,17.1399,6.509926,3711006.0,1.0027751822524247,0.9894343047644537,0.9972189414523177,0.21019899999999936,0.03630900000000015,-1798815.0,1.0064908425752483,1.0074473492508678,1.005465843149548,0.9811505169617055,0.9871049175577752,0.9900398680666894,0.9925376733422758,0.9968457330306879,0.9975789268699784,-0.01772857142857173,-0.07164999999999999,-0.06464666666666664,-0.036288,-0.030064714285714316,-0.0223772,-157853.85714285713,-16763.85714285714,-22028.233333333334
2002-08-01,17.2736,17.531601000000002,17.159,17.3405,6.586115,5899212.0,1.0149361453316046,0.9933655983697666,1.0038729622082252,0.08589999999999876,0.07618900000000028,2188206.0,1.0072358986515406,1.0077306524082177,1.0059637146606015,0.9817456492709196,0.9866310317270442,0.9903237371161472,0.9932451625098092,0.9966372312249919,0.9981624710820558,-0.06005714285714297,-0.07234285714285729,-0.05477670000000003,-0.01814428571428563,-0.029030999999999998,-0.016692699999999998,-125557.57142857143,83554.42857142857,13287.8
2002-08-02,17.245001000000002,17.245001000000002,16.8915,16.8915,6.41558,4463977.0,1.0,0.9795012479268629,0.9795012479268629,-0.028598999999996266,-0.1705350000000001,-1435235.0,1.0072358986515406,1.0074339353689021,1.0058779300824028,0.9835507228750006,0.985575020608736,0.9901560520589839,0.9929984773934367,0.9953586794143608,0.9977025411665721,-0.00818542857142798,-0.08189278571428561,-0.04299329999999995,-0.0046664285714285315,-0.03939735714285707,-0.0192323,-721436.2857142857,87142.5,-58817.86666666667
2002-08-05,16.7959,16.910601,16.595301,16.6908,6.339352,1509403.0,1.0068291071035194,0.9880566685917396,0.9937425204960735,-0.4491010000000024,-0.0762280000000004,-2954574.0,1.0080535234370378,1.0079217287334392,1.0058104611275296,0.9859531972585873,0.9853206575128796,0.9899489239289744,0.9955019658054888,0.9951738577648813,0.997337681429485,-0.06824285714285695,-0.10236428571428569,-0.05159333333333329,-0.009332571428571437,-0.039915428571428525,-0.02201513333333335,-1156648.857142857,-228634.7857142857,-72033.93333333333
2002-08-06,16.4615,17.0061,16.337298999999998,16.977501,6.448245,3295709.0,1.0330832548674178,0.9924550618108919,1.0313459283783373,-0.3343999999999987,0.10889300000000013,1786306.0,1.0126977235914065,1.0102848183668263,1.0066889469456877,0.9896882060033197,0.985309213864386,0.9896974259893375,1.004466604079839,0.997789623313161,0.9982443964750849,-0.03821428571428547,-0.11737849999999993,-0.06656000000000001,0.041990857142857205,-0.027992142857142927,-0.019715933333333345,-2203939.5714285714,-150355.14285714287,-1480.4666666666667
2002-08-07,17.216299,17.3596,17.159,17.3596,6.5933720000000005,3190560.0,1.0083235659417857,0.9966718166314374,1.0083235659417857,0.7547989999999984,0.14512700000000045,-105149.0,1.0106268256032613,1.0102362759344135,1.0069663991437472,0.990550530892075,0.985260769423277,0.9899137435351181,1.0025628180885002,0.9981952807445278,0.9985907277052571,0.1269282857142855,-0.05869292857142864,-0.04235669999999996,0.03680400000000006,-0.01969842857142856,-0.013789633333333325,-932765.7142857143,-165623.35714285713,-139352.7
2002-08-08,17.3692,17.7609,17.3214,17.7609,6.74579,4006099.0,1.022551412845727,0.99724800221081,1.022551412845727,0.15290099999999995,0.15241799999999994,815539.0,1.0126426669060684,1.0117339619134806,1.0076319262155256,0.9909618143294231,0.9866140436032032,0.9902010153421018,1.0052223684641899,1.0011288838974488,0.999428629959596,0.055956999999999875,-0.04913571428571422,-0.03725999999999997,0.038881857142857204,0.0010364285714286048,-0.008587433333333323,-214817.42857142858,-314325.64285714284,-78547.16666666667
2002-08-09,17.932899,18.018801,17.7227,17.827801,6.771197,3300087.0,1.0047901903646477,0.9882785822861101,0.9941393747882036,0.5636989999999997,0.025406999999999513,-706012.0,1.0129305252078145,1.0097106838915315,1.0077054125379346,0.9907967111182312,0.9859736140399684,0.9900342407630702,1.0047824303693165,0.9986600518557962,0.9993365898263664,0.10645699999999993,0.0443642142857141,-0.01847003333333331,0.03732442857142854,0.0005182142857142706,-0.0076203000000000165,-58702.71428571428,-108278.28571428571,-258767.56666666668
2002-08-12,17.932899,18.018801,17.598499,17.617599,6.69136,2448993.0,1.0047901903646477,0.9813527082263722,0.9824177897840165,0.0,-0.07983699999999949,-851094.0,1.0114811030696778,1.0093585008606092,1.007778360783998,0.9890805839548892,0.9854131166129043,0.9897766162817695,1.0017174057372866,0.997481284123548,0.9991144680636538,0.09418557142857154,0.017064214285714283,-0.014646666666666756,0.015035000000000005,-0.001554642857142812,-0.007015133333333316,-492888.4285714286,-309223.0,-38414.13333333333
2002-08-13,17.6558,17.952,17.483801,17.952,6.818368,2602353.0,1.0167763567779429,0.9902582154306234,1.0167763567779429,-0.27709899999999976,0.127008,153360.0,1.0138777254665268,1.0105568120590338,1.0083199368574558,0.9906172935982835,0.987084008236642,0.989662439652689,1.007042421287441,1.0000204493404388,0.9998491360550227,0.05868557142857104,0.025250071428571528,-0.016240000000000046,0.05754114285714288,0.026437357142857172,-0.0012091666666666316,-265946.28571428574,-493691.28571428574,-94886.3
2002-08-14,17.799101,17.818199,17.6749,17.7036,6.724025,2705679.0,1.0010729755396073,0.9930220633053322,0.9946345042932225,0.143301000000001,-0.09434300000000029,103326.0,1.0130554209573965,1.0105544721972173,1.0081081871646878,0.9913266357002254,0.9886399164794063,0.9895358440064862,1.0071698475441766,1.0013359066748326,0.9995994361269555,0.14331442857142868,0.037535785714285855,-0.007323333333333319,0.05495328571428575,0.022810357142857157,-0.004475399999999989,170896.57142857142,-492876.14285714284,-100404.4
2002-08-15,17.780001000000002,17.9137,17.780001000000002,17.846901000000003,6.778453999999999,3534471.0,1.007519628373474,1.0,1.0037626544565437,-0.01909999999999812,0.05442899999999895,828792.0,1.0094034743154046,1.0110505989534055,1.0083237665765628,0.992404484012955,0.9910463450081374,0.989711207324984,1.0032293798410632,1.0038479919604508,0.9997424844355846,0.1883572857142859,0.07507150000000021,-0.012419933333333215,0.04717271428571416,0.04458178571428568,-0.003748733333333387,34108.857142857145,-1084915.357142857,21457.1
2002-08-16,17.932899,17.9424,17.7609,17.818199,6.767552,2913999.0,1.0005298083706378,0.9904087454013989,0.9936039343108998,0.15289799999999687,-0.010901999999998857,-620472.0,1.0082900803766692,1.0094584529899653,1.008271354527,0.991509759551521,0.9910301452217981,0.9896893979525544,1.001126575322365,1.0018446967054326,0.9997394992317005,0.10237142857142853,0.11464985714285701,-0.00796003333333341,0.024882857142857113,0.030843428571428584,-0.0030244999999999855,-39508.71428571428,-486137.21428571426,-56162.63333333333
2002-08-19,17.818199,17.846901000000003,17.569799,17.569799,6.673206,2605120.0,1.0016108249773168,0.9860591971163865,0.9860591971163865,-0.11469999999999914,-0.09434599999999982,-308879.0,1.0052985678240391,1.008970617365054,1.008307629695511,0.9899113588237461,0.9904365865765846,0.9895750626942449,0.995913401646745,1.0005678850554676,0.9995025104710201,0.06414271428571437,0.06004985714285712,-0.01210333333333331,-0.010369142857142855,0.014256357142857176,-0.006169366666666646,-200139.85714285713,-207478.64285714287,-58395.7
2002-08-20,17.7896,17.7896,17.6271,17.694,6.720378999999999,4419085.0,1.0,0.9908654494760983,0.9946260736610154,-0.02859899999999982,0.04717299999999902,1813965.0,1.0046142549148038,1.0087723900613093,1.00777856725839,0.9902809112794587,0.990538811198845,0.9892705776767816,0.9959829300571468,1.0003826802132314,0.9987943171559333,-0.020471285714285564,0.04299285714285718,-0.00891666666666661,-0.007259714285714354,0.015032357142857096,-0.008225466666666658,159856.85714285713,50577.07142857143,79908.16666666667
2002-08-21,17.7227,17.770398999999998,17.6271,17.770398999999998,6.749395,3224882.0,1.0026914070655146,0.9946057880571244,1.0026914070655146,-0.0669000000000004,0.029016000000000375,-1194203.0,1.0043144287292134,1.0078977658994457,1.0077639233787898,0.9921742083981376,0.9906273961765134,0.9892296757047748,0.9988791610973607,1.0002982834173237,0.9989013045469363,-0.03002842857142848,0.032078571428571526,-0.02038003333333336,0.008290714285714198,0.011662857142857102,-0.0070164333333333495,110841.28571428571,-191023.57142857142,-59710.03333333333
2002-08-22,17.818199,18.085699,17.7896,18.0762,6.865543,3893868.0,1.0150127406254696,0.998394955629354,1.0144796339966795,0.09549900000000022,0.11614799999999992,668986.0,1.0040624835645744,1.0089701045155506,1.0081593499353823,0.9933365998550993,0.9919769467266913,0.989333764875972,0.9985510578428947,1.0027967395651678,0.9992789608825688,0.023199857142857234,0.04094271428571413,-0.012420033333333318,0.006739285714285614,0.032140214285714244,-0.0021763000000000273,184502.14285714287,-40722.07142857143,-1727.7333333333333
2002-08-23,18.066601,18.066601,17.799101,17.885099,6.792960000000001,2033141.0,1.0,0.9851936731209153,0.9899537273225884,0.24840199999999868,-0.07258299999999895,-1860727.0,1.0039092013446305,1.0084823111510135,1.0077936865644253,0.9922182584001825,0.991772447050204,0.9888402206466691,0.9978823754185183,1.0025261114813473,0.9987176855437228,0.03821428571428547,0.09076435714285706,-0.0073266333333333955,0.009847857142857233,0.032400571428571494,-0.006652966666666652,-96076.85714285714,37409.857142857145,-89876.96666666666
2002-08-26,17.799101,18.104799,17.751301,18.104799,6.876405,2886416.0,1.0171749123733833,0.9973144711072768,1.0171749123733833,-0.2674999999999983,0.08344499999999933,853275.0,1.0052885276303318,1.007346000972868,1.0082277156918573,0.9918346114155077,0.9921195477142313,0.9889411895641391,0.999798412263781,1.0015138960524221,0.9993768168469791,0.00272857142857116,0.09554292857142853,-0.019746633333333343,0.013993000000000144,0.03058285714285715,-0.0030245999999999698,-92579.28571428571,-29235.214285714286,-11918.866666666667
2002-08-27,18.114401,18.123899,17.732201,17.808701,6.763942,3592643.0,1.0005243342023842,0.9789007651978113,0.9831239244400076,0.3153000000000006,-0.11246299999999998,706227.0,1.0052877456062954,1.0067889129914824,1.0082451934986036,0.9901906142435666,0.9908501868975438,0.9885172900062752,0.9983012679965108,0.9997139216594378,0.9989366135420198,0.025928857142857403,0.06415014285714296,-0.0038199666666666114,-0.0005157142857143018,0.012183571428571405,-0.004474199999999969,96949.14285714286,28720.214285714286,-37254.9
2002-08-28,17.732201,17.865999,17.6271,17.808701,6.763942,2271422.0,1.007545481804543,0.9940728734126124,1.004314185249761,-0.382200000000001,0.0,-1321221.0,1.0061355537244707,1.005717060774255,1.008496709558755,0.9913354251430275,0.9906233919833868,0.988565876690369,1.0009091234441356,0.9984112625454403,0.9992562460269311,-0.012285428571428574,0.025928642857142897,-0.012419933333333332,0.012962285714285673,0.0012965714285714089,-0.0025397666666666947,-47671.142857142855,-123905.5,-104308.63333333333
2002-08-29,17.808701,18.104799,17.7227,18.095301,6.872798,3393618.0,1.0166265916868389,0.995170843735318,1.0160932568860581,0.07649999999999935,0.10885600000000029,1122196.0,1.008510781108305,1.0065625180115543,1.0087508239484642,0.9919504814657731,0.991115696372616,0.9884932368546474,1.003975863904856,0.9999793969810015,0.9997045425263779,0.002728714285714164,-0.008871285714285701,-0.007643300000000034,0.021774142857142995,0.007257214285714321,0.00012160000000000319,-146495.2857142857,6680.785714285715,-70522.3
2002-08-30,18.047501,18.200399,17.9806,18.114401,6.88005,7252809.0,1.008471976258652,0.9962930601860057,1.0037068844046608,0.23880000000000123,0.00725199999999937,3859191.0,1.0093365767073244,1.006825502718269,1.0089804295191263,0.9921915203413276,0.9921828643697327,0.9890929334044528,1.0041209320961626,1.0015000465967616,1.000445406383039,0.046400142857142966,0.008185857142857245,-0.0003199666666665972,0.018664999999999994,0.013477857142857097,0.004958999999999995,575418.1428571428,343129.71428571426,-38461.63333333333
2002-09-02,18.152599,18.229,17.9615,18.229,6.92358,2325149.0,1.004208818803302,0.9894726369485715,1.004208818803302,0.10509799999999814,0.04353000000000051,-4927660.0,1.0077931593041576,1.0059278214343659,1.0080168540568384,0.9909169033869301,0.9921267516210147,0.9888338680970252,1.002653672782823,1.0006023653128586,0.9996289328974376,0.04777142857142839,0.035485642857142806,0.02802663333333323,0.00829100000000008,0.007515142857142847,0.005321266666666672,-224102.7142857143,-19800.285714285714,-83027.8
2002-09-03,18.229,18.353201,18.152599,18.200399,6.912714,3818358.0,1.0068133742937078,0.9958088211092215,0.998431016512151,0.07640100000000061,-0.010866000000000042,1493209.0,1.008766498488973,1.0063378499168016,1.0079199414400433,0.9924333530995453,0.992325805749864,0.9890541730604904,1.0038647140956176,1.000873544757068,0.9996126155133264,0.023199857142857234,0.03070707142857135,0.017833333333333336,0.01710771428571421,0.013477785714285722,0.006652966666666682,255031.0,79477.07142857143,-98658.56666666667
2002-09-04,18.0571,18.1621,17.999701,18.104799,6.876405,4558529.0,1.005814887218878,0.9968212503668918,1.0026415648138407,-0.17190000000000083,-0.03630900000000015,740171.0,1.007143637752615,1.0062160826914732,1.008113771014006,0.992362892993776,0.9920987522046419,0.9900526903161103,1.0017885215871116,1.0007934669254464,1.0003263995490719,0.03685699999999973,0.019792785714285444,0.02516003333333335,0.0,0.006996500000000072,0.014272000000000003,238873.2857142857,73147.0,-165183.4
2002-09-05,18.152599,18.229,17.9233,18.104799,6.876405,3666695.0,1.004208818803302,0.9873682550911858,0.9973667682517529,0.09549900000000022,0.0,-891834.0,1.0076699926956034,1.0064788691509494,1.0082172071872815,0.9935725344071153,0.991881574325341,0.9905903205555954,1.0038232135602183,1.0010622407783645,1.00103135510374,0.005456857142856819,0.015692857142857113,0.029299966666666677,0.016066142857142855,0.007775214285714276,0.01572416666666667,10578.857142857143,53764.0,-197975.0
2002-09-06,18.0093,18.1908,17.9042,18.1908,6.90907,4061521.0,1.010078126301411,0.9941641263125163,1.010078126301411,-0.14329899999999895,0.03266499999999972,394826.0,1.0080317990522987,1.0070836763883846,1.0085340162711007,0.993585570535673,0.9924604978393502,0.9915187914127537,1.0046466337104538,1.0027778785772947,1.0024141772985242,0.039585571428571394,0.01365007142857141,0.04267666666666668,0.020732571428571385,0.01684742857142853,0.02515870000000001,255728.42857142858,104028.64285714286,-488725.5
2002-09-09,18.3055,18.5252,18.2481,18.5252,7.036078,2874485.0,1.012001857365273,0.9968643303925051,1.012001857365273,0.2961999999999989,0.127008,-1187036.0,1.0073711227206466,1.0079409519144755,1.0081734164546496,0.9938274972009855,0.9928889893333793,0.9917264176788322,1.0040621480646272,1.0040190059847418,1.0020925702813281,0.07097128571428561,0.03684999999999989,0.06592329999999992,0.023325714285714203,0.0225499285714286,0.02334446666666666,-74161.85714285714,-110328.57142857143,-228181.16666666666
2002-09-10,18.487,18.5825,18.410601,18.5156,7.032431,4616120.0,1.0051657921782875,0.9958674203494348,1.0015470330502516,0.18149999999999977,-0.003646999999999956,1741635.0,1.0068988107091659,1.0081176937082452,1.00806425873639,0.9937666915100467,0.9929791059256872,0.9917763644188343,1.0037535978711403,1.0039372649836513,1.0020129860424731,0.06278557142857112,0.05459285714285705,0.05031663333333327,0.0217687142857143,0.020216857142857148,0.01862713333333333,-376669.85714285716,99374.14285714286,-29790.033333333333
2002-09-11,18.5825,18.6112,18.467899,18.5061,7.028825,3227953.0,1.001544463877304,0.9938328534911879,0.9958886048701736,0.09550000000000125,-0.003605999999999554,-1388167.0,1.0065181885768804,1.007155673940519,1.0080232347905527,0.9943895795875634,0.9926532414872468,0.9919229827097255,1.0025649958806933,1.0026093343317581,1.001968641489735,0.06141442857142871,0.05459292857142855,0.04649333333333334,0.015035000000000005,0.011663000000000043,0.017296633333333342,128972.0,-47565.357142857145,-16101.766666666666
2002-09-12,18.4774,18.649401,18.4774,18.601601,7.0650960000000005,4424671.0,1.0093087230887463,1.0,1.0067217790381764,-0.1051000000000002,0.036271000000000164,1196718.0,1.0068746669761717,1.0078205827325724,1.007835654049124,0.994988319429103,0.9937108362643242,0.9921441294307332,1.0037493905272685,1.003807052311443,1.0020636020507334,0.03548571428571431,0.029342785714285773,0.040126666666666706,0.021768857142857177,0.019438285714285693,0.015966033333333338,86616.14285714286,170823.57142857142,-49151.36666666667
2002-09-13,18.5825,18.697201,18.5539,18.687599,7.097759,4203157.0,1.00617252791605,0.998460917529934,1.005655805193058,0.1051000000000002,0.03266299999999944,-221514.0,1.006925758504339,1.007034698128477,1.0080414049796589,0.995222557595252,0.9937927252945141,0.9927761184175022,1.004179996295728,1.0029842589414197,1.0029354206262733,0.07505714285714303,0.05595707142857138,0.044583299999999916,0.031621999999999977,0.015810999999999988,0.022739299999999987,-50767.42857142857,94052.92857142857,-8694.0
2002-09-16,18.659,18.754499,18.5539,18.6112,7.068741,2890551.0,1.005118119942119,0.9943673294388766,0.9974382335602123,0.07649999999999935,-0.029017999999999766,-1312606.0,1.0070556586670272,1.0073628256813154,1.007984372074279,0.9962224253592078,0.9948974798831616,0.9929864737790735,1.0041902056255079,1.004006709592863,1.0030586110617445,0.07234300000000005,0.03889992857142843,0.06210333333333331,0.027476571428571437,0.021771357142857144,0.024312966666666675,-110877.71428571429,-50149.42857142857,46038.26666666667
2002-09-17,18.687599,18.687599,18.5348,18.649401,7.083251,6829299.0,1.0,0.9918235081992075,0.9979559706947908,0.02859899999999982,0.014509999999999579,3938748.0,1.0056159263382543,1.0068238626952766,1.0068815969120317,0.9958880513430209,0.994736810939347,0.9929654219920173,1.0024584691102765,1.0035525514103651,1.001945612472293,0.09689985714285701,0.0682427142857142,0.07420329999999993,0.02488299999999999,0.022807785714285687,0.02116686666666666,395396.85714285716,325562.64285714284,117786.33333333333
2002-09-18,18.630301,18.649401,18.353201,18.439199,7.003413,3464463.0,1.0010252115626044,0.9851263809425301,0.9897424094221559,-0.057297999999999405,-0.07983799999999963,-3364836.0,1.0040478340807302,1.0057094784006884,1.0066383184327257,0.9942112014215958,0.9940193493112907,0.9925805741357204,0.9992785479755455,1.0016703480200864,1.0013262405883054,0.046400142857142966,0.05868571428571429,0.0471334,-0.0046664285714285315,0.009329642857142837,0.013668033333333322,84282.57142857143,5060.357142857143,9130.1
2002-09-19,18.439199,18.439199,18.2099,18.3055,6.952634,3812724.0,1.0,0.9875645899802916,0.9927491969689138,-0.19110200000000077,-0.05077900000000035,348261.0,1.0033098637695463,1.005104337239356,1.0058866046712014,0.9930250827974325,0.9933958871537396,0.9922577937280365,0.9980217142496401,1.00088765606039,1.0003328333924115,-0.006828714285714251,0.027978428571428435,0.03566663333333331,-0.011399571428571445,0.005184571428571427,0.006894799999999979,-114770.85714285714,-245720.35714285713,-6445.833333333333
2002-09-20,18.181299,18.2481,18.133499,18.2386,6.927222,5397041.0,1.0036741599156365,0.9973709249267614,1.003151644995223,-0.25789999999999935,-0.025411999999999324,1584317.0,1.0036141060607366,1.0050661473188085,1.0058494036562344,0.9935305215739431,0.9939600505807532,0.9925608718160581,0.9990592914103614,1.0008121436455275,1.0006332423993123,-0.05731442857142862,0.002050000000000044,0.008280000000000006,-0.01451471428571427,0.0002601428571428675,0.005200833333333351,309869.71428571426,219420.85714285713,69898.46666666666
2002-09-23,18.229,18.229,17.999701,18.0093,6.840135000000001,5805270.0,1.0,0.9874211969938013,0.9879477755225191,0.04770099999999999,-0.08708699999999947,408229.0,1.00228428847663,1.0045794777264008,1.0056897306440795,0.9917335497159147,0.993360934572509,0.9927631547749726,0.9963772909081248,1.0000633407176964,1.0008175752572623,-0.03548571428571431,0.0,0.009870033333333339,-0.032137285714285646,-0.005184214285714235,0.004959166666666685,197228.42857142858,141922.2857142857,111875.9
2002-09-24,17.8755,17.9902,17.799101,17.9902,6.832878,7137506.0,1.0064166037313642,0.9957260496209897,1.0064166037313642,-0.35350000000000037,-0.007257000000000957,1332236.0,1.0023191564502463,1.0046224574772926,1.005344405542527,0.9913428543003511,0.9932827059478015,0.9929454159146514,0.9964859764135969,1.0003329863546626,1.0004722501557095,-0.1010000000000001,-0.012971428571428538,0.007323333333333319,-0.03784014285714284,-0.0031090714285714354,0.0004836666666666526,419192.71428571426,184212.64285714287,151171.76666666666
2002-09-25,17.865999,17.932899,17.808701,17.865999,6.785707,4219264.0,1.0037445429164078,0.9967929025407424,1.0,-0.009501000000000204,-0.04717099999999963,-2918242.0,1.002122931160859,1.004589294913943,1.0054334577884203,0.9916893647434748,0.9939558950513413,0.9930711105558317,0.9968519430478524,1.0005210743366801,1.0006511000126022,-0.11328585714285719,-0.020471428571428568,0.0022299333333332784,-0.040433428571428544,-0.006478428571428552,0.0020560666666666746,189816.14285714287,39469.21428571428,50452.833333333336
2002-09-26,17.952,17.952,17.3787,17.4074,6.611525,7129737.0,1.0,0.9680648395721924,0.9696635472370765,0.0860010000000031,-0.17418200000000006,2910473.0,1.002122931160859,1.0038694287495566,1.0051828035093044,0.9882952692253298,0.9920916602841754,0.9920066052082382,0.9928101682681788,0.9976343186892277,0.9995144631052868,-0.105085571428571,-0.004092857142856994,0.0057332999999999855,-0.06738942857142849,-0.02125321428571425,-0.005564299999999959,42919.71428571428,219158.2857142857,119842.2
2002-09-27,17.254499,17.3883,16.977501,17.168501000000003,6.520789,11395131.0,1.007754557231711,0.9839463319103036,0.9950159086044749,-0.6975010000000026,-0.0907360000000006,4265394.0,1.0030842662564456,1.003566050168588,1.0054236284713403,0.9881266907921545,0.9911689461068752,0.9917911914252017,0.9935635252942244,0.996421036634885,0.9995615289150724,-0.1965431428571429,-0.07507149999999996,-0.02261333333333333,-0.06894628571428577,-0.03680635714285715,-0.00822543333333335,1132952.5714285714,608617.5714285715,282704.4
2002-09-30,16.815001000000002,17.1017,16.7386,16.862801,6.40468,9435546.0,1.0170501922658226,0.9954563785039322,1.0028426998012072,-0.43949799999999684,-0.1161089999999998,-1959585.0,1.005520008008706,1.0044149358891261,1.0059382740476237,0.9892540891526747,0.9911395859750536,0.9921044308047865,0.9950054542702664,0.9965135842599533,1.0001209790045666,-0.2320282857142852,-0.11942849999999972,-0.033439933333333255,-0.07827914285714284,-0.04483935714285714,-0.008950866666666684,803260.2857142857,344244.71428571426,227680.86666666667
2002-10-01,16.967899,17.3214,16.910601,17.254499,6.553452,5153249.0,1.0208335162768238,0.9966231529313088,1.016890718173181,0.15289799999999687,0.14877200000000013,-4282297.0,1.0079713446317327,1.0057927253462347,1.0066327245901845,0.9891472645818957,0.9913388930779193,0.9922963542532934,0.9969681790099746,0.998013735210168,1.0008631338216387,-0.17334285714285716,-0.11532864285714288,-0.027390033333333362,-0.05339571428571434,-0.033955214285714304,-0.005564233333333312,-34827.42857142857,137521.14285714287,24472.133333333335
2002-10-02,17.416901,17.483801,17.254499,17.3214,6.578861,6302370.0,1.0038410966451494,0.9906756087090349,0.9945167627696799,0.4490020000000001,0.025408999999999793,1149121.0,1.008520072723897,1.0054021806002635,1.0066710475761724,0.9896121805412148,0.9906728651285647,0.9921653482750238,0.997906605759569,0.9971419483338468,1.0005906456784444,-0.11601414285714284,-0.07574992857142858,-0.010193300000000013,-0.037324857142857305,-0.03473107142857147,-0.0056844666666666654,71014.28571428571,134121.35714285713,102582.93333333333
2002-10-03,17.330999,17.512501,17.159,17.464701,6.633286999999999,4295700.0,1.0104726796187573,0.9900756442257022,1.0077146158741341,-0.08590200000000081,0.05442599999999942,-2006670.0,1.0090995121363817,1.005709334293314,1.006519712209282,0.9888049797704594,0.9900739170354053,0.9918880378949021,0.998092036065679,0.9972890062396381,1.0003651450743594,-0.0777858571428572,-0.08939292857142865,-0.016240000000000046,-0.028513000000000104,-0.03317657142857148,-0.007741866666666682,-405972.28571428574,6610.214285714285,13394.4
2002-10-04,17.4265,17.512501,17.235398999999997,17.330999,6.582508,3028270.0,1.0049350701517803,0.9890338851748771,0.9945197830889736,0.09550100000000228,-0.05077899999999946,-1267430.0,1.0092695874557207,1.0056962593082897,1.0066842145476746,0.987696548718193,0.9896929567308339,0.9920160449633676,0.9973091479355324,0.9970805454916923,1.000517346933239,-0.06278557142857112,-0.08803571428571415,-0.021336699999999927,-0.029028428571428653,-0.0347309285714286,-0.007015066666666699,-170142.0,9837.07142857143,33170.96666666667
2002-10-07,17.149401,17.149401,16.815001000000002,16.8437,6.397426,2968473.0,1.0,0.9805007766743574,0.9821742462025348,-0.27709899999999976,-0.18508199999999952,-59797.0,1.0092695874557207,1.0056962593082897,1.0061117174685619,0.9894731111613595,0.9888841901933446,0.9914555884822701,0.9990963906448836,0.9959532794565312,0.9993506580608772,-0.1146570000000001,-0.10987128571428555,-0.021656666666666644,-0.030585571428571434,-0.04898749999999996,-0.01596596666666666,-594466.2857142857,-275773.28571428574,2735.233333333333
2002-10-08,16.815001000000002,16.910601,16.4998,16.7099,6.346606,7226761.0,1.0056853996024144,0.9812547736393235,0.9937495692090651,-0.3343999999999987,-0.050819999999999865,4258288.0,1.0089739935086783,1.0060291298825619,1.0062837529818962,0.9890886028369338,0.9886076468145442,0.9915340554303206,0.998915485016968,0.9962395051555963,0.9997048462198458,-0.06278542857142812,-0.1296642857142855,-0.04331333333333329,-0.024883285714285615,-0.046914785714285694,-0.01391119999999999,-595481.4285714285,268735.5714285714,121137.26666666666
2002-10-09,16.815001000000002,16.910601,16.299101,16.432899,6.241399,5901180.0,1.0056853996024144,0.9693190621873884,0.9772761238610689,0.0,-0.10520700000000005,-1325581.0,1.00735045169962,1.006435229854163,1.0062217502418254,0.9853547005059989,0.9873043948293369,0.9907089283894798,0.9952631170255196,0.9951342856478931,0.9988035775068894,0.0,-0.1160141428571426,-0.03057333333333325,-0.023325857142857082,-0.05080249999999996,-0.017418099999999992,-504909.4285714286,149175.42857142858,120991.93333333333
2002-10-10,16.2418,16.375601,16.117599,16.1749,6.143408,4992040.0,1.0082380647465181,0.9923530027460009,0.9958809984115061,-0.573201000000001,-0.09799100000000038,-909140.0,1.005551101481005,1.0067612230563687,1.0059421326771478,0.984744679050955,0.9869459718164253,0.9906150003565025,0.9922617284881375,0.9946149537490562,0.9981298355577377,-0.10372842857142826,-0.1385356428571427,-0.052230033333333266,-0.058577714285714295,-0.05598671428571432,-0.024313000000000015,-23029.85714285714,-28928.64285714286,53280.73333333333
2002-10-11,16.3564,16.4233,16.0889,16.2323,6.165209,7079809.0,1.0040901420850554,0.9836455454745542,0.9924127558631483,0.11459999999999937,0.02180099999999996,2087769.0,1.0055866794009913,1.007053376062444,1.005796071538028,0.9837403843031719,0.9866762824221933,0.9901934165327876,0.9919611560729188,0.9949338809162439,0.997753364606354,-0.15150014285714267,-0.13375714285714274,-0.056370033333333326,-0.059093142857142844,-0.04820900000000007,-0.023828033333333328,111062.71428571429,91038.5,-5766.666666666667
2002-10-14,16.385099,16.8055,16.318199,16.624001,6.313982,4465354.0,1.0256575196768722,0.9959170219233952,1.014580442876787,0.028698999999999586,0.14877300000000027,-2614455.0,1.0077559422664364,1.008427727201409,1.0065110282338137,0.9845748668314138,0.9866899233009366,0.9904082293652815,0.9929419885018691,0.9955170122837741,0.9980990854088035,-0.13512857142857118,-0.10645721428571418,-0.05891666666666661,-0.045614999999999864,-0.037063999999999986,-0.020319933333333335,24236.285714285714,-190868.0,71340.16666666667
2002-10-15,16.7195,17.1877,16.7195,17.178101,6.524433999999999,4678030.0,1.0280032297616555,1.0,1.0274291097221808,0.3344009999999997,0.2104519999999992,212676.0,1.0110513936392758,1.0101604905474981,1.007217356749412,0.9861414546635743,0.9869190016908836,0.9905479353283074,0.9976433208780416,0.997476234406787,0.9990656885158044,-0.1010000000000001,-0.08189278571428561,-0.05031666666666664,-0.008296285714285772,-0.018662357142857213,-0.012942666666666694,235680.0,32769.0,28655.733333333334
2002-10-16,17.3978,17.512501,17.149401,17.225901,6.542589,6935347.0,1.0065928450723656,0.9857223901872652,0.9901194978675465,0.6783000000000001,0.01815500000000103,2257317.0,1.0119932286496136,1.010631408052667,1.0072432886778615,0.9868873994511324,0.988180255306246,0.9901779733223199,0.9987783568301861,0.9989373737375349,0.9986482862842614,0.035485571428571304,-0.0395857142857144,-0.021976666666666606,0.02073757142857145,-0.004923999999999992,-0.011127199999999988,566696.2857142857,-13885.0,79227.26666666666
2002-10-17,17.2736,17.4265,17.0348,17.235398999999997,6.546198,5114534.0,1.0088516580214897,0.9861754353464247,0.9977884748981104,-0.12420000000000186,0.0036089999999999733,-1820813.0,1.01244555128091,1.0107097723947942,1.0073980499851345,0.9875903511235755,0.9883394769802546,0.9901382126641614,0.9993553433571927,0.9991354141870802,0.9986623431724733,0.06551414285714229,0.001364357142857082,-0.029299966666666677,0.028513142857142855,0.00181492857142862,-0.01100689999999999,-301746.71428571426,-448614.0714285714,48261.3
2002-10-18,17.445601,17.531601000000002,17.254499,17.254499,6.553452,6427066.0,1.0049296094757643,0.9890458345344479,0.9890458345344479,0.17200100000000162,0.00725399999999965,1312532.0,1.0123375812628173,1.0098440164812186,1.0072264327576128,0.9904084614588697,0.9878815809824343,0.9899676029382257,1.0010367305962469,0.9981499238108832,0.9979612667802411,0.09008571428571395,0.045042857142856975,-0.018789966666666658,0.04457899999999996,0.010626571428571438,-0.011853933333333325,75126.57142857143,-214891.42857142858,78851.5
2002-10-21,17.2927,17.2927,17.0539,17.0539,6.477263,4139345.0,1.0,0.9861907047482463,0.9861907047482463,-0.15290099999999995,-0.07618900000000028,-2287721.0,1.0111607148704576,1.0083559081757312,1.0068263708454372,0.9895281331734761,0.9871364061122155,0.9896118154167505,0.9996524029300667,0.9959570657091021,0.9971008950263403,0.15012857142857122,0.023200071428571483,-0.03375999999999995,0.0476935714285714,-0.005442071428571449,-0.01862716666666667,-121813.57142857143,-72421.71428571429,42162.0
2002-10-22,17.197201,17.264098999999998,17.1017,17.1017,6.4954160000000005,4448755.0,1.0038900516427063,0.9944467125784017,0.9944467125784017,-0.09549900000000022,0.018153000000000752,309410.0,1.0111321305215506,1.008359404961271,1.0067838461609178,0.9910711570454545,0.9874057706743132,0.9895644584910492,0.9999429681751029,0.9959520621240109,0.9968642176772786,0.12011442857142843,-0.015692857142857113,-0.04299329999999995,0.04717242857142866,-0.0059603571428570945,-0.01790049999999998,-375864.85714285716,-132401.07142857142,-5578.833333333333
2002-10-23,17.0826,17.3596,16.987,17.245001000000002,6.549842,6257651.0,1.0162153302190533,0.9944036622059873,1.0095068080971283,-0.1146010000000004,0.05442599999999942,1808896.0,1.0097832463132905,1.0087695942898636,1.0072728750389761,0.9908549628001104,0.9877149148157622,0.9895834854482093,0.9992181632065803,0.9960800758542246,0.9973181577848437,0.09964299999999986,-0.017742785714285652,-0.049996666666666675,0.03369428571428568,-0.0059603571428570945,-0.015966100000000014,256042.42857142858,140139.35714285713,100989.93333333333
2002-10-24,17.464701,17.694,17.2736,17.598499,6.684107000000001,11477100.0,1.013129282888954,0.9890578716463566,1.0076610530005639,0.38210100000000224,0.13426500000000097,5219449.0,1.0076583967600476,1.0093548951996616,1.0074002270323164,0.9892918016067327,0.9877166281351535,0.9892187478364212,0.9963941551034922,0.9970187379907669,0.9973494669169233,0.10645728571428593,0.0027286428571429155,-0.03375663333333326,0.022810428571428787,0.007257071428571508,-0.01269963333333332,971295.7142857143,603487.8571428572,235080.96666666667
2002-10-25,17.483801,17.6749,17.445601,17.579399,6.676852,20541239.0,1.0109300603455738,0.997815120407742,1.0054678041691276,0.01909999999999812,-0.007255000000000678,9064139.0,1.0082779989419346,1.010135613795774,1.0075588114466336,0.9910193344953724,0.9889533669732523,0.9891972212656814,0.9985867702894323,0.9986825635598092,0.9973432002161257,0.01228585714285708,0.023885714285714194,-0.0366233,0.019180428571428543,0.019958999999999998,-0.014030233333333324,1943698.857142857,1255197.5714285714,544602.7333333333
2002-10-28,17.6749,17.9424,17.6749,17.932899,6.811114999999999,7165981.0,1.0151344562062585,1.0,1.014596914268256,0.19109900000000124,0.1342629999999989,-13375258.0,1.0091755415397585,1.0108105464103343,1.007892689322105,0.992994272303026,0.9902923117133007,0.9893849769510522,1.0009879759137388,1.0001716596354657,0.9979151562397272,0.057328571428571805,0.06142135714285705,-0.03280333333333327,0.03784528571428553,0.033179214285714194,-0.008587533333333367,293063.85714285716,-4341.428571428572,142514.33333333334
2002-10-29,17.9137,17.932899,17.770398999999998,17.827801,6.771197,6013044.0,1.00107174955481,0.9920004800794922,0.995204843220552,0.23879999999999768,-0.03991799999999923,-1152937.0,1.008624418693908,1.0104809999783626,1.0079284143072653,0.9934163645237465,0.9919124129913082,0.9893908760137283,1.0018678342974678,1.0014522824468572,0.9978234519905858,0.06687128571428554,0.07847849999999974,-0.025796633333333336,0.031106428571428552,0.03784271428571425,-0.010401799999999994,-59146.0,7990.285714285715,-27208.5
2002-10-30,17.770398999999998,18.133499,17.751301,18.114401,6.88005,11349521.0,1.0204328557844988,0.9989252914354936,1.0193581472199922,-0.143301000000001,0.10885299999999987,5336477.0,1.0115433980916937,1.0113520564810756,1.0085753357813287,0.9952355911933534,0.9923818621834147,0.9898508396968271,1.0066060403648602,1.0031292216474634,0.9988106432505136,0.06824271428571395,0.10918564285714259,-0.028663400000000058,0.057541,0.0526172857142857,-0.004112100000000011,1030025.1428571428,454105.78571428574,262835.26666666666
2002-10-31,17.7131,17.999701,17.6367,17.9902,7.010914,16869740.0,1.0161801717373018,0.9956868080686047,1.0156437890600742,-0.05729899999999688,0.13086399999999987,5520219.0,1.0132991295337785,1.0122156300276646,1.0091146748392386,0.9954127476919538,0.9932419523687042,0.9901215802997709,1.0096341941479563,1.0047885811615296,0.999573796320219,0.07369985714285729,0.09690714285714286,-0.024203299999999928,0.07364257142857131,0.06040749999999998,0.0019426666666666629,1774426.4285714286,699280.7857142857,435233.86666666664
2002-11-01,17.9137,17.9137,17.464701,17.464701,6.806123,9045271.0,1.0,0.9749354404729342,0.9749354404729342,0.2005999999999979,-0.20479099999999928,-7824469.0,1.0109826537881994,1.010382950050745,1.0089922028420508,0.9926315731586605,0.9917432679793855,0.9893737308179767,1.0046954273445,1.0019567952755402,0.9986332561694761,0.11872857142857132,0.1091857857142856,-0.008919966666666687,0.036611571428571486,0.035152928571428585,-0.004036633333333335,398231.4285714286,327136.9285714286,121607.66666666667
2002-11-04,17.598499,17.865999,17.531601000000002,17.837298999999998,6.9513300000000005,5616350.0,1.0152001599681881,0.9961986530783109,1.0135693390669283,-0.3152009999999983,0.14520700000000009,-3428921.0,1.0112784933709473,1.0094684450654976,1.0094988748409903,0.9936516847917968,0.9914717431992647,0.9896663126874602,1.0055394682111236,1.0009668116573078,0.9994873082876231,0.019113999999999822,0.06278564285714287,-0.02101669999999996,0.03817471428571422,0.030492571428571504,0.003706499999999983,-837250.0,67022.85714285714,-6297.333333333333
2002-11-05,17.885099,18.095301,17.694,17.770398999999998,6.925256,3080523.0,1.0117529122986682,0.9893151835502839,0.9935868400840273,0.28659999999999997,-0.026074000000000375,-2535827.0,1.0113960436499607,1.0098370212959478,1.0096767517932337,0.9924374080978742,0.9917283712966233,0.9894526171517701,1.0038421876275379,1.001214478958485,0.9990596494993785,0.0573282857142858,0.03480707142857144,0.00031996666666671557,0.03548628571428569,0.027333357142857118,0.003079266666666669,-2494388.0,-275344.5714285714,-135232.76666666666
2002-11-06,17.9137,18.152599,17.808701,18.0762,7.04443,4618985.0,1.0133361058854395,0.9941386201622222,1.009071269475318,0.028600999999998322,0.11917400000000011,1538462.0,1.0111391364612723,1.0101573390005156,1.0099964705588682,0.9916000681210487,0.9922971702120373,0.989364141072486,1.0030528097999751,1.002020392856857,0.9993620251485559,0.03411428571428538,0.04572142857142859,0.0015900333333333332,0.033330714285714436,0.03558799999999999,0.008624099999999994,-363856.5714285714,-35396.357142857145,13324.033333333333
2002-11-07,18.114401,18.1717,17.9137,18.047501,7.033246000000001,7761781.0,1.003163173874753,0.988920362312836,0.9963068058391773,0.20070100000000224,-0.011183999999999195,3142796.0,1.0114379113641214,1.0100311650290146,1.0101019096880266,0.9911600512972408,0.9922882079104937,0.9900593251638409,1.0032102330312074,1.0025390336643378,1.0002501337686256,0.028671571428571747,0.04777142857142864,0.005413366666666638,0.03743557142857158,0.034271000000000065,0.014057366666666689,249819.57142857142,95336.78571428571,21068.133333333335
2002-11-08,17.885099,17.9806,17.770398999999998,17.770398999999998,6.925256,5402493.0,1.0053396964702292,0.9935868400840273,0.9935868400840273,-0.22930200000000056,-0.10799000000000092,-2359288.0,1.0092817457477972,1.0104125719197454,1.0100214143293107,0.9903974153898885,0.992816503291621,0.9903806754362984,0.9995286177260695,1.0030673290454648,1.0002024981512776,0.01638571428571467,0.04231421428571431,0.02102000000000004,0.006458000000000043,0.03199950000000002,0.013482233333333345,-849575.4285714285,90224.85714285714,-199754.6
2002-11-11,17.808701,17.808701,17.483801,17.531601000000002,6.832196000000001,5570728.0,1.0,0.9817561089941372,0.9844401902193767,-0.07639800000000108,-0.09305999999999948,168235.0,1.0069702926424682,1.0101347110881236,1.0094530745871166,0.9884073155221075,0.9919100316070306,0.9899239997859719,0.995070960748827,1.0023525774483917,0.9995890811652166,0.013657285714285499,0.04367857142857139,0.033123333333333234,-0.02553114285714272,0.02405571428571429,0.014250533333333355,-1614144.5714285714,80140.92857142857,-128827.26666666666
2002-11-12,17.3214,17.608,17.2927,17.608,6.861969,6012041.0,1.0165460066738254,0.9983430900504577,1.0165460066738254,-0.48730099999999865,0.029772999999999605,441313.0,1.0093340078815862,1.010158330834893,1.0093101576003498,0.9917512654617536,0.992191419310207,0.9899813310232768,1.0010153273489544,1.0028553773467273,0.9995775907819048,-0.08461428571428543,0.017057142857142944,0.011783366666666713,0.007977999999999976,0.022294785714285732,0.010283900000000006,-433318.5714285714,-17543.571428571428,28626.4
2002-11-13,17.569799,17.6558,17.2068,17.245001000000002,6.720503999999999,6913144.0,1.0048948197984506,0.979339604283464,0.9815138465727469,0.24839899999999915,-0.14146500000000106,901103.0,1.0078618164287667,1.009570154899857,1.00934528170546,0.9893428299196326,0.9914972573557147,0.9896034642090912,0.9964359712783569,1.0009877197447403,0.9991441602420069,-0.004100000000000088,0.007506999999999867,0.0050966000000000145,-0.03297514285714304,0.0025997857142855884,0.00472143333333331,185256.2857142857,-325996.85714285716,20359.133333333335
2002-11-14,17.264098999999998,17.445601,17.1112,17.3118,6.746538,5435471.0,1.010513262232799,0.9911435285444089,1.0027630170563784,-0.30570000000000164,0.026034000000001,-1477673.0,1.007684723562214,1.0095403836060872,1.0093466344592614,0.9896040220616504,0.9910207150797624,0.989639060353048,0.9977468537029786,1.0007945206652582,0.9989791069480817,-0.08871428571428604,-0.015693000000000117,-0.0022300000000000137,-0.025531142857142846,0.004977571428571422,0.0037750333333333628,336421.14285714284,-1078983.4285714286,37992.36666666667
2002-11-15,17.3501,17.6271,17.3501,17.512501,6.824754,2704499.0,1.015965325848266,1.0,1.0093602342349612,0.0860010000000031,0.07821600000000029,-2730972.0,1.0080603264140462,1.0095997314376592,1.009714309649144,0.990441362038476,0.9910207150797624,0.9900045975138855,0.9977881343829276,1.0004204720914514,0.9994737886529479,-0.08051428571428534,-0.02319999999999998,-0.002546666666666653,-0.03138228571428568,0.0009742142857143778,0.008074866666666687,-273498.0,-318677.28571428574,-10792.366666666667
2002-11-18,17.617599,17.7227,17.521998999999997,17.6462,6.876855,2467916.0,1.005965682383848,0.994573607901962,1.0016234334769456,0.26749899999999727,0.05210099999999951,-236583.0,1.0084606847724884,1.0099492980683047,1.0099131657286058,0.9912489685512081,0.9912045099242244,0.990473691888139,0.9985476526168944,1.0008789428240508,1.0001220948954284,-0.07097171428571462,-0.02115007142857144,0.015606599999999915,-0.02234157142857158,0.0075470000000000025,0.015980966666666655,-756266.4285714285,-253223.42857142858,-16685.233333333334
2002-11-19,17.608,17.608,17.4743,17.5411,6.835899,2733918.0,1.0,0.9924068605179464,0.9962005906406178,-0.009598999999997915,-0.04095599999999955,266002.0,1.0076978709910271,1.008489808369412,1.0097236524085254,0.991080400041768,0.9907389077158283,0.9908454281174264,0.9989210455535503,0.99922483163981,1.0002037956098133,-0.039585571428571394,-0.011599928571428362,0.02643329999999994,-0.01276528571428567,-0.0031536428571428132,0.016309766666666666,-381225.0,-615400.2142857143,-149761.43333333332
2002-11-20,17.531601000000002,17.598499,17.445601,17.598499,6.858267,3012455.0,1.0038158523000835,0.9950945723667791,1.0038158523000835,-0.07639899999999855,0.022367999999999277,278537.0,1.008242992748182,1.007606642695325,1.0096613341651142,0.9929858948092882,0.9906966051656978,0.9917046117900727,1.0016889972793657,0.9983799790140963,1.0010884532244473,-0.03958571428571389,-0.012964214285714195,0.023886666666666657,0.003724428571428438,-0.010903357142857142,0.020562266666666645,-365467.5714285714,-989806.0714285715,-96290.83333333333
2002-11-21,17.6749,17.732201,17.5602,17.6271,6.869411,4288091.0,1.0032419419628964,0.9935105714883817,0.9972955999751059,0.14329899999999895,0.011144000000000709,1275636.0,1.006342412075192,1.0078382099783891,1.0094947967389936,0.992295535014706,0.9920234002382298,0.9917431974148188,0.9989389391795485,0.9999771332642514,1.0011356066099006,0.05050000000000005,-0.01705714285714269,0.047769999999999986,0.0010631428571428816,0.004520571428571429,0.024200100000000013,-246278.57142857142,-339798.5714285714,-23464.966666666667
2002-11-22,17.6653,17.751301,17.521998999999997,17.6462,6.876855,3750460.0,1.0048683577408821,0.9918879951090556,0.9989187842833126,-0.009600000000002495,0.007443999999999562,-537631.0,1.0063386317812537,1.00710022410501,1.0095207372608543,0.9940881622755048,0.9917154960975687,0.9920179457359688,1.0014253588524864,0.9989306650654217,1.001352474223906,0.013642999999999818,0.004771499999999865,0.043629999999999926,0.022335857142857258,-0.005319642857142893,0.023721533333333333,-451812.0,-133277.85714285713,-110978.3
2002-11-25,17.6845,17.9042,17.5411,17.865999,6.962514,3414239.0,1.0124233085470327,0.9918912041618366,1.0102631683112329,0.019200000000001438,0.08565899999999971,-336221.0,1.00661149554043,1.0071481095513217,1.0090795968898598,0.9941949730779945,0.9918994975698225,0.9918837518105835,1.0024968090317514,1.000121831367365,1.0012085650717208,0.06005728571428597,-0.01432850000000003,0.04331336666666665,0.030853714285714214,0.0026612857142856833,0.021617733333333316,-288747.4285714286,23836.85714285714,-35037.166666666664
2002-11-26,17.9615,17.999701,17.808701,17.9233,6.984845,3864496.0,1.0021268268240404,0.9914929710770257,0.9978732288505971,0.277000000000001,0.022331000000000323,450257.0,1.0046345671083976,1.006347446761222,1.0082170501252725,0.9929796832318554,0.9917105226351656,0.9916001841798177,1.0008558082625565,0.999321971322742,1.000223369042668,0.0873428571428571,0.0034142857142858774,0.04140000000000003,0.02287014285714279,-0.004256071428571444,0.015347033333333352,165713.85714285713,-53892.07142857143,-27117.8
2002-11-27,17.837298999999998,17.846901000000003,17.6845,17.770398999999998,6.925256,3348876.0,1.0005383102004404,0.9914337366884977,0.9962494321589832,-0.12420100000000289,-0.05958899999999989,-515620.0,1.0038592282250536,1.0061599564987709,1.0080152322962084,0.9925311302013604,0.9918900493762842,0.9917905623965255,1.000088093788562,0.9993178732027282,1.000427700185716,0.031385714285714225,-0.019793000000000203,0.014649966666666596,0.006914428571428591,-0.007713571428571494,0.012755566666666655,125851.42857142857,-315207.5,-119549.03333333334
2002-11-28,17.8755,17.952,17.827801,17.9042,6.9774,1913091.0,1.0042796005706136,0.9973315991161088,1.001605549495119,0.03820100000000082,0.05214400000000019,-1435785.0,1.0044705997351413,1.0060842353630841,1.0078628303811792,0.9932346642868122,0.99215753216429,0.9921624345221817,1.0008602307677763,0.9998906381606633,1.0005549360056163,0.03821428571428547,-0.000685642857142962,0.020063333333333353,0.020214428571428553,0.003724571428571442,0.014373399999999996,-117261.0,-249243.0,-106714.76666666666
2002-11-29,17.8564,17.952,17.7227,17.952,6.996027000000001,7410589.0,1.005353822719025,0.9925124885195223,1.005353822719025,-0.01909999999999812,0.018627000000000393,5497498.0,1.00469030979499,1.0064666512715859,1.0078769708226212,0.9928657951657754,0.9929258449875319,0.9922779896550175,1.001079940827625,1.0013844690534952,1.0010985356117688,0.04639985714285696,0.003407071428571535,0.013693300000000026,0.019680000000000142,0.01170221428571429,0.01475250000000002,628304.8571428572,131418.64285714287,32784.1
2002-12-02,18.0093,18.066601,17.846901000000003,17.999701,7.014616999999999,3214710.0,1.0031817449873122,0.9909824923789378,0.9994669976067921,0.15289999999999893,0.018589999999998774,-4195879.0,1.0046817102270496,1.0055120611511208,1.007983028988865,0.9925046410072836,0.9924000880109948,0.9924377159093738,1.0013901404892944,1.0001645398344217,1.0015410787070538,0.04777142857142839,0.04913571428571422,0.023886666666666657,0.02074371428571415,0.010903428571428517,0.017911799999999988,-153340.14285714287,-199809.35714285713,-30821.166666666668
2002-12-03,17.865999,17.865999,17.7418,17.818199,6.943886,6325790.0,1.0,0.9930483036520937,0.9973245268848387,-0.143301000000001,-0.07073099999999943,3111080.0,1.0039862305497806,1.0051624311655172,1.0078533606007747,0.9926703993705747,0.9933792808230397,0.9923911022784969,1.0011623894323696,1.001293874142428,1.0016370058506017,0.02867128571428574,0.02115714285714278,0.02229326666666663,0.009575857142857152,0.015955857142857206,0.014948999999999983,367904.28571428574,-41953.857142857145,62567.833333333336
2002-12-04,17.6845,17.7227,17.302298999999998,17.3978,6.780053,5236498.0,1.0021600836891063,0.9783877972235573,0.9837880629930165,-0.18149899999999874,-0.16383300000000034,-1089292.0,1.0025200555700768,1.0045657755552535,1.0073848523831097,0.9907413412365348,0.9924681571572646,0.9918572401124158,0.9973802315297674,0.9999385202807594,1.0007797143471313,0.0,0.030028642857142986,0.020063333333333353,-0.02606585714285714,0.002393928571428537,0.007673699999999991,260322.7142857143,-14212.357142857143,-34038.433333333334
2002-12-05,17.483801,17.6653,17.4743,17.6271,6.869411,3722788.0,1.0103809806574668,0.9994565826961769,1.0081961010652087,-0.20069900000000018,0.08935800000000071,-1513710.0,1.0036992204034234,1.0041668937559105,1.007293242308727,0.9918790000392707,0.992429341635563,0.9922038638140765,0.9988549275604262,0.9998553679114914,1.0007975492826193,-0.06824271428571446,0.009550071428571323,0.0006366666666666039,-0.016490571428571372,0.0031897857142857105,0.006176799999999982,-20244.0,72734.92857142857,-258477.06666666668
2002-12-06,17.531601000000002,17.5602,17.225901,17.2736,6.73165,4482102.0,1.0016312828474705,0.9825629159595862,0.9852836600604814,0.047800000000002285,-0.13776100000000024,759314.0,1.003855359352999,1.0038572937890264,1.0069832830587901,0.9906117399351404,0.9915714350682504,0.991695456999138,0.9972883886892117,0.9986882412388869,1.0001247444789978,-0.04367114285714229,-0.006142714285714034,0.0015933333333334094,-0.02765799999999999,-0.0103717857142857,0.0018265999999999968,161889.42857142858,143870.42857142858,-535304.5666666667
2002-12-09,17.235398999999997,17.330999,17.1017,17.1017,6.6646600000000005,7037702.0,1.0055467239255675,0.9922427673417948,0.9922427673417948,-0.2962020000000045,-0.06698999999999966,2555600.0,1.0040363769751355,1.0042534883551384,1.0066636919827672,0.9898847639673812,0.9915597141270966,0.9914368825771979,0.9959508483815939,0.9984055395746851,0.9993796062481158,-0.09144300000000019,-0.026614357142857363,-0.01465003333333345,-0.044677142857142825,-0.012231357142857138,-0.004881833333333289,732087.2857142857,307413.14285714284,-4275.966666666666
2002-12-10,16.948798999999998,17.0061,16.7959,16.815001000000002,6.552931,5878644.0,1.0033808295207232,0.9909787708261808,0.992105753333909,-0.28659999999999997,-0.11172900000000041,-1159058.0,1.0037545208039496,1.0042224152994697,1.0067406613149643,0.9896656614397611,0.9912657283027684,0.9914028256020875,0.9940582670408631,0.997569103934244,0.9992763032518944,-0.12965728571428617,-0.04162871428571461,-0.03216336666666671,-0.06329942857142866,-0.02180971428571426,-0.007275533333333329,-218849.2857142857,204727.7857142857,-4480.0
2002-12-11,16.910601,16.910601,16.280001000000002,16.4711,6.41891,12251164.0,1.0,0.9627097818699645,0.9740103264218699,-0.038197999999997734,-0.13402099999999972,6372520.0,1.003299985805762,1.0039908480164057,1.0060595661221476,0.9856267027956219,0.9890656719014528,0.9901956419499032,0.9904215997287313,0.995905870109013,0.9977647092252904,-0.15695699999999999,-0.054592785714285795,-0.028659933333333262,-0.08510099999999987,-0.03217864285714286,-0.015371333333333315,1290922.0,568790.9285714285,30054.766666666666
2002-12-12,16.547501,16.862801,16.308701,16.862801,6.571559,8930694.0,1.0190542366487847,0.9855688179139557,1.0190542366487847,-0.3630999999999993,0.15264899999999937,-3320470.0,1.0060220196127312,1.0050041250812558,1.006155368285864,0.9845582048330309,0.9886143021018029,0.9898583756114149,0.9935258439807236,0.9973441167065467,0.9978783908115806,-0.18835685714285688,-0.07984278571428557,-0.03885330000000001,-0.05318957142857147,-0.02180685714285716,-0.014645166666666664,372129.14285714284,370016.71428571426,-264634.86666666664
2002-12-13,16.7768,16.881901,16.2418,16.432899,6.404024,5443532.0,1.0062646631061942,0.9681107243336036,0.979501394783272,0.22929900000000103,-0.167535,-3487162.0,1.0066083881008867,1.0045642218354818,1.0063641903894036,0.9830900515630374,0.9869156963997862,0.9896308850734371,0.9929134628079029,0.9951468471688351,0.9980305892885919,-0.12967142857142835,-0.06483571428571418,-0.03789666666666657,-0.05371842857142856,-0.039892142857142855,-0.013403300000000022,29576.285714285714,144949.5,-120057.96666666666
2002-12-16,16.375601,16.413798999999997,16.1845,16.337298999999998,6.366766999999999,4492132.0,1.0023326166777022,0.9883301382343158,0.9976610324103523,-0.40119900000000186,-0.03725700000000032,-951400.0,1.0054586218180632,1.0045789211107434,1.0059352722797208,0.9815005594970573,0.986689779768164,0.9893686012453041,0.9914084530000663,0.9951316902802463,0.9975003124000393,-0.1583142857142857,-0.11327850000000009,-0.04076326666666669,-0.07180628571428585,-0.04414842857142861,-0.019485433333333368,109906.28571428571,44831.142857142855,-37473.933333333334
2002-12-17,16.4806,16.8533,16.4806,16.815001000000002,6.552931,4818383.0,1.0226144679198574,1.0,1.0202905840806769,0.1049989999999994,0.18616400000000066,326251.0,1.008456219685547,1.0061557895192732,1.0062973241337605,0.9839915715028307,0.9873016557189855,0.9897247617936279,0.9964094421458086,0.9968489154175101,0.9983904371999277,-0.15014300000000042,-0.09690707142857136,-0.04681663333333338,-0.025531285714285725,-0.02659464285714286,-0.012410833333333334,48040.142857142855,104964.78571428571,57928.666666666664
2002-12-18,16.729,16.7768,16.547501,16.7768,6.538044,2882109.0,1.0028573136469605,0.9891506366190449,1.0028573136469605,0.24840000000000018,-0.014886999999999873,-1936274.0,1.0080720182171745,1.006054197596155,1.0059480310591444,0.9835498385424379,0.9867173012549096,0.989558495675522,0.9979258059036893,0.9969383271426417,0.9981833053389824,-0.07234271428571404,-0.08189285714285711,-0.03948999999999998,-0.01808800000000004,-0.03138257142857143,-0.016879533333333332,-593656.1428571428,69215.57142857143,-57895.86666666667
2002-12-19,16.700398999999997,16.729,16.538,16.7099,6.511972,6783178.0,1.0017125938128786,0.9902757413161208,1.0005689085632028,-0.028601000000001875,-0.026072000000000095,3901069.0,1.0078336988303396,1.0057941098171446,1.0058996783904153,0.9834494057552865,0.9865575335975237,0.9896036749756315,0.9991348280793027,0.9965965475600829,0.9983253754297833,-0.03548571428571431,-0.08257150000000024,-0.04713340000000012,-0.00585128571428571,-0.034575357142857185,-0.01737580000000003,129219.14285714286,-44815.07142857143,-32620.1
2002-12-20,16.7673,16.9583,16.6717,16.8246,6.556672,5431482.0,1.0113912198147585,0.9942984261031891,1.0034173659444277,0.06690100000000143,0.04469999999999974,-1351696.0,1.0094610159467337,1.0063805008762479,1.006101395835233,0.9879620692171757,0.9867943860063988,0.9896273945096036,1.0033358337253824,0.9968787167270569,0.9986530596251301,-0.02047157142857157,-0.08871428571428577,-0.03725996666666672,0.019680285714285643,-0.03271035714285712,-0.012286133333333341,-974240.2857142857,158340.85714285713,966.3
2002-12-23,16.862801,16.939199,16.7959,16.8915,6.582742999999999,1484498.0,1.0045305640504207,0.9960326282685776,1.001701911799825,0.09550100000000228,0.026070999999999067,-3946984.0,1.007386205575539,1.0067041125941352,1.0062524146369136,0.9894568992678359,0.9870075520504333,0.9901032784854181,1.000856930175531,0.9971913870781274,0.9992284503444783,0.045042857142857225,-0.07165699999999983,-0.03152999999999994,0.0015977142857141707,-0.02579592857142865,-0.008315100000000056,-1063742.2857142857,-345806.5714285714,-136207.66666666666
2002-12-24,16.929701,16.996599,16.7195,16.881901,6.579003999999999,1129822.0,1.0039515169228328,0.9875838917651292,0.9971765597041553,0.0669000000000004,-0.0037389999999994927,-354676.0,1.007055756120773,1.00683207211083,1.0058325983118805,0.9922387803294824,0.9876644159462601,0.9897446385425739,1.0033819537356572,0.9981477082717801,0.9985828021121559,0.021842999999999994,-0.053914214285714177,-0.013056633333333305,0.02499714285714281,-0.014360642857142876,-0.009432166666666693,-616244.2857142857,-293334.0,-162740.63333333333
2002-12-25,17.6703,17.6703,17.6703,17.6703,6.886247999999999,0.0,1.0,1.0,1.0,0.7405989999999996,0.30724399999999985,-1129822.0,1.0067225251668155,1.0060905734924395,1.0056694376519322,0.9939059034388659,0.9877032314679617,0.9904333183997918,1.0037160919627497,0.997562272481408,0.9991990072263977,0.1849570000000002,0.013321357142857235,0.003350033333333376,0.0742115714285714,0.0012026428571427772,0.005524800000000004,-641733.1428571428,-265913.4285714286,-230438.13333333333
2002-12-26,17.6703,17.6703,17.6703,17.6703,6.886247999999999,0.0,1.0,1.0,1.0,0.0,0.0,0.0,1.0034918868925502,1.0059740532890484,1.0053189955775055,0.9939059034388659,0.9889487374708484,0.9907285341149782,1.0008174370940817,0.998613439619945,0.9991069066578517,0.16995714285714314,0.009907071428571359,0.01354003333333343,0.04761671428571417,0.011042714285714223,0.00465699999999997,-688340.4285714285,-320150.14285714284,-181182.36666666667
2002-12-27,16.862801,16.948798999999998,16.748199,16.910601,6.590186,576144.0,1.0050998644887048,0.9932038574137237,1.0028346417656235,-0.807499,-0.29606199999999916,576144.0,1.0038122512985137,1.005942134757844,1.0049568135321867,0.9944849349809629,0.9890173867617005,0.990501996028769,1.0008141982538905,0.99937000207879,0.9988893869088737,0.019114428571428834,-0.026614142857142604,-0.016243300000000006,0.00744885714285713,-0.005319571428571456,-0.007818933333333344,-329423.5714285714,-461539.85714285716,-70945.16666666667
2002-12-30,16.7673,16.7768,16.4806,16.4806,6.422613,1844297.0,1.000566578996022,0.9829012422989987,0.9829012422989987,-0.09550100000000228,-0.16757299999999997,1268153.0,1.0036485348961055,1.0057411168632227,1.0047768434192592,0.993431435121374,0.9884404204383302,0.9901129171753368,0.9982902459304329,0.9987125370048678,0.9982653138696089,0.009557285714285919,-0.012964214285714195,-0.02834329999999999,-0.012765571428571423,-0.009308428571428566,-0.015141399999999994,-705554.4285714285,-288167.64285714284,-20787.3
2002-12-31,16.5762,16.643101,16.4711,16.5762,6.459869,1114778.0,1.0040359672301251,0.9936595842231634,1.0,-0.19109999999999872,0.03725600000000018,-729519.0,1.0025977845268723,1.006029400236803,1.0049113756602632,0.993340171995656,0.9906511206064159,0.9901546746321774,0.9978020507955147,1.0005689422604485,0.9983919608482551,-0.027299999999999817,-0.023885785714285696,-0.03439333333333335,-0.013828999999999933,0.002925642857142855,-0.012534333333333337,-616672.0,-795456.1428571428,-53971.333333333336
2003-01-01,17.3503,17.3503,17.3503,17.3503,6.761541,0.0,1.0,1.0,1.0,0.7741000000000007,0.30167199999999994,-1114778.0,1.001950561091098,1.0046683833333183,1.004784180583594,0.9939069393858594,0.9916819193268476,0.9903181888866182,0.9975589205383967,0.9992079253569639,0.9982647657715855,0.06964271428571424,0.057342785714285735,-0.0060433666666667085,0.02554257142857162,0.013570142857142895,-0.003224199999999981,-212071.14285714287,-637906.7142857143,-100415.16666666667
2003-01-02,16.662201,16.700398999999997,16.5093,16.6049,6.471051999999999,1062386.0,1.0022924942509095,0.9908234812435645,0.9965610185593129,-0.6880990000000011,-0.2904890000000009,1062386.0,1.0017135578522516,1.0043846569865125,1.0047525323265276,0.9943697378827786,0.9933042591061306,0.990228619211791,0.9974709860891335,1.0004264699123955,0.9982402797243924,-0.03821428571428598,-0.008185642857142992,-0.033756633333333376,-0.015421714285714292,0.004787714285714261,-0.013278633333333368,-9633.714285714286,-312939.0,-107523.5
2003-01-03,16.7673,16.7768,16.5571,16.6717,6.497086,1288731.0,1.000566578996022,0.9874636942143338,0.9942984261031891,0.10509899999999917,0.026034000000001,226345.0,1.0017944977088262,1.0042585114378209,1.0046091397016992,0.9925788370562547,0.9932423702475605,0.9900811425153001,0.9966564755324463,1.0001862837475979,0.998086267785055,-0.1290000000000003,0.027978499999999937,-0.029933333333333322,-0.05559457142857127,0.009308500000000068,-0.012658966666666653,184104.42857142858,-228814.35714285713,-82057.63333333333
2003-01-06,16.7959,17.0252,16.7386,17.0252,6.634848,2602631.0,1.013652141296388,0.996588453134396,1.013652141296388,0.028600000000000847,0.1377619999999995,1313900.0,1.0037448036083103,1.0036183452504301,1.0046501007933442,0.9920914732183116,0.9929986883285887,0.9902377174810522,0.9986067814319303,0.999712109263006,0.998199233551227,-0.12491428571428591,0.022521428571428612,-0.02962000000000001,-0.03591428571428563,0.005851214285714271,-0.010922199999999993,371804.4285714286,-158268.0,-27053.6
2003-01-07,17.1112,17.225901,16.8246,16.8246,6.556672,3745851.0,1.0067032703726215,0.9832507363598111,0.9832507363598111,0.3153000000000006,-0.07817600000000002,1143220.0,1.0039738615917269,1.0038930564451203,1.0048026489116304,0.9906695987820381,0.9925772668815006,0.9899629763238116,0.9958090806596713,0.9983116394567809,0.9977118171348673,0.035485571428571304,0.02730000000000007,-0.028343333333333356,-0.004787714285714324,0.0013305714285714032,-0.014272433333333338,452815.28571428574,61695.857142857145,-3954.8333333333335
2003-01-08,16.881901,17.0061,16.862801,16.910601,6.590186,2778794.0,1.0073569321369673,0.9988686108276551,1.0017000455102776,-0.22929900000000103,0.033514000000000266,-967057.0,1.0049439120404333,1.0042962234682695,1.0050299363095145,0.9929506514289892,0.9931910432751817,0.9902108054617835,0.9984946239755684,0.9983924349530006,0.9978935042465771,0.016371571428571485,0.012964428571428701,-0.03184659999999996,0.023938999999999995,0.005586714285714286,-0.011169,133499.57142857142,-286027.4285714286,-19002.733333333334
2003-01-09,16.862801,17.0539,16.8055,17.0061,6.627403,3482028.0,1.0113325775474666,0.9966019287068618,1.008497935781843,-0.01909999999999812,0.037217000000000056,703234.0,1.0059862849429106,1.0042920347348914,1.0052650355420762,0.9933709863552318,0.9933555791754439,0.9901864831148086,0.9997086148015459,0.9987553327985302,0.9981232504561345,0.04094300000000014,0.0068215000000001625,-0.03375663333333326,0.02393342857142855,0.005052214285714308,-0.011666566666666671,338178.5714285714,-139246.7142857143,52297.9
2003-01-10,17.159,17.159,16.8533,16.910601,6.590186,2044650.0,1.0,0.982184276472988,0.9855236901917361,0.2961989999999979,-0.037217000000000056,-1437378.0,1.0059862849429106,1.0039684230170043,1.0050865747847755,0.99082588299423,0.9923664111900447,0.9898422093799242,0.9976405705432224,0.9975997455408098,0.9974622460385584,-0.027328571428571685,0.02115707142857128,-0.023246666666666728,-0.024479285714285735,0.0005316428571429428,-0.013528033333333352,292092.85714285716,40010.857142857145,-178864.63333333333
2003-01-13,16.881901,16.881901,16.748199,16.8437,6.564116,2509792.0,1.0,0.9920801573235147,0.9977371624202748,-0.27709899999999976,-0.026069999999999816,465142.0,1.0056587857642094,1.0036861718082304,1.0049805166185317,0.9910054081485086,0.9926875730156436,0.9898787982114101,0.9978085910947885,0.997639788591961,0.9974045848656744,0.031385714285714225,-0.0034142857142858774,-0.03757996666666668,0.013294857142857275,-0.0010634285714285088,-0.015016699999999971,206772.2857142857,98569.28571428571,-23497.266666666666
2003-01-14,16.8915,16.8915,16.7386,16.815001000000002,6.552931,2242059.0,1.0,0.990948109996152,0.9954711541307759,0.009599000000001467,-0.011185000000000223,-267733.0,1.0055778459076348,1.0036861718082304,1.0049805166185317,0.9915031818316257,0.9920410094439401,0.989808791756212,0.997976123670158,0.9973162996013022,0.9973428057738724,0.01774285714285741,-0.05562857142857146,-0.03248329999999993,0.0079778571428571,-0.023808357142857086,-0.013031833333333331,136189.7142857143,160147.07142857142,-136124.36666666667
2003-01-15,16.8915,16.9583,16.7195,16.8055,6.549229,3697964.0,1.0039546517479205,0.9898173637628392,0.9949086818814196,0.0,-0.00370199999999965,1455905.0,1.0041924902578536,1.003968646933082,1.0050403355538255,0.9905358833499746,0.9913136782841429,0.9901897773075213,0.9952984866108768,0.9969526340214035,0.9977134930701524,0.013657142857143003,-0.05562857142857146,-0.02643333333333331,-0.012231285714285636,-0.024072785714285633,-0.007694133333333309,156476.14285714287,264140.28571428574,-51284.46666666667
2003-01-16,16.7577,16.7577,16.5762,16.6717,6.497086,4164189.0,1.0,0.9891691580586834,0.9948680308156849,-0.1338000000000008,-0.05214300000000005,466225.0,1.0032348802046223,1.0036043708981743,1.0046943028652433,0.9913813721640993,0.9910254854730687,0.9898468631529382,0.9969581001045731,0.9963835903821222,0.9972692240618349,-0.05050000000000005,-0.007507214285714373,-0.024203366666666663,-0.008512285714285639,-0.0066499999999999814,-0.012410833333333334,59762.57142857143,256288.92857142858,14713.366666666667
2003-01-17,16.6908,16.7959,16.633499,16.633499,6.482199,3937921.0,1.006296882114698,0.9965669111127089,0.9965669111127089,-0.0669000000000004,-0.01488700000000076,-226268.0,1.003083444487155,1.0040136782637943,1.0048498228408176,0.9910525579191068,0.992001604674048,0.9903136629913758,0.9962247951906347,0.9973597095831016,0.9976453324302424,-0.02730014285714282,-0.005464285714285667,-0.028026700000000085,-0.015426714285714358,0.0042561428571428195,-0.008315033333333352,165589.57142857142,149544.57142857142,-18139.366666666665
2003-01-20,16.6049,16.6908,16.5571,16.662201,6.493384,2672202.0,1.0051731717745966,0.9971213316551137,1.0034508488458225,-0.08589999999999876,0.011185000000000223,-1265719.0,1.002203529376745,1.004094907159828,1.0048373711024519,0.9911267583402857,0.9922488723477587,0.9904762818018197,0.9955037827712033,0.9976061987863746,0.9980189351470435,-0.036843000000000056,0.002050000000000044,-0.021016633333333225,-0.019145571428571477,0.002393928571428537,-0.005709200000000022,-115689.42857142857,111244.57142857143,-145516.66666666666
2003-01-21,16.6717,16.910601,16.652599,16.8533,6.567856,4018041.0,1.014329732420809,0.9988542860056261,1.0108927104014587,0.06680000000000064,0.0744720000000001,1345839.0,1.004250634008289,1.0051184594756,1.0052023345324546,0.9935081882735197,0.9921670356338749,0.9907387989744678,0.9991279285154493,0.9983842495293358,0.9986451670492951,-0.06961428571428538,-0.04847142857142853,-0.009236633333333208,-0.003190000000000026,-0.01383464285714288,0.0004974999999999951,281913.0,287002.9285714286,-62020.1
2003-01-22,16.8246,16.910601,16.7959,16.8437,6.564116,4913324.0,1.0051116222673941,0.9982941644972243,1.0011352424426136,0.15289999999999893,-0.0037399999999996325,895283.0,1.0049808657607742,1.0053198257624918,1.0053727219413677,0.9943959035840496,0.9927006558662791,0.9919249450620432,0.9996133685186407,0.9987109798067146,0.9995493309166531,-0.008185857142856991,0.011599928571428617,-0.002866699999999985,0.0,0.006647428571428637,0.0048401999999999985,343361.71428571426,275067.0,-244594.66666666666
2003-01-23,16.815001000000002,17.0826,16.7959,17.0634,6.649733,5317803.0,1.0159143017594823,0.9988640500229525,1.0147724641824285,-0.009598999999997915,0.08561700000000005,404479.0,1.0072543374407001,1.0064160916741673,1.0052680574450577,0.9955267521593069,0.9935149669954662,0.9923681194656765,1.0023706985260197,1.0001734110980889,0.9994066051677746,-0.01092842857142833,0.003407214285714539,0.008916666666666729,0.013828857142857183,0.010903357142857142,0.002605800000000021,439392.0,287790.85714285716,-120429.7
2003-01-24,17.1017,17.197201,17.0252,17.197201,6.701878,3983622.0,1.0055842986369776,0.9955267604974944,1.0055842986369776,0.2866989999999987,0.05214499999999944,-1334181.0,1.0074871441391369,1.0058398171984952,1.005245378629417,0.9963423802642577,0.9934391318071161,0.9932819873378061,1.0038957866339564,0.9995971366224167,1.0002760352962317,0.030028571428571484,0.021842857142857244,0.010829999999999984,0.02180699999999991,0.004787857142857137,0.009928466666666668,40808.28571428572,98642.21428571429,-48663.666666666664
2003-01-27,18.000299,18.000299,18.000299,18.000299,7.014850999999999,0.0,1.0,1.0,1.0,0.8985989999999973,0.3129729999999995,-3983622.0,1.0074871441391369,1.0053610121718795,1.0051676247401604,0.9978896433987314,0.9946355077814152,0.9936709827299955,1.0046289250888585,1.0007935125967158,1.000354000882553,0.17751414285714265,0.06350707142857129,0.05415659999999996,0.07396642857142842,0.03272707142857139,0.021602799999999995,-594884.1428571428,-267560.78571428574,-149737.73333333334
2003-01-28,16.996599,17.0539,16.700398999999997,16.7195,6.515714,4432829.0,1.0033713215214408,0.9825729841599485,0.9836967972239623,-1.0036999999999985,-0.4991369999999993,4432829.0,1.0070692069115286,1.0050763256993418,1.00452618652688,0.9958905109769086,0.9934715344480077,0.9930900822019938,1.0027903373904663,0.9995075662905505,0.9991342079873292,0.04368557142857148,0.008192714285714331,0.01719996666666669,0.0047878571428572,-0.005319428571428578,-0.0012405666666666685,70701.14285714286,118145.35714285714,-12851.8
2003-01-29,16.815001000000002,16.881901,16.5571,16.5571,6.452426,6717967.0,1.0039785903075473,0.9846624451583438,0.9846624451583438,-0.18159799999999748,-0.06328800000000001,2285138.0,1.006898552416236,1.0045510408964904,1.0045635624155662,0.9941106700487985,0.9926187141945422,0.9929404758199705,1.0001062797208264,0.9978050312460148,0.9985277123710421,0.030014428571428806,-0.0034142857142856237,0.0028667000000001035,-0.0058511428571428326,-0.012498357142857155,-0.00285393333333334,577966.4285714285,231138.5,127861.93333333333
2003-01-30,16.4711,16.4711,16.2323,16.2705,6.340735,8970969.0,1.0,0.9855018790487581,0.9878210927017624,-0.34390100000000245,-0.11169100000000043,2253002.0,1.0048514477846917,1.0045510408964904,1.0045064759551368,0.9922031833406745,0.992855685807097,0.992781347077725,0.9968103343351554,0.9979691314253024,0.9981027851756608,-0.028657142857143065,-0.04913571428571422,-0.007643299999999916,-0.03244585714285719,-0.01781792857142861,-0.0057079000000000175,707561.1428571428,494737.0714285714,72926.36666666667
2003-01-31,16.2036,16.4711,16.117599,16.4711,6.41891,17728566.0,1.0165086770841048,0.9946924757461303,1.0165086770841048,-0.2674999999999983,0.07817500000000077,8757597.0,1.0064795984727932,1.0057302321167836,1.004677057864115,0.9916886563762325,0.9930422799801412,0.9927944820658231,0.9990065392839398,0.9993099539012903,0.9985391622136499,-0.08871428571428552,-0.04845007142857126,-0.018789999999999907,-0.02074371428571428,-0.01037185714285714,-0.0045920666666666495,1830748.857142857,1087055.2857142857,409902.8
2003-02-03,16.5189,16.614401,16.385099,16.4711,6.41891,4625545.0,1.0057813171579222,0.9919001265217419,0.9971063448534709,0.315299999999997,0.0,-13103021.0,1.005032029243999,1.0061431833423495,1.004718749634365,0.9906938101617738,0.9931102811605405,0.9926567320075953,0.9964828079512317,0.9994267532386256,0.9983859766487715,-0.04230014285714339,-0.02661428571428586,-0.011463366666666749,-0.03297471428571429,-0.009572928571428552,-0.005461099999999952,-98894.0,170249.0,104701.56666666667
2003-02-04,16.4806,16.566601000000002,16.346901000000003,16.385099,6.385394,4075995.0,1.0052183172942735,0.9918874919602444,0.9942052473817702,-0.03829999999999956,-0.033516000000000545,-549550.0,1.0049797461950412,1.0062334451670891,1.004760976313413,0.9901739146564523,0.9932581474603551,0.9928001853474324,0.9948572292004878,0.9993765079172221,0.9982869329046921,-0.08872857142857171,-0.029350000000000116,-0.014970033333333414,-0.045211999999999995,-0.011702500000000044,-0.006453666666666654,13196.142857142857,27002.214285714286,98205.76666666666
2003-02-05,16.2896,16.3564,16.069799,16.1558,6.296035,4945225.0,1.0041007759552107,0.9865066668303702,0.9917861703172576,-0.19099999999999895,-0.08935899999999997,869230.0,1.0055655713315,1.0065263577353183,1.0048976688452536,0.9882462956322196,0.9930679695154755,0.9923504075751114,0.993683824960096,0.9991563750244773,0.998013138581934,-0.24438557142857117,-0.03343571428571427,-0.04602333333333337,-0.10268799999999992,-0.014360785714285753,-0.019673766666666648,706460.7142857143,55788.28571428572,164840.83333333334
2003-02-06,16.108,16.146299,15.6112,15.6781,6.109873,8841083.0,1.0023776384405263,0.9691581822696796,0.9733113980630742,-0.18159999999999954,-0.1861619999999995,3895858.0,1.0054236166056552,1.0062464117585919,1.0049769234599377,0.9863298953621812,0.9911102031695449,0.9913223469841007,0.9922001965085405,0.9974952669495033,0.9971235185173698,-0.1269427142857142,-0.04162857142857135,-0.05207666666666668,-0.05797728571428567,-0.026594714285714232,-0.02587916666666663,629750.5714285715,350225.85714285716,294702.76666666666
2003-02-07,15.6208,15.9074,15.6112,15.7354,6.132201,4844182.0,1.018347331762778,0.9993854348048756,1.0073363720167983,-0.4872000000000014,0.022327999999999903,-3996901.0,1.0074762939564021,1.0071874231863192,1.0054185057024068,0.9884331795974001,0.9912719248230992,0.9915283995638057,0.9954393289168911,0.9977728043188588,0.997273576192409,-0.1706001428571433,-0.07029285714285725,-0.0414000333333334,-0.045746428571428535,-0.025798785714285684,-0.015266166666666662,-267683.5714285714,155141.42857142858,142267.93333333332
2003-02-10,15.7354,16.003,15.7354,15.9361,6.210417,3253489.0,1.01700624070567,1.0,1.0127546805292524,0.11460000000000115,0.0782159999999994,-1590693.0,1.009905756914355,1.0073786023495235,1.0059664944260618,0.9905043397332918,0.9913537615369831,0.9920983581538392,0.9990012700351041,0.9979058021851296,0.998268690800084,-0.10509999999999994,-0.0668785714285715,-0.03439666666666662,-0.018616857142857133,-0.025531357142857165,-0.0070732000000000165,-816782.8571428572,-54610.857142857145,46973.066666666666
2003-02-11,16.041201,16.041201,15.6781,15.9074,6.199231,2486561.0,1.0,0.9773644753905895,0.9916589163118148,0.30580100000000066,-0.011185999999999474,-766928.0,1.0075473744737686,1.007013486473281,1.0058319621850578,0.9880289111110716,0.9898587837436521,0.9915551878594201,0.9954513042104912,0.9972289217472154,0.9979906546771444,-0.023199857142857234,-0.05595707142857138,-0.017833299999999972,-0.03138271428571431,-0.026063214285714294,-0.008687933333333338,-2177429.285714286,-173340.2142857143,45726.1
2003-02-12,15.8787,15.9838,15.6495,15.6877,6.113615,4093132.0,1.0066189297612524,0.9855655689697519,0.9879713074747932,-0.16250100000000067,-0.08561599999999991,1606571.0,1.0076670334171016,1.0063495313305502,1.0060525931770994,0.9871239743179302,0.988908892239852,0.9910740401584117,0.9941462988706801,0.9953145534109559,0.9975896982596376,-0.09145714285714261,-0.066878642857143,-0.04905333333333335,-0.04361357142857144,-0.03829414285714287,-0.021597533333333332,-76059.0,-87476.5,136437.73333333334
2003-02-13,15.573,15.5921,15.2864,15.3915,5.998183,5997232.0,1.0012264817312013,0.981596352661658,0.9883452128684261,-0.30569999999999986,-0.1154320000000002,1904100.0,1.0070967711938057,1.0060382586944234,1.0060170594264424,0.9856538115609893,0.9879138631087209,0.9907664692056815,0.9933091510830595,0.9940831901417736,0.9973158380699414,-0.12965714285714267,-0.10919285714285719,-0.036306699999999976,-0.055315857142857104,-0.05026392857142855,-0.015762299999999976,274462.4285714286,143829.2857142857,164494.86666666667
2003-02-14,15.3915,15.4488,15.0284,15.2482,5.942338,8026221.0,1.0037228340317708,0.9764090569470162,0.9906896663742975,-0.18149999999999977,-0.0558449999999997,2028989.0,1.007042779490457,1.0063041754109785,1.006122267927634,0.9842112958633672,0.9862287957477934,0.990397981296771,0.9931525076626366,0.9934181663113664,0.9971955460789784,-0.12829999999999991,-0.18634278571428556,-0.045859999999999936,-0.050528142857142785,-0.07660807142857136,-0.0184916,440142.28571428574,573301.5,224583.0
2003-02-17,15.3915,15.573,15.3342,15.573,6.068912999999999,3069085.0,1.0117922229802163,0.9962771659682291,1.0117922229802163,0.0,0.126574999999999,-4957136.0,1.0083877201389841,1.0069056683723194,1.0060602706504282,0.9880854363917315,0.9872076658769563,0.9903876050578988,0.9986497683650856,0.9954249824368129,0.9971335488017725,-0.10235714285714284,-0.11464992857142851,-0.0468133333333333,-0.005851428571428714,-0.03191435714285719,-0.018864500000000017,-824571.1428571428,-97410.28571428571,15548.466666666667
2003-02-18,15.6303,15.7641,15.5253,15.6208,6.087543,3467898.0,1.008560296347479,0.9932822786510815,0.9993922061636692,0.23879999999999946,0.018630000000000813,398813.0,1.0069895722225128,1.0072329330894576,1.006122171516257,0.9872135569411894,0.9878233682692947,0.9907219898009411,0.9975148875289243,0.9964771082229077,0.9976715977952345,0.001357142857142993,-0.08462150000000015,-0.049363333333333335,-0.0063797142857142984,-0.026063071428571418,-0.015637633333333324,-196612.0,-232147.7857142857,-9265.1
2003-02-19,15.8119,15.831,15.4106,15.4775,6.031695,6401853.0,1.0012079509736338,0.974620380852396,0.9788513714354379,0.18159999999999954,-0.05584800000000012,2933955.0,1.0047326736893647,1.00731921530186,1.005917205477479,0.9835878970629602,0.9870461183981261,0.9899137154684324,0.9926715576583793,0.9958364138467416,0.9969099753260732,0.010928571428571334,-0.0470857142857143,-0.03566669999999998,-0.02553171428571423,-0.02207428571428568,-0.01861636666666667,449766.28571428574,-183508.2857142857,120768.63333333333
2003-02-20,15.4679,15.5348,15.2386,15.2386,5.938596,6037320.0,1.004325086146148,0.9851757510715741,0.9851757510715741,-0.3439999999999994,-0.0930989999999996,-364533.0,1.0053505431388146,1.0064489588062915,1.0056836224307686,0.9847037935888153,0.9863663523499434,0.9895328428805895,0.9917453911954877,0.9935983477029895,0.9961325691690643,-0.08190014285714296,-0.0525500000000001,-0.04649670000000003,-0.03723357142857139,-0.03430814285714285,-0.022960233333333323,507251.28571428574,-835089.0,85176.4
2003-02-21,15.0762,15.8692,14.9902,15.831,6.169457,7420993.0,1.0525994614027407,0.9942956447911278,1.0500656664146137,-0.39170000000000016,0.23086099999999998,1383673.0,1.01191919051617,1.0097931119666357,1.0074369378108599,0.9859509472775833,0.9865374607977567,0.9899365551578608,1.0006160139011764,0.9973811563859283,0.9982839683764934,-0.11464285714285717,-0.10304999999999989,-0.06942666666666662,0.007977428571428595,-0.017818071428571423,-0.01402429999999999,475408.71428571426,199674.85714285713,179211.43333333332
2003-02-24,15.9934,16.2036,15.9838,16.146299,6.292333999999999,5863200.0,1.0131429214551004,0.9993997523978642,1.0095601310540598,0.9171999999999993,0.12287699999999901,-1557793.0,1.0136215390481556,1.0103591551209805,1.0078750351926966,0.9884942900970414,0.9870740508290152,0.9901805416603391,1.003646716499124,0.9984779337910918,0.998678067330953,0.06005714285714271,-0.03479999999999998,-0.029616699999999992,0.04202157142857134,-0.0066471428571428836,-0.009059400000000028,-19147.428571428572,127657.5,111780.26666666666
2003-02-25,15.9934,16.041201,15.6972,15.6972,6.117317,4794703.0,1.0029887953780936,0.9814798604424325,0.9814798604424325,0.0,-0.17501699999999953,-1068497.0,1.0135166763833445,1.010279727936901,1.0079746617052996,0.9892186905963865,0.9867149932298769,0.989864933341882,1.002331029937429,0.997741768800033,0.9982116908746748,0.08598571428571411,-0.021157142857142906,-0.02993666666666671,0.024996999999999936,-0.012765571428571423,-0.014520466666666672,-461645.4285714286,-10751.57142857143,85088.13333333333
2003-02-26,15.7832,15.8787,15.4393,15.6686,6.106169,7800336.0,1.0060507374930305,0.9782110091743118,0.9927391150083632,-0.2101999999999986,-0.011147999999999492,3005633.0,1.0126964641708895,1.0105420921549368,1.0080445312301365,0.9866378110543984,0.9873616237230649,0.9894780548555977,0.9996091573700215,0.9991294628675534,0.9981393719789063,0.05595714285714288,-0.02319999999999998,-0.03694333333333333,0.005322285714285867,-0.00026457142857142353,-0.014768666666666668,675893.0,-74339.07142857143,136745.73333333334
2003-02-27,15.573,15.6781,15.4297,15.4775,6.031695,4364398.0,1.0067488602067682,0.990798176330829,0.9938675913439927,-0.2102000000000004,-0.07447400000000037,-3435938.0,1.0124376875793593,1.009713629900936,1.0082694932370289,0.9862829392943622,0.9867482481177758,0.9895323554646691,0.9988199266814962,0.9981674071052102,0.9981060239965166,-0.00818571428571424,-0.0034142857142856237,-0.03948999999999998,-0.007978285714285731,-0.007179000000000014,-0.015513033333333344,128071.42857142857,-34270.28571428572,6673.633333333333
2003-02-28,15.7163,15.7928,15.5921,15.6877,6.113615,7290078.0,1.0048675578857618,0.9920973766089983,0.9981802332610092,0.14329999999999998,0.08192000000000021,2925680.0,1.0129604885668062,1.0088465811280856,1.0082218490960644,0.9887796529738768,0.9861837750184186,0.9893833709812121,1.0015811926565779,0.9971263751574787,0.9981598014014599,-0.013657142857142748,-0.0013642857142857068,-0.0324833333333333,0.011702857142857173,-0.006914428571428528,-0.012286133333333312,126889.28571428571,288327.78571428574,111738.56666666667
2003-03-03,15.6495,15.9074,15.6017,15.9074,6.199231,3518635.0,1.0164797597367328,0.9969455893159526,1.0164797597367328,-0.06680000000000064,0.08561599999999991,-3771443.0,1.0146968705083184,1.0100237068235665,1.008598735361469,0.9904610584373595,0.9875824260130873,0.9893775129032402,1.0060531938944577,0.9988992925449728,0.998594098431157,0.025942857142857077,-0.02797864285714294,-0.0318466666666667,0.03723357142857139,0.0,-0.009805099999999988,-359812.14285714284,73719.57142857143,28214.433333333334
2003-03-04,15.7737,16.146299,15.7354,16.069799,6.262519999999999,4231104.0,1.0236215345797117,0.9975719076690948,1.0187716895845615,0.12420000000000009,0.06328899999999926,712469.0,1.010557166676457,1.0112381785963136,1.008908462100099,0.9909290959913547,0.9884400216344691,0.989334766958689,1.0015826257758789,1.0010993198385276,0.9988567310705938,0.09964285714285712,-0.00750000000000003,-0.02993333333333338,0.013294714285714144,0.01063607142857137,-0.010177866666666683,-455698.4285714286,9855.142857142857,7102.1
2003-03-05,15.8501,15.9074,15.5539,15.6112,6.083801,6058642.0,1.0036151191475133,0.981312420741825,0.9849275398893382,0.07639999999999958,-0.17871899999999918,1827538.0,1.0091960520610874,1.0114087955546214,1.0088585786627697,0.9883451914690634,0.9884197407830524,0.9887687088335091,0.9980636841809185,1.0008552003400213,0.9983164743188179,-0.020471428571428568,0.019792857142857074,-0.03248333333333336,-0.029790428571428457,0.006115571428571442,-0.0160105,27920.285714285714,4386.428571428572,38177.26666666667
2003-03-06,15.6877,15.9361,15.6877,15.8214,6.165717,4121411.0,1.0158340610796994,1.0,1.008522600508679,-0.16239999999999988,0.08191599999999966,-1937231.0,1.0110310900184596,1.0122738832009022,1.0088559039734435,0.9909909256915731,0.9901048081439798,0.988806573832744,1.001926932761811,1.00212898134962,0.9981081455296928,-0.04367142857142855,0.02115714285714278,-0.037576700000000095,0.006914285714285714,0.015955642857142825,-0.01613386666666668,-96184.57142857143,-278915.0,-39879.73333333333
2003-03-07,15.7068,15.7259,15.5539,15.6208,6.087543,4268687.0,1.0012160338197469,0.9902653627728119,0.9945246644765324,0.019099999999999895,-0.07817399999999974,147276.0,1.0103404180651334,1.0115184411180114,1.0087102951462026,0.9927129762056445,0.9896753936300213,0.9886311939085879,1.0021820112572637,1.0008955843136427,0.9977394910576779,-0.010914285714285907,0.022521428571428487,-0.04649666666666672,-0.002660857142857179,0.0013307142857143437,-0.02047783333333332,-504521.28571428574,85685.85714285714,9502.166666666666
2003-03-10,15.7163,15.7832,15.6017,15.6686,6.106169,3493392.0,1.0042567270922547,0.9927082074025056,0.9969649344947602,0.009500000000000952,0.018626000000000253,-775295.0,1.0099843990487742,1.0112110433140669,1.0088521860492776,0.9929858377873125,0.9896343885408374,0.988388134155338,1.0026244888502305,1.0007222077658633,0.9976383222075034,0.020471428571428568,0.006142857142857164,-0.07613329999999993,0.010639142857142911,0.0013304285714285896,-0.030289399999999963,-124429.42857142857,1821.0,116446.4
2003-03-11,15.4488,15.7068,15.4202,15.5921,6.076357,4314435.0,1.0167003262389311,0.9981487235254518,1.0092758013567398,-0.26750000000000007,-0.029812000000000616,821043.0,1.0116747945277986,1.0123176415473023,1.0092964862065272,0.9938503159182345,0.9913149844460557,0.9889073254675215,1.0042095700067635,1.0028953813316708,0.998490955678596,-0.03821428571428572,-0.025935714285714236,-0.05159329999999998,-0.005322571428571494,0.0031901428571428398,-0.01464523333333334,-425091.85714285716,-149101.2857142857,-3946.4666666666667
2003-03-12,15.573,15.6972,15.4393,15.6686,6.106169,3128990.0,1.0079753419379696,0.9914146278815898,1.0061388300263276,0.12420000000000009,0.029812000000000616,-1185445.0,1.0104598776994038,1.012578374103861,1.0094297112608748,0.9930601785704684,0.991760618503914,0.9891323982249631,1.0027322943338484,1.0043927441141531,0.9992068351741954,-0.010928571428571334,0.007507142857142871,-0.0414000333333334,-0.013294571428571393,0.011969499999999998,-0.011541899999999987,-55663.57142857143,-207737.85714285713,-119632.56666666667
2003-03-13,15.6686,15.7354,15.3533,15.4488,6.020511,5279465.0,1.0042633036774187,0.9798769513549392,0.9859719438877756,0.09559999999999924,-0.08565800000000046,2150475.0,1.0076944161419334,1.0091257914091953,1.0095718213834555,0.9905323276684462,0.9907307118299004,0.988944900635169,0.9980466163771646,0.9998146210765217,0.9991451968803958,-0.015014285714285742,0.042314285714285686,-0.026750000000000006,-0.034572714285714214,-0.010639000000000034,-0.01067413333333332,149765.85714285713,-152966.2857142857,-123050.13333333333
2003-03-14,15.7832,15.9647,15.6686,15.8787,6.188047,4096118.0,1.0114995691621471,0.9927391150083632,1.0060507374930305,0.11460000000000115,0.16753600000000013,-1183347.0,1.008820766144024,1.0090084091025557,1.00940485111939,0.9921647125636659,0.9902549520163647,0.9888797886105769,1.001064216034835,0.9995639501078768,0.9987965988940267,-0.009557142857142662,-0.015014285714285616,-0.014013333333333359,0.014892285714285691,-0.007449071428571382,-0.0076954333333333425,-280360.5714285714,-126220.14285714286,-454414.93333333335
2003-03-17,15.9647,15.9838,15.7641,15.9074,6.199231,3215211.0,1.0011963895344103,0.9874347779789159,0.9964108313967691,0.18149999999999977,0.011184000000000083,-880907.0,1.0067296702089827,1.0088803801137212,1.0092520201986064,0.9903696808463681,0.9906803032689707,0.9887309436591494,0.9993339633045623,1.0006304480331865,0.9987734151121367,0.039571428571428716,-0.002049999999999917,-0.01847333333333327,0.004787714285714324,0.0058510000000000185,-0.0073226333333333395,-129457.14285714286,-112820.85714285714,-47011.13333333333
2003-03-18,16.098499,16.624001,16.098499,16.624001,6.478498,5490577.0,1.0326429190696598,1.0,1.0326429190696598,0.13379899999999978,0.27926699999999993,2275366.0,1.0112192252446845,1.0107798216549089,1.0101661735911192,0.991760343307395,0.9922366597565198,0.9890013605938078,1.0047794282464375,1.0034807197518507,1.0000546708350664,0.05595700000000013,0.02252135714285711,-0.012736699999999957,0.055850714285714274,0.02659492857142855,0.0031034666666666768,174555.7142857143,-164982.7857142857,47152.73333333333
2003-03-19,16.6717,16.8342,16.4806,16.547501,6.448683,3642701.0,1.0097470563889703,0.9885374616865705,0.9925503098064384,0.573201000000001,-0.029815000000000147,-1847876.0,1.0120035580013582,1.0109939785250661,1.0103543829389112,0.991164522490833,0.9920751801390727,0.9890690537556812,1.0041487675766774,1.003386628213454,1.0000801421513723,0.1364857142857144,0.0784785714285715,0.012736666666666707,0.048930571428571365,0.029784857142857137,0.005088266666666671,21329.85714285714,-51549.78571428572,-43417.46666666667
2003-03-20,16.5762,16.7099,16.4806,16.595301,6.467312000000001,3009002.0,1.0080657810595914,0.9942326950688336,1.0011523147645418,-0.09550000000000125,0.018629000000000673,-633699.0,1.0107700515471667,1.0112224230374827,1.01054398769288,0.9906050898541732,0.9922277028862039,0.9899048708489864,1.0029882694920775,1.0035989197494204,1.001008172708088,0.16105714285714282,0.06142142857142855,0.01560666666666665,0.055850714285714406,0.025264071428571455,0.011914633333333343,-186490.42857142858,-305791.14285714284,-194402.7
2003-03-21,16.4902,16.538,16.385099,16.413798999999997,6.396578,4046549.0,1.0028986913439497,0.9936264569259317,0.9953668845738679,-0.08599999999999852,-0.07073400000000074,1037547.0,1.010044815748021,1.0102523467237126,1.0100290330122526,0.9909210654319364,0.9919906220012024,0.9897129049196882,1.001449420141726,1.0020908572377873,1.0006091897933236,0.13102857142857158,0.060050000000000124,0.02898000000000008,0.04148699999999993,0.014096214285714266,0.008812566666666655,131079.85714285713,37708.142857142855,-26587.766666666666
2003-03-24,16.452,16.4998,16.365999,16.4615,6.41517,4505707.0,1.0029054218332116,0.9947726112326767,1.0005774373936298,-0.03819999999999979,0.018591999999999942,459158.0,1.00985083262742,1.0087726243846766,1.0095590057165038,0.9930490168430417,0.9917906722557438,0.9895386586274441,1.0035359192139912,1.000791267795578,1.0002032816888027,0.11191428571428601,0.04845000000000014,0.023886666666666716,0.05637985714285713,0.010903571428571457,0.006825100000000006,-110536.85714285714,19614.5,41740.6
2003-03-25,16.308701,16.5571,16.2609,16.5571,6.452426,3218929.0,1.0152310720516613,0.9970689878979325,1.0152310720516613,-0.1432990000000025,0.03725600000000018,-1286778.0,1.0103839044687792,1.0096023353064016,1.010066708118226,0.9936675701129801,0.9929161413383231,0.9901954757110222,1.0048473955795096,1.0029558058071724,1.0009890202134644,0.07507157142857121,0.03275721428571427,0.00891666666666661,0.03776842857142856,0.026330357142857124,0.008439833333333329,-125312.71428571429,-202836.64285714287,24412.266666666666
2003-03-26,16.6908,17.149401,16.633499,17.0061,6.627403,8238025.0,1.0274762743547345,0.9965669111127089,1.0188906463440939,0.3820990000000002,0.17497700000000016,5019096.0,1.0141381737288255,1.010433921968904,1.0107619529380085,0.994972160560665,0.9926709207035165,0.9905621871157874,1.0080587977148419,1.0036963805097021,1.002019664842441,0.10372857142857127,0.07164999999999999,0.027069999999999973,0.061167428571428574,0.032977571428571446,0.017126266666666664,717544.8571428572,294043.85714285716,138163.1
2003-03-27,17.0061,17.216299,16.939199,17.1017,6.6646600000000005,5762992.0,1.0123602119239568,0.9960660586495433,1.0056215122808876,0.3153000000000006,0.03725700000000032,-2475033.0,1.0112406441365822,1.0112299346906333,1.0111330772777671,0.994410168939171,0.993085256123283,0.9910445106487169,1.004198596745017,1.0044890124957273,1.0025955414895231,0.12965728571428567,0.0928071428571429,0.047769999999999986,0.026594571428571485,0.04122264285714288,0.022215900000000014,38916.42857142857,106736.07142857143,-7808.0
2003-03-28,17.073,17.1208,16.910601,17.0061,6.627403,8119372.0,1.002799742283137,0.990487963451063,0.9960815322438938,0.0669000000000004,-0.03725700000000032,2356380.0,1.0102481706928919,1.011125864347125,1.0111023075528125,0.9946888120483842,0.9929266672696085,0.9915138075321851,1.0047030570932252,1.0044259123349513,1.0027752703518429,0.0573285714285713,0.09690714285714286,0.056049999999999996,0.0255314285714286,0.03723099999999998,0.022835499999999995,639524.4285714285,330427.14285714284,3105.0333333333333
2003-03-31,16.987,17.149401,16.862801,17.130301,6.675806,10855288.0,1.009560310825926,0.9926885853888269,1.0084359215870962,-0.08600000000000207,0.04840299999999953,2735916.0,1.010461674945225,1.0106158632461961,1.0110279104810032,0.9944682249512404,0.9925366574027068,0.9913941881795384,1.0057435723535901,1.0043659209228337,1.002663393638739,0.05868571428571404,0.10987142857142843,0.053183333333333256,0.02978485714285701,0.042817785714285704,0.02022976666666668,1120898.0,467203.78571428574,259540.1
2003-04-01,17.197201,17.4265,17.0539,17.3883,6.776350999999999,8170460.0,1.0133335070050062,0.9916671904922202,1.011112215295966,0.21020100000000141,0.10054499999999944,-2684828.0,1.0119523628968048,1.010998589322413,1.0111870175029205,0.9941883297464245,0.9925546975891804,0.9913403519075764,1.0079929053138899,1.0047211627278079,1.0030540606098155,0.10100014285714261,0.1160143571428571,0.05223003333333332,0.05425328571428561,0.047870142857142764,0.02296026666666663,589130.1428571428,360105.0,156752.06666666668
2003-04-02,17.483801,17.5889,17.254499,17.254499,6.724207000000001,5612297.0,1.0060112214729509,0.9868848884747659,0.9868848884747659,0.28659999999999997,-0.052143999999998414,-2558163.0,1.0123960485596246,1.0111234405935223,1.0113471265195644,0.9930615122095799,0.993055264526311,0.9917491688283221,1.0060368268969093,1.00478637305545,1.0033218445111265,0.14740014285714256,0.12965721428571428,0.05573003333333334,0.04414814285714298,0.05026400000000005,0.023083733333333356,158084.2857142857,23773.714285714286,-26318.533333333333
2003-04-03,17.483801,17.579399,17.264098999999998,17.4074,6.783794,3895031.0,1.0054678041691276,0.9874339681628725,0.9956301836196831,0.0,0.05958699999999961,-1717266.0,1.011001296004977,1.0106926002368781,1.0113852171203304,0.9916850808188572,0.9926763254659187,0.9918244427313653,1.003236699978055,1.0040420477787824,1.0036703255960633,0.16787142857142864,0.12147149999999993,0.06719669999999998,0.04733828571428576,0.042553357142857164,0.028173266666666662,96586.0,-14363.357142857143,-71409.63333333333
2003-04-04,17.302298999999998,17.4361,17.178101,17.4361,6.794977,2538051.0,1.0077331341921674,0.9928218787572682,1.0077331341921674,-0.18150200000000183,0.011182999999999943,-1356980.0,1.0081808474103247,1.011159510569575,1.009889672879978,0.9911500761966513,0.9930611183786582,0.9917753171969034,1.0016427696706371,1.0048507836927396,1.0022592411886486,0.08735699999999978,0.09554278571428552,0.07420329999999993,0.023939142857142874,0.042553285714285724,0.020850666666666663,-814282.0,-48368.57142857143,-162764.73333333334
2003-04-07,17.579399,17.846901000000003,17.5602,17.7227,6.906669,4305082.0,1.015216788696815,0.9989078693759667,1.008151643864503,0.2771000000000008,0.11169199999999968,1767031.0,1.0085889298064472,1.0099147869715146,1.0099588017880352,0.991556049157569,0.9929831090483701,0.9917589210961734,1.002004217039725,1.0031014068923712,1.0022122916156633,0.08189985714285695,0.1057785714285713,0.05286663333333331,0.034572714285714214,0.030583642857142847,0.02047783333333335,-208272.85714285713,-84678.21428571429,-51937.26666666667
2003-04-08,17.6653,17.846901000000003,17.550698999999998,17.751301,6.917812,4071953.0,1.0102800971395902,0.9935126490917222,1.0048683577408821,0.08590099999999978,0.011142999999999681,-233129.0,1.0096575519287978,1.0099528613108446,1.0102018451800852,0.9919881471062347,0.9933384795773094,0.9921600140511497,1.003259477825009,1.003981267459117,1.0029919081922782,0.08461428571428543,0.07097142857142837,0.05572999999999997,0.04148699999999993,0.03350921428571426,0.026683166666666657,-578202.7142857143,30660.85714285714,-24091.666666666668
2003-04-09,17.6558,17.6558,17.2068,17.245001000000002,6.720503999999999,6232981.0,1.0,0.9745692633582167,0.9767329149627886,-0.009499999999999176,-0.19730800000000048,2161028.0,1.0082917932393796,1.0093767340923023,1.0100001539303174,0.9893996725304331,0.9919339487408368,0.9920386225239465,0.9987304768786794,1.0022370246161347,1.002458368190759,0.09554285714285728,0.07711428571428566,0.06241999999999995,0.006385428571428494,0.01808514285714275,0.020477833333333292,-660329.5714285715,230284.2142857143,-52245.166666666664
2003-04-10,17.1208,17.3118,16.987,17.2927,6.739094000000001,5556503.0,1.0111560207466943,0.9921849446287556,1.0100404186720247,-0.5350000000000001,0.01859000000000144,-676478.0,1.0079807237739065,1.0099665433353555,1.0101470592816484,0.9894736374070812,0.9918309835767528,0.9920848481338775,0.9985773630752593,1.0032851341945743,1.0029974624350269,-0.010914428571428658,0.045042857142856975,0.05159333333333329,-0.005322428571428363,0.02446542857142862,0.023579966666666684,-373422.4285714286,107853.85714285714,39736.833333333336
2003-04-11,17.1112,17.4074,17.0348,17.130301,6.675806,5398391.0,1.017310299686755,0.9955350881294124,1.0011162864089018,-0.009599999999998943,-0.0632880000000009,-158112.0,1.00959487780445,1.0109954631820373,1.0105618173416813,0.9907093802148879,0.991885446212234,0.9921994385178913,1.0006104199229928,1.0033236234099512,1.00309533087329,-0.05322871428571422,0.047085714285714175,0.04649666666666666,-0.006914428571428718,0.018616857142857133,0.01873969999999998,-30558.0,63763.142857142855,-63056.23333333333
2003-04-14,17.0539,17.073,16.8055,16.8724,6.575301,4998753.0,1.0011199784213582,0.9854344167609754,0.9893572731164133,-0.05730000000000146,-0.10050500000000007,-399638.0,1.0089737598404829,1.00998752792273,1.0100498246311689,0.9904237300146167,0.991054405416737,0.9918157327660586,0.9997142898510972,1.0014754949145763,1.0021912479859458,-0.06141442857142871,0.05322849999999996,0.0468133333333333,-0.029784714285714387,0.008776785714285687,0.012535666666666648,157674.57142857142,127130.28571428571,49337.26666666667
2003-04-15,16.967899,17.3214,16.967899,17.302298999999998,6.742835,6095639.0,1.0208335162768238,1.0,1.019707802362567,-0.08600099999999955,0.16753400000000074,1096886.0,1.0108452429954338,1.009513045202879,1.0099568906877392,0.9914491759064357,0.9912996260515435,0.9918966691770889,1.0014249567325828,1.00153386320161,1.0022224517452127,-0.04777142857142839,0.019792785714285697,0.03980663333333331,-0.00744885714285713,0.008245142857142871,0.01601050000000003,508226.85714285716,-153027.57142857142,62151.166666666664
2003-04-16,17.4361,17.6462,17.4361,17.579399,6.850822,4728363.0,1.0120497129518642,1.0,1.0082185236377401,0.46820100000000053,0.10798699999999961,-1367276.0,1.0103928036032979,1.0094908667048725,1.0102380438145508,0.9916051945670118,0.9915806218622905,0.9925195884856947,1.0014345109859026,1.0017193640128137,1.0029988178701597,-0.020471285714285564,0.030714285714285694,0.05286666666666668,-0.007978142857142854,0.013297285714285678,0.025567366666666657,60468.71428571428,-73902.07142857143,-44342.63333333333
2003-04-17,17.416901,17.598499,17.416901,17.5411,6.835899,2494036.0,1.0104265391414926,1.0,1.0071309471185488,-0.01919900000000041,-0.014922999999999575,-2234327.0,1.010413723889284,1.0100356379090407,1.0100577930832775,0.99253195898248,0.9922600530443573,0.9925195884856947,1.0017577380398548,1.002508607932432,1.002952429423822,-0.035485571428571304,0.024564357142857065,0.057640033333333326,-0.011701857142857033,0.014892571428571446,0.022339400000000016,-225416.7142857143,-401809.71428571426,-54245.833333333336
2003-04-18,18.3603,18.3603,18.3603,18.3603,7.155146,0.0,1.0,1.0,1.0,0.9433989999999994,0.31924699999999984,-2494036.0,1.010413723889284,1.0093527585643318,1.010017258622619,0.9961649213598776,0.9927822969451554,0.9928440763932677,1.005081607330885,1.0019060421047823,1.0031349406079375,0.10064285714285706,0.09809285714285718,0.08844999999999997,0.06209171428571444,0.034238571428571465,0.03558676666666667,-890425.8571428572,-775377.7142857143,-142289.56666666668
2003-04-21,18.3603,18.3603,18.3603,18.3603,7.155146,0.0,1.0,1.0,1.0,0.0,0.0,0.0,1.0088200066397561,1.0084003652068314,1.009875367719544,0.9972813578414839,0.9933774976242826,0.9930871361465174,1.0036472618063101,1.0011123124407848,1.0032361094581121,0.17707142857142852,0.08307849999999993,0.08813333333333327,0.05943599999999995,0.027056785714285794,0.034965899999999994,-793786.1428571428,-583604.2857142857,-116446.4
2003-04-22,17.6462,17.7131,17.579399,17.6462,6.876855,2848619.0,1.0037911845043126,0.9962144257687207,1.0,-0.7140999999999984,-0.2782910000000003,2848619.0,1.006888704470836,1.008241791137643,1.0094450629950567,0.9973784060756709,0.9940438931452792,0.9930226595546263,1.0034877923193242,1.0020491061211587,1.0029269160795542,0.07642857142857144,0.011599928571428617,0.07324666666666667,0.02872128571428575,0.010903428571428517,0.02668326666666667,-364253.14285714284,-197405.57142857142,-48860.53333333333
2003-04-23,17.808701,18.047501,17.770398999999998,17.9137,6.981103,4936547.0,1.013409175660819,0.9978492535755414,1.0058959381708974,0.1625009999999989,0.10424800000000012,2087928.0,1.0086443040764732,1.0088090319584782,1.0096261907858184,0.9991519541920375,0.994787842103327,0.9932371470777581,1.0058504587556791,1.0027823743033881,1.0029188196843732,0.10782871428571436,0.023207142857142822,0.07452336666666663,0.05797171428571435,0.014093499999999981,0.029164466666666656,-8886.57142857143,74394.0,60251.9
2003-04-24,17.6749,17.9615,17.579399,17.9137,6.981103,16812206.0,1.0162150846680886,0.9945968011134432,1.0135106846431945,-0.13380099999999828,0.0,11875659.0,1.007984528132368,1.0094148855639011,1.0100245834855073,0.998380068636815,0.9949146222716252,0.993727808736375,1.0049651562243402,1.0031950564784615,1.0038367777095538,0.10100014285714311,0.026614357142857363,0.06687666666666671,0.034038285714285674,0.01329471428571427,0.032019733333333335,1530938.142857143,1019582.5,384424.7
2003-04-25,18.750299,18.750299,18.750299,18.750299,7.307131,0.0,1.0,1.0,1.0,1.0753989999999973,0.326028,-16812206.0,1.0062631405678162,1.008327972085557,1.0096412645134358,0.998380068636815,0.9949926316019134,0.9939698382360961,1.0037910814189488,1.0026127962024256,1.003635086459786,0.18774271428571407,0.08363571428571426,0.09890329999999992,0.06518700000000001,0.02860442857142858,0.0373028,-675480.4285714285,-307505.85714285716,-136537.26666666666
2003-04-28,17.732201,17.9233,17.6749,17.8755,6.966216,4360579.0,1.0107769475430604,0.9967685342614829,1.0080812866941897,-1.0180979999999984,-0.34091499999999986,4360579.0,1.0063131989108973,1.0083634614000907,1.0099606164470576,0.9979184306741696,0.9952251948283248,0.994280963445515,1.0039268442154687,1.0028422911276618,1.004024101636367,0.045042857142857225,0.0047786428571429595,0.058916699999999975,0.018616714285714257,0.0034574285714286113,0.025566166666666668,266649.0,20616.14285714286,38178.933333333334
2003-04-29,17.9806,18.1717,17.9806,18.152599,7.074203999999999,4838405.0,1.0106281214197526,1.0,1.0095658098172475,0.24839899999999915,0.10798799999999886,477826.0,1.007831501970862,1.009122612930073,1.0092267898587273,0.9979184306741696,0.9970416760170236,0.994280963445515,1.0052933884750757,1.0051874979029802,1.0032548646612864,-0.0542428571428571,0.02319999999999998,0.06273669999999995,-0.011563142857143025,0.025264285714285708,0.019856866666666632,691200.7142857143,-99612.57142857143,-21739.066666666666
2003-04-30,18.0093,18.085699,17.770398999999998,17.818199,6.943886,6669603.0,1.0042421970870608,0.9867345760246093,0.9893887602516478,0.028700000000000614,-0.13031799999999905,1831198.0,1.0084375301261563,1.0086287683829562,1.0090432945486636,0.9960233701062567,0.9966523639738704,0.9942208672567829,1.0037774970824538,1.003712379444382,1.0031494796761267,-0.05014285714285701,0.06346428571428575,0.044586666666666615,-0.030180000000000033,0.014627999999999959,0.01650676666666667,952800.4285714285,79507.14285714286,100896.73333333334
2003-05-01,17.770398999999998,17.9806,17.6558,17.885099,6.969955000000001,2455190.0,1.0118287158324357,0.9935511296060376,1.0064545540029801,-0.23890100000000203,0.026069000000000564,-4214413.0,1.0095857488873168,1.0082372266790762,1.0091687257077584,0.9956428992258736,0.9965106526507722,0.9941981484080231,1.0046995762257367,1.0040936842725305,1.0033262209840745,0.017742714285713897,0.04708564285714267,0.03980663333333325,0.01330000000000009,0.02101064285714292,0.016754766666666664,-56204.142857142855,-210228.64285714287,-18460.4
2003-05-02,17.6749,17.7131,17.493401000000002,17.579399,6.850822,6690343.0,1.0021612569236602,0.989731257319702,0.9945968011134432,-0.09549899999999667,-0.1191330000000006,4235153.0,1.0079789033534368,1.008311603714955,1.0091441445604155,0.9944831854750393,0.9968175698335384,0.9940683084211488,1.0030854137889575,1.0044679362723181,1.0033005515353939,-0.019114428571428328,0.04435714285714302,0.03948999999999998,-0.018611571428571443,0.019680071428571453,0.015141466666666669,250542.2857142857,120827.85714285714,88126.46666666666
2003-05-05,17.6749,17.7227,17.579399,17.6558,6.880596000000001,5529549.0,1.002704400024894,0.9945968011134432,0.9989193715381699,0.0,0.029774000000000633,-1160794.0,1.0060488055472663,1.0070166668398173,1.0091374438334715,0.9944831854750393,0.9964316270559272,0.994062448083841,1.0010009404882398,1.0029830483562898,1.0032452826735452,0.0,0.050500071428571554,0.040763333333333304,-0.01435814285714278,0.009840071428571446,0.015514200000000027,-1611808.142857143,-40435.0,34128.066666666666
2003-05-06,17.598499,17.598499,17.4743,17.521998999999997,6.828454,4919545.0,1.0,0.992942636755555,0.9956530383642376,-0.07640100000000061,-0.0521420000000008,-610004.0,1.0060488055472663,1.0061559730575413,1.0086297414317493,0.9934749907258329,0.9959275296813239,0.9939249030457619,1.0003799459688452,1.0020855136938969,1.002592681550631,-0.16454285714285685,0.011599928571428617,0.0429932666666667,-0.06838242857142861,-0.0015977142857142976,0.01253426666666666,702792.1428571428,13655.857142857143,56687.2
2003-05-07,17.598499,17.7896,17.598499,17.6462,6.876855,3434029.0,1.0108589374582457,1.0,1.0027105152547384,0.0,0.04840100000000014,-1485516.0,1.0060605183922928,1.006186858651595,1.0080758302018666,0.9939366286884782,0.9959275296813239,0.9940393393420048,0.9996126929060664,1.0017697685607676,1.0020533438476524,-0.01910028571428565,0.012971285714285788,0.030256633333333362,-0.012765857142857178,0.0029254285714285394,0.008315066666666659,-132364.2857142857,67142.35714285714,-160133.2
2003-05-08,17.550698999999998,17.579399,17.416901,17.502899,6.821011,7014388.0,1.0016352625043596,0.9923764859735786,0.9972764617523212,-0.047800000000002285,-0.05584399999999956,3580359.0,1.0047758242615223,1.0063036631161921,1.00771833188788,0.9928475552561322,0.995382992965151,0.9939163535861393,0.997857071753934,1.0015752301145047,1.0017751754967004,-0.06141442857142871,-0.057828642857142905,0.018153299999999935,-0.03617042857142838,-0.023866785714285705,0.005211699999999997,310854.71428571426,501027.71428571426,41713.2
2003-05-09,17.416901,17.550698999999998,17.3501,17.464701,6.806123,5693058.0,1.007682078459308,0.9961645874888996,1.0027444606821847,-0.13379799999999875,-0.014888000000000012,-1321330.0,1.005267235886129,1.0068523830061427,1.0078810764270856,0.9941946997510308,0.9951090349286439,0.9941055743874007,0.9997650289582963,1.0017712630203752,1.00199727311131,-0.08462842857142862,-0.06738564285714281,0.01146336666666663,-0.01968042857142852,-0.024930214285714274,0.0059573333333333405,-139506.42857142858,406647.0,-80877.13333333333
2003-05-12,17.531601000000002,17.751301,17.521998999999997,17.6845,6.891781,4160779.0,1.012531656407193,0.9994523033007651,1.0087213369731605,0.11470000000000269,0.08565799999999957,-1532279.0,1.0053676559682372,1.0074767024277769,1.0079801212797945,0.9950377245645633,0.9953403118952185,0.9943310316511318,1.0000888550968936,1.002394215661315,1.002006786957512,-0.034113999999999374,-0.008185642857142739,0.01815336666666679,-0.011167714285714376,0.0010661428571428569,0.007199166666666675,243655.57142857142,93725.71428571429,-223150.3
2003-05-13,17.837298999999998,17.837298999999998,17.521998999999997,17.5889,6.8545240000000005,4365568.0,1.0,0.9823235569465982,0.9860741808499146,0.30569799999999603,-0.03725699999999943,204789.0,1.0050589049791427,1.0065189041662899,1.0075356710462944,0.99397948165412,0.9942313335645797,0.994019577199611,0.9988713379163896,1.0009783758526736,1.0011721858093103,0.023199857142856724,0.0020427142857141994,0.02133659999999994,0.0005288571428572197,-0.009041357142857111,0.0026057666666667125,-332110.71428571426,-40784.21428571428,-126829.73333333334
2003-05-14,17.579399,17.694,17.512501,17.6367,6.873154,2213830.0,1.0065190510779123,0.9961945229185595,1.0032595539813394,-0.25789999999999935,0.018629999999999924,-2151738.0,1.005603855129574,1.00582633033842,1.007552598699793,0.9942077276262794,0.9943454565506594,0.9943298983477376,0.9994913639796995,1.0002461522339696,1.001718007992863,-0.013643000000000325,-0.0068215000000001625,0.0031865999999999652,-0.0010631428571428816,-0.007710642857142831,0.004964899999999991,-473674.14285714284,-1042741.1428571428,-113282.23333333334
2003-05-15,17.617599,17.9042,17.5889,17.837298999999998,6.9513300000000005,7028221.0,1.0162678807708134,0.9983710039035398,1.0124704847692356,0.03819999999999979,0.07817600000000002,4814391.0,1.007927838096833,1.0069883218220497,1.0079126012531825,0.9949832086474201,0.9942290996866265,0.9946944662057597,1.0018938563232707,1.0011369011460578,1.0022793513645147,0.00272857142857116,-0.08090714285714284,0.004459933333333292,0.017553714285714377,-0.025414357142857114,0.0055845333333333375,301239.4285714286,502015.78571428574,104439.66666666667
2003-05-16,17.483801,17.6653,17.3978,17.569799,7.020255000000001,13958974.0,1.0103809806574668,0.9950811039315764,1.004918724481021,-0.13379799999999875,0.06892500000000013,6930753.0,1.0078595585538648,1.0069600384730786,1.0080008628020258,0.9942805092090738,0.9941085689487761,0.99476977371157,1.002209314784168,1.0009110038451172,1.0021855377074764,-0.016385428571428662,-0.017742857142857154,0.006050066666666728,0.020485714285714378,0.0038599285714285996,0.007509266666666677,1503563.5714285714,685599.6428571428,380697.43333333335
2003-05-19,17.521998999999997,17.579399,17.3883,17.416901,6.959161,2425476.0,1.0032758819356171,0.9923696491479085,0.9940019400754447,0.038197999999997734,-0.06109400000000065,-11533498.0,1.00809393275833,1.0064348785099262,1.0076028325766526,0.9942795325196926,0.9935635438879125,0.9945518330373014,1.0017415259731857,0.9997992988635599,1.0017138809145079,-0.004100000000000088,-0.032757214285714396,-0.0019133333333333743,0.01973571428571422,-0.00821735714285708,0.0017497333333333328,-655558.8571428572,-172352.07142857142,-62653.53333333333
2003-05-20,17.302298999999998,17.3214,17.225901,17.2927,6.909536,2919230.0,1.0011039573411604,0.9955845174100854,0.9994452182337158,-0.21969999999999956,-0.04962499999999981,493754.0,1.0071542011700232,1.0062107185280762,1.0072969612500384,0.9941966653655763,0.9941956825583035,0.9946208953145802,1.0012702056234046,1.0005176172908505,1.0015331095976023,-0.01637171428571449,-0.050500071428571554,-0.012100033333333352,0.01477328571428568,-0.00245357142857142,-0.0002758666666666502,-396261.14285714284,-267883.78571428574,-38424.1
2003-05-21,17.283199,17.3596,17.149401,17.197201,6.871377000000001,4262010.0,1.004420535804743,0.9922584933495241,0.9950241850481499,-0.01909999999999812,-0.03815899999999939,1342780.0,1.0059954696553877,1.0056815628118125,1.0074443124435297,0.9931689782296845,0.9941033513971239,0.9952105363142905,0.9993134696341173,0.9997011623655055,1.0021428186004477,-0.035486000000000316,-0.034799999999999845,-0.012420033333333318,-0.0029148571428570286,-0.007041285714285702,0.005029100000000053,14461.57142857143,129058.57142857143,-65699.03333333334
2003-05-22,17.245001000000002,17.4552,17.1877,17.4361,6.966833,2944059.0,1.0121889816069016,0.9966772399723257,1.011081414260283,-0.038197999999997734,0.09545599999999954,-1317951.0,1.0077367527420877,1.0063978288606152,1.0074787444722033,0.995219504376217,0.9945994930151685,0.9953602794924095,1.0028859315498841,1.0008786347331369,1.0021775184533894,-0.08461399999999943,-0.03070707142857135,0.00414003333333343,0.016044142857142823,0.008286500000000021,0.00759129999999999,-203072.7142857143,-267591.71428571426,-87081.46666666666
2003-05-23,17.502899,17.6749,17.483801,17.598499,7.031721000000001,3528503.0,1.0098270006585768,0.9989088664683491,1.0054619523314396,0.2578979999999973,0.06488800000000072,584444.0,1.008209316967897,1.0069065860487354,1.007229301171264,0.9956072677404728,0.9949074976833759,0.995472738770374,1.0032005598856129,1.0013459619326561,1.0023223739841407,-0.010928571428571334,-0.01228578571428583,0.013056633333333305,0.022652428571428653,0.010794642857142886,0.011863833333333377,187810.42857142858,-142931.85714285713,-62329.6
2003-05-26,17.531601000000002,17.617599,17.493401000000002,17.550698999999998,7.012621,2794644.0,1.0049053135535082,0.9978210774931509,1.001089347173712,0.02870200000000267,-0.019100000000000783,-733859.0,1.0065860930797106,1.007256965588272,1.0073554790090022,0.9955287068247028,0.9952559577360615,0.9958856274614465,1.0015746830862522,1.0017342697047613,1.002713443119384,-0.012285428571428067,-0.0047784285714284535,0.015923366666666775,0.008755857142857109,0.013154785714285744,0.014577333333333354,-604796.7142857143,-151778.64285714287,-73470.3
2003-05-27,17.579399,17.617599,17.4265,17.617599,7.039351,1715325.0,1.002172998064382,0.9913023761506297,1.002172998064382,0.047797999999996676,0.0267299999999997,-1079319.0,1.0054135241378412,1.0066365413458531,1.0067334617352544,0.9949888885702819,0.9946346988896779,0.9955957066664676,1.001182436455304,1.001695875619736,1.002128949642778,0.013656857142856995,-0.0013642857142858336,0.020383333333333316,0.002727999999999905,0.011606857142857141,0.009883866666666652,-1749092.7142857143,-122764.57142857143,-146010.46666666667
2003-05-28,17.7131,17.770398999999998,17.6462,17.6558,7.054614999999999,3323542.0,1.0032348374931546,0.9962231342904404,0.9967651060514534,0.13370100000000207,0.015263999999999278,1608217.0,1.005407660646061,1.0067507967021956,1.0064396325532974,0.9955393864477864,0.9949094594837395,0.9954698111428155,1.0015771744518767,1.0016593502125313,1.0017471690565685,0.027300142857143328,0.011600071428571621,0.009233333333333368,0.01363628571428561,0.016685999999999916,0.006793099999999974,128295.14285714286,-263631.85714285716,-46827.36666666667
2003-05-29,17.6749,17.8564,17.5889,17.7609,7.096609,3967081.0,1.0102687992577044,0.9951343430514458,1.0048656569485541,-0.03819999999999979,0.04199400000000075,643539.0,1.006716923776996,1.0069355624735095,1.006434374557171,0.9954750758251236,0.9948358705953498,0.9953076225778638,1.0023515228397106,1.0018108642315575,1.0016716593842352,0.053228714285714726,0.01842850000000012,0.00859996666666672,0.02672471428571426,0.02074899999999997,0.008690333333333319,149693.0,-123284.07142857143,49101.5
2003-05-30,17.6271,17.818199,17.579399,17.7036,7.073714,5886996.0,1.0108412047358897,0.9972938827146837,1.0043399084364417,-0.047800000000002285,-0.02289500000000011,1919915.0,1.0076341621957312,1.0068148159255592,1.0067957480483674,0.9961944171630036,0.9946816976963441,0.9952174186683532,1.0036823404666095,1.0014979050503634,1.0018163229987833,0.04912871428571413,0.006821357142856905,-0.024440000000000003,0.028905285714285585,0.012995214285714278,-0.002714400000000013,232140.85714285713,123301.21428571429,196233.2
2003-06-02,17.818199,17.932899,17.770398999999998,17.865999,7.138603999999999,2604960.0,1.0064372386906217,0.9973173495256169,1.0026826504743829,0.19109900000000124,0.06488999999999923,-3282036.0,1.0068124846362625,1.0072746186891752,1.007010322671388,0.9962858613849024,0.9957526828805596,0.9951279969858737,1.0024825170686238,1.002684224309254,1.0019057446812627,0.08188542857142826,-0.00136428571428558,-0.018070033333333294,0.024538714285714112,0.020291428571428467,-0.0005514000000000389,-48442.71428571428,-125757.71428571429,86832.0
2003-06-03,17.9233,17.9902,17.808701,17.932899,7.165333,4328919.0,1.0037325715688517,0.9936061439578648,1.0005355598578385,0.10510100000000122,0.026729000000001335,1723959.0,1.005941851909159,1.007075584438528,1.0070083689068727,0.9955283295976903,0.9955677986690815,0.9950410542588453,1.0017787467152521,1.0024896533004324,1.001923596676524,0.06005728571428597,0.024564357142857318,0.009236666666666693,0.019087428571428484,0.02086992857142857,0.009615933333333349,114345.14285714286,151077.7857142857,49343.333333333336
2003-06-04,17.932899,18.0284,17.932899,18.0093,7.195861,2449483.0,1.0053254635516546,1.0,1.0042603819940101,0.009598999999997915,0.030527999999999444,-1879436.0,1.0060018733374656,1.006293983208588,1.0067389118365673,0.995839604241526,0.9956841555331144,0.9951127458063272,1.0022317516895805,1.0019032173879163,1.0018690781372945,0.05732828571428529,0.022521428571428612,0.004139933333333327,0.026177142857142805,0.017466499999999958,0.007158599999999992,-49308.71428571428,-327052.71428571426,-82902.13333333333
2003-06-05,18.085699,18.1908,18.018801,18.018801,7.199659,4265524.0,1.0058112766335434,0.9963010553255364,0.9963010553255364,0.1528000000000027,0.003797999999999746,1816041.0,1.0065216274187743,1.005967575778308,1.0063921182354156,0.9965537012665125,0.9957712949183971,0.9951695542800636,1.0013929027268882,1.0012876695910962,1.0012954238267058,0.07232857142857187,0.04299271428571443,0.013693300000000026,0.02290114285714281,0.012814571428571358,0.007285199999999984,364314.14285714284,-692389.2857142857,-418222.73333333334
2003-06-06,17.9424,18.114401,17.837298999999998,18.0284,7.203494,3254210.0,1.009586287230248,0.9941423109505974,1.004793115748172,-0.1432990000000025,0.003835000000000477,-1011314.0,1.0074289773812162,1.0064183190136384,1.0067116611430906,0.9962564407893922,0.9958979136185891,0.9949742979784167,1.002539761254991,1.0020584678534337,1.001455194351645,0.032757142857142645,0.030028642857142986,-0.026929966666666635,0.021268428571428695,0.01745235714285715,-0.003454566666666666,-9904.57142857143,59195.28571428572,108473.66666666667
2003-06-09,18.8703,18.8703,18.8703,18.8703,7.539885000000001,0.0,1.0,1.0,1.0,0.9279000000000011,0.3363910000000008,-3254210.0,1.005962006058687,1.0063394649178414,1.006352429558322,0.9969515346391856,0.9962133052321546,0.995082013503034,1.0018446674051975,1.002098095122454,1.0011858181285052,0.1707714285714285,0.1120000714285716,0.037936633333333344,0.06332514285714298,0.045024928571428625,0.019122300000000023,-566725.8571428572,-208516.42857142858,-145352.63333333333
2003-06-10,17.999701,18.114401,17.9233,18.0762,7.222592999999999,3668042.0,1.0063723280736718,0.9957554294929677,1.0042500150419165,-0.8705989999999986,-0.3172920000000019,3668042.0,1.0053235951069417,1.0064788786513363,1.0062105697801191,0.9967317556075119,0.9964630863852577,0.9949405278194664,1.0018318254916938,1.0027570829791517,1.0010086249693275,0.053228714285714726,0.051178714285714424,0.00063670000000009,0.02126842857142844,0.025086857142857015,0.004946299999999996,-316993.4285714286,-42426.28571428572,-39012.1
2003-06-11,18.114401,18.353201,18.085699,18.2959,7.310378,4653128.0,1.0131828813991695,0.9984155148160848,1.0100195971150245,0.11469999999999914,0.08778500000000111,985086.0,1.0062872583510198,1.0065498714936412,1.006508592590523,0.996888636363293,0.9965872488740976,0.9953298924458489,1.002879960726071,1.0026812388973474,1.0016963195314401,0.04231457142857157,0.06209999999999992,0.0035033666666667075,0.024539142857143,0.024538928571428555,0.0122164,292595.4285714286,122076.35714285714,-67215.83333333333
2003-06-12,18.3915,18.429701,18.181299,18.3246,7.321845,4555370.0,1.0020771008346248,0.9885707527934099,0.9963624500448577,0.27709899999999976,0.011466999999999672,-97758.0,1.0060507625318444,1.0059963072205018,1.0061835387572624,0.9961692947683708,0.9958488121830307,0.995163879885428,1.0022838021813596,1.002031274448306,1.0013599160661693,0.06688571428571422,0.0634715000000001,0.020703366666666768,0.022358857142857045,0.020723142857142766,0.011729666666666638,32350.14285714286,73347.64285714286,70006.0
2003-06-13,18.381901,18.3915,18.1717,18.2481,7.291277,3388550.0,1.000522198438562,0.9885647844583649,0.9927210466425644,-0.009599000000001467,-0.030567999999999707,-1166820.0,1.0053645818014028,1.005683227569434,1.0061289034744259,0.9945356925481372,0.9951876483948316,0.9951249974567167,1.0006353257025817,1.0014335386960809,1.00129739091714,0.06414314285714287,0.06073571428571408,0.02356669999999994,0.013630857142857167,0.019903999999999984,0.014681833333333335,134152.42857142858,42421.857142857145,-110059.76666666666
2003-06-16,18.095301,18.133499,17.9711,18.133499,7.245486,4137262.0,1.0021109347669874,0.9931362843867588,1.0021109347669874,-0.28659999999999997,-0.04579100000000036,748712.0,1.004835961534752,1.0056787944767631,1.0061091212991624,0.9940835824140262,0.9953186418402693,0.9950763135658273,1.0014653084799316,1.00142910560341,1.0014037763581005,0.0013717142857139208,0.036850142857142894,0.014013366666666608,0.006546714285714295,0.014723928571428553,0.012162999999999969,-18323.14285714286,172995.5,-46409.566666666666
2003-06-17,18.334101,18.410601,18.2481,18.2864,7.306580999999999,5691947.0,1.004172552556572,0.995309232778853,0.9973982362156727,0.23880000000000123,0.06109499999999901,1554685.0,1.0040625708670838,1.00574577412415,1.0062482063843814,0.9942502855323484,0.9952533631608702,0.9951552000999371,1.0004088971181462,1.0014743291865684,1.0014619496198152,0.05595728571428588,0.044357214285714264,0.02452006666666667,0.014726714285714084,0.01799757142857139,0.01593756666666663,348248.14285714284,169171.7857142857,25746.733333333334
2003-06-18,18.334101,18.420099,18.229,18.2864,7.306580999999999,3827717.0,1.004690603591635,0.9942674582189767,0.9973982362156727,0.0,0.0,-1864230.0,1.0047326570944601,1.0053473315765737,1.0060425952554946,0.9934313509922023,0.9951914428156939,0.9949641153739031,1.000037216577528,1.0009409419913626,1.0012848736518463,-0.07659985714285712,0.04708578571428568,0.02452006666666667,-0.03332914285714317,0.014997999999999909,0.014324199999999957,546816.7142857143,-9954.57142857143,13122.933333333332
2003-06-19,18.362801,18.372299,18.2481,18.372299,7.340903,5294405.0,1.0005172413511425,0.9937536217922309,1.0005172413511425,0.028700000000000614,0.034322000000001296,1466688.0,1.003896216134099,1.0046099056205204,1.0060053278837204,0.9931453784635256,0.9949385670355186,0.9950100199011914,0.9995039631931316,1.0006678943424128,1.0013928996384736,0.05187142857142847,0.0525500714285716,0.027070066666666767,0.016901428571428716,0.01908492857142858,0.01732973333333332,232337.57142857142,-42327.92857142857,-57332.76666666667
2003-06-20,18.2099,18.3246,17.846901000000003,18.0762,7.222592999999999,6391356.0,1.006298771547345,0.9800658433050154,0.9926578399661722,-0.15290099999999995,-0.11831000000000103,1096951.0,1.0029127718695527,1.004600015110286,1.0059592176533216,0.9905239968190872,0.9937063165911901,0.9944733950950619,0.997023712171867,0.9999518364489691,1.00105667894794,0.013642714285714317,0.02797864285714294,0.02643330000000006,-0.012540714285714445,0.005999214285714276,0.013882333333333285,248318.2857142857,270456.85714285716,23276.6
2003-06-23,17.999701,18.0284,17.837298999999998,17.837298999999998,7.127136999999999,6097007.0,1.0015944153738998,0.9909775167931955,0.9909775167931955,-0.21019899999999936,-0.09545599999999954,-294349.0,1.0028438168037348,1.0044472896677896,1.005594642952212,0.9908678202476279,0.9935185575079993,0.9941909022114763,0.9962544359930582,0.9992691190872088,1.0004652182752745,-0.05597128571428556,0.005457214285714329,0.015603333333333325,-0.02781542857142862,-0.0027282857142857863,0.007845199999999981,220233.85714285713,126292.0,64540.933333333334
2003-06-24,17.6749,17.751301,17.5889,17.7036,7.073714,5074687.0,1.0043225704247267,0.9951343430514458,1.001623771563064,-0.3248010000000008,-0.053422999999999554,-1022320.0,1.0033867270874726,1.0043756544444378,1.0057387286330361,0.9918063286180681,0.9931710105831026,0.9946179284149713,0.9975262538388439,0.9990807897707128,1.0009835379657128,-0.10100014285714261,-0.018428499999999865,-0.005413299999999902,-0.031080428571428596,-0.008724785714285714,0.007306333333333311,240876.7142857143,187514.57142857142,23637.3
2003-06-25,17.818199,17.837298999999998,17.5602,17.694,7.069878999999999,5470944.0,1.0010719377418558,0.9855204782481102,0.993029654680588,0.14329899999999895,-0.003835000000000477,396257.0,1.0032382989410251,1.0040371302378885,1.005557158188501,0.9907183563125467,0.9924009693632865,0.9942621269259563,0.9962289281122153,0.9988471182960736,1.0006425413223543,-0.0395859999999999,-0.01910714285714299,0.007960000000000042,-0.025086714285714327,-0.009270000000000016,0.006557499999999964,190526.0,86101.42857142857,108570.46666666666
2003-06-26,17.569799,17.6271,17.4552,17.5411,7.008786,6272601.0,1.0032613349760005,0.9934775007955413,0.9983665720933973,-0.24840000000000018,-0.06109299999999962,801657.0,1.0031081250009437,1.0035853479340138,1.0051236066620073,0.9904566803149307,0.9923534829236397,0.9940990101556897,0.9963672618090332,0.9983880794635897,1.0001724108998264,-0.1091860000000001,-0.02661435714285711,-0.001593333333333291,-0.0425421428571427,-0.01390771428571431,0.001915199999999976,82950.57142857143,215599.35714285713,-25187.333333333332
2003-06-27,17.6462,17.837298999999998,17.502899,17.827801,7.123342,6252441.0,1.0108294703675578,0.991879214788453,1.0102912241729098,0.07640100000000061,0.11455600000000032,-20160.0,1.0039851059689326,1.0043588815316966,1.0051385563190103,0.9901155026819988,0.9917734268371007,0.9939922805175857,0.9982091172314956,0.9991231669045119,1.0003514942228895,-0.09827157142857144,-0.08743571428571428,0.005413300000000021,-0.0261769999999998,-0.029753071428571483,0.003436233333333316,346389.14285714284,446602.9285714286,-256884.43333333332
2003-06-30,17.7418,17.865999,17.7131,17.780001000000002,7.104241,3199368.0,1.0070003607300273,0.9983823512834098,1.0021531637150685,0.09560000000000102,-0.019101000000000035,-3053073.0,1.0049112658802017,1.0044037410071505,1.0052627056121572,0.9907767497521672,0.9919610641078463,0.9941927039221022,0.9984428204263421,0.998973391809737,1.0006232016775436,-0.08871442857142853,-0.018421500000000028,0.00732670000000013,-0.033808857142857134,-0.008453714285714207,0.0048360000000000035,-299291.0,-33476.71428571428,25796.4
2003-07-01,17.8564,17.8755,17.6462,17.770398999999998,7.100405,4667329.0,1.001069644497211,0.9882283102977084,0.9951837436437354,0.11459999999999937,-0.0038359999999997285,1467961.0,1.0041642477301826,1.0035385097998677,1.0052615618506922,0.991942816465409,0.9912334066422481,0.9939474970183564,0.9988036638088512,0.9979136879903592,1.000481152524544,-0.05050000000000005,-0.01842864285714287,0.018470033333333427,-0.017455428571428375,-0.014998071428571411,0.006362300000000006,-246289.57142857142,1014.3571428571429,58269.96666666667
2003-07-02,17.7227,17.846901000000003,17.6749,17.751301,7.092774,4054351.0,1.00700801796566,0.9973028940285623,1.0016138060227844,-0.13370000000000104,-0.007630999999999943,-612978.0,1.0049376195290056,1.00389071816637,1.005347811256056,0.9928464417847473,0.9918571310161876,0.9941156437076576,1.0003231336987926,0.9982887848459253,1.000700806557032,-0.03957157142857172,-0.04777142857142864,0.014650033333333331,-0.004908999999999862,-0.01636221428571424,0.007379899999999987,-291808.0,-35787.07142857143,-6921.966666666666
2003-07-03,17.865999,17.885099,17.7896,17.837298999999998,7.127136999999999,3491768.0,1.0010690698012465,0.995723776767255,0.9983935966860851,0.14329899999999895,0.03436299999999903,-562583.0,1.0044728337256514,1.003929780406562,1.0049771475292009,0.9929306466012914,0.9923684876096797,0.994083861600822,0.9998616801449385,0.9986939669918912,1.0002778793045588,0.027299857142856813,-0.036850142857142894,0.02069993333333322,0.007631857142857079,-0.011724285714285758,0.0053434666666666375,-226131.2857142857,7372.714285714285,18256.966666666667
2003-07-04,17.770398999999998,17.808701,17.6367,17.7227,7.081347,3136494.0,1.002155382104814,0.9924763084948179,0.9973158171631376,-0.09560000000000102,-0.04578999999999933,-355274.0,1.0046276114917883,1.0039329552164067,1.0047214269107423,0.9939243366365355,0.9923213464745412,0.9938694430017042,1.0004739890710168,0.9983514585916161,1.0000063414656153,-0.006828571428571755,-0.023207285714285826,0.00891666666666661,0.0016382857142858143,-0.011724214285714256,0.0016541999999999688,-333492.85714285716,-71483.42857142857,-13066.966666666667
2003-07-07,17.7418,17.837298999999998,17.7131,17.7227,7.081347,1433303.0,1.005382712013437,0.9983823512834098,0.9989234463244991,-0.028598999999996266,0.0,-1703191.0,1.004930665354279,1.0040193951776113,1.00473734019274,0.9946250295633738,0.9925408549391522,0.9938881521280462,1.0005535425326026,0.998460402170818,0.9999341447706416,0.02457157142857166,-0.04230721428571422,0.007006633333333312,0.010365857142857189,-0.016088142857142756,0.0022908666666666615,-691328.2857142857,-304188.85714285716,-45378.03333333333
2003-07-08,17.818199,17.846901000000003,17.197201,17.3118,6.917165,8913643.0,1.0016108249773168,0.9651481050357559,0.9715796753644969,0.07639899999999855,-0.16418200000000027,7480340.0,1.003613716012816,1.0037994109908743,1.0047186010898377,0.9908062995987026,0.9904609011403507,0.9930163430908837,0.9950233212742582,0.9966162192528768,0.9989143673473121,0.024571285714285653,-0.036850142857142894,0.007960000000000042,-0.02945385714285718,-0.02781542857142849,-0.004072866666666671,380171.71428571426,363280.4285714286,239943.93333333332
2003-07-09,17.1208,17.178101,16.967899,17.0443,6.810283,6750216.0,1.003346864632494,0.9910692841456007,0.9955317508527639,-0.6973990000000008,-0.1068819999999997,-2163427.0,1.0030917879988828,1.0040015269395421,1.0047223353278156,0.9897615757218728,0.99026916273702,0.9928445480860558,0.9940774051510717,0.996260112788707,0.9988732555073557,-0.08871428571428604,-0.08871435714285728,-0.019743333333333387,-0.04199399999999999,-0.037901428571428565,-0.00814439999999997,507264.0,103986.5,114222.46666666666
2003-07-10,16.9583,17.235398999999997,16.8915,16.948798999999998,6.772124000000001,9039265.0,1.01634002228997,0.9960609259182819,0.9994397433705027,-0.16249999999999787,-0.03815899999999939,2289049.0,1.0052732705407055,1.004718759135444,1.0049247094288911,0.9908805208105262,0.9914116686379677,0.992875434181617,0.9946854051120385,0.9967445344604448,0.9986923917214207,-0.12829999999999991,-0.0894,-0.023886666666666657,-0.046897285714285655,-0.032176357142857014,-0.010816166666666642,624562.2857142857,189136.35714285713,169072.8
2003-07-11,16.8915,17.1208,16.862801,16.996599,6.791222,3971953.0,1.0135748749370985,0.998300979782731,1.0062220051505195,-0.06680000000000064,0.019097999999999615,-5067312.0,1.0062113929651966,1.005574506247101,1.0050158317689315,0.9910231044896932,0.9919347731372203,0.9929090040838852,0.9953437192731435,0.9978334264859681,0.9987551282785566,-0.11874285714285701,-0.07915721428571436,-0.024519999999999934,-0.04307885714285715,-0.023993928571428506,-0.009416399999999985,-11771.142857142857,-151789.57142857142,-63834.76666666667
2003-07-14,17.1208,17.2068,17.0539,17.168501000000003,6.85991,3477425.0,1.0050231297602916,0.9960924723143778,1.00278614317088,0.2292999999999985,0.06868799999999986,-494528.0,1.0067762586736317,1.0056245461996414,1.0049686948045873,0.9910757752821393,0.9920032109417153,0.9928681748435105,0.9959712259138284,0.9979164530293835,0.9987585780351065,-0.10645699999999993,-0.03957857142857156,-0.02324663333333336,-0.0381752857142856,-0.015271714285714262,-0.009289799999999963,-2049.0,-114090.14285714286,29082.166666666668
2003-07-15,17.254499,17.264098999999998,17.1399,17.2068,6.875211999999999,3090995.0,1.0005563766296546,0.9933583119393963,0.9972355615773023,0.133699,0.01530199999999926,-386430.0,1.0065478293200374,1.0055877204059127,1.0048628216399471,0.9912017757742219,0.9925630562053787,0.9928599137762283,0.9959597608301377,0.9982168749505773,0.9986485780924219,-0.07369999999999978,-0.040264285714285766,-0.022293366666666734,-0.02944785714285723,-0.013904785714285708,-0.009670700000000032,-6499.857142857143,-169996.35714285713,-41264.13333333333
2003-07-16,17.1399,17.216299,17.0252,17.216299,6.8790070000000005,5019187.0,1.0044573772309056,0.9933080122987883,1.0044573772309056,-0.11459899999999834,0.003795000000001103,1928192.0,1.0064156386368188,1.0056731519955489,1.0048338854292556,0.9904768702049902,0.9925509498841819,0.9926368475195212,0.9967503223881958,0.9986519324603993,0.9986551446003185,-0.08598571428571436,-0.03070707142857135,-0.02643329999999994,-0.02890571428571422,-0.009269928571428514,-0.010561799999999977,512269.14285714284,-89529.57142857143,85656.8
2003-07-17,17.0539,17.1208,16.948798999999998,17.1208,6.840847999999999,4307493.0,1.0039228563554379,0.9938371281642322,1.0039228563554379,-0.08600000000000207,-0.038159000000001164,-711694.0,1.006745928833693,1.0051798224232547,1.004770938086652,0.994575302080487,0.9926908008395948,0.9925547166141444,1.0013707768154732,0.9981970490448655,0.9989092046346485,-0.10918557142857159,-0.042307142857142974,-0.0343933000000001,-0.01090242857142863,-0.020178142857142905,-0.011960366666666673,-658021.4285714285,-138924.85714285713,1398.9666666666667
2003-07-18,17.073,17.0921,16.948798999999998,16.9583,6.775919,2207393.0,1.001118725472969,0.9927252972529723,0.9932817899607568,0.01910000000000167,-0.06492899999999935,-2100100.0,1.0064276232394753,1.004759705619179,1.0044886860280762,0.99481187538154,0.9922867255517065,0.9925074828242236,1.0010493538309007,0.9975633794909863,0.998525493775068,-0.006828571428571247,-0.04777142857142864,-0.02897999999999996,-0.004909142857142866,-0.02345157142857143,-0.014252500000000001,-648974.7142857143,-70855.35714285714,-34893.9
2003-07-21,17.1017,17.1208,17.0061,17.015698999999998,6.798853,1959644.0,1.0011168480326516,0.9944099124648427,0.9949712016933987,0.028700000000000614,0.022934000000000232,-247749.0,1.0042528840598586,1.004763077300282,1.0045259142958312,0.9945760163167628,0.9927282685636446,0.9923211465730517,1.0004109907341716,0.9975481979231049,0.9983578671648481,0.02048571428571425,-0.053907142857142834,-0.05895333333333331,0.0038184285714285083,-0.021539428571428574,-0.024701066666666684,-1011374.4285714285,-193406.07142857142,65321.46666666667
2003-07-22,16.9583,17.015698999999998,16.881901,16.910601,6.756861,3199280.0,1.0033847142697085,0.9954948904076468,0.9971872770265887,-0.14339999999999975,-0.04199200000000047,1239636.0,1.0027971468216597,1.0045042698934283,1.0044263271690324,0.9941751464060367,0.9925991254478649,0.9923124619368743,0.9991203152878957,0.9972320172805196,0.998122442564337,0.009542857142857233,-0.054599999999999885,-0.03471336666666668,-0.004908714285714362,-0.023993785714285756,-0.015524399999999971,-110381.85714285714,-61076.5,-15625.4
2003-07-23,16.977501,17.1017,16.948798999999998,17.0539,6.814118,5914157.0,1.0073155053856278,0.9983094096121683,1.0045000144603142,0.019200999999998913,0.05725699999999989,2714877.0,1.0031246290538507,1.004950443863741,1.004230747968581,0.9944918517342923,0.9927838135082159,0.9923089250967437,0.9993651540435291,0.9976681899786788,0.9979384564758468,-0.020471285714285564,-0.06346414285714275,-0.03789666666666669,-0.006541714285714357,-0.02235849999999998,-0.01654200000000001,348104.5714285714,173027.7857142857,42034.3
2003-07-24,17.0061,17.2068,17.0061,17.197201,6.871377000000001,3879597.0,1.0118016476440808,1.0,1.0112372031212329,0.02859899999999982,0.05725900000000106,-2034560.0,1.0047310963416258,1.0056394628308316,1.0045548995288962,0.9954406643143787,0.9933212200443002,0.99268990000363,1.001365388549805,0.9986625746899713,0.9984342815783925,-0.035485571428571304,-0.054592785714285545,-0.04618000000000002,-0.0005478571428569572,-0.014997857142857094,-0.015015599999999966,112657.42857142857,53078.78571428572,-22525.766666666666
2003-07-25,17.302298999999998,17.3214,17.178101,17.254499,6.894272999999999,11526696.0,1.0011039573411604,0.9928218787572682,0.9972373613471829,0.2961989999999979,0.022895999999998473,7647099.0,1.0042520363573766,1.0053338374970977,1.0045742914923161,0.99537121666559,0.9929240434352902,0.992831803146927,1.0003339577092731,0.9985421400487345,0.9985848254018798,0.023199857142856724,-0.03139292857142882,-0.035986733333333375,0.002180857142856953,-0.013362428571428633,-0.013233466666666693,929644.1428571428,720956.6428571428,271271.5333333333
2003-07-28,17.3883,17.617599,17.3501,17.598499,7.031721000000001,5615952.0,1.0131869705491623,0.9978031204890645,1.0120885307936947,0.0860010000000031,0.1374480000000018,-5910744.0,1.0055754812421944,1.0061607050379437,1.0049434926850553,0.9959377869977091,0.995256544539098,0.9929873643503371,1.0015004826290241,1.0014356297222486,0.9989174119361034,0.047771428571428895,-0.03070707142857135,-0.02356669999999994,0.02726757142857166,0.008182571428571515,-0.007125499999999955,186922.7142857143,-235549.35714285713,49289.666666666664
2003-07-29,17.6271,17.6462,17.4265,17.464701,6.978261,3607939.0,1.0010835588383797,0.9886197956555532,0.9907869700631415,0.23879999999999768,-0.05346000000000117,-2008013.0,1.005570457437253,1.0059990403383643,1.0048405262277822,0.9953512867695062,0.9950815810755232,0.9927643831128937,1.0011440797865077,1.0010967168087042,0.9986970363976856,0.0791571428571426,0.036164285714285684,-0.02356670000000006,0.02890599999999997,0.011998428571428552,-0.01094399999999996,200078.0,-224448.35714285713,-69466.93333333333
2003-07-30,17.3883,17.3883,17.302298999999998,17.3118,6.917165,3479062.0,1.0,0.995054088093718,0.9956004899846449,-0.23879999999999768,-0.06109600000000004,-128877.0,1.0054109077183029,1.0048318958890807,1.0046841727747278,0.9954433118593455,0.9950096640880542,0.9927906041087184,1.0012339781138284,1.0008224844240001,0.998637111523318,0.040942857142857135,0.030714285714285694,-0.031526699999999984,0.016901714285714218,0.010360071428571363,-0.012980533333333296,217059.7142857143,-397157.35714285716,-11621.833333333334
2003-07-31,17.2927,17.512501,17.264098999999998,17.4361,6.966833,5055799.0,1.0127106235579175,0.9983460651026155,1.0082925164953997,-0.09560000000000102,0.04966800000000049,1576737.0,1.0067431804737612,1.0047701636477104,1.0050906188482869,0.9958506225300553,0.995012884468046,0.9929436855523979,1.0028204408950872,1.0009703780914916,0.99889628736146,0.04777142857142839,0.028657142857142808,-0.03567003333333337,0.02999600000000007,0.012543642857142854,-0.012468999999999989,265217.0,77417.57142857143,-7953.533333333334
2003-08-01,17.493401000000002,17.569799,17.3978,17.416901,6.959161,2435181.0,1.004367246826389,0.9945350249502655,0.9956269224034822,0.20070100000000224,-0.007672000000000345,-2620618.0,1.006322000679584,1.0047233148667174,1.0050262346909218,0.9953114247212121,0.9949016382277522,0.9934259916072395,1.0015528563155398,1.0004590051795346,0.9989952567760371,0.07370000000000029,0.026614357142857363,-0.02388329999999996,0.02072042857142861,0.0070893571428571256,-0.008781066666666634,-496996.5714285714,-74446.0,-131872.5
2003-08-04,17.3596,17.416901,17.264098999999998,17.3214,6.9210020000000005,1406251.0,1.0033008249037996,0.9944986635636764,0.9977994884674762,-0.13380100000000184,-0.03815899999999939,-1028930.0,1.0051075974309727,1.0049193468862991,1.005083115008585,0.9945255195160231,0.994983091915201,0.9935433631662557,0.9996331827935745,1.0004992856716897,0.9992226558318464,0.05050000000000005,0.007507214285714373,-0.021336700000000045,0.007089285714285687,0.003270714285714365,-0.006871166666666628,-353335.14285714284,-120338.85714285714,-156358.53333333333
2003-08-05,17.3883,17.4552,17.245001000000002,17.3787,6.9438960000000005,2458638.0,1.0038474146408793,0.9917588838471847,0.9994479046255239,0.028700000000000614,0.02289399999999997,1052387.0,1.005499519902361,1.0048757781298687,1.0050672764824566,0.9943736631002968,0.9948724398829435,0.9934308478594469,0.9999489746904804,1.0001414661998769,0.9991501269339284,0.012285857142857586,0.017742857142857154,-0.009553333333333332,0.007089000000000186,0.004634928571428569,-0.004327266666666644,-1295436.857142857,-182896.35714285713,-87201.63333333333
2003-08-06,17.2927,17.4743,17.2927,17.4361,6.966833,3316416.0,1.0105015411127238,1.0,1.0082925164953997,-0.09560000000000102,0.022936999999999763,857778.0,1.005115887125727,1.0053456841839608,1.005381596594819,0.9946875030304305,0.9953126450140698,0.99391349858451,0.9994066869335813,1.0004535847813025,0.9996588889944221,-0.013657142857143003,0.017057142857142944,-0.01751663333333333,-0.00926971428571439,0.008998928571428635,-0.003434866666666636,-328505.14285714284,-70791.21428571429,-71817.6
2003-08-07,17.4361,17.569799,17.416901,17.512501,6.997358999999999,2546490.0,1.0076679417989114,0.9988988936746176,1.0043817711529528,0.14339999999999975,0.030525999999999165,-769926.0,1.0060565132629458,1.0058134853500993,1.0055284834889162,0.9961559456045824,0.9957536161870444,0.9940942116804792,1.0013488013749827,1.001246440580745,0.9998593956297406,-0.027285714285714135,0.025935714285714236,-0.004456633333333334,0.0027282857142856593,0.015817142857142814,-0.0003809000000000099,-151635.57142857142,24221.214285714286,-124203.7
2003-08-08,17.5889,17.694,17.579399,17.579399,7.024089,2480869.0,1.0059753594596592,0.9994598297790084,0.9994598297790084,0.15279999999999916,0.026730000000000587,-65621.0,1.0069101360428971,1.0061605218806,1.0053666797919862,0.9967853372739098,0.9961143245666276,0.994346898846831,1.0019001356313204,1.0015670568725745,0.9994983491499438,0.028657142857142555,0.034799999999999845,-0.0019100000000000486,0.015274857142857177,0.016088285714285697,-0.0033084333333333344,-142599.0,37230.357142857145,-125719.06666666667
2003-08-11,17.598499,17.6653,17.579399,17.598499,7.031721000000001,1678337.0,1.003795835087981,0.9989146801667573,1.0,0.009599000000001467,0.007632000000000971,-802532.0,1.0056365948329062,1.0061898876533337,1.0052598622705846,0.9968665679973585,0.996358595263707,0.9943646431429426,1.0007154904176918,1.0017679656563896,0.9994265770261083,0.04368557142857148,0.045728499999999936,-0.004776700000000034,0.00926971428571439,0.01963285714285723,-0.002417333333333301,-482494.5714285714,-108638.78571428571,-50701.03333333333
2003-08-12,17.6271,17.6749,17.3692,17.416901,6.959161,3602746.0,1.0027117336374107,0.9853691191404145,0.9880752364257309,0.028600999999998322,-0.07256000000000107,1924409.0,1.0054000929487663,1.0058610468141753,1.0053145985752578,0.9955571528816655,0.9954342888014388,0.9942693367710328,0.999636678135156,1.000594767225348,0.9991896267855082,0.019099857142856638,0.04639992857142846,-0.007643333333333402,0.0,0.010360214285714304,-0.004708133333333346,166795.0,-165100.7857142857,-35486.1
2003-08-13,17.3501,17.3501,17.149401,17.216299,6.8790070000000005,6553771.0,1.0,0.9884324009659886,0.9922881712497333,-0.27699999999999747,-0.08015399999999939,2951025.0,1.004928546533938,1.0050180719824553,1.0050809979764026,0.9946905439391387,0.9946080317275808,0.993973653668947,0.9988493471040499,0.9992412649488124,0.9988787722930731,-0.0013571428571427394,0.024571428571428657,-0.01241999999999995,-0.005999285714285715,0.0005449999999999859,-0.007125566666666661,735360.0,191012.42857142858,83314.0
2003-08-14,17.0443,17.0921,16.9583,17.0348,6.806487,9340714.0,1.0028044566218617,0.9949543249062738,0.9994426289140652,-0.3058000000000014,-0.0725200000000008,2786943.0,1.004779552531221,1.005139536216791,1.0051388442037565,0.9951470355190085,0.9947603493096527,0.9939480052735808,0.9988485934309843,0.9993987840607323,0.9989137400340058,-0.049142857142857314,-0.018428499999999865,-0.02738996666666663,-0.019629857142857254,-0.006270428571428534,-0.010688333333333322,983153.7142857143,-156141.57142857142,194964.86666666667
2003-08-15,17.0348,17.1877,17.015698999999998,17.015698999999998,6.798853,4974527.0,1.0089757437715734,0.9988787071171952,0.9988787071171952,-0.009499999999999176,-0.0076339999999994745,-4366187.0,1.0045615814824853,1.004838734304106,1.0053661895926485,0.994986850821465,0.9948371769259478,0.9941614185609936,0.9975037635198122,0.9984552252266968,0.9989658363658077,-0.03684285714285705,-0.025250000000000026,-0.024519966666666566,-0.02399714285714286,-0.016633428571428625,-0.00941646666666666,236873.0,-45816.07142857143,61267.76666666667
2003-08-18,17.0348,17.0348,16.881901,16.910601,6.756861,4941738.0,1.0,0.9910243149317867,0.9927091013689623,0.0,-0.04199200000000047,-32789.0,1.003466161225498,1.004761337244222,1.0051867658588671,0.9938619110010606,0.9950089283028215,0.9939161506826061,0.9958362392649566,0.9985925203199696,0.9987586915339565,-0.0573285714285713,-0.04230714285714272,-0.02356666666666669,-0.03435685714285709,-0.015814285714285718,-0.010816200000000008,342178.28571428574,95271.35714285714,116947.83333333333
2003-08-19,17.0348,17.1399,16.8437,16.8915,6.749229,4487276.0,1.0061697231549533,0.9887817878695375,0.9915878084861578,0.0,-0.007632000000000083,-454462.0,1.0034939274676828,1.0052020317552899,1.005338729131455,0.9923364764425647,0.9945609068582373,0.9947039401103989,0.9947116647945494,0.9983059002129349,0.9994256293046784,-0.0791571428571426,-0.025250000000000026,-0.026113299999999975,-0.039265714285714334,-0.011995428571428577,-0.00559786666666667,286629.5714285714,72015.28571428571,-147545.56666666668
2003-08-20,16.862801,17.1877,16.7673,17.073,6.821751,8311056.0,1.0192672024060534,0.9943365873795224,1.0124652482111365,-0.17199899999999957,0.0725220000000002,3823780.0,1.0057041227988361,1.005670358815871,1.0058694070572405,0.9916824631872456,0.9942745155923021,0.9948128502181961,0.9964924145389974,0.9986039524783445,0.9999900792166243,-0.10509971428571419,-0.03070707142857135,-0.008599966666666603,-0.02999571428571444,-0.010363000000000027,0.0003822666666666604,947531.2857142857,232518.35714285713,52028.0
2003-08-21,17.1017,17.4265,17.0826,17.3405,6.928634,5315856.0,1.018992263926978,0.9988831519673482,1.0139635240940958,0.23889899999999997,0.10688299999999984,-2995200.0,1.0080299128402028,1.0067150028944847,1.0059578151118072,0.9936130393053789,0.9945850960935222,0.9949069244198316,1.0001907413487636,0.9999137097419599,1.000474205240744,-0.07505714285714252,-0.02797864285714294,0.004779999999999992,-0.004361000000000027,-0.0021805000000000136,0.005216999999999968,244730.0,205762.5,-124113.63333333333
2003-08-22,17.3214,17.3214,17.2068,17.254499,6.894272999999999,2468002.0,1.0,0.9933839066126295,0.9961376678559469,0.21969999999999956,-0.03436100000000053,-2847854.0,1.0080299128402028,1.0064792296870704,1.0055053192805707,0.9943203972548991,0.9945054705970188,0.9947430219808283,1.0007406694353658,0.9997950082697077,1.0001380606642583,-0.004100000000000088,-0.0027285714285714135,0.014329999999999999,0.002180857142856953,-0.001909214285714381,0.0034350333333332964,-583681.2857142857,75839.35714285714,-50131.7
2003-08-25,17.216299,17.245001000000002,17.0539,17.1017,6.833214999999999,2555665.0,1.0016671411201676,0.9905671364095151,0.9933435751783819,-0.10510100000000122,-0.06105800000000006,87663.0,1.0078674391971039,1.0063234958641625,1.0053934529925665,0.9936936560410763,0.9944203457800425,0.9945588441173329,0.9998693760445538,0.999358984737769,0.9998233083978417,0.024571285714285653,-0.01228578571428583,0.0031833000000000074,0.0038182857142856313,-0.007905785714285811,-0.0008898333333333674,-969292.7142857143,6930.5,-30725.333333333332
2003-08-26,17.0539,17.1112,17.015698999999998,17.0443,6.810283,2992861.0,1.0033599352640745,0.99775998451967,0.9994370789086368,-0.16239900000000063,-0.022931999999999064,437196.0,1.0070651808388895,1.0058133811606875,1.0054869049470472,0.9935338385271442,0.9942603446743046,0.9947055665366754,0.9999491434433312,0.9987264534815717,0.9998966923088861,0.00272857142857116,-0.017057142857142944,-0.006686633333333347,0.0016328571428571184,-0.011182142857142871,-0.0021642999999999784,-283095.14285714284,-23111.071428571428,-3271.133333333333
2003-08-27,17.1017,17.283199,17.1017,17.2068,6.875211999999999,2872467.0,1.0106129215224218,1.0,1.0061455878655339,0.047800000000002285,0.06492899999999935,-120394.0,1.0085813124849499,1.006023736855224,1.0056920897567645,0.9948160792511747,0.9943389951261176,0.9949286327933824,1.00186864151427,0.9988524403896132,0.9999529659967071,0.009557142857142915,-0.023885714285714194,-0.0012733333333333264,0.016907285714285663,-0.008724785714285714,-0.00012650000000003677,-295610.14285714284,23284.071428571428,-71557.33333333333
2003-08-28,17.197201,17.264098999999998,17.0634,17.0634,6.817914,4288912.0,1.0038900516427063,0.9922196059695995,0.9922196059695995,0.09550099999999873,-0.057297999999999405,1416445.0,1.0082556451260574,1.00587478629687,1.00569099626634,0.995307196122612,0.9938218362825885,0.9948747153868946,1.0019588982976186,0.9983352815460841,0.9995628576505126,0.023200142857142732,-0.027978499999999937,0.004776700000000034,0.009812142857142905,-0.014726785714285715,-0.0007644666666666448,-28337.714285714286,129145.92857142857,-619.3666666666667
2003-08-29,17.0634,17.1017,16.7195,16.7386,6.688136,10299585.0,1.0022445702497744,0.9798457517259163,0.9809651066024356,-0.13380099999999828,-0.12977799999999995,6010673.0,1.0058238405323032,1.0057639816655697,1.005728524425567,0.9932370767435253,0.9924597699653855,0.9944453972026595,0.9974588780678043,0.9969756463034009,0.9991523015385685,0.02865700000000006,-0.038221357142857064,-0.00031999999999996474,-0.019087857142857118,-0.02454178571428578,-0.0029260999999999983,284075.5714285714,615803.4285714285,269739.73333333334
2003-09-01,16.8342,16.862801,16.729,16.7864,6.707234,3722247.0,1.0016989818345987,0.9937508167896306,0.997160542229509,-0.2292000000000023,0.019097999999999615,-6577338.0,1.0033533716619634,1.005691642251083,1.0057479288856317,0.9925038860038515,0.9930584626546153,0.994423427346819,0.995058452087149,0.9976245967179563,0.9992252795564388,-0.03821428571428598,-0.05663571428571425,-0.008916666666666729,-0.031628571428571436,-0.01799478571428573,-0.0030539666666666854,-227658.42857142858,8535.785714285714,58753.433333333334
2003-09-02,16.8533,16.929701,16.643101,16.8915,6.749229,3865853.0,1.0045332961497155,0.9875277245405945,1.0022666184070774,0.01910000000000167,0.041995000000000005,143606.0,1.004000985397637,1.00601544911892,1.0057862149482988,0.9916672885649894,0.9929938429099442,0.9941578551512507,0.9959340164515963,0.998337342943481,0.9993945909357884,-0.06687142857142854,-0.03548571428571431,-0.0035000000000000144,-0.02072057142857136,-0.009269857142857203,-0.00025440000000000277,199693.0,-191994.14285714287,22219.1
2003-09-03,16.9583,17.0921,16.7959,16.862801,6.737761999999999,3290753.0,1.0078899417984113,0.9904235684001343,0.994368598267515,0.10500000000000043,-0.01146700000000056,-575100.0,1.0048899569231005,1.0063786980601022,1.0058053628287247,0.9916467788493636,0.9926702174452199,0.9938949937775162,0.9960804483214725,0.997974912183013,0.9990568770626951,-0.03685699999999973,-0.006142857142857038,-0.0006400333333332971,-0.013636142857142859,-0.0049089285714286135,-0.002545200000000018,105012.57142857143,-432140.0714285714,-87446.8
2003-09-04,16.900999,17.0634,16.900999,16.987,6.787387,3557821.0,1.0096089586183634,1.0,1.005088515773535,-0.05730100000000249,0.049625000000000696,267068.0,1.0057826745451417,1.0064239276920157,1.0057322731945342,0.9919667810608394,0.9927503097939917,0.9938949937775162,0.9968877964450292,0.9984184699441803,0.9988519208177719,-0.021842999999999994,-0.009557214285714417,-0.0035033666666667075,-0.0032708571428571786,-0.00081900000000003,-0.0027996666666666964,80708.57142857143,-101193.28571428571,-10725.866666666667
2003-09-05,17.1017,17.197201,16.987,17.0921,6.829382000000001,2952799.0,1.0055842986369776,0.9932930644321908,0.9994386522977247,0.20070100000000224,0.04199500000000089,-605022.0,1.005064299847221,1.0068228061660853,1.005881617904395,0.9910086474082951,0.9929123633297349,0.9939106999666802,0.9959296627924852,0.9988991521533777,0.9989252971827899,0.0,0.0047785714285714575,-0.006686633333333229,-0.0065471428571426725,0.0051800714285714965,-0.0021630333333332824,11476.0,-142067.07142857142,-285796.56666666665
2003-09-08,17.0921,17.3214,17.0921,17.3118,6.917165,3315588.0,1.0134155545544434,1.0,1.0128538915639391,-0.009600000000002495,0.08778299999999906,362789.0,1.0064250859774693,1.0073403655517634,1.0058892373712376,0.992120132269781,0.9937136641961966,0.9939839292837115,0.9988774178773908,1.000418158087505,0.9989508092084647,-0.015014428571428746,0.004092857142856994,-0.009873333333333416,0.014178714285714251,0.011995428571428577,-0.0038185333333333737,-139046.2857142857,-83692.0,-76678.8
2003-09-09,17.330999,17.3787,17.159,17.178101,6.863745,3428261.0,1.0027523514368675,0.9900756442257022,0.9911777734220631,0.23889899999999997,-0.05342000000000002,112673.0,1.006497626147054,1.0061607333396787,1.0059448637911872,0.9935815454840361,0.9934093111137808,0.9940324575693832,1.0003363702801948,0.9988976241739996,0.9989638359870955,0.03822842857142815,0.033442714285714104,-0.009870033333333339,0.025086999999999953,0.0029995714285714187,-0.003817200000000002,-981617.7142857143,-348771.0714285714,-5989.266666666666
2003-09-10,17.0539,17.178101,17.0252,17.1399,6.848482000000001,4916808.0,1.007282850257126,0.9983171004872787,1.0050428347767961,-0.27709899999999976,-0.015262999999999138,1488547.0,1.0072953216359863,1.0053243466489747,1.0061876254664248,0.9942338717265572,0.9933688788652045,0.9941412246491684,1.0014624120726643,0.9982604320799068,0.9992785808135005,0.031385714285714225,-0.0034142857142858774,-0.011146666666666742,0.020178285714285846,-0.005725142857142794,-0.0022894333333333054,170651.57142857142,-28503.428571428572,47924.86666666667
2003-09-11,17.073,17.245001000000002,17.0252,17.1017,6.833214999999999,2977888.0,1.0100744450301646,0.9972002577168629,1.0016810168101682,0.01910000000000167,-0.015267000000001474,-1938920.0,1.0080869143331934,1.0060439498654152,1.006099752848833,0.9956156621803098,0.9936414753726497,0.9941030310696434,1.0013787547016775,0.9986563855766368,0.9990581974906595,0.031385714285714225,-0.017742857142857154,-0.007323333333333319,0.011997999999999922,-0.004361285714285719,-0.004453933333333371,-126852.14285714286,36420.42857142857,-69263.7
2003-09-12,17.197201,17.3596,17.197201,17.235398999999997,6.886639,5683705.0,1.0094433390643047,1.0,1.002221175411045,0.12420099999999934,0.05342400000000058,2705817.0,1.008308828228321,1.0065993925757106,1.0062689559234301,0.9969837238374336,0.9943152513433986,0.9942851969046346,1.0025005514364673,0.9992904998789699,0.9992780059242448,0.03412871428571407,-0.0013641428571428296,-0.009873333333333416,0.02126814285714294,0.0038160000000000416,-0.0024174000000000066,341850.28571428574,223431.42857142858,108284.13333333333
2003-09-15,17.197201,17.216299,17.0921,17.1399,6.848482000000001,3370945.0,1.0011105295565248,0.9938884822012605,0.996668004287442,0.0,-0.03815699999999911,-2312760.0,1.0070947669337726,1.0064387207394572,1.0061959460785208,0.996110649866185,0.9940387154635122,0.9942648575258873,1.0012976212241684,0.9990927088345989,0.9992402897849104,0.04231457142857157,0.010235785714285786,-0.005413300000000021,0.008727857142857256,0.0027285000000000386,-0.002417333333333331,-26696.571428571428,27006.0,65489.8
2003-09-16,17.1017,17.1399,16.910601,16.948798999999998,6.772124000000001,4902134.0,1.0022336960653035,0.988825730775303,0.9910593098931683,-0.09550099999999873,-0.07635799999999993,1531189.0,1.0066161094235335,1.0058402046353774,1.006142155459335,0.9954724593437725,0.9932405533760339,0.9941670857568246,1.0001005723092318,0.9980151175508585,0.9989606699604985,0.0,0.0,-0.009553333333333332,-0.00817971428571429,-0.007363428571428481,-0.005725733333333327,278476.4285714286,144976.2142857143,81449.86666666667
2003-09-17,17.0443,17.1399,16.987,17.1399,6.848482000000001,3390803.0,1.0056089132437238,0.9966381722922032,1.0056089132437238,-0.05740000000000123,0.07635799999999993,-1511331.0,1.0055008749505736,1.0059629804640213,1.0059790678637017,0.9949921982426586,0.9935561652562198,0.9940550248332314,0.9990655754063438,0.9989714966418672,0.998871216518776,-0.006828571428571247,-0.010921499999999997,-0.008280000000000006,-0.009811857142857023,0.002183428571428614,-0.003945033333333322,10745.0,-64150.642857142855,2479.5666666666666
2003-09-18,17.245001000000002,17.3214,17.149401,17.2068,6.875211999999999,5144267.0,1.0044302113986538,0.994456364484989,0.9977848073189441,0.20070100000000224,0.02672999999999881,1753464.0,1.0057405692308288,1.0061190976889414,1.0058711435170264,0.9956180154225567,0.9945997804532964,0.9939069405269104,1.0000094373916126,1.0001729038359037,0.998651317724309,-0.012285428571428067,0.01297150000000004,-0.0063699666666665895,0.0016381428571428103,0.013362571428571382,-0.004071566666666667,245143.7142857143,-368237.0,86592.56666666667
2003-09-19,17.330999,17.3501,17.1877,17.197201,6.871377000000001,3355134.0,1.0011021291963609,0.9917316364740429,0.9922798449183455,0.08599799999999647,-0.0038349999999987006,-1789133.0,1.004857609079291,1.0060764653576386,1.0057087025082498,0.9946772348492373,0.9944555532878974,0.9936493340834115,0.9981861531261195,0.9998242825993919,0.9984119848956203,0.039585571428571394,0.035485642857142806,-0.008596700000000013,0.0032707142857143013,0.011724500000000073,-0.005090399999999977,-223096.2857142857,-26222.35714285714,29142.166666666668
2003-09-22,17.197201,17.2927,17.0921,17.178101,6.863745,2592723.0,1.0055531711236032,0.9938884822012605,0.99888935414548,-0.13379799999999875,-0.007632000000000971,-762411.0,1.004211712806925,1.0061493135700592,1.005767280376104,0.9942041240612942,0.994909893120802,0.9934817941512283,0.9977873441740213,0.9995830494378491,0.9983749633671363,0.017742999999999905,0.024564357142857065,-0.01337660000000002,0.004361428571428659,0.00817971428571429,-0.005599200000000041,-55023.57142857143,-90937.85714285714,30479.533333333333
2003-09-23,17.1112,17.3405,17.1112,17.254499,6.894272999999999,3536177.0,1.013400579737248,1.0,1.0083745733788396,-0.08600099999999955,0.030527999999999444,943454.0,1.0047770329030599,1.0065429305656903,1.0061235752460984,0.9942041240612942,0.9955939239493639,0.9939694901798811,0.9986664010265633,1.0005834762315153,0.9990516079322398,-0.01228585714285708,0.010921428571428495,-0.017196666666666617,0.0010905714285713536,0.011179357142857147,-0.0021629333333333576,-306789.71428571426,17530.285714285714,-2218.9666666666667
2003-09-24,17.254499,17.550698999999998,17.225901,17.512501,6.997358999999999,5958160.0,1.0171665372608036,0.9983425772026183,1.0149527378337673,0.14329899999999895,0.10308600000000023,2421983.0,1.0070707482893853,1.0070827576115788,1.006695793154792,0.9948404233472025,0.9954755366066939,0.9942998293877688,1.0012785058188955,1.001288063521532,0.9998070934850409,0.008185428571428486,0.025250000000000026,-0.0031867000000000683,0.021268142857142687,0.014997999999999971,0.00394506666666663,369602.14285714284,171452.7857142857,-19853.7
2003-09-25,17.3978,17.416901,17.130301,17.197201,6.871377000000001,6485362.0,1.001097897435308,0.9846245502304889,0.9884698640057938,0.143301000000001,-0.1259819999999987,527202.0,1.006908491342243,1.0067623003828883,1.0066389078485736,0.9942402546979433,0.994856357020858,0.9939555035652426,1.0009085849778419,1.0005045786435367,0.9994413346547654,0.04229999999999988,0.02114999999999994,0.011783333333333345,0.014179000000000006,0.0029996428571428574,0.0021630000000000334,226175.42857142858,252325.92857142858,-95178.4
2003-09-26,17.178101,17.2927,17.1399,17.197201,6.871377000000001,8525880.0,1.0066712263480113,0.997776180265793,1.0011118807602772,-0.21969899999999853,0.0,2040518.0,1.0070602503571413,1.0062805626538573,1.0065620906011215,0.9944028272655989,0.9946975127541288,0.9939187526701959,1.000266151765921,0.9996658635861324,0.9995157737762014,0.019114428571428834,0.006142928571428793,0.004776700000000034,0.0032707142857143013,-0.003270571428571361,0.0024174666666666824,733582.4285714285,372163.71428571426,118378.43333333333
2003-09-29,17.149401,17.330999,17.149401,17.216299,6.8790070000000005,2478978.0,1.0105891745140252,1.0,1.00390089426447,-0.028700000000000614,0.007629999999999804,-6046902.0,1.007940102230766,1.0068403357307971,1.0069150630849222,0.9951947751963148,0.9954063953094358,0.9942179421724698,1.0011398784724248,1.0005746579320187,0.999888833539385,-0.013657142857143003,-0.012971285714285534,0.0038200333333333466,0.0005421428571430147,0.0010901428571429125,0.004071533333333359,-380755.5714285714,-67805.92857142857,-82092.0
2003-09-30,17.168501000000003,17.302298999999998,17.149401,17.149401,6.852278999999999,2980215.0,1.0077932255122328,0.9988874975165274,0.9988874975165274,0.01910000000000167,-0.026728000000001195,501237.0,1.0088959731330331,1.006876791106162,1.006969179830165,0.9962170410595269,0.995447137954382,0.9945547991607028,1.0020838288435936,1.0001349909848565,1.000132156507064,-0.023213999999999402,0.008185785714285996,0.004456700000000069,-0.002728285714285913,0.00027121428571419415,0.003434999999999988,-53559.857142857145,-138328.07142857142,-50235.36666666667
2003-10-01,17.149401,17.197201,16.9583,17.0061,6.79502,5714484.0,1.0027872693629356,0.9888566953446363,0.991643964707572,-0.01910000000000167,-0.05725899999999928,2734269.0,1.0085008443100807,1.0063562785585027,1.0064198487287277,0.9954982143657233,0.9948511692135088,0.9943721360928733,1.0010487732096067,0.9994180586918141,0.9994381137236117,-0.006828571428571247,0.005457214285714329,0.009553333333333332,-0.0098178571428571,-0.0027282142857142206,-0.0008910333333333279,445965.85714285716,195471.14285714287,-86552.4
2003-10-02,17.168501000000003,17.3214,17.073,17.225901,6.882844,3740260.0,1.0089057862419089,0.9944374293364341,1.0033433320707497,0.01910000000000167,0.08782400000000035,-1974224.0,1.0078587309536038,1.0063178819283316,1.0060836328058922,0.9947035614137855,0.9944538427375399,0.9942239453385094,1.0003300244513083,0.9994982127389357,0.9990841073228336,0.008185857142857498,-0.0020499999999997903,0.0022267000000000554,-0.0016327142857141144,-0.0002710714285713805,-0.001526333333333311,29154.714285714286,-138817.5,-52519.86666666667
2003-10-03,17.197201,17.3596,17.197201,17.3118,6.917165,1718164.0,1.0094433390643047,1.0,1.0066638169781235,0.02869999999999706,0.03432099999999938,-2022096.0,1.0067554169255324,1.0069130826074588,1.0063984107747024,0.9949403360991257,0.9948903797231641,0.9944444817847551,0.9991458929005018,1.0002121993596986,0.9994349789602395,-0.008185428571428486,0.0,-0.004139966666666694,-0.011456285714285665,0.004905928571428512,0.0007630666666666859,-605713.7142857143,-118055.78571428571,-24994.6
2003-10-06,17.3214,17.3405,17.216299,17.2736,6.901901,1633426.0,1.0011026822312283,0.99393230339349,0.9972404078192293,0.12419900000000084,-0.015264000000000166,-84738.0,1.0067561004678065,1.0068322959050249,1.0063795954784043,0.9962700151224115,0.9952551349101774,0.9945566540175542,1.0003988277309928,1.0006537063544174,0.999564873381601,-0.010914285714285654,0.015692857142857113,0.0035033666666667075,0.004360571428571269,0.009269785714285637,0.002289533333333349,-693133.7142857143,-233479.14285714287,-30741.3
2003-10-07,17.245001000000002,17.3501,17.225901,17.254499,6.894272999999999,1875049.0,1.006094461809541,0.9988924326533816,1.000550768306711,-0.07639899999999855,-0.007628000000000412,241623.0,1.0066737055337396,1.0068669779454404,1.006470746363253,0.9964294797492099,0.9954161535074044,0.9945944022886779,1.0003186688090546,1.000292410287488,0.9996019963615369,0.009557142857142915,0.014335785714285874,0.006370033333333443,0.003270857142856925,0.003270785714285613,0.0027996666666666374,-950118.7142857143,-108268.14285714286,-37260.4
2003-10-08,17.254499,17.617599,17.245001000000002,17.5411,7.008786,4131677.0,1.0210437868987097,0.9994495348720356,1.016610218587048,0.00949799999999712,0.11451300000000053,2256628.0,1.0081672215886945,1.0080536619097302,1.0068184418757962,0.9963508418737864,0.9957728085350507,0.9945760534510791,1.002134286569423,1.0016370825209238,0.9999508173855872,0.015013999999999734,0.0006784285714283657,0.005093299999999938,0.018539857142857028,0.009541000000000022,0.004452466666666677,236099.85714285713,-72327.85714285714,41973.666666666664
2003-10-09,17.502899,17.6367,17.483801,17.521998999999997,7.001154,2430312.0,1.0076445050617044,0.9989088664683491,1.001091247798436,0.24840000000000018,-0.007632000000000083,-1701365.0,1.0081459758100475,1.0085209744715404,1.006943590323096,0.9963538945811895,0.9962854678203581,0.9947990288010374,1.0024491080382671,1.0022664684409304,1.000246538779882,0.04777114285714238,0.012278571428571488,0.01018993333333332,0.02126785714285719,0.009269785714285637,0.006107999999999988,-78557.57142857143,-66058.71428571429,-61953.333333333336
2003-10-10,17.6271,17.6367,17.4074,17.4361,6.966833,3204301.0,1.0005446159606517,0.9875362368171736,0.9891644116162046,0.12420099999999934,-0.03432099999999938,773989.0,1.0078255967525784,1.0081632205313296,1.0068869251801251,0.9961652576486948,0.9958317360072091,0.9950553783040793,1.0020948861680716,1.0015718296888392,1.0005198489470075,0.06824271428571395,0.03070707142857135,0.018789999999999907,0.024544714285714316,0.007363428571428608,0.009289900000000007,-358597.5714285714,43684.142857142855,-236509.46666666667
2003-10-13,17.4074,17.483801,17.3692,17.4074,6.955363,2637847.0,1.004388995484679,0.997805530981077,1.0,-0.21969999999999956,-0.011470000000000091,-566454.0,1.0071803409301168,1.0075195359418603,1.0069765923017946,0.996646415026501,0.9956749882201432,0.9951905354437943,1.0016172673008217,1.000973645876065,1.0006144975393572,0.03412842857142806,0.02115714285714278,0.019106666666666664,0.010359857142857112,0.004363571428571499,0.008270966666666683,-157487.57142857142,-64166.42857142857,-36146.666666666664
2003-10-14,17.464701,17.464701,17.2927,17.3787,6.9438960000000005,4928227.0,1.0,0.9901515061723644,0.995075724457006,0.05730100000000249,-0.011466999999999672,2290380.0,1.0058312924923591,1.0062933547089459,1.0068254824301373,0.9952394873368388,0.9950899117179821,0.9952779948315199,0.9999618255120907,0.9995538592062962,1.000374801074355,0.03821428571428598,0.015014428571428746,0.02038003333333336,0.0038187142857143896,-0.003818785714285638,0.0064889000000000275,458580.4285714286,-73566.64285714286,35412.46666666667
2003-10-15,17.3883,17.569799,17.3501,17.569799,7.020255000000001,2923006.0,1.0104379956637508,0.9978031204890645,1.0104379956637508,-0.07640100000000061,0.07635900000000007,-2005221.0,1.0071649086970054,1.006960504582406,1.006910417558982,0.9957924612076351,0.9960312381650233,0.9955239799011509,1.0018471952041652,1.001123011467579,1.0009104476542294,0.009557142857142915,-0.0006785714285713697,0.014333333333333325,0.01690771428571442,0.010634142857142845,0.009416433333333382,184225.7142857143,-254454.0,-12258.233333333334
2003-10-16,17.531601000000002,17.6653,17.4552,17.6558,7.054614999999999,3599380.0,1.0076261717341157,0.9956420979464453,1.0070842931002135,0.143301000000001,0.034359999999998614,676374.0,1.007383724400516,1.0070287149671278,1.0068443246628405,0.9953281276780729,0.9958788037136415,0.9953787164993657,1.0027805558889513,1.001549612349003,1.0009769735651186,0.040942857142857135,0.025250000000000026,0.021020066666666774,0.022906,0.013088428571428461,0.008907599999999979,246333.0,-351892.85714285716,1385.3
2003-10-17,17.493401000000002,17.569799,17.3692,17.3787,6.9438960000000005,6577888.0,1.004367246826389,0.992900122737711,0.9934431846614615,-0.03819999999999979,-0.11071899999999868,2978508.0,1.0050013615330415,1.006584291560868,1.006803756269154,0.9943924973731691,0.9953716696234779,0.9953656184428831,0.9994709796138675,1.0008026330916453,1.0007771246439099,0.03412885714285758,0.024571428571428657,0.013056700000000039,-0.00926999999999989,0.004634928571428569,0.003817133333333326,349458.71428571426,292779.28571428574,120836.3
2003-10-20,17.3692,17.521998999999997,17.330999,17.3883,6.947733,2739041.0,1.0087971236441515,0.9978006471224926,1.001099647652166,-0.12420100000000289,0.0038369999999998683,-3838847.0,1.005166021330534,1.0066559985702908,1.0066498085721445,0.9942341803237612,0.9952940374524754,0.9952923066802996,0.9994721795929719,1.0009606438156193,1.0003853165135175,-0.019099857142857144,0.014335642857142616,0.009236666666666693,-0.007631571428571325,0.006818142857142931,0.0010189333333333532,44104.142857142855,-17226.714285714286,-19218.233333333334
2003-10-21,17.416901,17.464701,17.3214,17.445601,6.970627,3207928.0,1.0027444606821847,0.9945167627696799,1.0016478247192195,0.04770099999999999,0.02289399999999997,468887.0,1.0054802848621816,1.00665294080738,1.0066495455469882,0.9952313983169763,0.9956983279828356,0.9954403439650987,1.001255524321974,1.0016752052450228,1.0007343182234227,-0.03002842857142848,0.019107142857142736,0.002863400000000027,0.0005420000000000107,0.012543357142857163,0.003562733333333353,518.1428571428571,-179039.7142857143,-7344.433333333333
2003-10-22,17.445601,17.550698999999998,17.4361,17.521998999999997,7.001154,2645851.0,1.0060243267056261,0.9994553927950088,1.004379212845691,0.028700000000000614,0.030526999999999305,-562077.0,1.0057139036080311,1.006447122269074,1.0066075947619384,0.9954670928618238,0.9960567539441624,0.995478287042023,1.0018811261570726,1.0017491967289474,1.0007121974923858,0.005457285714285831,0.019792857142856946,0.013056700000000039,0.006541571428571353,0.008450714285714232,0.005089066666666634,1143.4285714285713,-78172.07142857143,-75698.56666666667
2003-10-23,17.483801,17.6462,17.4743,17.483801,6.985892,5527627.0,1.009288540861338,0.9994565826961769,1.0,0.03819999999999979,-0.015261999999999887,2881776.0,1.0070408380167937,1.0064360652545765,1.0065813979563107,0.9967963895080827,0.9960179384224607,0.9955534978746668,1.002584594091786,1.0012732098019383,1.0006561635987137,0.00272857142857116,0.020471428571428568,0.013693366666666644,0.0059994285714284655,0.004909071428571428,0.005089233333333354,85628.57142857143,272104.5,84991.3
2003-10-24,17.483801,17.483801,17.483801,17.483801,6.985892,5872.0,1.0,1.0,1.0,0.0,0.0,-5521755.0,1.005549695779115,1.00635730223806,1.0062666199875006,0.9971102294382164,0.9964513453229257,0.9955534978746668,1.0010934518541073,1.0014703235291362,1.0005821244183455,0.013642999999999818,0.011600071428571366,0.009553333333333332,-0.0049090000000001155,0.0059993571428571535,0.0033084333333333344,-416733.4285714286,-116253.85714285714,-189261.1
2003-10-27,17.483801,17.483801,17.483801,17.483801,6.985892,1047.0,1.0,1.0,1.0,0.0,0.0,-4825.0,1.0044602426742413,1.0059219835373787,1.0062296023356165,0.9977327868744384,0.9965304572762557,0.9957572151346248,1.0000814099826483,1.0014309829357997,1.0006931909420973,-0.006828571428571755,0.01705714285714269,0.009553333333333332,-0.009817571428571346,0.006544214285714326,0.004580333333333305,-514047.5714285714,-133857.2857142857,-112329.93333333333
2003-10-28,17.197201,17.502899,17.149401,17.330999,6.924836999999999,30716734.0,1.0177760322740892,0.9972204779138187,1.0077802195834078,-0.28659999999999997,-0.061055000000000526,30715687.0,1.0063757834524842,1.0056885724927629,1.0067476802092428,0.9983499804710253,0.9963712389220972,0.9960370400392421,1.0021295578286407,1.000800268721254,1.0012505545984387,-0.04231428571428607,-0.004092714285714243,0.0031833666666666242,-0.002722714285714467,-0.005996357142857178,0.005090433333333285,3448406.5714285714,1898932.642857143,860486.6666666666
2003-10-29,17.4,17.719998999999998,17.360001,17.67,7.060288000000001,9505660.0,1.0183907471264368,0.9977012068965518,1.0155172413793105,0.20279899999999884,0.13545100000000154,-21211074.0,1.0077463010928107,1.0064561612116723,1.0071737413386663,0.9983357747244623,0.9962849775241118,0.9960724745260537,1.0041892140753756,1.0018306968341737,1.0015808322029582,0.004399999999999896,-0.007349928571428624,0.011856666666666626,0.01607928571428577,0.004223857142857224,0.007060200000000005,966659.8571428572,505382.0,203828.56666666668
2003-10-30,17.74,17.879998999999998,17.68,17.879998999999998,7.144197999999999,7848169.0,1.0078917136414882,0.9966178128523112,1.0078917136414882,0.33999999999999986,0.0839099999999986,-1657491.0,1.0084816229441398,1.0069809539031607,1.0072891247467608,0.9986359247362667,0.9969336615266216,0.9961445228049645,1.0050811982071282,1.003168361264551,1.0019177290803762,0.04615699999999988,0.0080642857142857,0.016499966666666546,0.024795857142857005,0.012668928571428508,0.008966199999999999,662891.5714285715,331704.85714285716,90130.06666666667
2003-10-31,17.9,18.030001,17.719998999999998,17.799999,7.112234,14342125.0,1.007262625698324,0.9899440782122905,0.9944133519553073,0.16000000000000014,-0.03196399999999944,6493956.0,1.0086585228002394,1.0071862132041354,1.0074944746301595,0.9972771655101642,0.996372129185994,0.9960849375295726,1.0036575037942164,1.0027693149756443,1.0019888459816084,0.06491414285714267,0.03518571428571425,0.018966700000000003,0.01586857142857147,0.011205071428571411,0.008028566666666641,1670896.2857142857,836019.8571428572,366233.0333333333
2003-11-03,17.799999,17.82,17.58,17.59,7.028326,6204397.0,1.0011236517485198,0.9876405049236238,0.9882023027079946,-0.1000009999999989,-0.0839080000000001,-8137728.0,1.0074921100698369,1.0072664740433153,1.0073468239843235,0.9955891543997994,0.9961927719539412,0.9958766716203181,1.001972118466787,1.0022783562792865,1.0016326109336922,0.045171142857142854,0.023949857142857005,0.020093266666666665,0.006062000000000012,0.006030714285714238,0.005486033333333336,96681.42857142857,91155.0,120389.13333333333
2003-11-04,17.67,17.690001000000002,17.440001000000002,17.49,6.988368,5879839.0,1.0011319185059424,0.9869836445953594,0.9898132427843801,-0.12999899999999798,-0.039957999999999494,-324558.0,1.0076538127135428,1.006601754246329,1.0069378686099466,0.9937296750562794,0.9954199522472479,0.9954427931068301,1.0005168674359841,1.0008051596450458,1.001013899913877,0.02659985714285743,0.020121428571428623,0.01862666666666672,0.00035371428571436984,-0.002277642857142873,0.003136500000000038,839138.1428571428,211202.35714285713,78122.06666666667
2003-11-05,17.4,17.440001000000002,17.1,17.129998999999998,6.844527,11903588.0,1.0022989080459772,0.9827586206896554,0.9844827011494253,-0.2700000000000031,-0.1438410000000001,6023749.0,1.0079822281486825,1.0062212354114617,1.0064422809694524,0.9912666208690872,0.9944997038717628,0.9949233278897314,0.9983001104573306,0.9991907602199894,0.999998232024399,-0.01197157142857159,-0.009400071428571672,0.004850033333333314,-0.020194999999999932,-0.015006285714285639,-0.005094399999999973,1700363.0,593157.7142857143,198180.93333333332
2003-11-06,17.129998999999998,17.129998999999998,16.799999,16.950001,6.772603,13192254.0,1.0,0.9807355505391449,0.9894922352301364,-0.2700010000000006,-0.0719240000000001,1288666.0,1.0054427949666698,1.005909289209577,1.0064056843882756,0.9889116312441338,0.9936308058575796,0.9947936945666865,0.9956875412640062,0.9989085495463234,1.0000323110652103,-0.009600285714285966,-0.025957285714286016,-0.008926700000000072,-0.021747714285714155,-0.012235214285714311,-0.0032924666666666862,-2503497.1428571427,472454.71428571426,223563.06666666668
2003-11-07,16.4,16.469998999999998,16.27,16.290001,6.71081,9262230.0,1.004268231707317,0.9920731707317074,0.9932927439024392,-0.7299989999999994,-0.061792999999999765,-3930024.0,1.0034252927639384,1.0055857969283746,1.006325584566919,0.9881076260777275,0.9932217004010949,0.9946035942488837,0.9925126130530243,0.9983509135642,0.999771673169949,-0.14285714285714285,-0.06922857142857149,-0.0259367000000001,-0.04992542857142863,-0.01692307142857143,-0.005352233333333345,-34775.71428571428,465942.0714285714,24545.0
2003-11-10,16.299999,16.34,16.049999,16.059998999999998,6.616061,9944640.0,1.0024540492303098,0.9846625757461703,0.9852760727163233,-0.1000009999999989,-0.0947490000000002,682410.0,1.0026484835623415,1.0055650532532405,1.0060544137241285,0.9863997350625644,0.9925178298994155,0.994092346773756,0.9892818072065722,0.9971815027068504,0.9991508457850108,-0.20571442857142838,-0.07977871428571426,-0.028313400000000044,-0.07544814285714274,-0.02532614285714287,-0.008764866666666678,299495.85714285716,481193.71428571426,248855.4
2003-11-11,16.01,16.35,15.94,16.280001000000002,6.706691,14883089.0,1.0212367270455964,0.9956277326670829,1.0168645221736414,-0.2899989999999981,0.09062999999999999,4938449.0,1.004644783754809,1.006651653277524,1.0065025304419073,0.9872116856989634,0.9922444256045637,0.9939836879454412,0.9924891172377629,0.9980733105159896,0.999750079940248,-0.2699999999999996,-0.10254292857142845,-0.03861670000000004,-0.05793471428571425,-0.02103307142857139,-0.004852933333333306,77280.57142857143,874088.4285714285,396762.4666666667
2003-11-12,16.48,16.639999,16.360001,16.6,6.838517,8061034.0,1.0097086771844659,0.9927185072815534,1.0072815533980584,0.46999999999999886,0.13182600000000022,-6822055.0,1.005871215959944,1.0066816630148905,1.0067332440359584,0.9879371146072391,0.9917631345035193,0.994112415010005,0.9952147244792007,0.9985934214729938,1.0002713328965975,-0.1885712857142856,-0.07170007142857138,-0.022313366666666685,-0.02711557142857135,-0.010526785714285669,0.0014499000000000113,265233.85714285716,180957.64285714287,78218.33333333333
2003-11-13,16.75,16.75,16.48,16.5,6.797322,4923755.0,1.0,0.9838805970149254,0.9850746268656716,0.2699999999999996,-0.04119500000000009,-3137279.0,1.0057095133162381,1.0066816630148905,1.0064363844945612,0.9874938220957484,0.990611748576014,0.9937605205992882,0.9945377793479564,0.9975273233919703,0.9996623760564282,-0.13142857142857167,-0.052414357142857124,-0.013950033333333422,-0.02729228571428572,-0.013469285714285675,-0.0028507333333333365,-136583.42857142858,351277.35714285716,39449.833333333336
2003-11-14,16.48,16.48,16.26,16.32,6.723167,5974823.0,1.0,0.9866504854368933,0.9902912621359223,-0.2699999999999996,-0.07415500000000019,1051068.0,1.0053810978810984,1.0066816630148905,1.0061216065257512,0.9880498027739254,0.9896582118215064,0.993315536780518,0.9953675737745991,0.9968338421159648,0.9991166242283548,-0.13142857142857117,-0.07170007142857138,-0.02390669999999998,-0.017337142857142877,-0.018766071428571403,-0.006466599999999989,-846966.4285714285,426698.28571428574,141888.63333333333
2003-11-17,16.35,16.49,16.280001000000002,16.35,6.735528,6415819.0,1.0085626911314982,0.9957187155963303,1.0,-0.129999999999999,0.012361000000000288,440996.0,1.0066043394713124,1.0060235672189912,1.0063702734890936,0.9901902549249518,0.9895509430845429,0.993375083853946,0.9968686830274366,0.9962781121457214,0.9992086106343804,-0.11142842857142808,-0.06051435714285702,-0.03237999999999997,-0.005296428571428535,-0.013522071428571345,-0.005545766666666641,-968062.1428571428,-1735779.642857143,159413.1
2003-11-18,16.4,16.68,16.360001,16.67,6.867353,5218481.0,1.0170731707317073,0.997561036585366,1.0164634146341465,0.04999999999999716,0.1318249999999992,-1197338.0,1.008433616474797,1.0059294546193676,1.0067362304531657,0.9909742357611888,0.989540930919458,0.9933307039850122,1.000178778846252,0.9963456959496382,0.9997390321786284,0.0,-0.07142857142857142,-0.028166700000000114,0.022363285714285603,-0.013781071428571514,-0.0008973333333333204,-577678.4285714285,-306227.0714285714,111447.73333333334
2003-11-19,16.700001,16.889999,16.629998999999998,16.85,6.941508,4404362.0,1.0113771250672379,0.995808263724056,1.0089819755100613,0.30000100000000174,0.07415500000000019,-814119.0,1.009708341594358,1.0061784125783497,1.0064140083921167,0.9925664769008868,0.9894831059817256,0.9932093282800794,1.0035653363882147,0.9964235717973935,0.9994847574093956,0.05714314285714295,-0.07428564285714272,-0.018483266666666626,0.04649242857142851,-0.014477857142857114,-0.0022425999999999982,-791468.2857142857,-245986.2142857143,9089.5
2003-11-20,16.950001,17.15,16.950001,17.120001000000002,7.052736,6243757.0,1.0117993503363214,1.0,1.010029497933363,0.25,0.11122800000000055,1839395.0,1.0083601449216044,1.0065024643382066,1.0065525032346039,0.993191086519875,0.9902013861094191,0.9932456993978012,1.0025889043538891,0.9975390107958261,0.9997826990805597,0.13428585714285696,-0.06785707142857131,-0.0184299333333333,0.04943500000000002,-0.004249857142857115,0.0017194000000000228,-1234190.2857142857,-578454.8571428572,127114.83333333333
2003-11-21,17.120001000000002,17.25,16.93,17.040001,7.019781,5504598.0,1.0075933990891706,0.9889018113959221,0.9953271030766878,0.1700000000000017,-0.03295500000000029,-739159.0,1.0080579623365622,1.006964589148253,1.0067874626722213,0.992645844250499,0.990291479428869,0.9932912185504261,1.0008811257365504,0.9980479251078754,0.9999881221292424,0.09142871428571452,-0.048571285714285546,-0.01690329999999989,0.02589485714285709,-0.0006103571428571288,0.0017649333333333258,-365205.14285714284,-49985.642857142855,76676.56666666667
2003-11-24,17.129998999999998,17.200001,17.07,17.120001000000002,7.052736,2955223.0,1.0040865151247238,0.9964974312024187,0.9994163455584559,0.009997999999995955,0.03295500000000029,-2549375.0,1.0086417502115228,1.0071756317638803,1.006777379993556,0.9944482491344268,0.9909710356150876,0.9932476152244708,1.0029299426926623,0.9987338610203095,0.999968666981191,0.05428557142857114,-0.038571500000000265,-0.009246700000000036,0.03648771428571429,0.004597714285714284,0.0032457666666666717,-281218.85714285716,-208901.14285714287,10579.2
2003-11-25,17.27,17.299999,17.16,17.24,7.10217,4558396.0,1.0017370584829184,0.9936305732484076,0.998262883613202,0.1400010000000016,0.049433999999999756,1603173.0,1.008889901423368,1.0071354996522333,1.0068352819429867,0.9954454045360716,0.9917476036549985,0.9933635841270055,1.0040687457608453,0.9997181597677222,1.000074905619731,0.11285714285714274,-0.009285714285714215,-0.0064900333333334,0.05414328571428571,0.018403071428571418,0.005275799999999986,-202346.7142857143,-524656.5714285715,-12327.7
2003-11-26,17.209999,17.25,16.98,16.98,6.995061,4466200.0,1.0023242883395869,0.9866357342612281,0.9866357342612281,-0.06000099999999975,-0.10710900000000034,-92196.0,1.0079987010245237,1.007301520247918,1.0065648250321813,0.9941478357739141,0.992169045349433,0.9929913379194111,1.0021595649410207,0.9995141239842287,0.9992814969063134,0.12285699999999977,0.005714285714285846,-0.005943366666666705,0.037076142857142766,0.015889857142857115,-0.0008398000000000276,-278517.0,-623289.5714285715,51439.8
2003-11-27,16.950001,16.950001,16.77,16.780001000000002,6.912669999999999,5210635.0,1.0,0.989380472602922,0.9899705020666372,-0.2599979999999995,-0.08239100000000033,744435.0,1.0055596766342798,1.0069966465545384,1.0063106193077107,0.992979183776422,0.9919767097688055,0.9927826170746269,0.9983748631456623,0.9992768209959569,0.9987110372051942,0.07857157142857167,0.039285785714285835,-0.019386666666666722,0.006473857142857119,0.01441857142857136,-0.004731499999999992,-1120.857142857143,-289399.64285714284,53708.5
2003-11-28,16.709999,16.82,16.67,16.82,6.929148,7081592.0,1.0065829447386563,0.9976062835192271,1.0065829447386563,-0.2400020000000005,0.016478000000000215,1870957.0,1.0048747937301967,1.0072915676622773,1.0063844759047862,0.9932360437471609,0.9929012603240238,0.9929394891006774,0.998032144464033,1.0007987404261238,0.9991490292077674,0.001428285714285644,0.029285714285714297,-0.026113400000000078,-0.0017657142857143069,0.022363357142857105,-0.0004916000000000291,382461.4285714286,-204503.42857142858,16790.133333333335
2003-12-01,16.799999,16.799999,16.620001000000002,16.709999,6.883833999999999,3211703.0,1.0,0.9892858326955855,0.9946428568239796,0.08999999999999986,-0.0453140000000003,-3869889.0,1.0031891722535795,1.005774658587592,1.0060912384499812,0.9917054484179587,0.9924482674689168,0.9926556619531138,0.9958340528769781,0.9992114786154336,0.9989338028468279,-0.021428857142857232,0.05642849999999987,-0.018973366666666654,-0.024128857142857285,0.01265307142857137,-0.002129966666666701,-433150.5714285714,-833670.4285714285,15755.4
2003-12-02,16.84,16.84,16.620001000000002,16.74,6.896191,2852283.0,1.0,0.9869359263657959,0.9940617577197148,0.040001000000000175,0.012357000000000617,-359420.0,1.0021044009551265,1.0050811816458443,1.0059997564272416,0.9914246076993694,0.9920352259749342,0.9924029674063177,0.9956532892545534,0.9982672074955519,0.9986809339468443,-0.040000142857143164,0.025714285714285672,-0.019230033333333316,-0.0176557142857143,0.004119571428571397,-0.002481200000000013,-378902.14285714284,-372053.64285714284,-11854.833333333334
2003-12-03,16.780001000000002,17.110001,16.700001,17.08,7.036257000000001,3693306.0,1.0196662681962891,0.9952324198312025,1.0178783660382378,-0.05999899999999769,0.1400660000000009,841023.0,1.00433007996535,1.0064859150884364,1.0064544878102637,0.9912438917891955,0.9928460704618111,0.9922622016408575,0.9982907207516651,1.0006103317221637,0.9991309057199291,-0.04999971428571369,0.002142928571428726,-0.02218666666666659,-0.002354142857142781,0.017066785714285753,0.0011701000000000406,105440.42857142857,-87889.21428571429,34915.166666666664
2003-12-04,17.200001,17.280001000000002,17.16,17.27,7.114528999999999,3860851.0,1.0046511625202814,0.9976743606003279,1.0040697090657145,0.41999999999999815,0.07827199999999834,167545.0,1.0047463805421162,1.0068181409827421,1.0062999085322286,0.9918215756966127,0.993633490116342,0.9922027942376627,0.9991202672448811,1.001594506502863,0.9992665626887863,-0.009999857142857036,0.051428642857142846,-0.009459999999999979,0.0017655714285713029,0.02795442857142851,0.004287899999999982,-99649.28571428571,-150998.0,-55559.2
2003-12-05,17.290001,17.299999,17.120001000000002,17.26,7.110409,3933940.0,1.0005782532921774,0.9901677275785006,0.9982648352651918,0.08999999999999986,-0.004119999999999457,73089.0,1.004496946963915,1.0062478239942192,1.0063191836419678,0.9923261461705087,0.9932369909722114,0.9918750518236126,1.0007815673883047,1.0014705661646626,0.9992087238642927,0.011428857142857194,0.06714292857142848,-0.006459999999999984,0.016478285714285716,0.02677721428571424,0.004150566666666666,-76037.14285714286,-177277.07142857142,130935.6
2003-12-08,17.25,17.370001000000002,17.219998999999998,17.290001,7.122769,4415990.0,1.006956579710145,0.9982608115942028,1.0023188985507248,-0.040001000000000175,0.012360000000000149,482050.0,1.0054907440653642,1.005525210349822,1.006551069632306,0.993594766026406,0.993286974901414,0.9918170788767527,1.0025456240288884,1.0004602435872754,0.9992860204826501,0.04285699999999996,0.06071428571428582,-0.007793366666666657,0.030014142857142927,0.01824400000000002,0.004562566666666671,-113520.71428571429,-57320.78571428572,147164.76666666666
2003-12-09,17.299999,17.370001000000002,17.25,17.309998999999998,7.1310080000000005,3169886.0,1.0040463586153965,0.9971098842260049,1.0005780347154931,0.04999899999999968,0.008239000000000551,-1246104.0,1.0051283746191841,1.0050015841746904,1.006093413843683,0.99352385184166,0.9933799477944104,0.9918133924204923,1.0016877797398653,0.999859962101949,0.9990459476537198,0.08428571428571427,0.04285699999999996,0.003426599999999998,0.028837142857142974,0.013535714285714333,0.0068723666666667075,-558815.1428571428,-88176.85714285714,-918228.2666666667
2003-12-10,17.200001,17.290001,17.15,17.23,7.098051,4244828.0,1.0052325578353163,0.9970929652852926,1.0017441278055739,-0.09999799999999937,-0.03295700000000057,1074942.0,1.0058758828813723,1.004532527567476,1.0056548075339788,0.9946391564973325,0.9931723024576457,0.991793117700117,1.00270224702295,0.999268149949964,0.9985868438679285,0.05714314285714295,0.017857142857142856,-0.006666633333333275,0.03060242857142865,0.003236785714285682,0.0012587666666666367,147589.2857142857,-142780.64285714287,-175361.06666666668
2003-12-11,17.26,17.32,17.059998999999998,17.1,7.044497,3689043.0,1.0034762456546928,0.9884124565469291,0.9907300115874855,0.059999000000001246,-0.0535540000000001,-555785.0,1.0063724894034711,1.004238445179299,1.0055076252677524,0.9948500893803515,0.9931373485398604,0.9915196058232709,1.0022262832897744,0.998939786272164,0.9980147871327952,0.06000000000000024,0.009999928571428538,-0.015999999999999896,0.021186571428571405,0.0017654285714285528,-0.003323366666666653,119537.14285714286,-129682.5,-138637.53333333333
2003-12-12,17.23,17.360001,17.219998999999998,17.360001,7.151606,4009300.0,1.0075450377248985,0.9994195589088797,1.0075450377248985,-0.030000000000001137,0.10710900000000034,320257.0,1.0046408850504154,1.0044854825078828,1.0055170390019716,0.995448252105734,0.9933460719474647,0.991835455179824,1.000750093530726,0.9995204071411956,0.9984525099917814,0.06428557142857118,0.007142928571428746,-0.02233333333333327,0.016478428571428467,0.007062142857142842,0.001312400000000006,45142.0,75291.21428571429,-344427.5
2003-12-15,17.42,17.5,17.34,17.41,7.172204,4839046.0,1.0045924225028702,0.9954075774971296,0.9994259471871412,0.19000000000000128,0.020597999999999672,829746.0,1.0046324936193567,1.0046894370807364,1.0056326646937832,0.9951244259481342,0.9934730008223733,0.9920943575989407,1.000086698976644,0.9996034831107626,0.9988266314744197,0.03142842857142877,0.010714285714285867,-0.012666633333333266,0.008239285714285798,0.005002428571428551,0.004795933333333332,139742.14285714287,20046.428571428572,-45511.7
2003-12-16,17.34,17.34,17.190001000000002,17.24,7.10217,4200429.0,1.0,0.9913495386389851,0.994232987312572,-0.08000000000000185,-0.07003399999999971,-638617.0,1.0045498860061886,1.0045234164850518,1.0055949340769186,0.995293256099632,0.9938097011350704,0.9922398874003949,0.9995107206976984,1.0001461440430015,0.9989739562920261,0.00714271428571424,0.009285785714285717,-0.011000000000000062,-0.001176999999999952,0.007650642857142882,0.003793399999999991,38069.857142857145,-18983.64285714286,-55980.333333333336
2003-12-17,17.280001000000002,17.42,17.27,17.35,7.147487,5449081.0,1.0081017935126277,0.9994212384594189,1.0040508678211304,-0.05999899999999769,0.04531699999999983,1248652.0,1.0047134879779718,1.005102116021668,1.0057883635924734,0.9954590313660914,0.9945268986962487,0.9927953079927204,0.9997581448791849,1.0011518844540368,0.9996262285144162,0.004285857142857452,0.023571428571428705,-0.003999966666666547,0.00353114285714286,0.016772642857142892,0.010098666666666655,147584.42857142858,17031.85714285714,-215150.23333333334
2003-12-18,17.469998999999998,17.469998999999998,17.27,17.32,7.135128,7630503.0,1.0,0.988551859676695,0.9914139090677683,0.18999799999999567,-0.012359000000000009,2181422.0,1.0041354367472006,1.0046319056831925,1.0057883635924734,0.9942364564304756,0.9938801541360679,0.9930558516306387,0.998448984072367,1.000068381906116,0.9996902843090041,0.024285714285714022,0.054285714285714146,0.011333333333333329,0.000588571428571351,0.014712857142857163,0.012084166666666658,637231.0,39207.92857142857,-185391.7
2003-12-19,17.4,17.4,17.219998999999998,17.23,7.098051,6216260.0,1.0,0.9896551149425287,0.9902298850574713,-0.06999899999999926,-0.03707700000000003,-1414243.0,1.0033879284850127,1.0046319056831925,1.0056460892022296,0.9931739063815094,0.993906531439421,0.9929752497709995,0.9968040922512096,0.9997531696370798,0.9995881890141718,0.028571285714285466,0.04285721428571421,0.03333333333333333,0.0,0.015301214285714324,0.012908033333333317,281633.14285714284,214611.2142857143,-101532.33333333333
2003-12-22,17.34,17.5,17.299999,17.48,7.201039999999999,3149812.0,1.0092272202998847,0.9976931372549019,1.0080738177623991,-0.05999999999999872,0.10298899999999911,-3066448.0,1.0042094962914687,1.00529099284747,1.0058718615712154,0.9944997179112198,0.9946749036457856,0.9934096018212906,0.9992817788476259,1.0007540310687002,1.0003481138490409,0.011428571428571186,0.03571428571428571,0.03466670000000001,0.022363285714285603,0.021774928571428504,0.01949929999999996,-77033.0,21252.071428571428,-226494.26666666666
2003-12-23,17.48,17.5,17.389999,17.41,7.172204,1987817.0,1.0011441647597255,0.9948512013729977,0.995995423340961,0.14000000000000057,-0.028835999999999196,-1161995.0,1.0032950858678726,1.0039679854591441,1.0052021094950196,0.9938470954060937,0.9946476737559138,0.9933837174448209,0.9976318339356347,0.9991909637331805,0.9996524772212848,0.03571428571428571,0.049999928571428445,0.04899999999999996,0.0029425714285713817,0.009710499999999924,0.015517099999999987,-288783.28571428574,-121820.64285714286,-429842.4
2003-12-24,17.459999,17.459999,17.4,17.450001,7.188683999999999,1487628.0,1.0,0.9965636309601162,0.9994273768286012,-0.0200010000000006,0.016479999999999606,-500189.0,1.0026390255103197,1.0036357595648382,1.0048784869222043,0.9940122459008062,0.9945683359244702,0.9935118882341064,0.997632038170129,0.9988593685733866,0.9993906713356363,0.005714142857142589,0.01857128571428568,0.03266663333333331,0.002354285714285658,0.005296785714285728,0.0116722333333333,-478774.0,-169515.92857142858,-219113.53333333333
2003-12-25,17.450001,17.450001,17.450001,17.450001,7.188683999999999,0.0,1.0,1.0,1.0,-0.009997999999999507,0.0,-1487628.0,1.0026390255103197,1.0035944557582541,1.0048784869222043,0.9952480260952369,0.9952706410974343,0.9940492016669421,0.9984558971254759,0.9989833089115872,0.9998881837734472,0.015714428571428636,0.011428571428571439,0.023333366666666678,0.01235914285714276,0.005591071428571404,0.01304539999999997,-600061.2857142857,-280995.71428571426,-164125.16666666666
2003-12-26,17.450001,17.450001,17.450001,17.450001,7.188683999999999,0.0,1.0,1.0,1.0,0.0,0.0,0.0,1.0014816264370872,1.0030975572075296,1.0048784869222043,0.99533070631532,0.9953948688407056,0.9944941854857123,0.9978772017224572,0.9988176733008212,1.0002118083689167,0.024285714285714022,0.014285785714285737,0.03233336666666666,0.005885285714285641,0.0047082142857142505,0.015517233333333309,-778440.1428571428,-315427.85714285716,-199160.76666666666
2003-12-29,17.450001,17.549999,17.440001000000002,17.530001000000002,7.221639,1295582.0,1.0057305440842095,0.9994269341302617,1.0045845269579068,0.0,0.03295500000000029,1295582.0,1.0023002755919743,1.0032178561695875,1.004784082020628,0.9968842883801151,0.9955603724052955,0.9946177927701768,0.9997587185639055,0.9991038513181364,1.00036462593418,-0.0028568571428567884,0.010714428571428616,0.03666669999999996,0.012358714285714254,0.006473642857142803,0.016203699999999977,-904988.7142857143,-133878.85714285713,-170674.56666666668
2003-12-30,17.620001000000002,17.719998999999998,17.549999,17.57,7.238119,1717233.0,1.0056752550695085,0.9960271284888121,0.9971622589578739,0.1700000000000017,0.016480000000000494,421651.0,1.0031110263161898,1.0032494774006013,1.0044041514985547,0.9977945760295842,0.9954842412055468,0.9945666625002917,1.0007490576925346,0.9987765749718721,0.9997212540783044,0.031428714285714775,0.03000000000000012,0.04066670000000012,0.02000971428571433,0.010004857142857164,0.012358866666666687,-642718.1428571428,-180542.5,-116708.26666666666
2003-12-31,17.65,17.68,17.6,17.68,7.283432,1354601.0,1.001699716713881,0.9971671388101985,1.001699716713881,0.029998999999996556,0.04531300000000016,-362632.0,1.0020356686610463,1.0031225824762575,1.0040815712201094,0.9977194333946267,0.9961095756529232,0.9946119583364965,0.9998384718284605,0.9995601253380432,0.9994785121184316,0.0442857142857141,0.027857142857142643,0.03166663333333328,0.011770285714285908,0.017066785714285753,0.011397466666666686,-256458.7142857143,-166745.85714285713,-101658.7
2004-01-01,17.68,17.68,17.68,17.68,7.283432,0.0,1.0,1.0,1.0,0.030000000000001137,0.0,-1354601.0,1.001872216552514,1.0025836512101933,1.003688259542232,0.998454976055627,0.9961510357308604,0.9946119583364965,1.0004105542083233,0.999021194071979,0.9991441955206529,0.02857142857142847,0.03214285714285709,0.02433329999999998,0.015889714285714365,0.009416142857142873,0.007689866666666667,-283973.85714285716,-286378.5714285714,-208125.23333333334
2004-01-02,17.67,17.690001000000002,17.620001000000002,17.68,7.283432,3138648.0,1.0011319185059424,0.997170401810979,1.0005659309564232,-0.00999999999999801,0.0,3138648.0,1.0020339191962202,1.00233647235327,1.0034728768561243,0.9985416576057503,0.9962769517532782,0.9948875780169982,1.0005732047980123,0.9991026214840705,0.9993188231166441,0.030000142857143124,0.017857142857142856,0.01833329999999999,0.013535428571428707,0.007944857142857182,0.008788366666666677,235860.0,-121457.0,-78865.0
2004-01-05,17.6,17.65,17.52,17.59,7.246358,1804589.0,1.002840909090909,0.9954545454545454,0.9994318181818181,-0.07000000000000028,-0.037074000000000495,-1334059.0,1.0024397633520643,1.002539394431192,1.0034313566549973,0.9978923069563995,0.9965701665258182,0.9948528151587358,1.0004920359668434,0.9994739665461596,0.9993193388707561,0.02142842857142873,0.018571428571428683,0.015666700000000113,0.00823914285714292,0.01029914285714284,0.00645406666666665,257798.42857142858,-171131.42857142858,-38354.46666666667
2004-01-06,17.700001,17.83,17.68,17.77,7.320508999999999,3743591.0,1.0073445758562385,0.9988700000638417,1.0039547455392799,0.1000009999999989,0.07415099999999875,1939002.0,1.0034889884743843,1.0024853074557356,1.0036182739007744,0.9977308783940912,0.9965307923547055,0.9950274627192502,1.0010569996153118,0.9994671006688847,0.9995090676016254,0.03571428571428571,0.029999999999999867,0.01433336666666669,0.018832142857142742,0.012358714285714192,0.007277966666666617,534798.7142857143,-121820.71428571429,-27160.166666666668
2004-01-07,17.799999,17.860001,17.74,17.860001,7.357586,4706470.0,1.0033708990657808,0.9966292694735543,1.0033708990657808,0.09999799999999937,0.0370770000000018,962879.0,1.0031518963288943,1.002726085960434,1.003653160924981,0.9973312120145617,0.9971077501973384,0.9953605805596611,1.000883624202151,1.0003211713830285,1.000066906428444,0.049999714285714196,0.023571428571428705,0.019666666666666662,0.0194210000000001,0.015889857142857178,0.01208416666666669,487269.71428571426,-208859.5,8009.0
2004-01-08,17.91,17.950001,17.799999,17.84,7.349347,3675138.0,1.0022334450027917,0.9938581239530988,0.9960915689558906,0.11000100000000046,-0.008239000000000551,-1031332.0,1.0026602091765062,1.0028856177463479,1.0037276090917406,0.9970213542237454,0.9974079651266649,0.9955098356046671,1.0007306684875819,1.0007398630900581,1.000270941991419,0.041428428571428304,0.03642857142857154,0.031999966666666664,0.015889714285714236,0.017949714285714284,0.014555900000000014,279700.71428571426,-181508.7142857143,-51183.23333333333
2004-01-09,17.83,17.93,17.83,17.91,7.378181,2805051.0,1.005608524957936,1.0,1.004486819966349,-0.08000000000000185,0.028833999999999804,-870087.0,1.0032186103542282,1.0026271395076374,1.0036951284323836,0.9974260486794313,0.997572741037029,0.9955896261540264,1.0011288260950775,1.000483648961769,1.0002010711656755,0.025714285714285672,0.034999999999999885,0.03733336666666662,0.01353557142857133,0.012652928571428619,0.014967766666666667,207207.14285714287,-24625.785714285714,-142551.36666666667
2004-01-12,17.790001,17.99,17.790001,17.879998999999998,7.365825,2241230.0,1.0112422140954347,1.0,1.0050589092153506,-0.03999899999999812,-0.01235599999999959,-563821.0,1.0048246409392905,1.0033484287459022,1.0040698689022312,0.9974260486794313,0.9979405123675292,0.9959467650641735,1.001851527411556,1.0011310408099396,1.0005482729120545,0.015714428571428636,0.022142928571428553,0.03300006666666668,0.01177042857142853,0.013830071428571447,0.01606636666666669,320175.71428571426,18100.928571428572,-32349.1
2004-01-13,17.959999,18.01,17.889999,18.01,7.419378999999999,3477532.0,1.0027840201995557,0.9961024496716285,1.0027840201995557,0.16999799999999965,0.05355399999999921,1236302.0,1.0050606554669497,1.0035472873315847,1.00416266957555,0.9972734840880956,0.9979075708469229,0.9962523158410346,1.002168397303432,1.001370801050722,1.000839014994716,0.041428428571428304,0.03571428571428571,0.0373333,0.019420999999999848,0.016478214285714277,0.01743959999999998,48412.0,142136.0,20841.633333333335
2004-01-14,18.0,18.07,17.889999,18.07,7.444095,2469402.0,1.0038888888888888,0.9938888333333333,1.0038888888888888,0.040001000000000175,0.024716000000000626,-1008130.0,1.005210366866661,1.0038250651093625,1.00363675693197,0.9970498109279224,0.997471058942161,0.9962075296244388,1.0028051216901566,1.0016485788285,1.0003726990897375,0.05714285714285694,0.03928564285714283,0.040666633333333264,0.028248142857142864,0.018243642857142892,0.013594599999999967,94973.28571428571,176385.85714285713,-40796.8
2004-01-15,18.1,18.1,17.940001000000002,18.1,7.456455,3750011.0,1.0,0.991160276243094,1.0,0.10000000000000142,0.012360000000000149,1280609.0,1.004161141744341,1.0038250651093625,1.0034817181812938,0.9959484218106728,0.9968396501023821,0.9959903934791977,1.002240158041688,1.0016485788285,1.0002370421208804,0.05714271428571444,0.04642850000000008,0.029999966666666704,0.01942085714285735,0.019126500000000046,0.01139753333333336,917.1428571428571,267857.9285714286,-3694.6666666666665
2004-01-16,18.07,18.09,17.889999,17.98,7.407022,4451485.0,1.0011068068622024,0.990038682899834,0.9950193691200886,-0.030000000000001137,-0.049432999999999616,701474.0,1.0038377000009728,1.0034947981649336,1.0034993366336278,0.9950069094429983,0.99616906072878,0.9959860919899088,1.0010470823351605,1.0009653532686558,1.0001288599160436,0.03857157142857152,0.04428564285714286,0.02599996666666667,0.00706228571428572,0.01324164285714291,0.009887100000000022,-36426.42857142857,225421.64285714287,17251.5
2004-01-19,18.040001,18.049999,17.889999,18.01,7.419378999999999,3838468.0,1.000554212829589,0.9916850337203418,0.9983369734846468,-0.02999900000000011,0.012356999999998841,-613017.0,1.0035978096905152,1.0031290094335108,1.003285924404276,0.9946964679811758,0.9958589111024606,0.9957668993941134,1.0013678544106972,1.0010492614491395,0.9999961290805077,0.018571571428571434,0.029999999999999867,0.026333366666666674,0.010004571428571347,0.012947142857142793,0.00988699999999998,23332.85714285714,151516.7857142857,-19250.733333333334
2004-01-20,17.969998999999998,17.969998999999998,17.709999,17.709999,7.295787,2877009.0,1.0,0.9855314404858899,0.9855314404858899,-0.07000200000000234,-0.12359199999999948,-961459.0,1.0027965918393815,1.003007601096805,1.0031510457837627,0.9926295309077318,0.9950277897935814,0.9953809512694429,0.9986599430563458,0.9998943845757117,0.9994945759395208,0.019999857142857076,0.022857071428571376,0.02233333333333327,-0.011770571428571408,0.0008824999999999607,0.005492633333333312,10279.714285714286,108743.42857142857,-9762.566666666668
2004-01-21,17.719998999999998,17.9,17.58,17.85,7.353466,4089154.0,1.0101580705506812,0.9920993787866467,1.007336399962551,-0.25,0.05767900000000026,1212145.0,1.0026417141901312,1.0037331775647107,1.0033152295409418,0.9915008707343953,0.9944634597069134,0.9952144983861546,0.9989852988773744,1.0004184131444653,0.9996809850114201,-0.010000285714286048,0.0028570714285712944,0.017333266666666583,-0.00176557142857143,0.005002428571428551,0.008513833333333339,263989.14285714284,292082.4285714286,-5189.133333333333
2004-01-22,17.93,18.049999,17.9,18.049999,7.435857,2436987.0,1.0066926380368098,0.9983268265476853,1.0066926380368098,0.21000100000000188,0.08239100000000033,-1652167.0,1.0032000881668817,1.0041303718169154,1.0034224426203455,0.9918186388595464,0.994546061473821,0.9955449773861799,0.999543672854125,1.0008560350787785,1.000213072559731,-0.004285571428571444,0.01857142857142843,0.02233333333333327,0.0023540000000001576,0.010887500000000003,0.013045333333333353,-148649.2857142857,-50118.642857142855,-41735.2
2004-01-23,18.08,18.08,17.950001,18.049999,7.435857,3356044.0,1.0,0.9928097898230089,0.9983406526548674,0.14999999999999858,0.0,919057.0,1.002644532611326,1.0039274497389934,1.003170941362849,0.991664489786643,0.9943571503572828,0.9953246517499842,0.9987510676778362,1.0007780946839964,0.9999062597240633,0.011428571428571186,0.034285714285714065,0.028333333333333263,-0.0011768571428570748,0.013535642857142895,0.009475033333333343,126663.14285714286,110818.21428571429,-21775.2
2004-01-26,18.049999,18.049999,18.049999,18.049999,7.435857,0.0,1.0,1.0,1.0,-0.030000999999998612,0.0,-3356044.0,1.002644532611326,1.0034028371778336,1.0030178606127533,0.992927307466201,0.9944378646384369,0.9954777325000799,0.9987510676778363,1.0004956128597622,0.9999253948178253,-0.007143000000000248,0.024999857142857098,0.0209999666666666,-0.0029425714285713817,0.008239142857142985,0.008788433333333352,-535715.8571428572,-267399.35714285716,-161301.53333333333
2004-01-27,18.1,18.129999,17.68,17.75,7.312271000000001,5323815.0,1.001657403314917,0.9767955801104972,0.9806629834254142,0.05000100000000174,-0.12358599999999953,5323815.0,1.0027231892474282,1.0032804446242005,1.003073107389917,0.9910354356391528,0.9930211725410755,0.9949926005491303,0.9967001554357399,0.9988736188854502,0.99947306135492,0.004285714285714448,0.021428642857142983,0.025333333333333385,-0.013535857142857084,-0.003236785714285682,0.007003366666666692,124618.57142857143,44096.07142857143,37446.2
2004-01-28,17.6,17.68,17.459999,17.51,7.213398,6478798.0,1.0045454545454544,0.9920453977272726,0.9948863636363636,-0.5,-0.0988730000000011,1154983.0,1.003293366635409,1.003445588162962,1.0029545627576781,0.9910869162115716,0.9928916920963738,0.994746739191392,0.9962072111716995,0.9987875327911983,0.9991675778820943,-0.06285728571428553,-0.02214285714285705,0.010666633333333309,-0.029425857142857077,-0.009710642857142864,0.0021970333333333277,377190.0,200261.42857142858,34323.9
2004-01-29,17.379998999999998,17.74,17.35,17.690001000000002,7.287551,5268020.0,1.02071352248064,0.9982739354587997,1.0178367098870376,-0.22000100000000344,0.07415299999999991,-1210778.0,1.0062524412755003,1.004524516557441,1.0036450135070327,0.992907272636273,0.9927684017720023,0.995070808384129,1.0008222496575776,0.9997410963569617,1.0000483379094034,-0.08428571428571427,-0.03214292857142859,-0.0029999999999999953,-0.0011765714285714474,-0.0064735714285714275,0.005080766666666658,341573.0,175926.35714285713,-78749.43333333333
2004-01-30,17.700001,17.75,17.559998999999998,17.559998999999998,7.233997,10800951.0,1.0028248021002937,0.9920902829327523,0.9920902829327523,0.32000200000000234,-0.0535540000000001,5532931.0,1.0052048314968736,1.0039232728435024,1.0037391735770425,0.9929059732285737,0.9922034219814846,0.9951519806504696,0.998644232939035,0.9988147659082047,1.0001103511719127,-0.0028568571428567884,-0.006428571428571418,0.01000003333333339,-0.01706700000000007,-0.00941628571428575,0.004531533333333323,958828.1428571428,611408.6428571428,152823.03333333333
2004-02-02,17.51,17.690001000000002,17.51,17.559998999999998,7.233997,2762542.0,1.0102798972015992,1.0,1.0028554540262704,-0.19000099999999875,0.0,-8038409.0,1.0057172970918435,1.0044586926293626,1.0037742628070996,0.9931449980074758,0.9924818184335111,0.9952288760753063,0.9980960637946722,0.9988198683243986,0.9999364057140417,-0.059999999999999734,-0.03214278571428559,0.0056666666666667235,-0.028837142857142974,-0.013241571428571408,0.0010985666666666857,46507.857142857145,-51070.71428571428,-12909.0
2004-02-03,17.68,17.68,17.52,17.59,7.246358,3899266.0,1.0,0.9909502262443439,0.9949095022624435,0.16999999999999815,0.012361000000000288,1136724.0,1.0057172970918435,1.0041809148515848,1.0037361239817755,0.9928793460676665,0.9922719179271547,0.995098843571018,0.9976058994528975,0.9981784835653668,0.9999002083447579,-0.05714285714285694,-0.022857142857142878,0.006666666666666643,-0.02707128571428579,-0.014124071428571432,0.002471800000000002,77603.14285714286,102133.14285714286,63714.96666666667
2004-02-04,17.690001000000002,17.84,17.620001000000002,17.77,7.320508999999999,3439853.0,1.0084793098654996,0.9960429623491824,1.004522272214682,0.010001000000002591,0.07415099999999875,-459413.0,1.0069286270726292,1.0047865798419777,1.0040187676439587,0.9923140549746926,0.9926206812204468,0.9950814879506533,0.9982519383407091,0.9985015030092727,1.0000700381909604,-0.051428285714285336,-0.029285642857142795,0.007666733333333416,-0.01647828571428597,-0.009710428571428675,0.00439416666666664,491407.5714285714,-22154.14285714286,65074.166666666664
2004-02-05,17.799999,17.9,17.709999,17.75,7.312271000000001,4042872.0,1.005618034023485,0.994943819940664,0.9971910672579252,0.10999799999999738,-0.008237999999997747,603019.0,1.0074944314595675,1.0051088103534978,1.0042060354447415,0.9949066606647164,0.9929710481519347,0.9949129486153422,1.000613093173925,0.9986566243048324,0.999976407099558,-0.042857285714285966,-0.01928578571428576,0.011666599999999978,0.0,-0.006767928571428542,0.004119566666666715,-182991.85714285713,-29186.64285714286,134762.4
2004-02-06,17.799999,17.82,17.620001000000002,17.65,7.271074,2292007.0,1.0011236517485198,0.9898877522408851,0.9915730894142184,0.0,-0.04119700000000126,-1750865.0,1.007005602488577,1.0051494845619928,1.0042434905030257,0.9945984255952325,0.992842670903402,0.9945758736900384,1.000139768285047,0.9981734897283732,0.999695510080032,0.028571285714285466,-0.017143000000000037,0.011666599999999978,0.008239428571428549,-0.010593214285714263,0.0027463333333333393,-598113.0,-110461.5,76400.23333333334
2004-02-09,17.719998999999998,17.790001,17.639999,17.719998999999998,7.299910000000001,1625771.0,1.0039504516902062,0.9954853270589915,1.0,-0.08000000000000185,0.028836000000000972,-666236.0,1.0046108780899432,1.005431659682722,1.0041841540898921,0.9942000529666883,0.9935536628014807,0.9944444867876626,0.9975916668726131,0.9992069582650954,0.9995426925147685,0.04857142857142855,-0.017857142857142856,0.00899993333333325,0.0017655714285715568,0.00029450000000005465,0.0026090333333333624,-520321.28571428574,-89374.14285714286,11006.3
2004-02-10,17.74,17.74,17.639999,17.67,7.279311999999999,2172884.0,1.0,0.9943629650507328,0.9960541149943632,0.0200010000000006,-0.02059800000000145,547113.0,1.0042073349327585,1.0047060832148162,1.0039949789209084,0.9945247218406857,0.9937153475346298,0.99438901467306,0.9981579285957004,0.9984010807673677,0.9995057543826513,0.005714142857142589,0.0014286428571429002,0.003999966666666547,0.006473571428571364,-0.005296714285714353,0.0013730999999999641,-1232581.0,-136876.42857142858,15188.366666666667
2004-02-11,17.690001000000002,17.85,17.6,17.85,7.353466,3189168.0,1.0090446009584737,0.9949123236341253,1.0090446009584737,-0.04999899999999613,0.07415400000000094,1016284.0,1.0040308640408835,1.0048740805663636,1.0042398083957282,0.993797910931275,0.9934714544693755,0.9943138541671909,0.999042092443158,0.998569078118915,0.9997505838574712,0.025714428571428676,-0.01714278571428553,0.0013333666666667909,0.01706700000000007,-0.005885071428571452,0.002334466666666657,60946.57142857143,53727.21428571428,61152.23333333333
2004-02-12,17.879998999999998,18.0,17.879998999999998,17.950001,7.394661,3214276.0,1.0067114656997465,1.0,1.0039151008901064,0.18999799999999567,0.04119500000000009,25108.0,1.004989644855133,1.0053534709734884,1.0044635239190531,0.9950907357535116,0.993985040910589,0.9943138541671909,1.000328606532824,0.9989672529928607,0.9998810872204748,0.028571285714285466,-0.014285785714285737,0.006666633333333275,0.0211861428571429,-0.002942571428571445,0.0037076333333333268,-97855.71428571429,-10126.285714285714,107142.53333333334
2004-02-13,17.940001000000002,18.07,17.85,18.07,7.444095,3339490.0,1.0072463206663143,0.9949832221302551,1.0072463206663143,0.06000200000000433,0.049433999999999756,125214.0,1.0048135035409635,1.0058710653067964,1.0046673373243988,0.9949393442936648,0.9936266996341787,0.9942409481778335,1.0007177563116287,0.9994848473261689,1.000103766877471,0.03571428571428571,-0.007856999999999812,0.009000033333333353,0.017655142857143043,0.0005884285714285374,0.005355433333333318,-14337.57142857143,238535.0,6694.733333333334
2004-02-16,18.040001,18.08,17.98,18.030001,7.427619,3227512.0,1.0022172393449422,0.9966740024016628,0.9994456763056719,0.09999999999999787,-0.016475999999999935,-111978.0,1.004327675729743,1.0059110535946554,1.0046465483328668,0.9951865132166647,0.9950465869406907,0.9942815967427374,1.0010398433184498,1.0008264682461874,1.0001042288149329,0.03428600000000007,-0.004285642857142946,0.014666699999999958,0.016478285714285588,0.008239142857142794,0.006042033333333337,-116480.0,-149735.92857142858,47430.76666666667
2004-02-17,18.0,18.040001,17.85,17.91,7.378181,3148322.0,1.0022222777777778,0.9916666666666667,0.995,-0.040001000000000175,-0.049438000000000315,-79190.0,1.0044846223053514,1.005745112396964,1.0044758050635847,0.9954406438489192,0.9950195347220757,0.9940414856294982,1.0015294019735614,1.0008345851293041,0.9998057372969569,0.028571571428571474,0.02857142857142847,0.009999966666666657,0.015301000000000009,0.011770214285714278,0.0019224000000000352,122330.71428571429,-237891.14285714287,-19842.3
2004-02-18,18.0,18.02,17.91,17.92,7.382303,2415701.0,1.001111111111111,0.995,0.9955555555555556,0.0,0.004122000000000625,-732621.0,1.0040790022226236,1.0043449401562834,1.004400478798429,0.9953713114119204,0.9947856821893044,0.9939871766470464,1.0008944813386407,0.999243074105627,0.999545225846616,0.040000142857143164,0.04428578571428586,0.006666700000000011,0.01177042857142853,0.006768000000000044,0.0008238999999999959,112847.14285714286,-203737.07142857142,-76358.96666666666
2004-02-19,17.879998999999998,17.950001,17.76,17.780001000000002,7.324628999999999,1930212.0,1.0039151008901064,0.9932886461570833,0.9944072703807201,-0.12000100000000202,-0.057674000000001335,-485489.0,1.0046383023497818,1.0044228186412703,1.004456533994673,0.9952178372842562,0.9948712795624709,0.9939681940538458,1.0006592178224059,0.9994085732090533,0.999489082560777,0.019999857142857076,0.012856999999999832,-0.0010000333333334056,0.006473857142857119,0.0064737142857142415,-0.0008239333333333635,-34667.42857142857,-633624.2142857143,-58164.2
2004-02-20,17.780001000000002,17.91,17.719998999999998,17.870001000000002,7.361705000000001,2120539.0,1.0073115293975516,0.9966253095261354,1.0050618669818971,-0.09999799999999581,0.03707600000000166,190327.0,1.0043907206982214,1.0042107923695525,1.0045133008093265,0.9954625495545434,0.9946302302429092,0.9938557043713837,1.0000902558257523,0.9995661741344551,0.9995082507946286,0.012857142857142836,0.01928578571428576,-0.0016666333333332044,0.0011770000000000788,0.009122000000000074,-0.0005491999999999682,-152661.2857142857,-45857.357142857145,-22817.066666666666
2004-02-23,17.809998999999998,17.85,17.75,17.82,7.341106,2090024.0,1.0022459855275683,0.9966311620792344,1.000561538493068,0.029997999999995528,-0.0205990000000007,-30515.0,1.003752794959339,1.0043712199072359,1.0042134265237312,0.994981286994434,0.9950360113739728,0.9937434097740249,0.9996111754833182,0.9999698910080711,0.9993583384372192,-0.01000000000000004,0.009285642857142713,0.0006665999999999172,-0.0076507142857143206,0.006767714285714289,-0.0008239666666666719,-160607.42857142858,-129231.57142857143,-5040.2
2004-02-24,17.75,17.879998999999998,17.75,17.82,7.341106,2967995.0,1.0073238873239436,1.0,1.003943661971831,-0.05999899999999769,0.0,877971.0,1.0037638759104286,1.0042886897256962,1.0043647554278774,0.9956979695472548,0.9953186569204597,0.993873328118304,0.999139367098392,0.9999285617050103,0.9993969931629617,-0.02714300000000033,0.004285642857142692,-0.006999966666666661,-0.014712714285714286,0.0014712142857143792,-0.0026090999999999792,-53070.71428571428,-33704.142857142855,-16984.566666666666
2004-02-25,17.82,17.98,17.82,17.950001,7.394661,2716711.0,1.0089786756453423,1.0,1.0072952300785634,0.07000000000000028,0.05355500000000024,-251284.0,1.0047297953819145,1.0045287355558288,1.0045344149864257,0.9961731120613029,0.9956798126389838,0.9940770336738595,1.0002607319230907,1.0006502876207704,0.9995105378692842,-0.03142871428571427,0.0014286428571429002,-0.005999999999999991,-0.004708285714285688,0.00588499999999995,-0.0016477999999999918,-72971.57142857143,-94725.78571428571,8243.633333333333
2004-02-26,17.85,18.08,17.85,18.07,7.444095,2890593.0,1.0128851540616244,1.0,1.0123249299719888,0.030000000000001137,0.049433999999999756,173882.0,1.006253063422464,1.0053688428639078,1.0049639201218132,0.9973635882517791,0.9964021160503492,0.9943716911324231,1.002735721919089,1.0021325619463253,0.9999213688683504,-0.021428571428571224,0.003571500000000124,-0.008333333333333333,0.00941628571428575,0.012358642857142879,-0.000412000000000005,-36818.42857142857,42756.142857142855,-28647.266666666666
2004-02-27,18.049999,18.110001,17.950001,17.99,7.411139,7760267.0,1.0033242107104827,0.9944599442914097,0.9966759554945127,0.19999899999999826,-0.03295599999999954,4869674.0,1.0065692205080885,1.005324111365356,1.0050378335834227,0.9972864374362661,0.9963288744240932,0.9945190665121423,1.0028957790532258,1.0018951301959333,0.9999765884141646,0.00714271428571424,0.023571428571428705,-0.0006667000000000201,0.004119428571428584,0.007944928571428558,0.0001372333333333309,763509.4285714285,438178.28571428574,110292.73333333334
2004-03-01,18.08,18.129999,18.02,18.02,7.423499,3101196.0,1.0027654314159293,0.9966814159292036,0.9966814159292036,0.030000999999998612,0.01235999999999926,-4659071.0,1.0064049820117773,1.0055216421807796,1.005111540869634,0.9977711188322834,0.9964944780582697,0.9946856125857709,1.0032206569887234,1.0019399374055646,0.9999214031623165,0.028571571428571474,0.024285714285714275,0.0013332999999999373,0.014124285714285811,0.010299071428571465,0.00013733333333334485,167283.42857142858,66308.0,-24575.733333333334
2004-03-02,18.030001,18.190001,18.0,18.0,7.415260000000001,2504033.0,1.0088740982321631,0.9983360511183555,0.9983360511183555,-0.04999899999999968,-0.008238999999998775,-597163.0,1.0066282061310077,1.0055094634146144,1.0054073441440396,0.9980155104883146,0.9967390300214289,0.9951124329401864,1.0022598261510747,1.0011750409884135,1.000348223516732,0.035714285714285206,0.024285714285714022,0.0020000666666666928,0.0076507142857143206,0.004413857142857199,0.003982433333333368,54784.857142857145,-48938.21428571428,-12432.533333333333
2004-03-03,18.08,18.129999,17.92,18.0,7.415260000000001,2976161.0,1.0027654314159293,0.9911504424778763,0.9955752212389382,0.04999899999999968,0.0,472128.0,1.0067024126864879,1.0052276038229133,1.0051609228395477,0.9972325505452636,0.9961069187698488,0.9950808017298942,1.0015474951147705,1.0005793352990442,0.999956184225945,0.03857157142857152,0.014285785714285737,0.012000033333333349,0.010593428571428707,0.0014713571428571928,0.0020598000000000265,126591.0,-17008.214285714286,-37099.76666666667
2004-03-04,18.040001,18.219999,18.02,18.17,7.485291,2952941.0,1.0099777156331644,0.9988912971789746,1.007206152593894,-0.03999899999999812,0.07003099999999929,-23220.0,1.0070815310163765,1.0054227034634027,1.005270425426093,0.9970741644279741,0.9963860669876144,0.9950996174176038,1.0020135652036366,1.0005764661510141,0.9999733013778477,0.04142871428571431,0.007142857142856991,0.0036667000000000153,0.020597857142857175,0.002942571428571445,0.0016477999999999918,-2150.5714285714284,-27610.64285714286,17198.466666666667
2004-03-05,18.219999,18.35,18.209999,18.35,7.559442999999999,2710783.0,1.0071350717417713,0.9994511525494595,1.0071350717417713,0.1799980000000012,0.07415199999999889,-242158.0,1.0068181590301521,1.0057739772060332,1.0055082611508186,0.9969957576493256,0.9965844348553141,0.9953209961751521,1.0019906854412377,1.0011257086821643,1.0002664486807444,0.05714271428571444,0.012857000000000087,0.004666633333333436,0.023540285714285552,0.009415999999999933,0.004119533333333288,-846.8571428571429,-36909.21428571428,-21508.7
2004-03-08,18.35,18.799999,18.35,18.75,7.724228999999999,6615171.0,1.02452310626703,1.0,1.0217983651226157,0.13000100000000003,0.16478600000000032,3904388.0,1.0084807236309243,1.0073668935266942,1.0063256980263862,0.9969957576493256,0.9971796729505523,0.9953209961751521,1.0033440333198986,1.003039877619494,1.0009930608514983,0.07142857142857142,0.025000000000000102,0.01000003333333339,0.040019142857142774,0.024717714285714263,0.009612399999999965,532082.5714285715,247632.07142857142,220505.7
2004-03-09,18.780001,18.950001,18.719999,18.85,7.765425,8462594.0,1.0090521826915773,0.9968050054949413,1.0037273160954572,0.4300009999999972,0.04119600000000023,1847423.0,1.0092990053425093,1.0079341129252988,1.0065721906722749,0.9973307663926873,0.9973086019144767,0.9959879770213003,1.0043513705486051,1.0036235748009155,1.0017618719404997,0.10428599999999985,0.055714357142857045,0.022666699999999908,0.0506122857142856,0.02736585714285709,0.015105133333333291,100332.42857142857,431920.9285714286,104625.96666666666
2004-03-10,18.83,18.99,18.73,18.950001,7.806622,4970958.0,1.0084970791290493,0.9946893255443442,1.0063728624535317,0.04999899999999968,0.04119700000000037,-3491636.0,1.0101178121586691,1.0082613970852232,1.006703911491728,0.997046182051993,0.9974086504421382,0.9960761079485361,1.0057358629092235,1.0044782599489734,1.0021447552344054,0.10714285714285714,0.06785721428571431,0.0409999999999999,0.054731857142857186,0.0344280714285715,0.01977413333333334,267108.85714285716,217196.14285714287,-50261.333333333336
2004-03-11,19.0,19.200001,18.92,19.200001,7.909611,6379570.0,1.0105263684210526,0.9957894736842107,1.0105263684210526,0.1700000000000017,0.102989,1408612.0,1.0103538507570822,1.008491028444045,1.0063643396897417,0.9966823852756868,0.9973489478820007,0.9959932925560496,1.0074773368096086,1.0048685814803417,1.0019010771855392,0.13857128571428592,0.08714278571428556,0.0540000333333334,0.0706215714285713,0.03913614285714281,0.02073533333333334,553648.1428571428,304216.5,37051.666666666664
2004-03-12,19.110001,19.219999,19.01,19.17,7.897251,4153026.0,1.005756043654838,0.994767085569488,1.0031396649325137,0.11000100000000046,-0.012360000000000149,-2226544.0,1.010781081076926,1.008741746881707,1.00646204774156,0.9971990485744884,0.9972157995598759,0.9960825193106077,1.0085579716229767,1.0050527333688737,1.0022693899188646,0.1471430000000003,0.0928572857142859,0.04700000000000001,0.068855857142857,0.03972464285714285,0.022108466666666673,168123.57142857142,147357.2857142857,-221597.5
2004-03-15,19.24,19.24,18.9,18.91,7.790141999999999,4883556.0,1.0,0.9823284823284824,0.982848232848233,0.12999899999999798,-0.10710900000000123,730530.0,1.0093556931293313,1.0082186120728538,1.0061193845015066,0.9948329321672752,0.9959535482976246,0.995493468721557,1.0050782688021678,1.0035459170029022,1.0016024825462635,0.17142842857142832,0.10642857142857132,0.05766666666666656,0.043550142857142635,0.0320739999999999,0.018538166666666633,275802.14285714284,136825.7857142857,70700.46666666666
2004-03-16,18.870001,19.110001,18.85,19.110001,7.872535000000001,3286495.0,1.0127186002798836,0.9989400636491754,1.0127186002798836,-0.36999899999999997,0.08239300000000238,-1597061.0,1.0101533400633473,1.0084857495467496,1.0065433378441695,0.9947599194672346,0.99587783855828,0.9957597966350512,1.0058759157361838,1.0039333005887108,1.0021961191468447,0.09285742857142816,0.0750000714285713,0.03966669999999996,0.04472742857142885,0.0341338571428572,0.020872566666666703,82244.57142857143,40698.857142857145,-20425.7
2004-03-17,19.200001,19.33,19.08,19.25,7.930208,3851739.0,1.0067707808973552,0.9937499482421901,1.0026041144477023,0.33000000000000185,0.05767299999999942,565244.0,1.0076172935819652,1.0080490086064446,1.0064863868785647,0.9938670549304046,0.995431406289865,0.9956833628314851,1.003133879925482,1.0032389566226905,1.002132180554612,0.12142871428571413,0.09642864285714278,0.050333333333333265,0.029425571428571575,0.03472235714285717,0.020323300000000058,-394776.0,68653.28571428571,13729.533333333333
2004-03-18,19.35,19.35,18.959999,19.059999,7.851936,6951084.0,1.0,0.9798449095607235,0.9850128682170542,0.1499990000000011,-0.07827200000000012,3099345.0,1.0063241246260255,1.0078115649842674,1.006299119077782,0.9914441840826591,0.9943874752376732,0.9951800658188202,1.0004603873714246,1.0024058789600148,1.001726240586583,0.08142842857142897,0.0928572142857144,0.05166670000000006,0.01235871428571438,0.03148549999999999,0.01798883333333331,-215930.0,-57798.78571428572,96940.4
2004-03-19,19.1,19.139999,18.950001,19.030001,7.839575999999999,3714677.0,1.0020941884816752,0.9921466492146597,0.9963351308900522,-0.25,-0.012360000000001037,-3236407.0,1.0054094259621151,1.007763619060392,1.0063314703022204,0.99108094460699,0.9940635633294914,0.9952553623846128,0.9990264257194987,1.002381144314361,1.0018849753024441,0.03857142857142902,0.07285714285714308,0.04333336666666673,0.004707714285714181,0.029719785714285685,0.018950066666666654,-179468.7142857143,43820.07142857143,47422.333333333336
2004-03-22,18.91,19.0,18.799999,18.92,7.794263000000001,3019595.0,1.0047593865679534,0.9941829190904283,1.0005288207297727,-0.19000000000000128,-0.04531299999999838,-695082.0,1.004585571411672,1.007469711084377,1.0063584347981454,0.9908514368078781,0.9937669110417825,0.9952119487856607,0.9975982046207444,1.0025377707151766,1.0019026026601032,-0.012857142857142836,0.06285707142857154,0.039666700000000076,-0.016478285714285588,0.027071642857142857,0.01647843333333334,-479996.4285714286,36825.857142857145,46460.8
2004-03-23,18.860001,18.940001,18.73,18.76,7.72835,4359444.0,1.0042417813233413,0.9931070523273037,0.9946977203235567,-0.04999899999999968,-0.065913000000001,1339849.0,1.0043692482214583,1.0075751646491924,1.0064998275089232,0.9906142892018518,0.99390666888817,0.995170085028213,0.9963922125337508,1.0024750920783636,1.0018573895044098,-0.03571428571428571,0.055714357142857295,0.037333366666666735,-0.02412871428571428,0.022363571428571354,0.014967933333333357,29488.285714285714,98805.92857142857,72885.33333333333
2004-03-24,18.75,18.959999,18.67,18.85,7.765425,3461247.0,1.0111999466666666,0.9957333333333335,1.0053333333333334,-0.11000100000000046,0.03707499999999975,-898197.0,1.0059692406024108,1.007662466865871,1.006571672365863,0.9925292679168306,0.993681100042053,0.9951974520181867,0.9996043697459079,1.002341319274038,1.0017336805835717,-0.06999999999999977,0.05071421428571427,0.03533329999999992,-0.003530999999999856,0.020009571428571387,0.01373196666666665,-203187.0,36307.57142857143,9069.3
2004-03-25,18.809999,19.200001,18.809999,19.200001,7.909611,5116338.0,1.020733759741295,1.0,1.020733759741295,0.059999000000001246,0.14418600000000037,1655091.0,1.0071142633826125,1.00863380172298,1.0070390821672481,0.9926806873955198,0.9937203034313773,0.9951974520181867,1.0007493925261095,1.0033126541311466,1.002294302545278,-0.00857171428571389,0.042142857142857135,0.031000000000000107,0.005296571428571285,0.025012000000000065,0.017164999999999993,261406.14285714287,171825.35714285713,63402.066666666666
2004-03-26,19.24,19.4,19.1,19.4,7.992002,7928563.0,1.0083160083160083,0.9927234927234929,1.0083160083160083,0.4300009999999972,0.08239100000000033,2812225.0,1.0073350101567056,1.0074761518693354,1.0070747384222378,0.9925340508928489,0.9932005529116267,0.9951221277046278,1.001565377364439,1.0023496286449605,1.0023299588002679,0.005714142857142589,0.06357142857142836,0.04333329999999987,0.008827714285714272,0.019126642857142922,0.01826356666666668,582403.4285714285,93813.71428571429,152969.1
2004-03-29,19.309999,19.360001,19.1,19.139999,7.884892999999999,2475715.0,1.0025894356597325,0.9891248570235556,0.991196270906073,0.06999900000000281,-0.10710900000000123,-5452848.0,1.0077049295366673,1.0070145270813466,1.007087144966064,0.9938597576732534,0.9926519708779563,0.9948704895253576,1.0024487206057273,1.001454553988576,1.0020549786202813,-0.005714428571428597,0.03785700000000019,0.0423332666666667,0.004708142857142684,0.008533428571428534,0.015242466666666636,-639338.4285714285,-427634.21428571426,-25059.9
2004-03-30,19.299999,19.299999,19.0,19.08,7.860175,2360079.0,1.0,0.9844560095573062,0.9886010874922843,-0.010000000000001563,-0.02471799999999913,-115636.0,1.007405759753571,1.0064075928578429,1.0070130690401382,0.9927610948650599,0.991921019736025,0.994630134288379,1.001343857263189,1.0001851414913439,1.0018416815366906,0.028571285714285466,0.03357135714285724,0.04333329999999999,0.0029427142857143857,0.003825214285714283,0.016066466666666675,-193514.0,-186491.35714285713,-26274.766666666666
2004-03-31,19.07,19.09,18.950001,18.959999,7.810739999999999,2555328.0,1.001048767697955,0.9937074462506554,0.9942317252228631,-0.2299989999999994,-0.049435000000000784,195249.0,1.0068756713435714,1.0057306213776216,1.0070109909263665,0.9926931701736639,0.9917723034907711,0.9945870491634008,1.0004442721907734,0.999021238405759,1.0017975538589343,0.022857142857142878,0.00500000000000002,0.03566666666666667,0.0023538571428569,-0.007062214285714344,0.014281233333333294,-66323.85714285714,-273160.14285714284,4654.233333333334
2004-04-01,19.02,19.18,19.02,19.16,7.89313,3457140.0,1.0084121976866456,1.0,1.0073606729758149,-0.05000000000000071,0.08239000000000107,901812.0,1.0074714451097575,1.005920346665608,1.0071608941529175,0.9936778769840491,0.9921460830929504,0.9948107609581647,1.0022532654268104,0.9993227389802805,1.0022293339454373,0.022856999999999874,-0.00642864285714292,0.038000033333333384,0.023540000000000054,-0.0002943571428571141,0.018950033333333376,-128900.57142857143,-49706.142857142855,50897.6
2004-04-02,19.110001,19.280001,19.02,19.15,7.889011999999999,2682067.0,1.0088958655732148,0.9952903717796769,1.0020930925121354,0.09000100000000089,-0.004118000000000954,-775073.0,1.007142290667836,1.0065557656351234,1.007213705358773,0.9936145967620982,0.9930719323394644,0.9947662630332827,1.0017903738809248,1.0006973718134164,1.0021303747964454,0.05142871428571435,-0.009285642857142713,0.04433333333333327,0.01765528571428567,0.007062142857142906,0.017576899999999954,-111311.42857142857,-157249.2142857143,18717.6
2004-04-05,19.01,19.200001,18.950001,19.16,7.89313,3944839.0,1.0099947922146237,0.9968438190426091,1.0078905839032088,-0.1000009999999989,0.004118000000000954,1262772.0,1.00560815244974,1.0063612079161761,1.0074719989150083,0.9931637137681851,0.9929222005818524,0.9947733515987286,0.9999556344754839,1.0003525135007967,1.0023746763101167,0.028571571428571474,0.009999928571428793,0.04000003333333346,-0.002354428571428535,0.0014710714285713752,0.01840080000000001,-167357.0,47024.57142857143,61827.166666666664
2004-04-06,19.219999,19.440001,19.209999,19.219999,7.917849,3715122.0,1.0114465146434188,0.9994797086097662,1.0,0.20999899999999982,0.024719000000000158,-229717.0,1.00605536763937,1.0066951888980378,1.0076094198256575,0.9941288874662242,0.9933314691795365,0.9947560085523874,0.9987676332874827,1.000166505325961,1.0022432209110557,-0.0028572857142852926,0.001428428571428648,0.048999966666666714,-0.010593285714285703,-0.000882785714285715,0.01922476666666668,-601920.1428571428,-9758.357142857143,24904.233333333334
2004-04-07,19.129999,19.190001,19.059999,19.139999,7.884892999999999,2313913.0,1.0031365396307652,0.9963408257365827,1.000522739180488,-0.08999999999999986,-0.03295600000000132,-1401209.0,1.0061335253495176,1.0069192274430925,1.007414681958505,0.9951597401395137,0.9945097489063836,0.9946340360769401,1.0000999858981134,1.0012743532519204,1.0020174712144532,-0.025714285714285672,-0.015714357142857134,0.04366663333333338,0.0,0.002354071428571342,0.01634106666666663,-23114.571428571428,-331226.5,-13426.6
2004-04-08,19.0,19.1,19.0,19.049999,7.847814,2158940.0,1.0052631578947369,1.0,1.0026315263157894,-0.12999900000000153,-0.03707899999999942,-154973.0,1.0068854050487657,1.0071455824011684,1.0071606154196087,0.9973803102027557,0.9950707025339078,0.9946340360769401,1.0021043343014715,1.0017240957823303,1.0016943577592465,-0.04285699999999996,-0.007142857142857244,0.03833333333333329,-0.001765857142857184,0.0005884285714286008,0.01345729999999999,-28734.14285714286,-111124.07142857143,-24388.433333333334
2004-04-09,19.049999,19.049999,19.049999,19.049999,7.847814,0.0,1.0,1.0,1.0,0.04999899999999968,0.0,-2158940.0,1.006735581091915,1.006805626217743,1.0070498083959258,0.9982792464526621,0.9954862083131629,0.9948187046005598,1.002928373555348,1.0016863228730608,1.0018051592427628,-0.0028572857142858004,0.009999928571428538,0.03333333333333333,0.0052962857142857854,0.0038250714285713422,0.014555833333333308,-365046.85714285716,-215685.35714285713,-258675.56666666668
2004-04-12,19.049999,19.049999,19.049999,19.049999,7.847814,0.0,1.0,1.0,1.0,0.0,0.0,0.0,1.0055338385652512,1.0065026418375045,1.0069576273487282,0.9982792464526621,0.9959785617183555,0.9949293240695863,1.0018768488445173,1.002065057135664,1.0019157787117894,0.004285571428571444,0.013571285714285659,0.032333300000000044,-0.006473714285714368,0.008533142857142842,0.014143833333333333,-493877.14285714284,-311388.85714285716,-103373.2
2004-04-13,19.09,19.1,18.870001,18.870001,7.773663000000001,3275635.0,1.000523834468308,0.9884756940806705,0.9884756940806705,0.040001000000000175,-0.07415099999999875,3275635.0,1.0043378341216933,1.0057400623947645,1.0066792852232664,0.9973057210670897,0.9954601589145939,0.9946006455016636,0.9999315062114509,1.0008609400461879,1.0015871001438665,-0.0028572857142858004,0.024285714285714275,0.03533330000000004,-0.01647842857142834,0.0005884285714286643,0.011946766666666667,84795.42857142857,-13258.0,25720.066666666666
2004-04-14,18.75,18.860001,18.709999,18.809999,7.748945,4989334.0,1.00586672,0.9978666133333334,1.0031999466666668,-0.33999999999999986,-0.024718000000000906,1713699.0,1.0037481095196041,1.004678130984672,1.006782661509402,0.9974518345371932,0.9953077741526891,0.9948245178635121,0.9992614151776592,0.9996085248265717,1.001841257658124,-0.037142857142857366,-0.004285642857142946,0.02233333333333339,-0.020597857142857175,-0.011476142857142855,0.011122833333333304,149213.57142857142,-9071.714285714286,67105.76666666666
2004-04-15,18.799999,18.860001,18.67,18.67,7.691272,3429610.0,1.0031915959144466,0.9930851592066575,0.9930851592066575,0.04999899999999968,-0.05767300000000031,-1559724.0,1.0025688354154652,1.0043121015274177,1.006556457518778,0.9965383274796062,0.9953336074729152,0.9946309799311016,0.9982735807786103,0.9985206070330465,1.0013705578785494,-0.06000000000000024,-0.031428642857142766,0.02533326666666665,-0.032368142857142956,-0.02148071428571433,0.006866033333333317,-40787.42857142857,-321353.78571428574,15888.966666666667
2004-04-16,18.66,18.719999,18.51,18.639999,7.678913,3383110.0,1.0032153804930333,0.9919614147909969,0.9989281350482315,-0.13999899999999954,-0.012359000000000009,-46500.0,1.002580098395789,1.0043568118726534,1.0064258011438203,0.9959126973445226,0.9955362187420181,0.9943813220058195,0.9980457801882879,0.9990728830432009,1.0010969933220981,-0.06714271428571449,-0.04642850000000008,0.014666699999999958,-0.029425714285714197,-0.014712857142857099,0.003982333333333354,152742.42857142858,64813.92857142857,22410.9
2004-04-19,18.74,19.0,18.68,18.93,7.798381,6047511.0,1.0138740661686234,0.9967982924226255,1.0101387406616864,0.0799999999999983,0.11946800000000035,2664401.0,1.0038102281492016,1.0053478165989838,1.00607083314054,0.9954553105477549,0.9964178103752552,0.994274598419907,0.999118239380559,1.0006112868410153,1.0007083391734006,-0.037142857142857366,-0.03999992857142866,0.0129999999999999,-0.007061857142857088,-0.004413857142857136,0.0024717333333333555,555510.1428571428,263388.0,-18922.0
2004-04-20,18.98,19.129999,18.91,19.110001,7.872535000000001,3335374.0,1.0079030031612224,0.9963119072708113,1.0068493677555321,0.240000000000002,0.07415400000000094,-2712137.0,1.0049392286008048,1.00583740484636,1.0060325271561947,0.9949284401578707,0.9966038433052665,0.994258161812436,1.0000967204884923,1.00151254702192,1.0008124075620697,-0.009999857142857036,-0.006428571428571418,0.006666633333333394,0.0035315714285716177,0.004413928571428701,0.003570333333333379,476482.0,55717.57142857143,-170907.33333333334
2004-04-21,19.030001,19.040001,18.780001,18.82,7.753064999999999,4951835.0,1.0005254860470056,0.9868628488248634,0.9889647404642806,0.050000999999998186,-0.11947000000000152,1616461.0,1.0050142980360914,1.0052740683006713,1.0057668073867934,0.9930517042757083,0.9956654753641853,0.9939972792551199,0.9985202548405322,1.000198551842525,1.0002321368290947,-0.002856857142857296,0.0007143571428570741,0.006666700000000011,-0.013535571428571456,-0.010004642857142912,-0.0017852333333333507,707405.0,106763.92857142857,-637.4333333333333
2004-04-22,18.9,19.08,18.83,18.93,7.798381,3532535.0,1.0095238095238095,0.9962962962962962,1.0015873015873016,-0.13000100000000003,0.04531600000000058,-1419300.0,1.0063000087583058,1.0053189214399996,1.0057333887568853,0.994168933163655,0.9957373271153723,0.9940141733421896,1.0003933416271937,1.0001624239193225,0.9999341679346363,-0.027142857142857326,-0.015000071428571562,-0.003333333333333381,0.003531142857142733,-0.006473642857142803,-0.0037076666666666647,36700.0,60747.71428571428,-94901.16666666667
2004-04-23,19.040001,19.09,18.860001,18.9,7.786019,3965625.0,1.0026259977612395,0.990546218983917,0.9926470066887075,0.1400010000000016,-0.012362000000000428,433090.0,1.0058370484384829,1.0047925789790435,1.0056290538937653,0.9931231625423097,0.9952874985397514,0.9938734777893371,0.9988857787731995,0.9990735969754294,0.9995844126598428,0.04142871428571431,0.0021429285714284724,-0.0023333333333333426,0.005296285714285658,-0.007650785714285758,-0.0037077333333333405,-146244.14285714287,1484.7142857142858,-6246.7
2004-04-26,19.049999,19.049999,18.950001,18.950001,7.806622,1724959.0,1.0,0.994750760879305,0.994750760879305,0.009997999999999507,0.02060300000000037,-2240666.0,1.0053811061649907,1.003974970790228,1.0056290538937653,0.9933611056384022,0.9949497165590042,0.9942875537410312,0.9991237218692921,0.9986986513239512,0.9999811635942119,0.03571428571428571,-0.012142857142857264,-0.0063333666666666255,0.01647857142857147,-0.007944785714285743,0.0005493333333333794,-243521.57142857142,-142154.5,-105286.56666666667
2004-04-27,19.08,19.09,18.709999,18.879999,7.777784,9446744.0,1.000524109014675,0.9806079140461217,0.9895177672955977,0.030000999999998612,-0.028838000000000363,7721785.0,1.0049966388109393,1.0037883686033644,1.0052225708515918,0.9917391769605628,0.9938259371525427,0.9936764820875961,0.9977793836189158,0.9979125819036019,0.9992078024947357,0.059999999999999734,-0.0035713571428573738,0.006999966666666661,0.014124428571428562,-0.0076506428571428186,-0.003158366666666712,866233.4285714285,509487.9285714286,205341.63333333333
2004-04-28,18.809999,18.940001,18.620001,18.65,7.683033,7313221.0,1.0069113241313834,0.9898990956884154,0.9914939389417298,-0.27000099999999705,-0.09475099999999959,-2133523.0,1.004001961377048,1.0039060947631246,1.0052272556260593,0.9907535774271043,0.9931044439874296,0.9935481203358035,0.9951158405160649,0.9971170399483118,0.9988374633112033,0.009999857142857544,-0.013571499999999912,-0.013000066666666636,-0.016478285714285716,-0.011770071428571402,-0.00823916666666668,180815.7142857143,368162.9285714286,115382.73333333334
2004-04-29,18.530001,18.709999,18.41,18.700001,7.70363,6879531.0,1.0097138688767475,0.9935239614935801,1.0091743114314997,-0.27999800000000263,0.02059700000000042,-433690.0,1.0042606564792658,1.0045999425400354,1.005551051255284,0.9903552994589285,0.9926418698083996,0.9940040887335654,0.9954479753269173,0.9977723479077047,0.9996428447516847,-0.06428557142857169,-0.03714271428571436,-0.027333300000000095,-0.02412928571428579,-0.010298857142857085,-0.004943533333333328,506308.14285714284,491395.0714285714,-2385.1
2004-04-30,18.67,18.700001,18.559999,18.57,7.650075999999999,15088410.0,1.0016069094804498,0.9941081414033208,0.9946438136047133,0.1399990000000031,-0.05355400000000099,8208879.0,1.0044151455411863,1.0047147217886387,1.00553480862191,0.9913903412558509,0.9922210227657796,0.9940694718065208,0.9962592714898363,0.9973897631651842,0.9995864675088401,-0.05142871428571384,-0.02714278571428557,-0.014333333333333325,-0.014712714285714286,-0.014124142857142872,-0.00631666666666666,1448082.142857143,1077743.5714285714,379124.43333333335
2004-05-03,18.57,18.639999,18.49,18.610001,7.666555000000001,2731588.0,1.0037694668820678,0.9956919763058696,1.0021540656973613,-0.10000000000000142,0.016479000000001243,-12356822.0,1.003593096592366,1.0049465526753358,1.0055018112990473,0.991304009828647,0.9927364714961511,0.9941197737137022,0.9963402377912735,0.9983667897092336,0.9996406423410931,-0.047142857142856896,-0.03714285714285711,-0.011333333333333329,-0.018832285714285617,-0.007650571428571443,-0.004256933333333338,-114421.0,-38860.5,-9600.233333333334
2004-05-04,18.65,18.700001,18.379999,18.450001,7.600641,6644895.0,1.002681018766756,0.9855227345844506,0.9892761930294907,0.0799999999999983,-0.06591400000000025,3913307.0,1.0036009567360114,1.0047190025872472,1.0054497858804943,0.9905863692001519,0.9918547658712308,0.9938669631222738,0.995858692982814,0.9973722358780067,0.9994599247646241,-0.055714428571428797,-0.007142857142857244,-0.007000033333333396,-0.026482571428571307,-0.010593142857142825,-0.004256966666666647,382752.85714285716,118254.35714285714,76181.7
2004-05-05,18.4,18.48,18.26,18.33,7.551206,5308582.0,1.0043478260869567,0.9923913043478263,0.996195652173913,-0.25,-0.049435000000000784,-1336313.0,1.0042220747484338,1.0048015904567122,1.0052213818611706,0.9902493039813692,0.9918052048098858,0.9937555621560903,0.9960651060249008,0.9975944139470965,0.9991553353926435,-0.09285700000000016,-0.02857135714285722,-0.011666666666666714,-0.03648800000000004,-0.010004714285714287,-0.007140633333333331,511946.14285714284,134212.2857142857,61577.833333333336
2004-05-06,18.27,18.42,18.18,18.299999,7.538846,4647168.0,1.0082101806239738,0.9950738916256158,1.0016419813902573,-0.129999999999999,-0.01235999999999926,-661414.0,1.0053200849783337,1.0051583618946365,1.0048039292239266,0.9923158722070112,0.9920275245837871,0.9935913585436108,0.997797136609852,0.997788260114384,0.9985189427809422,-0.11571428571428553,-0.027857142857142896,-0.01799996666666672,-0.03413399999999989,-0.010004785714285662,-0.012358833333333319,-685653.7142857143,90289.85714285714,-15639.0
2004-05-07,18.200001,18.48,18.17,18.219999,7.505889999999999,4709602.0,1.015384559594255,0.9983515934971653,1.0010987911484182,-0.06999899999999926,-0.03295600000000132,62434.0,1.0065305471873152,1.0052662542821815,1.0050395475998681,0.9935233718939755,0.99213847466054,0.9937789619027332,0.9991692583536648,0.9971425494348648,0.9982783688753559,-0.08714257142857156,-0.03857135714285701,-0.03466663333333327,-0.025306142857142992,-0.020892214285714354,-0.016203733333333373,-371945.5714285714,-95564.92857142857,-107298.7
2004-05-10,18.15,18.25,18.059999,18.08,7.448216,4864304.0,1.0055096418732783,0.995041267217631,0.9961432506887052,-0.05000100000000174,-0.05767399999999867,154702.0,1.005929943329677,1.0050952999044713,1.0051368878069864,0.9937401298545542,0.9920477146567412,0.993976175575869,0.9973076782475514,0.9963778267872343,0.9984432682014437,-0.05428585714285715,-0.05928571428571442,-0.03866663333333342,-0.03648771428571429,-0.03030850000000004,-0.014555899999999955,-287889.5714285714,109209.28571428571,79619.63333333333
2004-05-11,18.02,18.18,17.98,18.1,7.456455,4811198.0,1.0088790233074363,0.997780244173141,1.0044395116537181,-0.129999999999999,0.008238999999999663,-53106.0,1.0069688167335318,1.0056919811373592,1.0054328552505676,0.9942647159645285,0.9928275286101896,0.9944203167297301,0.9987070636831233,0.9974831675864798,0.9989712156734915,-0.09285714285714317,-0.0721429285714285,-0.042666633333333336,-0.02766014285714277,-0.021186428571428526,-0.013457333333333328,-1468173.142857143,-10045.5,81703.96666666666
2004-05-12,18.209999,18.299999,18.120001,18.290001,7.534727,4634749.0,1.0049423396453783,0.9950577701843915,1.0043933006256618,0.18999900000000025,0.07827200000000012,-176449.0,1.0071363699854334,1.0053647332888997,1.0055626409821483,0.9941741150900317,0.9927390624593393,0.9944653275275214,0.9990269543871663,0.99768359608922,0.9993099348535848,-0.05142871428571435,-0.04928578571428562,-0.028666700000000014,-0.0188325714285715,-0.01883242857142856,-0.009200433333333298,271880.14285714284,78729.57142857143,69314.03333333334
2004-05-13,18.35,18.42,18.15,18.17,7.485291,6437528.0,1.0038147138964577,0.9891008174386919,0.9901907356948229,0.1400010000000016,-0.049436000000000035,1802779.0,1.0072983264325337,1.0054496415842726,1.0054093915224755,0.9946852697834947,0.9926358194918233,0.9941020214421444,0.9991576033393567,0.9975081481610852,0.9987376036108849,-0.04285714285714245,-0.04928578571428562,-0.02233333333333327,-0.01647857142857147,-0.021480571428571387,-0.013594633333333335,-29623.85714285714,176564.5,99346.26666666666
2004-05-14,17.65,17.75,17.540001,17.620001000000002,7.451461,9054848.0,1.0056657223796035,0.9937677620396601,0.998300339943343,-0.7000000000000028,-0.03383000000000003,2617320.0,1.0074865973314833,1.0058543360399586,1.0053017200826886,0.9948819065966138,0.9925656052889915,0.9940512677841439,0.9994582730207037,0.9977616895228023,0.9986111785252586,-0.10714285714285714,-0.09999992857142866,-0.04866670000000006,-0.014249285714285647,-0.025368642857142847,-0.014585033333333304,535180.8571428572,523563.5,212426.03333333333
2004-05-17,17.709999,17.709999,17.52,17.52,7.409172,4089403.0,1.0,0.989271653826745,0.989271653826745,0.059999000000001246,-0.04228900000000024,-4965445.0,1.0063137143852012,1.0058168996817674,1.0049685603422012,0.9940530154824894,0.9931844438447504,0.9937988622769484,0.9976910833687735,0.9977441099893127,0.9979905475227098,-0.08000014285714283,-0.09785721428571417,-0.04333336666666673,-0.018524857142857214,-0.026329428571428552,-0.016131933333333345,-79680.71428571429,-382667.21428571426,4818.8
2004-05-18,17.450001,17.73,17.450001,17.719998999999998,7.493749,3708934.0,1.0160457870460866,1.0,1.0154726638697613,-0.2599979999999995,0.08457700000000035,-380469.0,1.0064081754497487,1.006469361318532,1.0051218694222899,0.9942885021257515,0.9939059370098635,0.9938162053232895,0.9997444937575367,0.9994568760556009,0.9985063029850352,-0.10714285714285714,-0.09714271428571435,-0.05899993333333337,-0.0017344285714284066,-0.013520285714285698,-0.01413666666666667,-142952.57142857142,-257449.07142857142,-206.26666666666668
2004-05-19,17.68,17.84,17.57,17.84,7.5445,4369988.0,1.009049773755656,0.9937782805429864,1.009049773755656,0.2299989999999994,0.05075099999999999,661054.0,1.0069139085758025,1.0064219259527396,1.0053189772264528,0.9941080754579451,0.9939241026562496,0.9937307871501697,1.001588282767101,0.9994479805073262,0.9987905374708741,-0.06714285714285698,-0.06071435714285706,-0.04833330000000006,0.013754857142857116,-0.011366428571428586,-0.011346433333333295,-70616.57142857143,-179253.07142857142,68535.83333333333
2004-05-20,17.75,17.85,17.629998999999998,17.629998999999998,7.45569,3678868.0,1.0056338028169014,0.99323938028169,0.99323938028169,0.07000000000000028,-0.0888100000000005,-691120.0,1.0064503056485834,1.0067095611910577,1.0053313320571917,0.9934593806163093,0.9938620482904189,0.9935054331595593,0.9999882639996686,0.9993476638413961,0.9984774659364041,-0.038571428571428513,-0.06571428571428584,-0.041666666666666664,-0.0001092857142857641,-0.013884714285714266,-0.013070799999999997,-161761.42857142858,-814967.2857142857,50664.26666666667
2004-05-21,17.65,17.82,17.65,17.75,7.506438,2939565.0,1.009631728045326,1.0,1.0056657223796035,-0.10000000000000142,0.05074800000000046,-739303.0,1.0071202182771475,1.0071282941312905,1.0056523896587026,0.9941654134471104,0.9941697642685712,0.9935054331595593,1.000170038535946,0.9995984964615562,0.9986663233490576,-0.07999985714285732,-0.06571428571428584,-0.04666663333333337,-0.004041285714285715,-0.011436928571428608,-0.011379199999999982,-242169.14285714287,14855.5,97985.5
2004-05-24,17.74,17.85,17.73,17.83,7.540267999999999,2006323.0,1.0062006764374296,0.9994363021420519,1.0050732807215332,0.08999999999999986,0.03382999999999914,-933242.0,1.0074610700687148,1.0073796982506242,1.0058590788732835,0.9956419112618763,0.9951635905226854,0.993486643230961,1.0022961163969044,1.0007268598681305,0.998835432706442,-0.08714285714285756,-0.06500000000000002,-0.04366663333333338,0.007853857142857024,-0.004312357142857223,-0.010251533333333344,-633029.2857142857,-331326.5714285714,66877.43333333333
2004-05-25,17.85,17.959999,17.76,17.870001000000002,7.557187,2281110.0,1.0061624089635854,0.9949579831932773,1.0011205042016806,0.11000000000000298,0.016919000000000572,274787.0,1.007532025294998,1.0075093113132405,1.0060470313564596,0.9958119428552502,0.9953469247259319,0.9937027195347146,1.0026989970052385,1.0010786350129712,0.9992569263771424,0.028571428571428976,-0.039285714285714084,-0.041333333333333284,0.015103714285714252,0.00042721428571430257,-0.0072158666666667,-967676.8571428572,-216248.0,-33150.833333333336
2004-05-26,17.99,18.01,17.75,17.82,7.536039,4212694.0,1.001111728738188,0.9866592551417455,0.9905503057254031,0.13999999999999702,-0.021148000000000167,1931584.0,1.0076908436861676,1.0070022790356845,1.0058885316477324,0.9954387430431073,0.9947458792627983,0.9933291409283282,1.0028816615621896,1.0002863724654816,0.9988352716791002,0.04000014285714266,-0.02000000000000008,-0.025333333333333385,0.01812385714285712,-0.00020050000000004786,-0.007096866666666675,17613.0,-31033.85714285714,-25888.0
2004-05-27,17.77,18.0,17.74,18.0,7.612163000000001,3798977.0,1.0129431626336522,0.9983117613956105,1.0129431626336522,-0.21999999999999886,0.07612400000000097,-413717.0,1.0072476116272484,1.0068278935384984,1.006213583871706,0.9951975660996231,0.9947430341126873,0.9935033610012934,1.0025203042427455,1.001132399000141,0.9994972051266668,0.04571414285714275,-0.030714357142857196,-0.034333300000000004,0.01691628571428578,0.007590928571428687,-0.002636966666666633,12863.285714285714,-65044.642857142855,12312.233333333334
2004-05-28,18.08,18.219999,18.059999,18.129999,7.667136999999999,9896173.0,1.007743307522124,0.9988937500000001,1.0027654314159293,0.3099999999999987,0.054973999999998746,6097196.0,1.0070609735938867,1.0069874410848445,1.0063645147726756,0.995928347450625,0.9950182114542852,0.9937344388415936,1.0016225410513562,1.0016054119092286,0.99962511500559,0.05714285714285694,-0.00500000000000002,-0.019333333333333393,0.01751957142857132,0.015637214285714216,-0.00039253333333334105,789455.0,359419.21428571426,217102.1
2004-05-31,18.129999,18.200001,17.959999,18.049999,7.633307,4722450.0,1.003861114388368,0.9906232758203681,0.9955874239154673,0.049999000000003235,-0.03382999999999914,-5173723.0,1.0068077323898106,1.0066290190191969,1.0060307497133338,0.9955546182418649,0.9945069994290872,0.9935286049548517,1.0019579758561814,1.000973119927925,0.9991400711140493,0.05428557142857165,0.007857071428571569,-0.020333366666666564,0.025373857142857226,0.012632285714285731,-0.005502466666666658,149083.14285714287,-6339.142857142857,-44168.7
2004-06-01,18.0,18.110001,17.91,18.030001,7.62485,2367612.0,1.0061111666666667,0.995,1.0016667222222222,-0.12999900000000153,-0.008456999999999937,-2354838.0,1.0063047950500021,1.0067125066635747,1.005971021830182,0.994840332527579,0.9945028729873447,0.9934848747124913,1.0013866901194126,1.0007783643276793,0.9989673162629391,0.050000000000000204,-0.014999928571428558,-0.032666666666666684,0.016916000000000025,0.006437357142857155,-0.008256166666666686,-81707.57142857143,-161938.35714285713,-32258.733333333334
2004-06-02,17.98,18.35,17.959999,18.35,7.760175,4249766.0,1.0205784204671857,0.998887597330367,1.0205784204671857,-0.019999999999999574,0.13532499999999992,1882154.0,1.0083587584828242,1.0079099142757697,1.0066394529775213,0.9947619461259097,0.9952019286938931,0.9938856996626747,1.0036017100830772,1.002948913239991,1.0000211055963693,0.03428571428571457,-0.0264285714285715,-0.03500003333333327,0.031415285714285854,0.01963457142857144,0.00023700000000002793,320491.85714285716,-156268.7142857143,-23402.3
2004-06-03,18.35,18.48,18.219999,18.379999,7.772862,3336146.0,1.0070844686648501,0.9929154768392371,1.0016348228882834,0.370000000000001,0.01268699999999967,-913620.0,1.0084904812972906,1.0080112532961443,1.006558141615556,0.994470159503904,0.9951410511795771,0.9937730056807728,1.0036751841811633,1.0031870905932008,1.0000226896397353,0.07142857142857142,0.050000000000000204,-0.01833333333333324,0.030810714285714295,0.022957214285714272,-0.0008506333333333356,150719.42857142858,-408478.71428571426,-6546.3
2004-06-04,18.360001,18.389999,18.27,18.370001,7.768634,1815063.0,1.0016338779066514,0.9950979850164495,1.0005446622797023,0.010000999999999038,-0.004228000000000343,-1521083.0,1.0085650740356427,1.0081279588609051,1.0065250709537363,0.9956756923431475,0.9955572176931273,0.9939247312151905,1.0051029494032062,1.0039923054826978,1.000285944826102,0.052857285714286,0.04642871428571433,-0.022666666666666658,0.03322785714285713,0.025675857142857122,-0.0005794999999999995,-342518.71428571426,-162452.85714285713,-71685.4
2004-06-07,18.49,18.49,18.32,18.360001,7.764406,1955656.0,1.0,0.9908058409951326,0.9929692266089779,0.12999899999999798,-0.004227999999999454,140593.0,1.006716050802264,1.006981831214756,1.0065250709537363,0.994603418000222,0.9949004920499226,0.993793233885718,1.0022495299711096,1.0023849171069277,1.0002265603504241,0.10285714285714269,0.07428564285714272,-0.018666633333333373,0.021748999999999925,0.01933264285714285,-0.0014071999999999937,-263331.5714285714,-125234.14285714286,7689.9
2004-06-08,18.440001,18.459999,18.27,18.32,7.747489,2027141.0,1.0010844901798,0.9907808573329253,0.993492353932085,-0.04999899999999968,-0.016917000000000293,71485.0,1.0057647911819316,1.0064128823879093,1.0065437503259071,0.9934444333334971,0.994686390392061,0.9941323319952782,1.0009248046162749,1.0012736728338154,1.0003590465716405,0.05142871428571435,0.05428578571428565,-0.021333299999999986,0.011478857142857204,0.01449921428571426,-0.0010098333333333246,-1124147.4285714286,-167346.2142857143,-247320.1
2004-06-09,18.4,18.42,18.24,18.280001,7.730574000000001,3526615.0,1.0010869565217393,0.9913043478260869,0.9934783152173913,-0.040001000000000175,-0.016914999999999125,1499474.0,1.0053684829152705,1.0060881076525405,1.006349604738919,0.9935417293343141,0.9945481737880895,0.9941791737332006,1.0006235033736925,1.0012907396149369,1.0004251924474956,0.038571571428571004,0.046428571428571326,-0.013666633333333423,0.013895285714285777,0.0196345714285715,0.0015847000000000242,-170833.57142857142,-10875.214285714286,-126220.2
2004-06-10,18.280001,18.35,18.15,18.24,7.713657,2252298.0,1.0038292667489461,0.9928883483102654,0.9978117616076717,-0.11999899999999997,-0.016917000000000293,-1274317.0,1.0050424972127388,1.0056736461313707,1.006153451334659,0.9932400648072092,0.994040198667394,0.9941579866270902,1.000072794714471,1.0007297424169417,1.0000464407867016,0.04000014285714266,0.04500007142857143,-0.008333333333333333,0.012686714285714298,0.014801357142857161,0.0003342333333333336,-16473.428571428572,-49090.5,-154241.1
2004-06-11,18.290001,18.360001,18.27,18.299999,7.739031,1372118.0,1.0038272277841866,0.9989064516726927,1.0005466374769472,0.010000000000001563,0.02537399999999934,-880180.0,1.0026494696865964,1.0055041140847103,1.0062274619447835,0.9932427582846842,0.9940023522052971,0.9943179303027357,0.9972111114301513,1.0004064107566142,1.0002432015824427,0.044285857142857106,0.039285785714285835,-0.012666633333333384,-0.0030205714285714996,0.014197357142857176,0.002965166666666678,-411092.5714285714,-45300.357142857145,-457209.73333333334
2004-06-14,18.299999,18.299999,18.299999,18.299999,7.739031,0.0,1.0,1.0,1.0,0.009997999999999507,0.0,-1372118.0,1.001637402734475,1.0050639420158827,1.0061018130487147,0.994254833021936,0.9943624962629202,0.9944615310925402,0.9969775653032537,1.0003263747422084,1.0001713993925305,-0.007143000000000248,0.03214278571428559,-0.009000033333333353,-0.004833000000000024,0.012988857142857135,0.0024158666666666364,-476592.28571428574,-162936.42857142858,-91052.93333333333
2004-06-15,18.200001,18.33,18.17,18.219999,7.705199,2504633.0,1.0071428018053405,0.9983515934971653,1.0010987911484182,-0.09999799999999937,-0.03383199999999942,2504633.0,1.0024243918628588,1.0054947329492507,1.006250539150001,0.9947196342334669,0.9951976632883072,0.994889159722964,0.9970567265702129,1.0010798379867096,1.000565485996495,-0.022857142857142878,0.015000071428571562,-0.014999966666666609,-0.00906214285714275,0.012082857142857189,0.0034852666666666645,98510.0,-122004.35714285714,-138008.73333333334
2004-06-16,18.299999,18.32,18.17,18.18,7.688283,1966493.0,1.0010929508793962,0.9928962291200126,0.9934426772373047,0.09999799999999937,-0.016916000000000153,-538140.0,1.0025805277027726,1.0046482892525181,1.0061420433097488,0.9950182611084496,0.9948108395543359,0.9949059905487035,0.9971243623742597,0.9996869461726847,1.0004737201652747,-0.027142999999999824,0.037857071428571434,-0.00333336666666663,-0.010874714285714277,0.005437142857142823,0.004569233333333352,1548.142857142857,-130891.71428571429,-111402.96666666666
2004-06-17,18.219999,18.299999,18.16,18.299999,7.739031,10774778.0,1.0043907796043237,0.9967069701815021,1.0043907796043237,-0.0799999999999983,0.05074799999999957,8808285.0,1.003052854763419,1.0044088229726753,1.0060147299424271,0.9958648486582465,0.9946546409958718,0.9949604265005664,0.9986812803274366,0.9998030424718557,1.0005653467724103,-0.031428857142856766,0.009999928571428793,-0.0016666999999999396,-0.0012082857142857253,0.005135285714285739,0.006672833333333313,1249662.4285714286,62757.5,204253.66666666666
2004-06-18,18.389999,18.549999,18.309999,18.549999,7.844753999999999,6109166.0,1.008700381114757,0.9956498094426216,1.008700381114757,0.16999999999999815,0.10572299999999935,-4665612.0,1.0041404868481358,1.0047544848817032,1.0057919239931106,0.9964856288891799,0.9950136791117469,0.9948703670320816,1.0008558611699174,1.000739682271805,1.0008187331046214,-0.0014287142857141483,0.01857142857142843,0.006333266666666641,0.01631142857142834,0.015103357142857059,0.011295466666666669,368935.85714285716,99051.14285714286,46652.13333333333
2004-06-21,18.549999,18.67,18.5,18.65,7.887047,4079378.0,1.0064690569525099,0.9973046359732958,1.0053908897784847,0.16000000000000014,0.0422930000000008,-2029788.0,1.0045175997343592,1.0047800484735492,1.0058239044957515,0.9971165271267558,0.9951782959669825,0.9949458126572704,1.001938593765748,1.0010056942401095,1.0011269877409474,0.03857114285714301,0.03928564285714283,0.013333300000000037,0.024769999999999927,0.018728357142857113,0.014627699999999985,261011.42857142858,122269.0,-26164.2
2004-06-22,18.639999,18.690001,18.52,18.65,7.887047,3491971.0,1.0026825108735251,0.9935622850623543,1.000536534363548,0.08999999999999986,0.0,-587407.0,1.0043540687471217,1.0035017692168589,1.0056173540812878,0.9963530747538503,0.9947979165192672,0.9948052140202442,1.0019371504638337,0.9995741309469925,1.0009968884979417,0.049999714285714196,0.04714278571428565,0.020666633333333333,0.02114514285714288,0.00906228571428569,0.014353066666666662,302836.14285714284,-54128.21428571428,-43974.23333333333
2004-06-23,18.68,18.719999,18.559999,18.6,7.8659,3513128.0,1.0021412740899358,0.9935759635974305,0.9957173447537474,0.040001000000000175,-0.021147000000000027,21157.0,1.004659965045684,1.0031486838900794,1.0055239852294398,0.9954353552677688,0.9948450941448524,0.9947558204673456,1.001325342571512,0.9991514539373828,1.0007076899688778,0.05428585714285715,0.023571428571428448,0.015666699999999995,0.018124142857142873,0.006645571428571425,0.011039099999999991,501875.4285714286,12641.57142857143,-37387.36666666667
2004-06-24,18.6,18.629999,18.51,18.51,7.827839999999999,2934283.0,1.0016128494623655,0.9951612903225806,0.9951612903225806,-0.0799999999999983,-0.03806000000000065,-578845.0,1.0038699718538304,1.0031471818583448,1.0054505897483033,0.9949795976713995,0.9948496159524333,0.9949578362301419,1.0004771281678209,0.998766927369017,1.0008733751231367,0.05714271428571444,0.017142785714285784,0.008333333333333333,0.0175201428571427,0.004228999999999975,0.01141829999999997,61378.57142857143,79944.28571428571,-116774.83333333333
2004-06-25,18.549999,18.549999,18.32,18.370001,7.768634,6052356.0,1.0,0.9876011314070691,0.9902966032504906,-0.05000100000000174,-0.05920599999999965,3118073.0,1.0037138360139168,1.0031471818583448,1.0052617323356499,0.9942231551409791,0.9946207081247145,0.9947522818757222,1.0000276890268476,0.9985760257005536,1.0006065839000413,0.03571428571428571,0.004285642857142946,0.029999966666666704,0.0114787142857142,0.00030199999999996105,0.010572433333333317,583694.7142857143,292621.4285714286,-100083.06666666667
2004-06-28,18.35,18.35,18.18,18.25,7.717886999999999,2211558.0,1.0,0.9907356948228881,0.994550408719346,-0.19999899999999826,-0.05074700000000032,-3840798.0,1.0030865817847276,1.0030697182740733,1.0052617323356499,0.9933701158040343,0.9946174822311403,0.9948010832422602,0.9986219217575648,0.9986516010425008,1.0007825423964616,0.018571571428571434,-0.006428642857142667,0.02133336666666672,-0.0030205714285714996,-0.002114428571428612,0.01029049999999998,-1223317.142857143,13172.642857142857,-62594.833333333336
2004-06-29,18.27,18.379999,18.219999,18.370001,7.768634,4959313.0,1.00602074438971,0.9972632183908047,1.0054735084838533,-0.08000000000000185,0.05074700000000032,2747755.0,1.0027037765382922,1.003422131693214,1.004927564247104,0.9936006027966319,0.9950431158429058,0.9947098571886204,0.9981609399531501,0.9995084005615338,1.0004492372169311,-0.017142714285714282,-0.009285714285714215,0.027333299999999974,-0.010874285714285645,0.002718571428571348,0.009162833333333313,-164264.7142857143,102335.57142857143,41679.3
2004-06-30,18.379999,18.379999,18.209999,18.280001,7.730574000000001,3288766.0,1.0,0.9907508156012412,0.9945594121087817,0.10999900000000196,-0.03805999999999887,-1670547.0,1.0017796255450766,1.0031486126397178,1.0046259051219155,0.9926643427434813,0.9948904349351185,0.9946089416905621,0.9966135860003353,0.9992760898830416,0.9999662251620354,-0.024285714285714022,0.007142714285714494,0.02333330000000006,-0.0223532857142856,0.0012083571428571638,0.006202466666666684,-112944.57142857143,74033.42857142857,-36040.73333333333
2004-07-01,18.299999,18.309999,18.1,18.17,7.684053,3301544.0,1.0005464481172923,0.9890710922989668,0.9928962291200126,-0.08000000000000185,-0.046521000000001145,12778.0,1.0014744737227577,1.0029142712349397,1.0044563266319284,0.992022743777283,0.9941879092655667,0.9944699987578047,0.9955221138226874,0.9987296321432606,0.9999547867899795,-0.04857142857142855,0.000714142857142822,0.01833329999999999,-0.028999142857142907,-0.003927000000000014,0.007612099999999996,-27203.85714285714,137816.14285714287,-12577.466666666667
2004-07-02,18.18,18.27,18.120001,18.139999,7.671367,3436803.0,1.004950495049505,0.9966997249724971,0.9977997249724972,-0.11999899999999997,-0.012685999999999531,135259.0,1.001875791002696,1.0032678780241902,1.0043002855320677,0.9924689954022926,0.9939521753350306,0.9943599895902213,0.9958195967110803,0.9985724696412961,0.9996925868764092,-0.07142857142857142,-0.008571357142857141,0.017666666666666705,-0.02779042857142855,-0.004833142857142837,0.00549763333333333,-10903.57142857143,245485.92857142858,16574.6
2004-07-05,18.139999,18.25,18.139999,18.190001,7.692512,2972357.0,1.0060640025393608,1.0,1.0027564499865738,-0.040001000000000175,0.021144999999999747,-464446.0,1.0025116700136956,1.003190820933763,1.0042957297354655,0.9931602396419239,0.9940699186566617,0.9943787795188197,0.9969046195202222,0.9986908738440216,0.9996153591852439,-0.06571442857142884,-0.004285857142857198,0.013333300000000037,-0.01933257142857135,-0.0009062142857143256,0.0050748000000000165,5439.142857142857,33408.857142857145,32201.133333333335
2004-07-06,18.200001,18.33,18.129999,18.290001,7.734803,3231808.0,1.0071428018053405,0.9961537364750694,1.0049450546733487,0.06000200000000078,0.04229100000000052,259451.0,1.0035320702716013,1.003622953142759,1.0043284094968574,0.9943820403659239,0.9943025977534515,0.9944186379615461,0.9989972554377733,0.9995124722323103,0.9997428442009663,-0.049999714285714196,-0.00714271428571424,0.011666699999999964,-0.004832999999999897,0.0033228571428571513,0.005920533333333348,-402935.4285714286,90379.64285714286,31689.933333333334
2004-07-07,18.280001,18.35,18.219999,18.32,7.747489,2822574.0,1.0038292667489461,0.9967176150592116,1.002188128983144,0.0799999999999983,0.012685999999999531,-409234.0,1.0040791083785936,1.0035828450816606,1.004418994097216,0.9952366003996843,0.9943033581018594,0.9947539166254615,1.0000883583326017,0.9993551400450833,1.0001307716428909,-0.009999857142857544,0.004285857142856945,0.009666700000000005,0.004228857142857224,0.0006041428571428627,0.007048333333333338,87288.0,-568014.5714285715,-46337.333333333336
2004-07-08,18.299999,18.34,18.209999,18.33,7.75172,3846428.0,1.0021858471139806,0.9950819669443698,1.0016393989966883,0.01999800000000107,0.004230999999999874,1023854.0,1.0035312659106321,1.003117521224462,1.004060416913227,0.9949249930501937,0.9942627979234128,0.9946462568104201,0.9995406284058638,0.998850784179507,0.9997539795216588,0.004285571428571444,-0.006428571428571418,0.017666633333333338,-0.0024162857142856963,-0.006645285714285671,0.004651899999999968,-158983.57142857142,-161624.14285714287,1581.7
2004-07-09,18.299999,18.32,18.219999,18.32,7.747489,2970852.0,1.0010929508793962,0.9956284150616621,1.0010929508793962,0.0,-0.004230999999999874,-875576.0,1.0036874017505462,1.0027335136478113,1.0038387383584693,0.995621792973111,0.9941430678582961,0.9945374123124755,1.00047399108738,0.9985437885438577,0.9996982301704411,-0.011428571428571692,-0.017857142857142856,0.007333300000000046,0.0024164285714284466,-0.009968428571428576,0.002678400000000014,-45416.28571428572,-79180.42857142857,-230844.03333333333
2004-07-12,18.32,18.35,18.17,18.17,7.684053,2741437.0,1.0016375545851528,0.9918122270742359,0.9918122270742359,0.0200010000000006,-0.06343600000000027,-229415.0,1.0038432741030976,1.0026588739129276,1.003764619698362,0.9960133836552922,0.9940180637162878,0.9945770440209378,1.0003191336522692,0.9979206237374783,0.9995723902757333,0.0028572857142858004,-0.022857071428571376,0.0063333666666666255,0.0,-0.014499571428571454,0.0016915333333333098,-80015.28571428571,-53609.57142857143,-66033.76666666666
2004-07-13,18.200001,18.290001,18.200001,18.25,7.717886999999999,2261439.0,1.0049450546733487,1.0,1.0027471976512528,-0.11999899999999997,0.0338339999999997,-479998.0,1.0038424969065036,1.0028591439545997,1.0037257492985847,0.996484851516364,0.9944769234593284,0.9947437106876046,1.00102591546352,0.9984227560873001,0.9996084061233677,0.0028572857142858004,-0.03428564285714281,0.006666700000000011,0.006645714285714176,-0.010572357142857187,0.0031012333333332977,-167909.14285714287,-89406.35714285714,-3539.1
2004-07-14,18.17,18.25,18.07,18.15,7.675597,5606271.0,1.004402861860209,0.9944964226747385,0.9988992845349476,-0.030000999999998612,-0.042289999999999495,3344832.0,1.0036051910951964,1.0030584305544459,1.0031865640116857,0.9956986261841838,0.9944294329130539,0.9945973381990836,1.0004748918275734,0.9986897556738977,0.9988857682589597,0.004285857142857452,-0.030714285714285694,0.006333333333333376,-0.0024164285714285733,-0.010874499999999962,-0.0028192666666666828,376273.4285714286,190856.2857142857,45216.833333333336
2004-07-15,18.0,18.15,17.98,17.98,7.603706,4829045.0,1.0083333333333333,0.9988888888888889,0.9988888888888889,-0.1700000000000017,-0.07189099999999993,-777226.0,1.0037752670277666,1.003653668649684,1.0032281928339684,0.996089362243301,0.9952357013046125,0.9947964519340718,0.9996097252869364,0.9993034903623548,0.9987942371256466,-0.028571571428571474,-0.03928564285714283,-0.011666666666666714,-0.018728142857142922,-0.01178057142857141,-0.005638533333333336,228176.7142857143,-87379.35714285714,49763.3
2004-07-16,17.940001000000002,18.01,17.9,17.91,7.574101,3714861.0,1.003901839247389,0.9977702899793593,0.9983277035491803,-0.05999899999999769,-0.029605000000000103,-1114184.0,1.0037856345275442,1.0039323714530688,1.0033037915453262,0.9962397443747506,0.9957381723872176,0.994885528766169,0.9990582359392272,0.9995732971359143,0.9987203385012958,-0.048571428571428044,-0.029285642857142795,-0.013999999999999938,-0.0247697142857143,-0.010270428571428538,-0.006484433333333328,127469.57142857143,107378.78571428571,63326.6
2004-07-19,17.92,17.969998999999998,17.85,17.940001000000002,7.586789,2471071.0,1.0027901227678568,0.99609375,1.001116127232143,-0.0200010000000006,0.01268799999999981,-1243790.0,1.003871959620955,1.0037016127657936,1.0033967956375882,0.9963842848112693,0.9956546389307316,0.9950617923996645,0.9989834828300064,0.999262055617935,0.9989919018554013,-0.05428557142857114,-0.02499999999999985,-0.018999999999999892,-0.023561571428571453,-0.012988928571428573,-0.005920566666666686,-196479.57142857142,-177731.57142857142,17180.5
2004-07-20,17.950001,17.959999,17.690001000000002,17.74,7.502208,6976020.0,1.0005569916124237,0.9855153211412079,0.9883007805960566,0.030000999999998612,-0.08458099999999913,4504949.0,1.0037953940113875,1.0037413978809668,1.003379212352009,0.9949395571083473,0.9952806750407291,0.9948862745266073,0.9971560299323865,0.9988150105098833,0.998818849410867,-0.049999714285714196,-0.030714142857142943,-0.01633333333333328,-0.03504014285714278,-0.016311857142857163,-0.008176033333333313,572166.8571428572,263375.28571428574,164962.63333333333
2004-07-21,17.84,17.93,17.65,17.92,7.57833,4719933.0,1.0050448430493273,0.9893497757847532,1.0044843049327354,-0.11000100000000046,0.0761219999999998,-2256087.0,1.0042821495062697,1.0040627118046834,1.0035111419029286,0.994587778352707,0.9953005810039995,0.9948211221252294,0.998966326769315,0.999642730210792,0.9991857157347119,-0.06857142857142863,-0.032857071428571416,-0.018666666666666623,-0.015103285714285621,-0.007551642857142811,-0.0050748000000000165,282642.28571428574,101313.5,39777.26666666667
2004-07-22,17.77,17.9,17.75,17.870001000000002,7.557187,5277873.0,1.0073157006190208,0.9988745075970737,1.0056275182892518,-0.07000000000000028,-0.021143000000000356,557940.0,1.0046208132127943,1.0042316550596488,1.0036273563652645,0.9944269937237175,0.9954559226200408,0.9950206607681231,0.9993778011461718,1.000201858304846,0.9994462409574312,-0.06142871428571439,-0.029285714285714297,-0.0170000333333333,-0.02295714285714277,-0.008155714285714297,-0.005215666666666685,430919.14285714284,131505.0,100852.5
2004-07-23,17.799999,17.93,17.700001,17.73,7.49798,6011008.0,1.007303427376597,0.9943821345158503,0.9960674716891839,0.02999900000000011,-0.05920699999999979,733135.0,1.0050351797151353,1.004320185405166,1.0037432296850115,0.9944106668438762,0.9950546465140302,0.9948698501962283,0.9989732564539199,0.9997240741407466,0.9992969354311725,-0.052857285714286,-0.024285714285714275,-0.016333400000000015,-0.025373857142857097,-0.013895142857142837,-0.008035033333333323,57819.57142857143,217046.5,154629.66666666666
2004-07-26,17.709999,17.98,17.709999,17.950001,7.591017999999999,3951382.0,1.0152456812674016,1.0,1.0135517794213313,-0.08999999999999986,0.09303799999999907,-2059626.0,1.006022657991431,1.0048989625095988,1.0042514190605916,0.9945693970026063,0.9953293796229536,0.9948698501962283,1.0010679551014117,1.0003388401941742,0.9997486614118836,-0.04142871428571431,-0.03500014285714289,-0.019666666666666662,-0.0018125714285715283,-0.010270357142857225,-0.004933766666666687,-125380.42857142857,51398.142857142855,131712.73333333334
2004-07-27,18.0,18.139999,17.85,17.940001000000002,7.586789,3990029.0,1.0077777222222222,0.9916666666666667,0.9966667222222223,0.2900010000000002,-0.004228999999999594,38647.0,1.0065763555592642,1.005180995043404,1.0042725830744876,0.9936974508150789,0.9949685975949147,0.9946470193018784,1.0008306720547036,0.9999444539969653,0.9996009257810103,0.008571285714285384,-0.02000007142857133,-0.006666700000000011,0.0018125714285714015,-0.011478571428571449,-0.003947000000000026,39309.71428571428,83389.64285714286,49513.2
2004-07-28,18.049999,18.07,17.75,17.84,7.5445,3869956.0,1.0011080887040493,0.9833795558659034,0.988365705726632,0.04999899999999968,-0.042288999999999355,-120073.0,1.0063360649787203,1.0051040122998376,1.0042730876686425,0.9918811373673507,0.9941327110893099,0.9943297968600747,0.9990091832682019,0.9989963330491041,0.9994316933973212,0.018571285714285426,-0.017857142857142856,-0.008333333333333333,-0.006041285714285622,-0.014801428571428537,-0.004792766666666667,199840.7142857143,1680.5714285714287,63448.76666666667
2004-07-29,17.85,18.049999,17.82,17.9,7.569872999999999,4120987.0,1.0112044257703081,0.9983193277310923,1.002801120448179,-0.19999899999999826,0.025372999999999202,251031.0,1.0078571270012753,1.0058262605063315,1.0045002092075088,0.9937102811659057,0.9943249191371264,0.9943835421117277,1.0010806603899336,0.9991183451611602,0.999378704758783,-0.014285857142856986,-0.03214278571428559,-0.012333299999999998,0.009666428571428425,-0.012686857142857175,-0.005638600000000012,-407861.85714285716,82152.5,-221793.03333333333
2004-07-30,18.0,18.110001,17.99,18.059999,7.637535000000001,14155588.0,1.0061111666666667,0.9994444444444444,1.003333277777778,0.14999999999999858,0.06766200000000122,10034601.0,1.0080094589466095,1.0061458042264395,1.004413902059239,0.9951523766887187,0.9948700775207128,0.9945100299451219,1.0009162279392254,0.9999412773542702,0.9991998013142172,0.022857142857142878,-0.022857142857142878,-0.01299996666666665,0.0084578571428572,-0.0033227142857142106,-0.00690729999999995,1347950.7142857143,815296.5,268214.06666666665
2004-08-02,18.0,18.16,17.969998999999998,18.08,7.645992999999999,1383100.0,1.008888888888889,0.9983332777777777,1.0044444444444443,0.0,0.0084579999999983,-12772488.0,1.0082342001280191,1.0064275066704067,1.0044945631237852,0.995075058143105,0.9947510259334111,0.9945443180052713,1.0007472173899672,1.0000625092680697,0.9991682531364157,0.03285714285714292,-0.014285785714285737,-0.01833329999999999,0.012686571428571294,-0.005135285714285739,-0.008035133333333366,-556396.1428571428,-62738.5,-89875.93333333333
2004-08-03,18.08,18.23,18.040001,18.15,7.675597,2307672.0,1.0082964601769913,0.9977876659292036,1.0038716814159292,0.0799999999999983,0.029604000000000852,924572.0,1.0083760619566469,1.006705620835891,1.004681694767234,0.9955615626307269,0.9949861147373016,0.9946851640341663,1.001862104493788,1.000417680473854,0.9992794247048284,0.04000014285714266,-0.006428571428571672,-0.018666633333333373,0.025373857142857097,0.0,-0.007048333333333338,-529048.0,-235614.2142857143,-39476.63333333333
2004-08-04,18.15,18.18,18.049999,18.110001,7.658681,2000015.0,1.0016528925619836,0.9944903030303031,0.9977961983471075,0.07000000000000028,-0.016916000000000153,-307657.0,1.00643423499873,1.0062284464950804,1.004665415382969,0.9947744630636273,0.9946719300331168,0.994715642015262,0.9996113071974703,1.000339631149441,0.999348719824607,0.06285728571428553,0.010714285714285612,-0.017666666666666705,0.009666142857142925,0.003926785714285698,-0.006907300000000009,-278766.71428571426,-202073.57142857142,-50437.1
2004-08-05,18.139999,18.17,18.01,18.08,7.645992999999999,3627874.0,1.0016538589665855,0.9928335718210349,0.9966924474472131,-0.010000999999999038,-0.012688000000000699,1627859.0,1.005559397390782,1.006067876475023,1.004666782366443,0.9949411637999656,0.9943193073075223,0.9946380513985438,0.9996149822296118,1.0002228271421578,0.9993997583954282,0.019999857142857076,0.014285571428571231,-0.01533336666666673,0.008457714285714195,0.005135142857142798,-0.006061566666666677,-51736.42857142857,-6213.357142857143,23119.7
2004-08-06,17.98,18.049999,17.9,18.01,7.616391,3742812.0,1.0038931590656284,0.9955506117908787,1.0016685205784206,-0.15999899999999911,-0.029601999999998796,114938.0,1.0059572645852932,1.0061466647820068,1.0047965543352972,0.9966798860749622,0.9942805117211563,0.9949030340780041,1.0015153843512958,1.0002622838097488,0.9997788223063592,-0.009999857142857036,0.004285714285714194,-0.018999966666666642,0.010270142857142847,0.002114428571428612,-0.005074766666666649,-18163.428571428572,90838.64285714286,-76984.8
2004-08-09,17.9,17.959999,17.809998999999998,17.950001,7.591017999999999,2291978.0,1.0033518994413408,0.9949720111731843,1.0027933519553074,-0.08000000000000185,-0.025373000000000978,-1450834.0,1.0048354751097264,1.0063463010555007,1.0049082843166752,0.9962016979952609,0.9949559895805834,0.9950442446230139,1.0015142745666,1.0012974674782669,1.000053587080891,0.007142857142856737,-0.003571500000000124,-0.015000000000000095,0.0030207142857142494,0.006343571428571337,-0.0042289666666666705,-261287.0,-334574.4285714286,2680.6666666666665
2004-08-10,17.82,17.940001000000002,17.82,17.860001,7.552958,2379476.0,1.0067340628507295,1.0,1.0022447250280584,-0.0799999999999983,-0.03805999999999887,87498.0,1.0049244602788783,1.0064669596127438,1.0049320615987092,0.9962810630746262,0.9957167198816724,0.995135470676654,1.0013587670309259,1.0011374974850757,0.9999459609656981,-0.025714285714285672,-0.0014285714285713982,-0.014999999999999977,-0.01208242857142862,-0.0018122857142857107,-0.007189199999999977,-1682301.7142857143,-167175.5,-85994.56666666667
2004-08-11,17.950001,18.01,17.83,17.940001000000002,7.586789,3742458.0,1.0033425624878796,0.9933147078933309,0.9994428969669696,0.13000100000000003,0.03383099999999928,1362982.0,1.004132127935877,1.006183164031948,1.0050434803483053,0.995564124519705,0.9953195913314049,0.9952209337530569,1.0006442602484296,1.0006957388191984,1.0001087437943044,-0.00714271428571424,0.012857214285714338,-0.014333266666666707,-0.008457714285714195,0.002114428571428549,-0.004792833333333372,337051.14285714284,-109672.5,15123.066666666668
2004-08-12,17.879998999999998,18.059999,17.83,18.0,7.612163000000001,2948999.0,1.0100671146569977,0.9972036351903599,1.0067114656997465,-0.07000200000000234,0.025374000000001118,-793459.0,1.0043850785758779,1.0063805702662625,1.0053608358996287,0.9954806915570131,0.99552112709387,0.9954920185161032,1.0010499437175462,1.0014560241056671,1.0005692516802955,-0.028571571428571474,0.005714285714285593,-0.014000000000000058,-0.009061999999999872,0.008155928571428614,-0.002396333333333297,91618.14285714286,-218714.92857142858,-11751.5
2004-08-13,17.99,18.040001,17.82,17.85,7.548725999999999,3093749.0,1.0027793774319067,0.9905503057254031,0.992217898832685,0.11000100000000046,-0.0634370000000013,144750.0,1.004546004985867,1.0054901199922985,1.0052884653123755,0.9949178347991703,0.9948461489313988,0.9952870378745334,1.0002530437869144,0.9999321754921925,1.0003831908089684,-0.022857142857142878,0.02000007142857133,-0.006333333333333376,-0.01570785714285718,-0.003020857142857127,-0.004088033333333355,156247.7142857143,-61259.5,-11435.133333333333
2004-08-16,17.879998999999998,17.959999,17.780001000000002,17.790001,7.523353999999999,3266186.0,1.0044742731808878,0.9944072703807201,0.9949665545283309,-0.11000100000000046,-0.02537199999999995,172437.0,1.0049489213021958,1.005254159346489,1.0052354743337597,0.9951426488791253,0.9950419063395455,0.9951006135538908,1.0000064876556454,0.9998107349426287,1.000123527627027,-0.037142857142857366,-0.008571500000000145,-0.008666666666666718,-0.01751985714285707,-0.004531071428571438,-0.005638600000000012,-51669.71428571428,-51703.07142857143,9794.3
2004-08-17,17.83,17.9,17.76,17.77,7.514895,2555113.0,1.0039259674705552,0.9960740325294449,0.9966348850252384,-0.04999899999999968,-0.008458999999999328,-711073.0,1.0049536082171853,1.0054554364012394,1.0051282465226001,0.995217423270349,0.9959486546726556,0.9950979567557033,0.9992873968623338,1.0004013906068148,0.99984652197209,-0.021428571428571734,-0.015714214285714383,-0.012333366666666734,-0.014499428571428576,-0.0021146428571428644,-0.0073302666666666735,-169671.2857142857,-93917.35714285714,-22556.5
2004-08-18,17.76,17.860001,17.68,17.73,7.49798,2134952.0,1.005630686936937,0.9954954954954954,0.9983108108108107,-0.06999999999999673,-0.016915000000000013,-420161.0,1.0052791492879847,1.0050573121988555,1.0051882938621999,0.995292206744965,0.9957469523701129,0.9950572194369127,0.9986470338416914,1.0000806542041456,0.9997172780330121,-0.019999999999999574,-0.006428571428571418,-0.01733336666666657,-0.013291142857142724,-0.005135214285714237,-0.008316966666666658,-22432.285714285714,-141859.64285714287,-22920.733333333334
2004-08-19,17.780001000000002,17.98,17.74,17.9,7.569872999999999,3499368.0,1.0112485370501385,0.9977502250984124,1.0067490997328963,0.0200010000000006,0.07189299999999932,1364416.0,1.0059240741736146,1.0054242672262466,1.0054903835267384,0.9949708103304525,0.9956259367025392,0.9951461613753809,0.9992905159423826,1.0003246414866542,0.9998876013908858,-0.005714142857142589,-0.01571421428571413,-0.017333266666666583,0.0024164285714284466,-0.004833000000000087,-0.006061566666666677,159984.57142857142,-761158.5714285715,-11568.666666666666
2004-08-20,17.950001,18.040001,17.82,17.969998999999998,7.599475,1937499.0,1.0050139272972742,0.9927576048603005,1.0011140946454542,0.16999999999999815,0.029602000000000572,-1561869.0,1.0061628405749568,1.005147484255417,1.0056210827406677,0.9948912241828767,0.9952276743512909,0.9950504677020022,0.9995292584678802,1.0000867593581548,0.9998883061830877,0.0,-0.00357135714285712,-0.011666599999999978,0.0018122857142857743,-0.0033227142857142106,-0.004933799999999996,-257851.2857142857,39599.92857142857,-34445.1
2004-08-23,17.98,18.16,17.98,18.08,7.645992999999999,2059959.0,1.0100111234705227,1.0,1.0055617352614015,0.02999900000000011,0.04651799999999895,122460.0,1.0061548418340318,1.0052699602049548,1.0059002017035135,0.9952907048699682,0.9953856982134905,0.9953233934661943,0.9993650112624025,1.0002074774899743,1.0003466231226599,0.014285857142857492,-0.007142857142856991,-0.011333333333333329,0.004832857142856893,-0.0021145714285714895,-0.0012686666666666883,-127005.71428571429,-17693.785714285714,-22715.933333333334
2004-08-24,18.129999,18.200001,17.950001,18.02,7.62062,2072050.0,1.003861114388368,0.9900718141242036,0.9939327630409687,0.1499990000000011,-0.025372999999999202,12091.0,1.0063093756849548,1.005427690335411,1.0058640703606807,0.9952223489269396,0.995070091863055,0.9949924539370011,0.9996099918635858,0.9999315178252502,1.0000528086356504,0.019999857142857586,-0.0014286428571426463,-0.0023333999999999595,0.010270571428571478,-0.00271864285714285,-0.003242233333333318,-145957.0,5145.357142857143,-6312.966666666666
2004-08-25,18.0,18.110001,17.85,17.860001,7.552958,3021074.0,1.0061111666666667,0.9916666666666667,0.9922222777777778,-0.12999900000000153,-0.06766199999999944,949024.0,1.0065432176114946,1.0057460694568452,1.0059210138542292,0.9948308341106463,0.9949867414948858,0.9948981287367321,0.9992179523277925,0.999612219991719,0.9998302417437448,0.01714300000000029,-0.009999928571428538,-0.0056666666666667235,0.004229142857142979,-0.006645357142857046,-0.00408796666666665,-35016.0,-43342.857142857145,-86173.23333333334
2004-08-26,17.9,17.99,17.879998999999998,17.969998999999998,7.599475,2563882.0,1.0050279329608938,0.998882625698324,1.0039105586592179,-0.10000000000000142,0.0465169999999997,-457192.0,1.0067006412529715,1.0058271247350785,1.0058108338418146,0.9952320617062004,0.9952247424882747,0.9948979199637132,1.000257334275504,0.9997723655689189,0.999997630736089,0.01000000000000004,-0.005714285714285846,-0.003333333333333381,0.012082857142857126,-0.0012082857142857253,-0.00014103333333332914,1252.7142857142858,-84209.28571428571,-75505.43333333333
2004-08-27,18.030001,18.24,18.02,18.24,7.713657,5430729.0,1.0116471984666002,0.9994453133973759,1.0116471984666002,0.13000100000000003,0.11418200000000045,2866847.0,1.0075601429000662,1.0064196460940256,1.006069012482455,0.995796321406469,0.9955442640757168,0.9949537540776471,1.0021625325120451,1.0004047831768683,1.000441613900003,0.038571571428571004,0.009285785714285717,0.002999999999999877,0.03081100000000005,0.008759928571428663,0.004651866666666689,470825.28571428574,224196.5,57195.6
2004-08-30,18.280001,18.389999,18.200001,18.360001,7.764406,3647670.0,1.00601739573209,0.9956236326245278,1.0043763673754724,0.25,0.05074899999999971,-1783059.0,1.006812836997488,1.0063684555855512,1.0061765882479294,0.9954925224816283,0.9952316664060403,0.9949380834984647,1.0018235707466991,1.0005570433445408,1.0005502885714475,0.07142857142857093,0.03285721428571416,0.012000033333333231,0.027790428571428678,0.015103428571428561,0.005920566666666686,21186.0,90585.28571428571,39219.96666666667
2004-08-31,18.440001,18.469999,18.309999,18.35,7.760175,3175827.0,1.001626789499632,0.9929500003823212,0.9951192518915808,0.16000000000000014,-0.004230999999999874,-471843.0,1.0063289601692533,1.0062459003721052,1.0062122481775029,0.9955200075562027,0.9952056158695397,0.995185906139835,1.0009671646390028,1.0002482115534417,1.000777570947965,0.06999999999999977,0.034999999999999885,0.01633333333333328,0.022957142857142898,0.012384714285714336,0.008598899999999994,176904.0,-40473.642857142855,-126673.1
2004-09-01,18.4,18.639999,18.4,18.620001,7.874358999999999,6047517.0,1.0130434239130435,1.0,1.0119565760869564,-0.040001000000000175,0.11418399999999895,2871690.0,1.0067621459467564,1.006458493890394,1.0064788675396268,0.9955200075562027,0.9954053562130853,0.9955409136136767,1.0018807133283678,1.000622862295385,1.0010266466531055,0.059999999999999734,0.03714292857142861,0.018666666666666623,0.032623714285714325,0.01872828571428561,0.009867633333333299,569651.1428571428,221322.7142857143,44252.8
2004-09-02,18.700001,18.77,18.57,18.66,7.891275,2695165.0,1.003743261831911,0.9930480752380708,0.997860909205299,0.30000100000000174,0.01691600000000104,-3352352.0,1.0067453098672625,1.0065273427761086,1.0063597862467233,0.9959451877153267,0.995583768321133,0.9953466992017098,1.0024418770661292,1.0010259344648575,1.0007677596836404,0.08142885714285697,0.050714357142857276,0.031000033333333357,0.038665000000000074,0.02446778571428578,0.011136266666666679,89016.42857142857,-28470.285714285714,-86090.26666666666
2004-09-03,18.66,18.66,18.440001,18.49,7.819383,2455990.0,1.0,0.9882101286173632,0.9908896034297963,-0.040001000000000175,-0.07189200000000007,-239175.0,1.0058722860577387,1.0062077518346166,1.0061163386675032,0.995451396565426,0.9951411153380362,0.9951409656717604,1.0022514950164176,1.0007347236721051,1.0005951640749942,0.0942857142857143,0.055714357142857295,0.028666700000000014,0.038060714285714274,0.021144928571428627,0.010713433333333336,-80726.28571428571,-57871.142857142855,-118500.6
2004-09-06,18.48,18.5,18.42,18.459999,7.806694999999999,1584475.0,1.001082251082251,0.9967532467532468,0.9989176948051948,-0.17999999999999972,-0.012688000000001587,-871515.0,1.0053086172179326,1.0060046292354519,1.0056442243279984,0.9951471995732722,0.9951896306397364,0.9950327405635353,1.001538228751557,1.0008977815135307,1.0001073612544562,0.08285714285714312,0.04642857142857158,0.02566670000000002,0.02960285714285695,0.020842857142857035,0.007189233333333315,-139915.2857142857,-69331.28571428571,-78896.9
2004-09-07,18.459999,18.6,18.459999,18.6,7.8659,1860006.0,1.0075840199124606,1.0,1.0075840199124606,-0.0200010000000006,0.059205000000001284,275531.0,1.00472816313877,1.006144153019418,1.0056377675843395,0.9952264405165042,0.9955113809614867,0.995310518341313,1.0009577746723943,1.0015601535922198,1.0004712711774641,0.061428285714285887,0.049999928571428445,0.015333299999999994,0.021748999999999925,0.026279999999999987,0.00930370000000001,-510103.28571428574,-19639.0,-71000.76666666666
2004-09-08,18.620001,18.67,18.49,18.59,7.861669999999999,2629140.0,1.002685230790267,0.9930182066048224,0.9983887755967361,0.16000199999999865,-0.004230000000000622,769134.0,1.004252139575652,1.0055324882865702,1.0056903389872136,0.9948542367994034,0.995173379640516,0.995631806699277,1.0001024044182893,1.0009629875824941,1.0008053735064677,0.04857142857142855,0.059999999999999734,0.019000066666666628,0.013894857142857018,0.020842642857142848,0.010572333333333302,-145504.2857142857,-62159.142857142855,-41360.53333333333
2004-09-09,18.65,18.709999,18.5,18.52,7.832069000000001,3177929.0,1.0032171045576408,0.9919571045576409,0.993029490616622,0.02999900000000011,-0.029600999999998656,548789.0,1.004479327441082,1.0054041438051677,1.0054240949467912,0.9947123945387348,0.9951162010474688,0.9954197325934953,0.999803867093295,1.0003855158661488,1.0004796525120825,0.029999857142857116,0.049999928571428445,0.02666666666666657,0.010270571428571478,0.016613857142857187,0.008739866666666707,300.2857142857143,88602.14285714286,-31435.266666666666
2004-09-10,18.530001,18.620001,18.450001,18.49,7.819383,2534157.0,1.0048569884049117,0.9956826769734121,0.9978412845201681,-0.11999899999999997,-0.01268600000000042,-643772.0,1.003309836654206,1.0050359913004812,1.0053822890047328,0.9940956341063651,0.9948078208312838,0.9952943403444608,0.997787396869468,0.999834055098918,1.0002965860701623,0.018571571428571434,0.039285785714285586,0.017666699999999955,-0.007853714285714146,0.01238500000000009,0.006061599999999986,-501908.5714285714,33871.28571428572,-387381.0333333333
2004-09-13,18.450001,18.709999,18.41,18.65,7.887047,3245211.0,1.0140920317565294,0.997831924236752,1.010840053613005,-0.0799999999999983,0.06766399999999972,711054.0,1.0047882323577229,1.0057667711124927,1.0055557271003208,0.9947790411061767,0.9953621144107517,0.99527762855976,0.9996415603562834,1.0010417187112064,1.0005097730424475,-0.03571428571428571,0.02285728571428563,0.015000033333333345,-0.0006040000000000489,0.019030500000000013,0.008035133333333366,78578.0,83797.21428571429,62070.36666666667
2004-09-14,18.719999,18.790001,18.700001,18.719999,7.916647,4054147.0,1.0037394232766785,0.998931730712165,1.0,0.26999800000000107,0.029600000000000293,808936.0,1.0053224356829626,1.0055973608703506,1.0054038258703104,0.9963106985482914,0.9958810475568587,0.9953157640525254,1.000943045580598,1.0015972702985079,1.0003807169952499,0.008571285714285892,0.0514285000000001,0.021333300000000104,0.013894857142857145,0.02597778571428571,0.008035000000000014,228308.14285714287,73790.92857142857,58215.833333333336
2004-09-15,18.780001,18.82,18.700001,18.709999,7.91242,2688120.0,1.0021298720910612,0.9957401493216109,0.9962725241601426,0.060001999999997224,-0.004227000000000203,-1366027.0,1.0054720958270784,1.0053903565225055,1.0054197251879462,0.9961659703437719,0.995656584958522,0.995357425595569,1.0005651640598763,1.0010516964057168,1.0003299278556843,0.04285728571428545,0.0628572142857143,0.021000033333333334,0.01510357142857163,0.02235321428571429,0.00845796666666668,157663.57142857142,8874.142857142857,22936.833333333332
2004-09-16,18.5,18.67,18.5,18.639999,7.882814999999999,10415098.0,1.0091891891891893,1.0,1.0075675135135136,-0.2800009999999986,-0.02960500000000099,7726978.0,1.0057014057237539,1.0052147844312618,1.0056709028620332,0.9961659703437719,0.9956962054301381,0.9955963065348677,1.000562806002884,1.0007602903376391,1.0006924300578945,0.005714428571428597,0.03357135714285724,0.012000033333333349,0.0024164285714284466,0.012082714285714185,0.00789406666666667,1222156.0,356026.35714285716,226240.8
2004-09-17,18.6,18.6,18.459999,18.530001,7.836297999999999,1731889.0,1.0,0.9924730645161289,0.9962366129032256,0.10000000000000142,-0.0465169999999997,-8683209.0,1.0053178013251445,1.0047849704503984,1.0055411308931788,0.9960880929025301,0.9954711648509668,0.9954937216257095,1.0002553541895252,1.0001788793039073,1.0005113664687213,-0.0028572857142852926,0.02285707142857163,0.0206666666666667,-0.0036245714285714214,0.005135142857142798,0.0073302333333333065,-128178.71428571429,-136841.5,-67030.76666666666
2004-09-20,18.5,18.52,18.41,18.48,7.815154,2690570.0,1.001081081081081,0.9951351351351352,0.9989189189189189,-0.10000000000000142,-0.021143999999999608,958681.0,1.0050126551142073,1.0047459912776446,1.0054654369478366,0.9965420972707434,0.9956272459047392,0.9954991590911078,1.0010967010898535,1.0004502840915743,1.0003822187008418,-0.021428571428571224,0.004285642857142946,0.02000000000000005,-0.0024164285714287003,0.003927071428571389,0.007471200000000019,-69622.71428571429,-34661.21428571428,13286.4
2004-09-21,18.4,18.450001,18.33,18.360001,7.764406,1999423.0,1.002717445652174,0.996195652173913,0.9978261413043479,-0.10000000000000142,-0.05074799999999957,-691147.0,1.0047070061495307,1.0040084214018683,1.005331549707885,0.9966153794422435,0.9953555067743044,0.995372347496905,1.0010945377733076,0.9994409673213879,1.000234932576718,-0.018571571428571434,0.0,0.019333333333333275,-0.00785385714285715,-0.007853785714285648,0.007048266666666662,-76390.57142857143,-289149.5714285714,-12668.433333333332
2004-09-22,18.4,18.5,18.389999,18.469999,7.810923,2885082.0,1.0054347826086958,0.9994564673913044,1.003804293478261,0.0,0.0465169999999997,885659.0,1.0034702562712685,1.0041292443144958,1.0054012903785787,0.9968474570357512,0.9958132490709639,0.995577072813504,1.0000894291826299,0.9998654947694565,1.0003803124604278,-0.007143000000000248,-0.021428642857142983,0.014999966666666609,-0.010874857142857155,-0.005739428571428602,0.007471133333333342,-51447.0,13565.5,-28579.2
2004-09-23,18.370001,18.59,18.35,18.469999,7.810923,2203654.0,1.0119759928156782,0.9989112139950348,1.005443548968778,-0.02999900000000011,0.0,-681428.0,1.004646909062554,1.0049846723727585,1.005464919650535,0.996844526076161,0.9965776123122262,0.9956339921069932,1.0008670790353125,1.0009050623079552,1.0003380485693953,-0.0499997142857147,-0.020714214285714405,0.016333400000000015,-0.015103428571428625,-0.0006042857142857397,0.006625333333333305,-264356.14285714284,-18024.0,-24844.833333333332
2004-09-24,18.48,18.74,18.459999,18.66,7.891275,7018648.0,1.014069264069264,0.9989176948051948,1.0097402597402598,0.10999900000000196,0.08035200000000042,4814994.0,1.0063525364880117,1.0059123161575452,1.0058412492051134,0.9972984611452446,0.9967322157445082,0.9959129050763196,1.0027910412610435,1.00167810266046,1.0009221272663145,-0.04285728571428545,0.0,0.0163333333333334,-0.0030207142857142494,0.00604142857142869,0.011418300000000029,618646.8571428572,388155.21428571426,130829.96666666666
2004-09-27,18.690001,18.77,18.57,18.709999,7.91242,2991171.0,1.0042803100973616,0.993579401092595,1.0010699838913868,0.21000099999999833,0.021144999999999747,-4027477.0,1.005651268046322,1.005676336885038,1.0058347837689958,0.9963812327299009,0.9962736015368364,0.995885309433382,1.0018628227435968,1.0012128143732404,1.0011255749117498,0.027142999999999824,0.01642871428571421,0.027000066666666694,0.004229285714285856,0.0033228571428571513,0.012968866666666686,-1060561.0,80797.5,-9167.166666666666
2004-09-28,18.629999,18.700001,18.57,18.68,7.899733,2062538.0,1.0037574881243954,0.9967794415877317,1.0026838970844818,-0.060001999999997224,-0.01268699999999967,-928633.0,1.006188052064093,1.0057529266946186,1.0058291677907907,0.9969964294544155,0.9965422611784728,0.9959088230686584,1.0027838633409192,1.001519608765222,1.0013272086470577,0.004285571428571444,0.0007141428571430757,0.026666633333333443,0.009062142857143003,0.0027187857142857907,0.012827933333333342,47235.57142857143,-40471.57142857143,-16419.166666666668
2004-09-29,18.709999,18.85,18.68,18.83,7.963166999999999,2553552.0,1.0074826834571184,0.9983966327309798,1.0064137363128667,0.0799999999999983,0.0634339999999991,491014.0,1.007102566689241,1.0060576109017243,1.0058909010081298,0.9974623576823934,0.9970022274765684,0.9960055276431745,1.0038545515400545,1.002475626314954,1.001597306163793,0.029999857142857116,0.004285642857142946,0.03166663333333328,0.021144714285714246,0.009364142857142774,0.015506233333333312,-19574.0,-44598.357142857145,13953.333333333334
2004-09-30,18.91,19.139999,18.85,19.02,8.043517,5600830.0,1.012162823902697,0.9968270756213644,1.0058170280274987,0.20000100000000032,0.08035000000000014,3047278.0,1.0084519064393158,1.006579456294423,1.0059213772365487,0.9975525610320293,0.9970839702371366,0.9959747559939395,1.004996106786219,1.0030453222797633,1.0015662371069465,0.07285714285714308,0.027142785714285824,0.03766663333333327,0.03987299999999992,0.016009571428571383,0.01578813333333334,514486.71428571426,219048.07142857142,70048.73333333334
2004-10-01,19.02,19.27,19.02,19.200001,8.119639,6071934.0,1.0131440588853837,1.0,1.0094637749737119,0.10999999999999943,0.0761219999999998,471104.0,1.0095532316216997,1.0065117439464841,1.0061923816228189,0.9976302085475572,0.9972388327916543,0.9962161691652628,1.005804604142712,1.0029470166626708,1.001844559784555,0.08857142857142872,0.040714214285714236,0.03566663333333331,0.04410228571428565,0.01661371428571425,0.01733879999999998,455264.5714285714,201908.7857142857,137814.5
2004-10-04,19.25,19.27,19.15,19.219999,8.128098,2239685.0,1.001038961038961,0.9948051948051947,0.9984415064935066,0.23000000000000043,0.008459000000000216,-3832249.0,1.0079907985107401,1.0063188537866472,1.0058933095417668,0.9970436343775801,0.9969440802268705,0.9960430089921026,1.0048043123605304,1.0028356956979214,1.0016072188256253,0.12571414285714308,0.03785721428571419,0.04233333333333332,0.04531071428571425,0.015103642857142814,0.016070166666666687,5147.285714285715,-129604.42857142857,5990.866666666667
2004-10-05,19.280001,19.389999,19.219999,19.25,8.140784,3031420.0,1.0057052901605141,0.9968878632319574,0.9984439316159788,0.030000999999998612,0.01268600000000042,791735.0,1.0067959450952044,1.006574240791608,1.0059547820675052,0.9967536584385462,0.9970260597918953,0.9962702106290278,1.0031905511999188,1.0029907962304812,1.001757591111459,0.11428585714285688,0.03571428571428571,0.0383333999999999,0.035644142857142826,0.016311714285714287,0.01733880000000001,-569604.0,24521.428571428572,31979.0
2004-10-06,19.34,19.43,19.24,19.27,8.149241,2954812.0,1.0046535677352637,0.9948293691830402,0.9963805584281282,0.059999000000001246,0.008456999999999937,-76608.0,1.0068492676149048,1.0062502678306136,1.0059061954364583,0.9969322253086098,0.9966567290192554,0.9963756340462402,1.0025206332765961,1.0021917280100965,1.0018962004664707,0.09285700000000016,0.05999999999999999,0.04466666666666666,0.03383157142857142,0.01903042857142864,0.01987609999999999,-5194.142857142857,-532877.5714285715,-2208.733333333333
2004-10-07,19.27,19.27,19.059999,19.120001,8.085807,4005628.0,1.0,0.9891021795537105,0.9922159314997405,-0.07000000000000028,-0.0634339999999991,1050816.0,1.006312483597134,1.0062502678306136,1.005738597671095,0.9958354735894639,0.9964159515219396,0.9960496191747532,1.001025209621633,1.0019045364812762,1.0015063795611545,0.091428714285714,0.04785714285714272,0.0456666666666667,0.026582000000000074,0.017822071428571538,0.016211066666666697,277584.28571428574,162409.92857142858,48058.2
2004-10-08,19.07,19.24,19.030001,19.17,8.106952,2318653.0,1.0089145254326166,0.997902517042475,1.0052438384897746,-0.1999999999999993,0.02114499999999886,-1686975.0,1.0065170324507766,1.0068097995700087,1.0056475085699623,0.9957648856339631,0.9966136216581782,0.9959981926295897,1.0008580813611914,1.002356316450623,1.001292934228594,0.05142871428571435,0.04071428571428574,0.03466663333333339,0.020540714285714325,0.020842714285714287,0.01310983333333331,-33557.0,-26565.5,-103735.86666666667
2004-10-11,19.25,19.299999,19.15,19.200001,8.119639,2115895.0,1.0025973506493506,0.9948051948051947,0.9974026493506494,0.17999999999999972,0.01268699999999967,-202758.0,1.0051505362717272,1.0068012213555213,1.0055335070672045,0.9954760455173676,0.9965143032746984,0.9959709113689452,0.9996560272644986,1.0023260670253589,1.0010604769610998,0.04857142857142855,0.06071428571428582,0.032333300000000044,0.0108745714285714,0.02537378571428566,0.011841099999999974,-497847.85714285716,8319.42857142857,-51059.166666666664
2004-10-12,19.16,19.4,19.15,19.34,8.178846,2866151.0,1.0125260960334028,0.9994780793319414,1.0093945720250521,-0.08999999999999986,0.059207000000000676,750256.0,1.0050622558643012,1.0073077437430005,1.0058968172849967,0.9954014854219305,0.9965158469847439,0.9961885140005994,0.9996461411289758,1.0027253726358438,1.0015363209655488,0.02000000000000008,0.054285714285714395,0.023999966666666712,0.008458142857142954,0.026280214285714303,0.013955699999999993,-457969.0,-1352.2142857142858,-10322.533333333333
2004-10-13,19.34,19.67,19.299999,19.66,8.314173,5193917.0,1.017063081695967,0.997931695966908,1.016546018614271,0.17999999999999972,0.1353270000000002,2327766.0,1.0073514159581591,1.0076711072344497,1.006030805877761,0.9958481284450323,0.9964458814113063,0.9961195705328296,1.0022325000033707,1.0035184061819504,1.001689302383126,0.012857142857142836,0.06928564285714296,0.03133333333333337,0.02658214285714295,0.0359464285714286,0.014660466666666701,422033.14285714284,213590.2142857143,-28453.333333333332
2004-10-14,19.690001,19.83,19.66,19.780001,8.364922,5564567.0,1.00711015707922,0.9984763332414255,1.0045708479141267,0.3500009999999989,0.05074899999999971,370650.0,1.00755211123226,1.0071740281637322,1.006143035719338,0.9960750527320993,0.9964143555853227,0.9963005124662748,1.003107773760249,1.003149162480084,1.0019129670067535,0.058571428571428594,0.08642864285714273,0.032999999999999946,0.032019714285714276,0.03383192857142855,0.015788233333333325,361878.14285714284,-103862.92857142857,95646.73333333334
2004-10-15,19.700001,19.83,19.68,19.73,8.343775,4090459.0,1.0065989336751808,0.9989847208637197,1.0015227918008736,0.010000000000001563,-0.02114699999999914,-1474108.0,1.0078300206522484,1.0073396441335765,1.006363000175177,0.9966686744007679,0.9968004498546889,0.9966596655411534,1.003842378527784,1.00318150590219,1.0022674066191226,0.05142871428571435,0.07214285714285726,0.03466670000000001,0.027790571428571553,0.030811071428571486,0.017479733333333355,162235.2857142857,78520.57142857143,54482.3
2004-10-18,19.77,19.77,19.469999,19.51,8.250736999999999,3884992.0,1.0,0.9848254425897826,0.986848760748609,0.06999899999999926,-0.09303800000000173,-205467.0,1.0078300206522484,1.0070712521246912,1.006326925139102,0.9960577119773496,0.9959465927834067,0.9962620720690378,1.0030756398490508,1.002050424735342,1.0018651088172366,0.07142857142857142,0.08142864285714271,0.04299999999999997,0.02356142857142832,0.025071714285714197,0.014801400000000017,-17233.714285714286,130175.28571428571,76683.9
2004-10-19,19.540001,19.65,19.530001,19.58,8.280342,1869074.0,1.0056294265286885,0.9994882292994764,1.0020470316250238,-0.2299989999999994,0.029605000000000103,-2015918.0,1.00736072080883,1.006938876629803,1.0062617720263096,0.9962842422997784,0.9960245639668708,0.996245013045687,1.0026189531540866,1.001738517257639,1.0016805425409887,0.06714299999999998,0.05928585714285717,0.03600006666666668,0.024769999999999927,0.022655357142857126,0.01381473333333331,-64225.57142857143,-48891.28571428572,302.26666666666665
2004-10-20,19.58,19.6,19.5,19.549999,8.267653999999999,2120597.0,1.0010214504596529,0.9959141981613893,0.9984677732379981,0.03999899999999812,-0.012688000000000699,251523.0,1.0071355922103016,1.0061430642410143,1.006206312681956,0.9964426713506632,0.9959593584340153,0.9963415460975728,1.002771113709422,1.0012135704869602,1.0016831757956974,0.047142857142856896,0.04785714285714272,0.031999966666666664,0.021144999999999876,0.016009785714285636,0.013532799999999975,671.7142857142857,-248588.07142857142,-16951.433333333334
2004-10-21,19.549999,19.639999,19.540001,19.549999,8.267653999999999,1907631.0,1.004603580798137,0.9994885933242248,1.0,-0.030000999999998612,0.0,-212966.0,1.0060038043195494,1.0055330300919254,1.006252528556639,0.9964441733495608,0.9959228293857457,0.9965925957231254,1.0014290319915573,1.0005375865602666,1.0019155261084767,0.05571414285714279,0.037857071428571434,0.029999966666666704,0.01268685714285692,0.010572499999999938,0.01451949999999993,-136931.42857142858,-297450.21428571426,-42343.26666666667
2004-10-22,19.6,19.639999,19.51,19.51,8.250736999999999,2360241.0,1.0020407653061223,0.9954081632653061,0.9954081632653061,0.05000100000000174,-0.016916999999999405,452610.0,1.0038577591210003,1.0056045875395798,1.0061586544533463,0.9960836686779035,0.995965898561468,0.9965834452661885,0.9984093383702767,1.0003209191868236,1.0018344220666477,0.037142857142857366,0.025000000000000102,0.035666633333333427,-0.00906228571428588,0.008759928571428535,0.01437846666666663,-404810.85714285716,8611.142857142857,-5797.2
2004-10-25,19.469999,19.5,19.35,19.469999,8.233823,3177164.0,1.0015408834895163,0.9938367228472893,1.0,-0.13000100000000003,-0.016913999999999874,816923.0,1.0030621486081854,1.0053071299202228,1.0057402828444457,0.9954208671930269,0.9957479599625632,0.9964502718865398,0.9977563600968301,1.0004320669285396,1.0014730869462143,-0.031428857142856766,0.013571285714285912,0.03399993333333337,-0.018728428571428677,0.0066456428571428005,0.011559199999999976,-341057.5714285714,10410.285714285714,-2268.233333333333
2004-10-26,19.35,19.73,19.23,19.57,8.276112,9936581.0,1.0196382428940567,0.993798449612403,1.0113695090439276,-0.11999899999999997,0.04228900000000024,6759417.0,1.0049249070680248,1.0063774638601366,1.0062702434983584,0.9946799712999815,0.9956743228503747,0.9962791625165477,0.9991630339886949,1.0015027062582393,1.001852070581012,-0.0500001428571427,0.000714285714285826,0.021000033333333334,-0.009666142857143052,0.009062214285714252,0.011982166666666643,835160.2857142857,498697.78571428574,196081.13333333333
2004-10-27,19.65,19.84,19.65,19.780001,8.364922,4325750.0,1.009669211195929,1.0,1.0066158269720102,0.29999999999999716,0.0888100000000005,-5610831.0,1.0063062229531574,1.0070681218027029,1.006521554801854,0.9968477652157269,0.9964527385965383,0.9964211575391607,1.001986900592038,1.0025312702205444,1.0021968473414076,-0.017142857142857286,0.027142857142857073,0.028999966666666665,0.01631214285714298,0.01993678571428565,0.015083399999999999,62965.42857142857,22865.85714285714,54587.666666666664
2004-10-28,19.82,20.0,19.780001,20.0,8.457958,4121485.0,1.0090817356205852,0.9979818869828455,1.0090817356205852,0.1700000000000017,0.09303599999999967,-204265.0,1.0067994099662856,1.0070800653875578,1.0065179730162337,0.9966325734562081,0.9964584078779933,0.9963538871052556,1.0029918583056896,1.002805405729888,1.0022473214116434,0.039999857142857156,0.05357142857142857,0.04400000000000001,0.02537371428571435,0.02507185714285714,0.019171433333333356,321773.0,128773.71428571429,-209787.1
2004-10-29,20.120001,20.4,20.08,20.4,8.627116000000001,23025836.0,1.013916450600574,0.9980118788264474,1.013916450600574,0.3000009999999982,0.16915800000000125,18904351.0,1.0086415528435602,1.0078885725269309,1.0069818547029195,0.9969322421226453,0.9966874567366543,0.9965385142489328,1.0051988122146291,1.0039849629620254,1.0028366493348881,0.07714300000000003,0.06214292857142846,0.050666699999999905,0.051351714285714625,0.03624835714285725,0.026360600000000053,2986462.714285714,1493567.2142857143,709798.2333333333
2004-11-01,20.440001,20.719999,20.4,20.65,8.73284,3575910.0,1.0136985316194458,0.9980430040096377,1.0102739231764226,0.3200000000000003,0.1057239999999986,-19449926.0,1.0099408315323184,1.007972317925934,1.0074024363875318,0.9967257293634184,0.9965849513564897,0.9966354432114162,1.0066665155255465,1.004047773758552,1.003215149476805,0.12714314285714273,0.09142864285714276,0.06466669999999995,0.066455142857143,0.03957099999999996,0.030589533333333325,238325.57142857142,50697.07142857143,29511.333333333332
2004-11-02,20.690001,20.719999,20.389999,20.559999,8.694778999999999,2387751.0,1.0014498790986044,0.9855001456983981,0.9937166750257771,0.25,-0.03806100000000079,-1188159.0,1.0098564192169588,1.0068570891689794,1.0073601841690796,0.9953102982824316,0.9956969834801674,0.996278926328899,1.006424874348471,1.0024171063593739,1.0030781672675193,0.1557144285714282,0.09642864285714278,0.07633336666666667,0.06343457142857137,0.027186142857142746,0.031012433333333287,3930.0,-200440.42857142858,12944.266666666666
2004-11-03,20.5,20.9,20.5,20.9,8.838567,5689638.0,1.0195121951219512,1.0,1.0195121951219512,-0.19000099999999875,0.1437880000000007,3301887.0,1.0124237494501638,1.0077429490291745,1.0078294312528546,0.9961907664471045,0.9958058168200657,0.9962970440825223,1.009212330794464,1.003484345445647,1.0036017639889756,0.1471429999999998,0.057857071428571515,0.07000000000000005,0.08639200000000002,0.033831785714285675,0.03425479999999999,358924.85714285716,8933.642857142857,93485.2
2004-11-04,20.879999,20.950001,20.49,20.49,8.665177,5048380.0,1.003352586367461,0.9813218860786342,0.9813218860786342,0.37999900000000153,-0.1733899999999995,-641258.0,1.0100972270892214,1.0075110670786231,1.0075419843712472,0.9944084002279947,0.9945441857639882,0.9957107331519756,1.0049198132279935,1.0020414236083444,1.002797708559304,0.21857128571428572,0.08428557142857152,0.0836666000000001,0.05558071428571435,0.02295728571428565,0.028475133333333336,-698314.4285714285,68422.92857142857,94824.2
2004-11-05,20.639999,20.799999,20.5,20.77,8.783588,4496436.0,1.0077519383600746,0.9932171023845495,1.0062984983671752,-0.240000000000002,0.11841100000000004,-551944.0,1.0098233309698137,1.0080647769614857,1.0073314068476078,0.993439414854359,0.9951435900350429,0.9955207134046209,1.00487448057016,1.003430690581099,1.0026829831802013,0.1414284285714287,0.06214278571428571,0.07199996666666664,0.05980942857142857,0.038060785714285776,0.029743766666666657,24383.714285714286,43674.57142857143,-84073.73333333334
2004-11-08,20.27,20.360001,20.09,20.219999,8.779244,17131764.0,1.0044401085347805,0.9911198815984213,0.9975332511100149,-0.36999899999999997,-0.0043439999999996814,12635328.0,1.0091602413861274,1.0079798256762065,1.0073367334621883,0.9924591283708698,0.994545850913539,0.9954387294214816,1.0032246970686498,1.0031082776871698,1.0025650920874891,0.06428571428571418,0.05214278571428567,0.05266663333333336,0.04589800000000009,0.03563585714285722,0.028894133333333342,1858611.2857142857,1090192.142857143,471353.1
2004-11-09,20.17,20.18,20.01,20.07,8.714117,4277105.0,1.0004957858205255,0.9920674268715914,0.9950421417947446,-0.09999999999999787,-0.06512700000000038,-12854659.0,1.0072430035604063,1.0079422782019831,1.0072280100520594,0.9916099209487473,0.9942710815356964,0.995281662264277,1.0005283672392458,1.0028635897269373,1.0023103669111646,0.0071427142857147475,0.042142857142857384,0.05133336666666667,0.012428714285714142,0.03189021428571438,0.02714613333333332,-2678390.1428571427,154036.2857142857,73818.9
2004-11-10,19.99,20.1,19.879999,19.940001,8.657675,4434705.0,1.005502751375688,0.9944971985992999,0.9974987993996999,-0.18000000000000327,-0.05644200000000055,157600.0,1.006072177811298,1.008006504671808,1.0071620123160117,0.9911033773186991,0.9939145533410588,0.9951516811265543,0.9987033495568566,1.0026849325412017,1.0020132023473922,-0.06428585714285719,0.031428642857142766,0.04266669999999995,-0.010737857142857164,0.02785864285714292,0.023150266666666662,122685.0,180505.2857142857,62705.1
2004-11-11,20.1,20.1,19.85,19.959999,8.666359,2586518.0,1.0,0.9875621890547264,0.9930347761194029,0.11000000000000298,0.00868400000000058,-1848187.0,1.005865052225783,1.007860735721371,1.0067565848525883,0.9913979549410319,0.9933541266117317,0.994842851574333,0.9986059354273747,1.0025154048879228,1.001587127283789,-0.08428585714285676,0.03571428571428571,0.03966666666666671,-0.004059999999999826,0.029687285714285774,0.02076140000000001,28395.285714285714,16162.642857142857,-100477.06666666667
2004-11-12,19.99,20.040001,19.82,19.82,8.605574,2056701.0,1.0025013006503252,0.991495747873937,0.991495747873937,-0.11000000000000298,-0.0607849999999992,-529817.0,1.003434924444122,1.007929336947143,1.0064018262447532,0.9901830617801657,0.9931869141136351,0.9945593765034643,0.9946035858205156,1.0019079583074897,1.0009881930471298,-0.07285714285714308,0.03714292857142836,0.0323333333333333,-0.0332847142857141,0.026553642857142963,0.016197833333333377,-518991.0,-80033.07142857143,-133841.1
2004-11-15,19.85,20.18,19.82,20.18,8.761878999999999,2335974.0,1.016624685138539,0.9984886649874055,1.016624685138539,-0.13999999999999702,0.15630499999999792,279273.0,1.0053309385542761,1.0077140828217488,1.0069213503814058,0.992635458767133,0.9935219294975639,0.9946821588428713,0.9996468428290733,1.0022833280285335,1.0015942990019642,-0.1471427142857143,0.03571428571428571,0.02000000000000005,0.013814571428571247,0.034697642857142795,0.0211260333333333,-387486.5714285714,-542900.5,3209.633333333333
2004-11-16,20.200001,20.200001,20.0,20.049999,8.705436,2288378.0,1.0,0.9900989608861901,0.9925741587834574,0.3500009999999989,-0.05644299999999802,-47596.0,1.004223518788551,1.0070234248791825,1.006731174042722,0.992190009981653,0.9928147124180061,0.9944558620980124,0.9976862228885423,1.0012803517293511,1.001398639907547,-0.06285685714285703,0.039285785714285835,0.030666666666666724,-0.011164571428571333,0.024322428571428616,0.018821733333333354,-315436.85714285716,-145526.57142857142,-24768.066666666666
2004-11-17,20.049999,20.120001,19.870001,20.02,8.692409,2172695.0,1.0034913717452054,0.9910225431931442,0.9985037904490669,-0.15000200000000063,-0.01302700000000101,-115683.0,1.004087984961469,1.006624113173798,1.0066924341763868,0.9921761044951849,0.9923176164330273,0.9943289678983491,0.9978248713655498,1.0005247842171,1.0014694143082448,-0.03142871428571427,0.016428499999999957,0.02366663333333333,-0.012405000000000095,0.016746499999999997,0.01810559999999999,-2137009.8571428573,-139199.2857142857,-26070.566666666666
2004-11-18,20.040001,20.120001,19.91,19.940001,8.657675,1577657.0,1.0039920157688613,0.993512924475403,0.9950099802889231,-0.009997999999999507,-0.034734000000000265,-595038.0,1.0045874463826598,1.005915224971533,1.006825501368682,0.9923826041528724,0.9919962625508099,0.9944759927290722,0.997820276864718,0.9991743220519819,1.0015625492678841,-0.018571285714285932,-0.005714285714285593,0.02566670000000002,-0.008063142857142935,0.0021827857142856033,0.019062266666666616,-385635.4285714286,-1532012.7857142857,-80932.36666666667
2004-11-19,19.85,19.879999,19.549999,19.709999,8.557812,3154864.0,1.0015112846347607,0.9848865994962216,0.9929470528967254,-0.19000099999999875,-0.09986299999999915,1577207.0,1.0040172368482416,1.00504470732977,1.0065787266754203,0.9910096614238609,0.99105651937128,0.9940421288108638,0.9971700273642933,0.9979366884605749,1.0011526564147826,-0.019999999999999574,-0.04214292857142838,0.026000000000000037,-0.014266142857142736,-0.012501999999999949,0.015028666666666683,-182834.42857142858,-30074.714285714286,27873.7
2004-11-22,19.67,19.67,19.469999,19.540001,8.484003,4001813.0,1.0,0.9898321809862735,0.9933910015251651,-0.17999999999999972,-0.07380900000000068,846949.0,1.0040172368482416,1.0049411445370124,1.0064921483204419,0.9913339459855106,0.9913659504632714,0.9938763616835664,0.9972209167079734,0.997913426067674,1.0010189348205998,-0.06142857142857139,-0.07285721428571408,0.014000000000000058,-0.026050857142857202,-0.015055428571428513,0.01214546666666667,202185.0,115290.14285714286,62863.933333333334
2004-11-23,19.690001,19.74,19.6,19.66,8.536100999999999,2392956.0,1.0025393091650934,0.9954291012986746,0.9984763332414255,0.02000099999999705,0.05209799999999909,-1608857.0,1.0040226666360657,1.0037287955400938,1.0061592554248315,0.9918958536176161,0.9910394576988909,0.9937413957491241,0.9982181431890432,0.9964108645047792,1.0006549935278122,-0.04285699999999996,-0.057857071428571515,0.017666699999999955,-0.009924714285714589,-0.02160471428571434,0.011908499999999952,48036.42857142857,-235477.2857142857,-15773.166666666666
2004-11-24,19.700001,19.74,19.629999,19.690001,8.549128999999999,3058348.0,1.002030405988304,0.9964465991651473,0.9994923858125692,0.010000000000001563,0.013028000000000262,665392.0,1.0019377696146035,1.00363435408444,1.005658166234576,0.991604129928722,0.9921197943479275,0.9936918925223989,0.9957706718567617,0.9977087573429175,1.000086539101089,-0.02142842857142873,-0.08428557142857152,0.012000033333333349,-0.03039285714285711,-0.00828914285714293,0.007831866666666621,103196.28571428571,-142145.14285714287,-71185.63333333333
2004-11-25,19.700001,19.82,19.67,19.719999,8.562153,4430268.0,1.0060913194877503,0.9984771066762891,1.001015126852024,0.0,0.013024000000001479,1371920.0,1.0028079581128535,1.0035157384507023,1.005624204981527,0.9928010078987362,0.9924955089401947,0.993691918303561,0.9969765244379857,0.997331373663264,0.9999680150656854,-0.07142857142857142,-0.06714271428571424,0.0003333333333333854,-0.02046900000000004,-0.015816785714285686,0.006574366666666679,305984.28571428574,-4726.285714285715,-37809.96666666667
2004-11-26,19.799999,19.809999,19.58,19.58,8.501369,4144897.0,1.0005050505305582,0.9888889388327746,0.9888889388327746,0.09999799999999937,-0.06078399999999995,-285371.0,1.0023813407964755,1.0032346628789723,1.005421075543373,0.9924962072758261,0.9923361558855056,0.9933553922358628,0.9956029742070867,0.9967139227863182,0.9995468866334155,-0.03571428571428571,-0.03357149999999999,0.0033332666666666456,-0.02729142857142846,-0.019848214285714278,0.0052531333333333185,281743.14285714284,-927633.3571428572,1814.6
2004-11-29,19.59,19.860001,19.52,19.780001,8.588206,3166665.0,1.0137825931597755,0.9964267483409903,1.00969887697805,-0.20999899999999982,0.08683699999999916,-978232.0,1.0037799947094632,1.0041837205460615,1.0058804953153655,0.992912467828053,0.9926475359904626,0.9937421024275697,0.9977013880198191,0.9977608324422685,1.0003085571743968,-0.06428585714285719,-0.04142857142857156,-0.005999999999999991,-0.009924142857142826,-0.00899364285714288,0.011248966666666683,227001.14285714287,-79317.14285714286,-23944.233333333334
2004-11-30,19.77,20.1,19.77,20.049999,8.705436,4292721.0,1.016691957511381,1.0,1.0141628224582702,0.17999999999999972,0.11723000000000106,1126056.0,1.005948662263266,1.0049829495557538,1.006249246348122,0.9950715250428784,0.9930405932333698,0.9937591614509205,1.000732212242897,0.9989511198035951,1.0007124168688384,-0.011428571428571692,-0.015714285714285632,0.007666633333333313,0.021089142857142917,0.003411500000000091,0.014169800000000047,162551.0,-10141.714285714286,80788.23333333334
2004-12-01,20.059999,20.16,19.77,19.77,8.583862,5237176.0,1.0049850949643615,0.9855434190201106,0.9855434190201106,0.28999900000000167,-0.12157400000000074,944455.0,1.0066608186867463,1.0053390277674938,1.0063813678316123,0.9944588447619981,0.9928963953737543,0.9934134688128778,0.9996111290278892,0.9984160228679312,1.0002816050615755,0.05571414285714279,-0.0028572142857142984,0.015999966666666764,0.01426557142857148,-0.00589264285714286,0.010540266666666713,176480.42857142858,189332.7142857143,103885.96666666666
2004-12-02,19.93,20.08,19.9,20.030001,8.696752,2473529.0,1.0075263421976919,0.9984947315604615,1.0050176116407425,-0.12999900000000153,0.11289000000000016,-2763647.0,1.0073732519771175,1.0056979593065916,1.0064787932115975,0.9948967919422532,0.9933963227799347,0.9933803400874192,1.0005455973706485,0.999381870279846,1.0004488587829334,0.03428557142857157,-0.004285714285714194,0.012666700000000001,0.02295014285714306,0.006512714285714237,0.014303266666666719,11510.42857142857,29773.428571428572,18863.266666666666
2004-12-03,20.030001,20.190001,19.91,19.969999,8.6707,2787230.0,1.0079880175742377,0.9940089368942119,0.9970043935594413,0.1000009999999989,-0.026051999999999964,313701.0,1.0082243393465367,1.0050810544805702,1.0066770349538678,0.9945485544749768,0.9930763422018494,0.9933336992083827,1.0001901699059161,0.997980420881339,1.0005020664594049,0.047142857142856896,0.012857214285714085,0.014333366666666573,0.017367285714285887,-0.006512785714285612,0.013998766666666699,-38731.142857142855,32232.571428571428,14232.966666666667
2004-12-06,20.049999,20.24,20.049999,20.15,8.748853,2979174.0,1.0094763595748808,1.0,1.0049875812961386,0.01999800000000107,0.07815300000000036,191944.0,1.0087079165018409,1.0057579373073473,1.00694155082338,0.9947661106640784,0.9937835592814073,0.9935391417801396,1.0007576633979327,0.9988670939179591,1.000668319169276,0.049999714285714196,-0.010714428571428616,0.019333333333333275,0.026671428571428586,0.0031012142857142727,0.017167666666666706,-207299.14285714287,49342.57142857143,-6599.666666666667
2004-12-07,20.15,20.18,19.940001,19.950001,8.662018,2861651.0,1.0014888337468983,0.9895782133995037,0.9900744913151366,0.1000009999999989,-0.08683500000000066,-117523.0,1.008848456961318,1.0056148988788969,1.0063365705184748,0.9948645784593254,0.9936803928675759,0.9933984672397096,1.0009270280382698,0.9982650011226782,0.999958485244983,0.0500001428571427,0.007142928571428493,0.02666666666666657,0.022949857142857053,-0.0021707857142857024,0.012863533333333343,-183320.85714285713,49211.142857142855,-235831.0
2004-12-08,19.99,20.049999,19.809999,19.9,8.640305,4249427.0,1.0030014507253628,0.990995447723862,0.9954977488744372,-0.16000000000000014,-0.021713000000000093,1387776.0,1.007308293756402,1.0055441442329325,1.0061143118361224,0.9940886783711643,0.9935005730996086,0.9930983154971716,0.9988982954520396,0.9982998417359293,0.9995878826417305,0.05714285714285694,-0.003571500000000124,0.011333333333333329,0.0074427142857143025,-0.0012407142857142617,0.009179433333333323,154680.2857142857,190840.7142857143,-2544.1
2004-12-09,19.870001,20.02,19.639999,19.700001,8.553469,3602783.0,1.0075490182411164,0.9884246608744509,0.9914443889559946,-0.11999899999999997,-0.08683599999999991,-646644.0,1.0060021595749356,1.0059754109191008,1.006063221256807,0.9924350584960858,0.9937532917694821,0.9927797412935585,0.9956528049517146,0.9981925085973058,0.998999971086244,0.014285857142856986,0.0014286428571426463,0.0016666999999999396,-0.02170957142857155,-0.0003102142857143164,0.003183700000000004,-98562.57142857143,31994.214285714286,-17290.066666666666
2004-12-10,19.85,19.959999,19.82,19.85,8.618598,2722611.0,1.0055415113350126,0.9984886649874055,1.0,-0.02000099999999705,0.06512900000000066,-880172.0,1.0060816476278858,1.006371233157316,1.0057840566146217,0.9942843793485565,0.9943716120552771,0.9927956341655905,0.9977180308059844,0.9986645799169368,0.9985360893995583,-0.029999857142857116,0.012857142857142836,-0.009000033333333235,0.004962285714285792,0.009613928571428636,-0.000283933333333349,-359223.5714285714,-91371.57142857143,-676774.1666666666
2004-12-13,19.950001,19.99,19.700001,19.91,8.64465,1623226.0,1.0020049623055156,0.9874686723073347,0.9979949374438628,0.1000009999999989,0.026051999999999964,-1099385.0,1.0052928790718607,1.006333065524489,1.005394270970824,0.9927092280266814,0.9938030099844672,0.9924431564421804,0.9967147916350015,0.9986301945028252,0.9981267898751397,0.0028572857142858004,0.018571428571428683,-0.01633333333333328,-0.007443142857142807,0.0077535000000001275,-0.002939666666666637,-121471.85714285714,-54980.71428571428,-65089.46666666667
2004-12-14,20.040001,20.059999,19.950001,19.959999,8.666359,1910831.0,1.000997904141821,0.9955089822600308,0.9960078844307443,0.08999999999999986,0.021708999999999534,287605.0,1.0042942914386581,1.0062593153925976,1.0053792051389312,0.9929235202217983,0.9937360373483876,0.9927767843275681,0.9965724331880449,0.9983813015469806,0.9982031635219719,0.001428571428571652,0.024285714285714275,-0.02166666666666662,-0.0006201428571428787,0.008373571428571504,-0.0009473333333332927,-125199.85714285714,-81965.5,-15897.333333333334
2004-12-15,20.1,20.25,20.049999,20.129999,8.740169,3657252.0,1.007462686567164,0.9975123880597014,1.0014924875621891,0.059999000000001246,0.07380999999999993,1746421.0,1.0040066238661274,1.0063572701839842,1.0049775548537716,0.9925681470874699,0.9936671288757741,0.9926938639295582,0.996073134083195,0.9984153987405637,0.9976025066033132,0.007143000000000248,0.02857135714285722,-0.013333333333333286,-0.0012405714285715114,0.012715428571428536,-0.003279933333333318,96868.28571428571,-55215.42857142857,-67746.2
2004-12-16,20.27,20.389999,20.129999,20.379999,8.848717,7098038.0,1.0059200296003947,0.9930931919092255,1.005426689689196,0.16999999999999815,0.10854800000000075,3440786.0,1.004639651845198,1.0067440544032582,1.0050631362948694,0.993070286874573,0.9939674326669492,0.993086240790578,0.9982663052794891,0.9995966666588796,0.9984060000569986,0.017142857142857286,0.03357149999999999,-0.020333300000000065,0.026671285714285835,0.024810571428571442,0.006118000000000024,605198.1428571428,210938.64285714287,68321.93333333333
2004-12-17,20.35,20.43,20.23,20.4,8.8574,2952359.0,1.0039312039312038,0.994103194103194,1.0024570024570023,0.08000000000000185,0.008682999999999552,-4145679.0,1.004772473731747,1.0060403837440746,1.0049357784805735,0.9935142506430489,0.9938014645071066,0.9931157771811994,0.9992604843627128,0.9990793899073761,0.9982779501933262,0.05142857142857186,0.054285714285714395,-0.00966663333333327,0.031013571428571498,0.0192281428571429,0.002460400000000007,-185295.42857142858,-15307.57142857143,-51469.23333333333
2004-12-20,20.43,20.43,20.33,20.360001,8.840031,1727950.0,1.0,0.9951052373959862,0.9965737151248165,0.0799999999999983,-0.017369000000000412,-1224409.0,1.0036940425544445,1.0048481010646901,1.0047877748627476,0.994468618717554,0.9934518386068198,0.9932486223744517,0.9999932452439729,0.9978230250978436,0.9982459656604862,0.07999985714285732,0.04714285714285715,0.005333333333333338,0.04093742857142857,0.00961392857142851,0.002026233333333316,-267833.28571428574,-183197.92857142858,-513460.4666666667
2004-12-21,20.49,20.52,20.379999,20.379999,8.848717,2480061.0,1.0014641288433384,0.9946314787701319,0.9946314787701319,0.05999999999999872,0.00868600000000086,752111.0,1.0031115593413482,1.004596603484617,1.004820052963508,0.9939175921150863,0.9941009857318216,0.9933340907710696,0.9992263136397062,0.9984721722228453,0.9982322768929991,0.091428571428571,0.030714357142856943,0.010666666666666557,0.032874142857142886,0.018918214285714337,0.004486666666666691,-34650.0,-196936.7857142857,-59901.46666666667
2004-12-22,20.5,20.549999,20.42,20.549999,8.922528,2261629.0,1.002438975609756,0.9960975609756099,1.002438975609756,0.010000000000001563,0.07381099999999918,-218432.0,1.0031735612419541,1.0042332201569073,1.0047179271046436,0.9951502904962685,0.9939297592614749,0.9933874361836132,0.9998611762348337,0.9982879839349177,0.9983969494333345,0.07857128571428566,0.04071428571428574,0.017000000000000053,0.039696857142857055,0.016126857142857127,0.008828433333333349,91200.42857142857,-15135.714285714286,-72435.86666666667
2004-12-23,20.559999,20.65,20.440001,20.559999,8.926867999999999,2496110.0,1.0043774807576595,0.9941635211169026,1.0,0.059999000000001246,0.004339999999999122,234481.0,1.0036563579013595,1.003975324670009,1.004863843129899,0.9949580817615359,0.9939408009916672,0.9936074805856858,1.0004314784590131,0.998501955823529,0.9986291235626876,0.07428542857142872,0.03785700000000019,0.015333299999999994,0.037215571428571285,0.018297714285714202,0.0086836333333333,83611.28571428571,-20794.285714285714,-3013.6
2004-12-24,20.620001,20.639999,20.5,20.59,8.939895,6472625.0,1.0009698350645084,0.9941803591571117,0.9985450534168258,0.060001999999997224,0.01302700000000101,3976515.0,1.0027288076866945,1.003367715776411,1.0048127942770386,0.9944820776325946,0.9935251123600323,0.9936969676284584,1.0000104164382468,0.9980417752607209,0.9988641004141172,0.07428585714285672,0.040714428571428485,0.021000033333333334,0.028532285714285725,0.013645857142857107,0.011144033333333307,402196.14285714284,249532.2142857143,147197.46666666667
2004-12-27,20.59,20.59,20.59,20.59,8.939895,0.0,1.0,1.0,1.0,-0.030000999999998612,0.0,-6472625.0,1.0018830891723522,1.0032613705087752,1.0042586381057537,0.9954687645027053,0.9942695256886391,0.9937473454622114,0.9992351750540761,0.9987507401667826,0.9983099442428326,0.045714285714285756,0.03142857142857152,0.024666666666666615,0.013025428571428474,0.019848357142857154,0.005933866666666709,-1014005.4285714285,-204403.64285714287,-77865.8
2004-12-28,20.59,20.59,20.59,20.59,8.939895,0.0,1.0,1.0,1.0,0.0,0.0,0.0,1.0013214886107518,1.0030469811712492,1.0042586381057537,0.9963111653451061,0.9949127079940776,0.9940773800993384,0.9988841747030758,0.9990723295328942,0.998557472283384,0.034285714285714065,0.04285714285714296,0.01299996666666665,0.011784999999999966,0.021399285714285732,0.007815299999999976,-421765.5714285714,-303530.5,-76279.26666666666
2004-12-29,20.549999,20.639999,20.51,20.59,8.939895,1079327.0,1.004379562256913,0.9980535765476194,1.0019465207759863,-0.040001000000000175,0.0,1079327.0,1.0019471403617393,1.0028205914580919,1.004288244456144,0.9967323566524823,0.9956004876850181,0.9943117478778211,0.9996517183675285,0.9998224818057507,0.998672229960948,0.017142714285714282,0.0485712857142858,0.016666666666666666,0.01426628571428574,0.027601857142857154,0.008249533333333343,-92660.42857142857,-180246.85714285713,-36445.6
2004-12-30,20.629999,20.66,20.559999,20.629999,8.957265,614079.0,1.0014542414665166,0.9966068830153603,1.0,0.08000000000000185,0.017369999999999663,-465248.0,1.0019457278793362,1.0025286436103422,1.0042036519793993,0.9970145572589434,0.995466074687015,0.9944148798291529,1.0004186499717955,0.9998224818057507,0.9988385639513172,0.019999857142857586,0.05571421428571429,0.019666600000000044,0.015506857142856998,0.02419049999999994,0.009986333333333342,-266568.85714285716,-150609.42857142858,-32119.266666666666
2004-12-31,20.65,20.65,20.51,20.59,8.939895,909154.0,1.0,0.993220338983051,0.9970944309927361,0.02000099999999705,-0.017369999999999663,295075.0,1.0015973027922283,1.002385432017091,1.0041532758249072,0.9966035255457208,0.9958769080209946,0.9946926711453805,0.9996551435979356,0.9997581599163846,0.9989768098878508,0.021428571428571224,0.049999928571428445,0.02666666666666657,0.0024810000000000188,0.02108892857142854,0.012736099999999992,-193210.7142857143,-51005.142857142855,-74857.0
2005-01-04,20.6,20.66,20.51,20.66,8.970289999999999,1690611.0,1.0029126213592232,0.9956310679611651,1.0029126213592232,-0.04999999999999716,0.030394999999998618,781457.0,1.0013880371638801,1.0025221975326197,1.004250363203548,0.9968131750949011,0.9958856284282185,0.9948859673778769,1.0000712323635388,1.0002513554112757,0.9992941972156528,0.005714428571428597,0.03999992857142866,0.03099999999999999,0.006203142857142804,0.021709357142857044,0.016209566666666633,-115071.28571428571,-15730.0,-77040.06666666667
2005-01-05,20.58,20.58,20.41,20.49,8.896476,3602744.0,1.0,0.9917395529640428,0.9956268221574344,-0.020000000000003126,-0.07381399999999871,1912133.0,1.0012494892975219,1.001989148492108,1.0041657195647116,0.9964644884958912,0.9954732830642429,0.9947629824333892,0.9996543421836257,0.9998323793109363,0.9991992135128531,-0.005714428571428597,0.034285714285714065,0.029666633333333317,-0.006202714285714299,0.011164785714285712,0.01201250000000004,-409983.0,-3893.4285714285716,40326.26666666667
2005-01-06,20.5,20.540001,20.360001,20.4,8.8574,1846736.0,1.001951268292683,0.9931707804878049,0.9951219512195121,-0.0799999999999983,-0.03907599999999967,-1756008.0,1.0015282419107623,1.0017056655415573,1.0041630816415241,0.9954888857084347,0.99547882510557,0.9946537884774779,0.9989574780721274,0.9990963265631017,0.9990535323597513,-0.012857142857142836,0.01642857142857146,0.02666663333333332,-0.011784999999999966,0.0006202142857142537,0.010275700000000044,263819.4285714286,-375093.0,-40387.066666666666
2005-01-07,20.469999,20.690001,20.42,20.620001,8.952924000000001,2121862.0,1.0107475335001237,0.9975574498073987,1.0073278948377085,-0.030000999999998612,0.09552400000000105,275126.0,1.0030636038393514,1.0021925462250516,1.00431828877527,0.9951399499666345,0.9957255576558703,0.9946231332485148,1.0000043201918,0.999444247447438,0.999263957959274,-0.01714299999999978,0.008571357142857141,0.025666600000000036,0.0018612857142858985,0.006823142857142932,0.013025700000000029,303123.14285714284,-59321.21428571428,-76946.86666666667
2005-01-10,20.66,20.76,20.57,20.65,8.965945,1543003.0,1.0048402710551791,0.9956437560503388,0.999515972894482,0.19000099999999875,0.013020999999998395,-578859.0,1.0031294193819609,1.00253827987185,1.0044627961260906,0.9947956898955945,0.9957640232740383,0.9948482938224336,0.9996570990658709,0.9996544087166999,0.9996181924279977,0.015714428571428636,0.01642857142857146,0.028666700000000014,0.003721428571428526,0.008993857142857133,0.015485866666666641,66239.42857142857,-13210.5,-86729.8
2005-01-11,20.77,20.85,20.700001,20.700001,8.987658,2615925.0,1.0038517091959558,0.9966298025999037,0.9966298025999037,0.10999999999999943,0.021713000000000093,1072922.0,1.0034719147718807,1.0027088213256083,1.00413176666063,0.9947989641219578,0.9959067606904506,0.9948550622977307,0.9991756422944286,0.999797146133112,0.9991825566153927,0.020000142857142578,0.02000000000000008,0.039333333333333324,0.0043418571428571594,0.009924357142857079,0.013315066666666672,285978.0,9704.57142857143,-18358.0
2005-01-12,20.67,20.76,20.6,20.74,9.005023,2390626.0,1.004354136429608,0.996613449443638,1.0033865505563617,-0.09999999999999787,0.017364999999999853,-225299.0,1.0040939342618247,1.0028456185270265,1.0037205059579042,0.9952836941877561,0.9959436098667382,0.9947421772791852,1.0000745165178038,0.9998648300578695,0.9988233475519959,0.002857142857143304,0.012142857142857264,0.030000000000000072,0.009303999999999948,0.005892499999999983,0.009986233333333297,211638.85714285713,9214.07142857143,-63403.166666666664
2005-01-13,20.799999,20.84,20.469999,20.48,8.892133,3125246.0,1.0019231250924578,0.9841346146218566,0.984615431952665,0.12999899999999798,-0.11289000000000016,734620.0,1.0039525776522866,1.0026703074080834,1.0036184402955073,0.9936413437107119,0.9952272594028064,0.9946952171325768,0.9974606323168668,0.9987659323402027,0.9987924146497477,0.028571285714285466,0.017142857142857033,0.024666666666666615,-0.011165285714285591,-0.002481071428571394,0.010275699999999983,204947.85714285713,44938.28571428572,-70397.66666666667
2005-01-14,20.450001,20.450001,20.299999,20.34,8.831347000000001,2371632.0,1.0,0.9926649392339882,0.9946209782581429,-0.34999799999999937,-0.06078599999999845,-753614.0,1.0039525776522866,1.0026010334749043,1.003367562222251,0.9937735417492756,0.9951190151225834,0.9945008907216943,0.9973169403312537,0.9984856412574398,0.998445860203661,-0.018571285714285426,-0.012142857142857011,0.017333366666666686,-0.009304142857142697,-0.007753428571428499,0.00448650000000003,-175873.14285714287,-292928.0714285714,-3396.5666666666666
2005-01-17,20.4,20.48,20.32,20.34,8.831347000000001,1953438.0,1.003921568627451,0.9960784313725491,0.9970588235294118,-0.05000100000000174,0.0,-418194.0,1.004234049128682,1.0028811455197222,1.0032320139240247,0.9941889204470961,0.9948389030777655,0.9945698738709723,0.9975936363755251,0.9982755572238263,0.9984476745359934,-0.014285714285714488,-0.013571428571428663,0.012333299999999998,-0.0037218571428570307,-0.007753428571428499,0.005354900000000029,15243.142857142857,139531.2857142857,-27793.066666666666
2005-01-18,20.34,20.549999,20.219999,20.25,8.792274,4565417.0,1.0103244346116027,0.9941002458210424,0.995575221238938,-0.05999999999999872,-0.039073000000000135,2611979.0,1.0041736064303222,1.0036186051348366,1.0032602830919155,0.9936950341633312,0.9944174920649828,0.9943732153983403,0.9959146830042723,0.9979595015980361,0.9981339292007533,-0.018571285714285932,-0.017857142857142856,0.009666700000000005,-0.022950000000000057,-0.01054435714285708,0.0014473666666666792,349079.28571428574,326101.21428571426,52874.76666666667
2005-01-19,20.389999,20.389999,20.120001,20.290001,8.80964,2981787.0,1.0,0.9867583122490589,0.9950957329620271,0.04999899999999968,0.017365999999999104,-1583630.0,1.003482139136725,1.003305779259343,1.0032106553003524,0.9924256850488625,0.9936106874722285,0.9942792186933255,0.9952832201567786,0.9974701596113248,0.9983013039223163,-0.03857157142857152,-0.011428571428571439,0.007999966666666698,-0.02232928571428567,-0.009303928571428572,0.004920733333333338,205540.57142857142,135890.0,4004.5333333333333
2005-01-20,20.139999,20.34,20.129999,20.190001,8.76622,2027536.0,1.0099305367393514,0.9995034756456543,1.0024827210765999,-0.25,-0.04341999999999935,-954251.0,1.0043505430714958,1.0039112289216883,1.0034416248341518,0.9928362097696839,0.9938175869458209,0.994562819624052,0.9961193513677352,0.9976474968310819,0.9985341363290552,-0.09000014285714286,-0.03500000000000014,0.004999966666666703,-0.03163399999999988,-0.013646071428571358,0.004197166666666696,-84055.57142857143,100961.21428571429,-74063.03333333334
2005-01-21,20.24,20.24,20.18,20.200001,8.770564,2475190.0,1.0,0.9970355731225297,0.9980237648221345,0.1000009999999989,0.0043439999999996814,447654.0,1.0037285235815518,1.0039112289216883,1.0031899908927813,0.9928965131523827,0.9940901036700694,0.9948498500323212,0.9953532391199885,0.997713877818896,0.9987534488579264,-0.061428571428571895,-0.029285714285714297,0.012333299999999998,-0.03349414285714276,-0.012095071428571405,0.007236500000000016,12080.57142857143,111859.71428571429,-37586.433333333334
2005-01-24,20.190001,20.23,20.110001,20.17,8.757539,1576178.0,1.0019811291737926,0.9960376425934799,0.9990093611189025,-0.04999899999999968,-0.01302500000000073,-899012.0,1.0037368098788855,1.003844693765586,1.0030713114874072,0.9945969457197574,0.9941191447152348,0.9947681492858571,0.9974095147151653,0.997435073516016,0.99872042756189,-0.08714257142857156,-0.029285642857143048,0.011333366666666577,-0.019227714285714268,-0.01519649999999993,0.004631366666666636,-221295.42857142858,-8173.785714285715,-38214.433333333334
2005-01-25,20.25,20.33,20.200001,20.23,8.783586999999999,3180337.0,1.0039506172839505,0.9975309135802469,0.9990123456790123,0.059999000000001246,0.026047999999999405,1604159.0,1.0043011837765925,1.0041268807144397,1.0031361666533551,0.9952920849120802,0.9945328133306779,0.9951035573282874,0.9980368529181466,0.9976768966247002,0.9987543411697282,-0.028571571428571474,-0.023571428571428448,0.009999966666666657,-0.0068228571428574315,-0.008063500000000065,0.004631233333333285,115529.28571428571,-30171.928571428572,51903.7
2005-01-27,20.5,20.74,20.440001,20.65,8.965945,6109224.0,1.0117073170731707,0.9970732195121951,1.0073170731707317,0.25,0.1823580000000007,2928887.0,1.0054134335545526,1.0048237413416172,1.0034931470844002,0.9954341975034582,0.9948115589752772,0.9951556985700262,0.9995023171526208,0.9985479767640729,0.9991313141277277,0.014285714285714488,0.0,0.015333299999999994,0.019228285714285524,0.007753214285714246,0.00998619999999999,593683.7142857143,304463.4285714286,139946.43333333332
2005-01-28,20.780001,20.84,20.549999,20.549999,8.922528,9758072.0,1.0028873434606669,0.9889315693488177,0.9889315693488177,0.2800009999999986,-0.04341699999999982,3648848.0,1.0043509919615619,1.004262299195942,1.003340635647517,0.9946958151502832,0.9941954246568071,0.9948696712796635,0.9985532240254608,0.9972339535148664,0.9987126168539486,0.06285728571428553,0.0221429999999998,0.022666699999999908,0.01860771428571414,-0.0021711428571429586,0.006078633333333331,741807.8571428572,545443.5714285715,203360.66666666666
2005-01-31,20.549999,20.620001,20.450001,20.59,8.939895,3268449.0,1.0034064235234268,0.9951339170381468,1.0019465207759863,-0.23000199999999893,0.017367000000000132,-6489623.0,1.00483762389348,1.0041598815151025,1.0032568487782847,0.9958923301201529,0.9941590075845077,0.9949376954506275,0.9995319079988835,0.9974075640778309,0.9985966112235084,0.022857142857142878,-0.007857214285714318,0.009333300000000004,0.018607857142857145,-0.001860714285714263,0.003039266666666644,40951.71428571428,123246.14285714286,-127652.96666666666
2005-02-01,20.639999,20.74,20.5,20.5,8.900818,2302574.0,1.0048450099246613,0.9932171023845495,0.9932171023845495,0.08999999999999986,-0.039077000000000695,-965875.0,1.00411112006281,1.0042308315671529,1.0032873089780667,0.9949942767971379,0.993915243283411,0.9949081590600061,0.9982082481857335,0.9971637997767343,0.9982886145544266,0.07142857142857142,-0.009285785714285717,0.00966663333333327,0.019228285714285524,-0.006202857142857177,0.0014472666666666355,39291.142857142855,-22382.214285714286,-21659.5
2005-02-02,20.6,20.700001,20.389999,20.700001,8.987658,3414715.0,1.0048544174757281,0.989805776699029,1.0048544174757281,-0.03999899999999812,0.08684000000000047,1112141.0,1.0048046082736282,1.00426656592759,1.0034491228939242,0.9939614487366378,0.9934289809445104,0.9947315103701074,0.9991840557076754,0.9972686474138319,0.9985646379661236,0.05142857142857186,-0.00500000000000002,0.0056666666666667235,0.031013428571428494,-0.0012403571428571322,0.004920899999999998,134217.85714285713,73149.21428571429,56225.5
2005-02-03,20.629999,20.690001,20.450001,20.5,8.900818,6798386.0,1.0029084829330335,0.9912749389856974,0.993698545501626,0.02999900000000011,-0.08684000000000047,3383671.0,1.004937087382091,1.0043369486304883,1.0034972680302474,0.9932810625069547,0.9939390041133561,0.9946196257106263,0.9984253677623504,0.9979174412387578,0.9985335401905068,0.06285685714285753,-0.012142857142857011,0.004666633333333436,0.02046842857142853,0.0006203571428571308,0.0017366999999999541,746029.7142857143,262367.14285714284,143944.16666666666
2005-02-04,20.469999,20.75,20.450001,20.74,9.005023,3082630.0,1.0136786035016416,0.9990230580861288,1.013190083692725,-0.16000000000000014,0.10420500000000033,-3715756.0,1.0063267996989043,1.0053139917377485,1.0038719222933101,0.9934942260077949,0.9943931554599376,0.994717142280977,1.0004507589071663,0.9992438059126564,0.9988919104599391,0.03142842857142877,0.001428428571428648,-0.001000033333333287,0.031633714285714376,0.012405428571428472,0.0027498333333333255,-13958.142857142857,50785.57142857143,27366.7
2005-02-07,20.85,20.92,20.67,20.75,9.009365,2273650.0,1.0033573141486811,0.9913669064748202,0.9952038369304556,0.38000100000000003,0.004342000000001178,-808980.0,1.0051339421382628,1.0052736878464077,1.0038379167396776,0.9926790384310271,0.9940566179672425,0.9946239217929075,0.9987202965871269,0.9991113068698738,0.9987320383576209,0.050000000000000204,0.03214285714285735,0.009666700000000005,0.006202857142857303,0.012715571428571413,0.0027499000000000607,-547939.1428571428,22872.285714285714,-7415.333333333333
2005-02-08,20.709999,20.719999,20.549999,20.65,8.965945,2463101.0,1.0004828585457681,0.9922742632677095,0.9971028970112455,-0.1400010000000016,-0.043420000000001124,189451.0,1.0047904442932771,1.0045707181274195,1.003821684189053,0.9931565661337258,0.9939261906420046,0.9945603852632607,0.9998876291103309,0.9992204265678958,0.9986839664774348,-0.010000285714285542,0.026428499999999997,0.0029999333333333785,0.006202428571428545,0.012405071428571343,0.0008683333333333229,-1042138.7142857143,-150165.42857142858,-133650.8
2005-02-09,20.76,20.950001,20.709999,20.92,9.083176,2583985.0,1.0091522639691715,0.9975914739884392,1.0077071290944124,0.05000100000000174,0.11723100000000031,120884.0,1.0056112786426694,1.0052244512680746,1.004126759654692,0.9935076456980534,0.9946999879091033,0.9944801010628753,1.0007105731558203,1.000121240577352,0.9989408707805819,0.030000142857143124,0.026428642857143,0.0056666666666667235,0.020468714285714285,0.019538285714285713,0.004776033333333333,-97780.57142857143,-28414.428571428572,86132.83333333333
2005-02-10,21.049999,22.02,21.049999,21.83,9.478287,8901929.0,1.0460808097900622,1.0,1.0370546810952341,0.2899989999999981,0.395111,6317944.0,1.0115021071948693,1.0078066136288395,1.005662786647694,0.9944766310716892,0.9947354539344134,0.9944801010628753,1.0069730844002038,1.0025906662929687,1.0001760268170898,0.058571428571428594,0.06500000000000002,0.015333299999999994,0.08249557142857153,0.05086192857142852,0.017946399999999998,942765.0,491028.0714285714,296730.9666666667
2005-02-11,21.77,21.83,21.530001,21.65,9.400131,4148151.0,1.0027560863573726,0.9889757005052825,0.9944878272852549,0.7200009999999999,-0.07815599999999989,-4753778.0,1.0112023456065329,1.0080034769400805,1.0056086707843759,0.9943580487582968,0.9941597487474674,0.9941775051947974,1.005492142944422,1.0023380993260487,0.9999274037007322,0.16714285714285687,0.10928571428571436,0.04066669999999999,0.05892471428571433,0.044969071428571414,0.015341200000000003,104776.57142857143,119497.21428571429,102294.13333333333
2005-02-14,21.75,22.02,21.110001,21.18,9.196064,5423683.0,1.0124137931034483,0.9705747586206896,0.9737931034482759,-0.019999999999999574,-0.20406700000000022,1275532.0,1.0125602470594492,1.0087486672207702,1.0059739891722737,0.9914008801347242,0.9923409713208394,0.993309767714975,1.0026485083653718,1.0005369380638611,0.9990538404823414,0.16000014285714265,0.11142850000000008,0.03733336666666662,0.042178000000000083,0.03132321428571431,0.007959966666666674,-196386.14285714287,274821.78571428574,160320.13333333333
2005-02-15,21.190001,21.42,21.08,21.200001,9.204751,4667152.0,1.0108541287940478,0.9948088251623961,1.0004719206950488,-0.5599990000000012,0.008687000000000111,-756531.0,1.0121567506726503,1.0092417751857772,1.0063357934654087,0.9907988468599053,0.9921465364338501,0.9933627172542867,1.0008316279371325,1.0006411934221493,0.9991664234724185,0.1028574285714282,0.06714292857142848,0.01800003333333334,0.02853257142857148,0.030083142857142926,0.008828533333333333,226360.2857142857,106201.07142857143,125266.6
2005-02-16,21.34,21.48,21.18,21.4,9.291588,2474872.0,1.006560449859419,0.9925023430178069,1.0028116213683222,0.1499990000000011,0.08683700000000094,-2192280.0,1.0126143414884698,1.0088741418133664,1.0064573877487486,0.9909610520803319,0.9918200452556795,0.9932584264228413,1.0019184542853992,1.0003193754362631,0.9991630568060549,0.06999999999999977,0.05999999999999999,0.024666666666666615,0.040317571428571446,0.023260214285714374,0.01070993333333341,28746.0,-259596.57142857142,26142.033333333333
2005-02-17,21.4,21.4,21.049999,21.219999,9.213434,2785806.0,1.0,0.9836448130841122,0.9915887383177572,0.05999999999999872,-0.07815400000000139,310934.0,1.0125453616962174,1.0086679029947472,1.0064573877487486,0.9897282734826752,0.9914424198082006,0.9929886017601769,1.0011307173291866,1.0005091732197589,0.9990284540113991,0.09857157142857124,0.04428564285714286,0.02733333333333334,0.03535557142857141,0.020778999999999975,0.010565266666666654,46100.71428571428,-498019.0,-27231.266666666666
2005-02-18,21.139999,21.32,21.049999,21.24,9.222115,3339174.0,1.0085147118502702,0.9957426677267108,1.0047304164962354,-0.26000099999999904,0.008681000000001049,553368.0,1.0124542828220886,1.0090327807323791,1.006676169200668,0.9894641583024283,0.9914859020002408,0.9930743313348072,1.0007054726723041,1.0007080229140624,0.9993487361872899,0.05428557142857114,0.042142857142857135,0.021333299999999986,0.019848428571428656,0.02015857142857147,0.012157166666666679,107884.14285714286,5051.785714285715,49747.933333333334
2005-02-21,21.16,21.200001,21.07,21.139999,9.178698,3198535.0,1.0018904064272212,0.9957466918714556,0.9990547731568998,0.0200010000000006,-0.04341699999999982,-140639.0,1.0061413680559685,1.008821737625419,1.0063809316315713,0.9888565428554934,0.9916665869635912,0.9930139727369425,0.9952769143953991,1.0011249993978015,0.9990729654645963,0.015714428571428636,0.03714292857142861,0.02300003333333329,-0.04279842857142846,0.01984857142857153,0.007525799999999983,-814770.5714285715,63997.21428571428,35889.1
2005-02-22,21.190001,21.58,21.15,21.58,9.369741,3546809.0,1.018404859914825,0.9981122700277362,1.018404859914825,0.030000999999998612,0.19104299999999874,348274.0,1.0083769071356046,1.0097896263710686,1.0068330845935596,0.9901617670729869,0.9922599079156418,0.993096256536189,0.9986936333424806,1.0020928881434512,0.999702595031941,-0.08285700000000011,0.04214292857142838,0.017666699999999955,-0.004341428571428655,0.027291642857142837,0.01345986666666666,-85906.0,9435.285714285714,66793.53333333334
2005-02-23,21.450001,21.48,21.26,21.299999,9.248168,3146242.0,1.0013985547133541,0.9911421449350982,0.9930069000929184,0.26000000000000156,-0.12157299999999971,-400567.0,1.0068033016513054,1.0096817743553772,1.0067513127774728,0.9930999651179023,0.9922504226263132,0.9929133346140289,1.0014384614345724,1.002043484899972,0.9995818316150415,-0.04285699999999996,0.05857157142857134,0.022666700000000026,0.007443428571428561,0.02481071428571432,0.008683666666666668,-325348.71428571426,-260867.42857142858,17677.233333333334
2005-02-24,21.299999,21.440001,20.959999,21.110001,9.165673,3692312.0,1.0065728641583505,0.9840375579360356,0.9910799056845027,-0.15000200000000063,-0.08249499999999976,546070.0,1.0061916924176342,1.0091742215451422,1.0068252703684308,0.9915612126569936,0.9911800297584495,0.9924941382304421,1.0000967450044944,1.0004641864708135,0.9991716101193128,0.015714000000000134,0.059285714285714164,0.0209999666666666,-0.005582571428571421,0.011475000000000029,0.005355000000000013,-139262.85714285713,43548.71428571428,43389.53333333333
2005-02-25,21.059999,21.5,21.059999,21.379999,9.282902,8044679.0,1.0208927360347928,1.0,1.0151946825828435,-0.23999999999999844,0.11722900000000003,4352367.0,1.0082391618712592,1.0104267516798646,1.0074575907331753,0.9926323065115926,0.9917966792959624,0.9930229844097137,1.001865753749426,1.0018921040174127,1.0001909184736522,-0.04000014285714266,0.014999928571428558,0.008666666666666718,-0.0012408571428572657,0.01953835714285709,0.013025633333333352,795686.7142857143,412216.35714285716,163981.1
2005-02-28,21.49,21.59,21.32,21.370001,9.278563,3231823.0,1.0046533271288973,0.9920893438808749,0.9944160539785947,0.4300009999999972,-0.004338999999999871,-4812856.0,1.008903922889673,1.0107246422929452,1.007612701637472,0.9938386680539874,0.9917834707683312,0.9930037978979431,1.0022696559866886,1.0017001866579374,1.000184087664334,0.012857142857142836,0.055714357142857045,0.03466663333333327,0.009304142857142952,0.02232985714285718,0.014907199999999973,63716.71428571428,54908.71428571428,28673.033333333333
2005-03-01,21.299999,21.33,21.15,21.299999,9.248168,1920387.0,1.0014084977187088,0.9929577930966099,1.0,-0.19000099999999875,-0.030395000000000394,-1311436.0,1.007888749442307,1.0101715161321978,1.0075289326071806,0.9934408288211157,0.991452493561772,0.9928997766220784,1.001593882201512,1.001149677436908,1.0002821268800202,0.022857142857142878,0.03857135714285701,0.029999966666666704,0.0037218571428570307,0.011785142857142843,0.013894033333333293,-202683.85714285713,-47399.857142857145,-1101.7
2005-03-02,21.200001,21.469999,21.190001,21.379999,9.282902,2274950.0,1.012735754116238,0.9995283019090423,1.0084904712976193,-0.09999799999999937,0.034734000000000265,354563.0,1.0094380848264524,1.0077897264412103,1.0076093099240018,0.9939810588264854,0.9914188008409893,0.9930807118250119,1.0029418390787577,0.9991093767370784,1.0007126352153095,0.005714428571428597,0.010714428571428616,0.028666700000000014,0.014886285714285614,-0.013956071428571424,0.016354266666666638,-131940.7142857143,-473355.64285714284,-76348.9
2005-03-03,21.450001,21.57,21.290001,21.559999,9.361056,1554861.0,1.0055943587135496,0.9925407928885411,1.0051281116490391,0.25,0.07815399999999961,-720089.0,1.0076080132262701,1.0079924601809374,1.0077957885477866,0.993185133520886,0.9916734502969363,0.9932734611796613,1.001045160755074,0.9998693970487773,1.0010470478382099,0.037142857142857366,-0.022857071428571376,0.03533340000000003,-0.0012407142857142617,-0.0027910714285714583,0.018380533333333324,-284564.0,-185235.0,-47564.2
2005-03-04,21.540001,21.799999,21.52,21.799999,9.465261,1880259.0,1.0120704729772296,0.9990714485110748,1.0120704729772296,0.08999999999999986,0.10420500000000033,325398.0,1.0091325729782523,1.007967937314779,1.007867119755716,0.9943178911745969,0.9937089281462496,0.9932590602751752,1.0037685283099755,1.002603494872274,1.001366639568231,0.012857142857142836,-0.014999928571428558,0.046666733333333356,0.031013285714285743,0.01922835714285715,0.023301366666666646,-180854.7142857143,-253101.7142857143,-4909.233333333334
2005-03-07,21.940001,22.01,21.68,21.75,9.443551,1869915.0,1.0031904738746367,0.9881494535939174,0.9913399730474033,0.3999999999999986,-0.021710000000000562,-10344.0,1.0086493743662932,1.0074205333919637,1.0079734688848705,0.9949053048400086,0.9932332587485011,0.9929628562908881,1.00380568079039,1.0019512128974422,1.0011438465090732,0.091428857142857,0.05357142857142857,0.05666670000000001,0.039696857142857055,0.01705714285714282,0.02243289999999997,-260342.42857142858,-199802.64285714287,-20175.833333333332
2005-03-08,21.75,21.889999,21.690001,21.75,9.443551,1778503.0,1.006436735632184,0.9972414252873563,1.0,-0.19000099999999875,0.0,-91412.0,1.006584231451635,1.007411696661447,1.0081219891001503,0.9945112227382024,0.9935717646248976,0.993002982380684,1.0016350118499837,1.0017503827997047,1.0011768678051098,0.09857157142857124,0.029285714285714297,0.05199996666666671,0.022949857142857053,0.010854499999999894,0.02286706666666666,-895168.0,-49740.642857142855,6744.166666666667
2005-03-09,21.85,21.85,21.66,21.76,9.447895,3297246.0,1.0,0.9913043478260869,0.9958810068649886,0.10000000000000142,0.004344000000001458,1518743.0,1.005919470433221,1.007411696661447,1.007990301857352,0.9943990804446613,0.9941188742493242,0.9927954301888787,1.0018442908337544,1.0020569734102214,1.0010724898446424,0.05142857142857186,0.03214285714285735,0.05333333333333338,0.024190285714285813,0.016747214285714383,0.022143600000000062,9346.142857142857,36531.42857142857,3896.9666666666667
2005-03-10,21.65,21.75,21.450001,21.559999,9.361056,3899699.0,1.004618937644342,0.990762170900693,0.9958429099307161,-0.20000000000000284,-0.08683900000000122,602453.0,1.0063781047083116,1.0071334270753094,1.0077540225430577,0.9940854201309588,0.9937631244760373,0.9925850619018287,1.0012504208238566,1.0014221515126842,1.0006900177366418,0.0500001428571427,0.03642864285714279,0.03833333333333329,0.016126857142857127,0.009924357142857079,0.013170366666666666,282758.85714285716,40037.5,-73650.83333333333
2005-03-11,21.42,21.52,21.35,21.379999,9.282902,2557296.0,1.0046685340802988,0.9967320261437909,0.9981325396825397,-0.22999999999999687,-0.07815399999999961,-1342403.0,1.0052256447031773,1.0073318647648148,1.0078133955637119,0.9936859521644943,0.9938335054954898,0.9928450771283277,0.9997707163074167,1.001356277693087,1.000996716747766,0.03142842857142877,0.018571428571428683,0.021333300000000104,0.0,0.007443142857142807,0.012012466666666673,40335.142857142855,-45802.78571428572,-240025.86666666667
2005-03-14,21.299999,21.6,21.23,21.469999,9.321979,2724267.0,1.014084554651857,0.9967136618175428,1.0079812210319823,-0.12000100000000202,0.039077000000000695,166971.0,1.0064385298372212,1.0070232715317458,1.0081693332679929,0.9942820762972089,0.9937336049090474,0.992897735287641,1.0001783033621228,1.0006117320585983,1.0011978734229658,-0.021428857142857232,0.007857000000000067,0.025,-0.005582428571428417,-0.0034115714285713394,0.01273613333333336,167058.0,-58753.0,-18139.4
2005-03-15,21.43,21.76,21.43,21.68,9.41316,3086757.0,1.0153989734017732,1.0,1.0116658889407373,0.13000100000000003,0.09118099999999885,362490.0,1.0069140298978703,1.0080233014380613,1.0085211320505634,0.9944147265099125,0.9943663088422546,0.9931238318748226,1.000120505642624,1.0019445169762997,1.0018128329748388,-0.015714428571428636,-0.0014286428571429002,0.026333366666666674,-0.007443000000000056,0.011785142857142843,0.017078066666666676,172356.85714285713,-4248.928571428572,26139.433333333334
2005-03-16,21.610001,21.889999,21.610001,21.77,9.452236,2776749.0,1.012956871219025,1.0,1.0074039330215672,0.18000100000000074,0.03907599999999967,-310008.0,1.008309229518497,1.0084793019423952,1.0087912138420065,0.9961076617107815,0.9955064832753949,0.9934636393181883,1.0024153570675043,1.003110518928947,1.0018978168263666,-0.047142857142856896,0.022143000000000055,0.033666699999999966,0.0012407142857142617,0.020468785714285658,0.015485933333333316,129547.71428571429,-65397.357142857145,-21265.533333333333
2005-03-17,21.799999,21.870001,21.57,21.65,9.400131,3377510.0,1.0032111010647293,0.9894495866719994,0.9931193116109776,0.18999799999999922,-0.05210499999999918,600761.0,1.0078484245802894,1.007216328015962,1.0088013011130632,0.9949945419085876,0.9947528823233949,0.993402794241065,1.0014324015833584,1.001533706716671,1.0018785090300117,0.00714271428571424,0.05285714285714275,0.03899999999999994,-0.00620285714285705,0.008373500000000002,0.01664376666666669,228429.57142857142,-333369.21428571426,-114029.2
2005-03-18,21.629999,21.690001,21.35,21.41,9.295929,4119556.0,1.0027740176964408,0.9870550618148434,0.9898289870471099,-0.16999999999999815,-0.1042020000000008,742046.0,1.008244712822638,1.0070820916279295,1.0084378149195563,0.9943875010498385,0.9943932907472499,0.9930038610320222,1.0005678273236616,1.0012060590787077,1.0010998058084912,-0.03142871428571427,0.009999928571428793,0.03866666666666667,-0.0217094285714288,0.0012404285714285074,0.009696866666666656,117472.85714285714,63409.5,34564.2
2005-03-21,21.389999,21.59,21.299999,21.32,9.256851,2753459.0,1.0093502108158117,0.9957924261707539,0.9967274893280734,-0.240000000000002,-0.039077999999999946,-1366097.0,1.008920608989991,1.0076493568491511,1.0086375781417942,0.9951061089455615,0.9945957645382603,0.99315137835522,1.000694195808998,1.0009723083164275,1.0011505942217451,-0.037142999999999864,0.006428571428571418,0.017999966666666603,-0.014886428571428618,0.0006202142857142537,0.008249533333333284,-163748.57142857142,59505.142857142855,15993.633333333333
2005-03-22,21.32,21.459999,21.18,21.18,9.196064,3459540.0,1.0065665572232645,0.9934333958724202,0.9934333958724202,-0.06999899999999926,-0.06078699999999948,706081.0,1.0091917551532716,1.0072086999282244,1.0088403680977107,0.9946348760496513,0.9941604141070729,0.9931900161087104,1.0000228895504097,0.9998968029289131,1.0010282775171175,-0.014285714285714488,0.008571357142857141,0.020333366666666682,-0.012405428571428598,-0.006202714285714299,0.00767063333333334,128892.0,84613.57142857143,33214.63333333333
2005-03-23,21.059999,21.1,20.85,20.879999,9.065809,4723707.0,1.0018993828062386,0.9900285370383921,0.9914529910471506,-0.26000099999999904,-0.130255,1264167.0,1.0074510163181833,1.0069447730777024,1.0085986053922797,0.9936798582240584,0.9939809672606337,0.9929379182103754,0.9976617138382908,0.9989200086002068,1.0004864729155423,-0.034285714285714065,-0.027857285714285647,0.009999966666666657,-0.03659571428571441,-0.021089071428571415,-0.0005789000000000044,285634.28571428574,226346.14285714287,71324.06666666667
2005-03-24,20.879999,21.129999,20.6,20.860001,9.057125,7143860.0,1.0119731806500565,0.9865900855646592,0.9990422413334407,-0.17999999999999972,-0.00868400000000058,2420153.0,1.0069616173536524,1.0069378236257613,1.007461684420946,0.991764156161867,0.9930894413358897,0.9924909210625308,0.995858335608677,0.9979894206256504,0.999219391590149,-0.07857157142857117,-0.0471429999999999,-0.0056666666666666055,-0.050862142857142904,-0.02915257142857148,-0.014038733333333357,579586.1428571428,375971.5,-58602.3
2005-03-29,20.91,21.030001,20.42,20.59,8.939895,5205392.0,1.0057389287422285,0.9765662362505979,0.9846963175514108,0.030000999999998612,-0.11722999999999928,-1938468.0,1.00593048271411,1.0071198561163037,1.0075611125004413,0.988416475626238,0.9922620686685096,0.9920772722540413,0.9926143905415119,0.9975148738045082,0.9988930079323542,-0.1000001428571429,-0.0735714999999999,-0.02866666666666665,-0.07319157142857133,-0.03597542857142853,-0.015341200000000003,346949.0,238248.35714285713,35241.36666666667
2005-03-30,20.639999,20.73,20.360001,20.700001,8.987658,7223484.0,1.0043605137771567,0.9864342047690992,1.0029070737842576,-0.2700010000000006,0.04776299999999978,2018092.0,1.006094684530171,1.00697155455523,1.0072926698562317,0.9879857067829665,0.9914901243457771,0.9926059204589883,0.9940126422805519,0.9977225219319551,0.9998634736102203,-0.16571428571428573,-0.07928578571428575,-0.03700003333333335,-0.05892471428571433,-0.03256378571428569,-0.00694686666666667,549424.8571428572,388927.21428571426,59993.36666666667
2005-03-31,20.75,20.85,20.52,20.620001,8.952924000000001,5501128.0,1.0048192771084339,0.9889156626506024,0.9937349879518071,0.11000100000000046,-0.03473399999999849,-1722356.0,1.00638686444617,1.007315788634404,1.0070915081333778,0.9882515069023607,0.9913195039760996,0.9924094817085951,0.9945706424097943,0.9975692348667279,0.9996389091854456,-0.12571414285714308,-0.07857142857142867,-0.014666699999999958,-0.049000714285714,-0.0353550714285714,-0.008394233333333289,197367.42857142858,157420.14285714287,27799.2
2005-04-01,20.799999,20.84,20.610001,20.76,9.013709,3997440.0,1.0019231250924578,0.9908654803300712,0.9980769710613929,0.04999899999999968,0.0607849999999992,-1503688.0,1.0053258521999766,1.0071232305949838,1.0069369306411455,0.9875476574965488,0.9913268832210552,0.992354919619004,0.9947634255145542,0.9977288106617762,0.999481087508548,-0.08428571428571427,-0.06071435714285706,-0.01800003333333334,-0.03473457142857127,-0.02481049999999994,-0.009262633333333348,177711.57142857142,6981.5,50752.26666666667
2005-04-04,20.76,20.77,20.57,20.709999,8.991999,2437942.0,1.0004816955684006,0.9908477842003853,0.9975914739884392,-0.03999899999999812,-0.021710000000000562,-1559498.0,1.0044565862492818,1.0068241707012766,1.0069529871600926,0.987178284400544,0.9909065802250977,0.992595018656213,0.9953574366739856,0.9976901631121976,0.9996811786975708,-0.07999999999999982,-0.04714285714285715,-0.021333333333333235,-0.02915214285714285,-0.020778785714285725,-0.007381166666666653,-145942.57142857142,-8525.285714285714,-11595.466666666667
2005-04-05,20.75,20.889999,20.66,20.790001,9.026731,3623806.0,1.006746939759036,0.9956626506024097,1.0019277590361446,-0.010000000000001563,0.034731999999999985,1185864.0,1.0051490943853958,1.0063000553517896,1.006894061423718,0.9879831577668322,0.9908315079954452,0.9925923514187363,0.9968538321009847,0.9972577729696378,0.9995877567822343,-0.044285571428571605,-0.03928564285714283,-0.01299996666666665,-0.005582571428571421,-0.021089142857142917,-0.0065128000000000226,-157128.7142857143,64252.78571428572,9487.733333333334
2005-04-06,21.0,21.040001,20.68,20.85,9.052783,3866628.0,1.0019048095238094,0.9847619047619047,0.9928571428571429,0.25,0.026051999999999964,242822.0,1.0037107556530747,1.0053361865033634,1.0068945415269375,0.9877219890807243,0.9897430726212956,0.992226191848418,0.9959702466043707,0.9959142911065239,0.9993811691055757,0.01714299999999978,-0.030714285714285694,-0.005333333333333338,-0.0006202857142856288,-0.025741214285714267,-0.004197166666666696,-468176.0,55705.07142857143,22269.766666666666
2005-04-07,20.85,20.940001,20.790001,20.9,9.074495,2844362.0,1.0043165947242205,0.997122350119904,1.002398081534772,-0.14999999999999858,0.021712000000000842,-1022266.0,1.0035075650790735,1.0047190238965917,1.0064249326872508,0.9906585767763395,0.9895375262012888,0.9921931945181568,0.9984990700305652,0.9955567302860385,0.9988476098262407,-0.008571428571428388,-0.05428578571428565,-0.011333366666666577,0.019228571428571532,-0.026981499999999898,-0.009841533333333293,-337290.0,4829.5,-23414.9
2005-04-08,20.98,21.01,20.82,21.01,9.122256,2510137.0,1.0014299332697807,0.992373689227836,1.0014299332697807,0.129999999999999,0.0477609999999995,-334225.0,1.003088910720877,1.004591797625524,1.0064259786391316,0.991507074556159,0.9897463906695628,0.9922342459945814,0.9982880499570684,0.9961503461188101,0.9991283775988028,0.048571571428571554,-0.05857135714285709,-0.015666699999999995,0.019228285714285778,-0.019848214285714278,-0.004197066666666653,-673335.2857142857,-61955.21428571428,-21203.5
2005-04-11,20.950001,21.110001,20.83,20.889999,9.070151,1869798.0,1.0076372311390343,0.9942720289130296,0.9971359428574729,-0.02999900000000011,-0.052105000000000956,-640339.0,1.0034914755823914,1.0049391700142807,1.0064614575384878,0.9922722697365058,0.9902618883194332,0.992575395027148,0.9987739006578779,0.996672271533836,0.9993302455045685,0.028571571428571474,-0.0485712857142858,-0.011666599999999978,0.016746714285713997,-0.016127000000000002,-0.0031840666666666925,-518761.4285714286,-160697.0,-60750.46666666667
2005-04-12,20.92,21.17,20.9,21.120001,9.170013,3332242.0,1.0119502868068833,0.9990439770554492,1.0095602772466539,-0.030000999999998612,0.09986200000000167,1462444.0,1.0049239272558805,1.0051248897279288,1.0061633758975574,0.9934406264115598,0.9904941419540544,0.992543527595663,1.000414372970058,0.9975888992423061,0.9991424319933622,0.01714300000000029,-0.033571357142856986,-0.004666633333333318,0.02232914285714292,-0.006202714285714173,-0.0037629666666666377,-95028.28571428571,41341.642857142855,-157081.23333333334
2005-04-13,21.24,21.27,21.110001,21.219999,9.213434,3013219.0,1.0014124293785311,0.9938795197740113,0.9990583333333335,0.31999999999999673,0.0434209999999986,-319023.0,1.0050568892287564,1.0047567377390192,1.0060553459725452,0.9938737314935063,0.9905260079470251,0.992603200125434,1.000623924305043,0.9979906804895143,0.9992971746385202,0.06857142857142813,-0.005714285714285846,-0.008333333333333333,0.03163357142857137,0.0012407142857142617,-0.0021709666666666887,82182.42857142857,-31880.071428571428,-7286.8
2005-04-14,21.049999,21.110001,20.879999,20.950001,9.096206,3588570.0,1.0028504514418266,0.991923990115154,0.9952495009619716,-0.19000099999999875,-0.117227999999999,575351.0,1.0045002480405836,1.0048246712129898,1.0061034110966491,0.9933396371381841,0.9906613974525081,0.9925687400260522,0.9996698874373039,0.9982618597691444,0.9991388246705859,0.04285699999999996,-0.000714285714285826,-0.008333333333333333,0.009925000000000088,0.002171214285714334,-0.005065399999999975,-5033.714285714285,-81081.21428571429,55606.1
2005-04-15,20.860001,20.950001,20.719999,20.77,9.01805,2700191.0,1.0043144772620096,0.9932884950484903,0.995685474799354,-0.18999799999999922,-0.07815599999999989,-888379.0,1.0048444862888979,1.0042776209709863,1.005822701868175,0.9945577214648392,0.9911398552727818,0.9923607464640338,1.0000739348576198,0.9980220907309952,0.998711991453977,-0.019999857142857076,-0.001428428571428648,-0.011333333333333329,-0.004961857142857034,-0.002791071428571331,-0.008828399999999981,-166633.85714285713,-317404.9285714286,14174.7
2005-04-18,20.66,20.75,20.530001,20.639999,8.961605,3175616.0,1.0043562439496612,0.9937076960309776,0.9990318973862536,-0.20000100000000032,-0.05644500000000008,475425.0,1.004850150463961,1.0041788577715172,1.0057814313760451,0.9940699137378497,0.9923642452570947,0.9923996432354484,0.9995930514078315,0.9990460607191983,0.9985087843118842,-0.027142857142857326,-0.017857142857142856,-0.026333366666666674,-0.016127142857142878,0.0015507142857143258,-0.013315033333333304,47322.0,-144984.0,54025.166666666664
2005-04-19,20.65,20.76,20.6,20.76,9.013709,4026882.0,1.0053268765133174,0.9975786924939468,1.0053268765133174,-0.010000000000001563,0.05210399999999993,851266.0,1.0054068566416092,1.004247883681243,1.0055566448272482,0.9948134856330084,0.9931602800945837,0.9923498847015442,1.0001497575854796,0.999218903771274,0.998283997763087,-0.04714285714285741,0.0007143571428570741,-0.029666700000000053,-0.015506714285714247,0.001860785714285765,-0.015051733333333317,216677.85714285713,-228328.7142857143,71554.1
2005-04-20,20.780001,20.889999,20.73,20.799999,9.031073,4231132.0,1.0052934549906904,0.9975937922235905,1.0009623676149006,0.13000100000000003,0.017363999999998825,204250.0,1.0050720314775599,1.0042817535299757,1.0056267441977833,0.9952880232488027,0.9937801464926543,0.9926646959891999,1.0006963896936836,0.9997351451757808,0.9986047442486703,-0.02428571428571453,0.0021429285714284724,-0.03866666666666667,-0.005582571428571421,0.005582071428571288,-0.013749266666666671,337333.4285714286,-90714.0,78707.23333333334
2005-04-21,20.700001,20.889999,20.629999,20.799999,9.031073,3136951.0,1.0091786468995823,0.9966182610329343,1.0048308210226655,-0.0799999999999983,0.0,-1094181.0,1.0046760829193742,1.0048000050876273,1.00571814124003,0.9949414923884435,0.9941910594000015,0.9926439238473859,1.0000207530902565,1.0002175630301573,0.9987657716160925,-0.03142842857142877,-0.00714271428571424,-0.03499996666666665,-0.01984857142857166,0.0012402857142856303,-0.013749266666666671,-27898.714285714286,-61463.5,45281.6
2005-04-22,20.9,20.969999,20.68,20.68,8.978974000000001,3774489.0,1.003349234449761,0.9894736842105264,0.9894736842105264,0.19999899999999826,-0.05209899999999834,637538.0,1.0049527693581213,1.0050048292934388,1.0058297823883553,0.9943120873079457,0.9940929094007259,0.9925829017268673,0.9986515175012841,0.9996377209031636,0.9985521941942771,-0.04857142857142855,0.009999999999999787,-0.03166666666666676,-0.03349428571428551,-0.0009303571428570681,-0.015630699999999997,108752.85714285714,95467.64285714286,15908.1
2005-04-26,20.83,20.969999,20.700001,20.74,9.005023,5049996.0,1.0067210273643785,0.9937590494479117,0.9956793086893904,-0.07000000000000028,0.026048999999998657,1275507.0,1.0055057087756285,1.0050029784081063,1.0058998520456899,0.9945742386411968,0.9939569378896904,0.992682797678441,0.9987129186052011,0.9991914030212525,0.9985467408195663,-0.03142842857142877,0.005714285714285593,-0.02733333333333334,-0.013026142857142986,-0.0015505714285714487,-0.011867766666666668,208775.14285714287,101870.71428571429,38343.23333333333
2005-04-27,20.629999,21.24,20.559999,21.24,9.222115,7855790.0,1.0295686393392456,0.9966068830153603,1.0295686393392456,-0.20000099999999676,0.21709200000000095,2805794.0,1.0091134462152336,1.0069789662520658,1.0067298555543214,0.9950482940650354,0.9948030077649372,0.9926786262408267,1.0035533706823285,1.0018136527699741,0.9995946108081231,-0.03285742857142842,-0.026428642857142748,-0.026333366666666674,0.02915214285714285,0.012095142857142907,-0.002026233333333316,736514.1428571428,284940.14285714284,176616.46666666667
2005-04-28,21.26,21.85,21.26,21.799999,9.465261,11934690.0,1.0277516462841016,1.0,1.025399764816557,0.630001,0.24314599999999942,4078900.0,1.0124556465487253,1.008652898506343,1.0071854252753962,0.9959471946320386,0.9950085541849442,0.9927881708469086,1.0073202088866575,1.0034566301472445,1.0001752289342756,0.08571428571428592,0.029285714285714297,-0.0013332999999999373,0.07195085714285707,0.027911857142857092,0.004776066666666642,1251296.2857142857,649309.1428571428,307014.1
2005-04-29,21.6,21.799999,21.51,21.57,9.365396,17257578.0,1.009259212962963,0.9958333333333333,0.998611111111111,0.33999999999999986,-0.09986499999999943,5322888.0,1.0130174088986748,1.0092121327701418,1.0069807665941026,0.9956978576090938,0.9952556716210511,0.9926492819580197,1.0063608138291995,1.0032552857073396,0.999740069673288,0.13571428571428612,0.04428571428571436,0.0056666666666667235,0.050241000000000015,0.017367142857142883,-0.001592133333333301,1890099.4285714286,1053388.642857143,472360.7
2005-05-02,21.75,21.85,21.65,21.799999,9.465261,3015584.0,1.0045977011494254,0.9954022988505746,1.002298804597701,0.14999999999999858,0.09986499999999943,-14241994.0,1.0129180154927797,1.00899502348517,1.0067021275917825,0.9953847871272343,0.9953364051880186,0.9924960252530389,1.006551733398171,1.0036240615459273,0.9995698987258258,0.13857128571428592,0.057142785714285695,0.004666633333333318,0.06202685714285724,0.02822214285714291,0.000434166666666691,-173649.7142857143,81841.85714285714,7961.166666666667
2005-05-03,21.950001,22.030001,21.709999,21.799999,9.465261,3873555.0,1.0036446467587858,0.989065968607473,0.9931661962111072,0.20000100000000032,0.0,857971.0,1.0121274440440944,1.0084017634817342,1.0067165791149177,0.9943058882093113,0.9946236902988774,0.9924832379842213,1.0048853584250912,1.0024530557576738,0.9995714615458302,0.17857142857142858,0.0735714999999999,0.005000066666666688,0.06202685714285724,0.02108914285714279,0.002170999999999997,105229.14285714286,38665.21428571428,16534.833333333332
2005-05-04,21.780001,21.85,21.5,21.559999,9.361056,4146284.0,1.0032139116981675,0.9871441236389292,0.9898988985354042,-0.1700000000000017,-0.10420500000000033,272729.0,1.0121081122224382,1.0085304407902798,1.0067312422483086,0.9939730938419403,0.994142590574943,0.992486206711691,1.0049461033286453,1.0017988104149647,0.9995737919287733,0.1257144285714286,0.038571500000000015,0.005000066666666569,0.05458314285714267,0.010544428571428581,0.0021709000000000125,53113.57142857143,80933.21428571429,890.9333333333333
2005-05-05,21.74,21.74,21.42,21.530001,9.348031,3391751.0,1.0,0.9852805887764491,0.9903404323827047,-0.040001000000000175,-0.013024999999998954,-754533.0,1.0111479654560984,1.0083268371158636,1.0064195685544481,0.9927618851745885,0.9936680619078927,0.9921358121318807,1.0041834067134043,1.0014481626593026,0.9993608900305944,0.13000000000000003,0.04928578571428562,0.011666699999999964,0.049001142857143014,0.017987500000000014,0.003039333333333379,-236892.14285714287,-14058.5,21276.4
2005-05-06,21.58,21.93,21.549999,21.809999,9.469604,4306737.0,1.0162187210379983,0.9986097775718258,1.0106579703429102,-0.16000000000000014,0.12157299999999971,914986.0,1.009240834270206,1.0091771402427199,1.0067413073482727,0.9930480129683693,0.9940481535167024,0.9923083581885276,1.0014818825710707,1.0025176266266995,0.999935042512944,0.1357144285714281,0.05142849999999984,0.0086666666666666,0.03535557142857141,0.032253857142857126,0.009118000000000018,-507007.5714285714,114753.28571428571,28239.9
2005-05-09,21.85,21.85,21.58,21.700001,9.421844,4552503.0,1.0,0.9876430205949656,0.9931350572082379,0.2700000000000031,-0.04776000000000025,245766.0,1.0052763133724771,1.0088659799606012,1.0066779945880648,0.9912827301962215,0.99361496241413,0.9922288409737468,0.9968726386270251,1.0020964237568415,0.9999911113849803,0.08428571428571427,0.08500000000000009,0.026333366666666674,-0.006202428571428545,0.03287421428571426,0.011867833333333345,-1054598.142857143,98349.07142857143,-5706.8
2005-05-10,21.719999,21.82,21.52,21.610001,9.382768,4180120.0,1.004604097817868,0.9907919424858168,0.99493563512595,-0.13000100000000003,-0.03907599999999967,-372383.0,1.0046112969231777,1.0088143529109261,1.0064323584936585,0.9905625315037191,0.9931301945564065,0.9923689028711187,0.996347570629145,1.0013541922291724,0.9998542245113973,0.017142714285714282,0.0764285000000002,0.027999999999999994,0.0024817142857142776,0.026361357142857145,0.010854766666666708,-1868208.2857142857,10945.57142857143,-98791.33333333333
2005-05-11,21.66,21.75,21.5,21.700001,9.421844,3953233.0,1.0041551246537397,0.9926131117266851,1.0018467682363805,-0.059999000000001246,0.03907599999999967,-226887.0,1.0045480717095085,1.0087330436011441,1.0063795650240421,0.9901640762003064,0.9927744316637703,0.9929037987203215,0.9962829940060993,1.001417363702135,1.0004259062008962,-0.012857142857142836,0.06285707142857154,0.025,-0.006202428571428545,0.02791221428571435,0.016064966666666673,133949.85714285713,-19849.928571428572,-41738.63333333333
2005-05-12,21.709999,22.02,21.709999,22.02,9.560782,4310604.0,1.0142791807590594,1.0,1.0142791807590594,0.04999899999999968,0.13893799999999956,357371.0,1.0060672908524046,1.0090973674482495,1.0067101872567723,0.991726080684953,0.9930159844471323,0.9933559918946848,0.9992991346558068,1.002092246540449,1.0008049764333895,-0.03428600000000007,0.07214271428571425,0.03566666666666667,0.013645857142857107,0.03783635714285717,0.019104133333333332,62435.57142857143,83832.35714285714,-97096.0
2005-05-13,21.940001,22.17,21.91,22.15,9.617225,7833356.0,1.0104830897683188,0.9986325889410853,1.0095715127816083,0.23000199999999893,0.0564429999999998,3522752.0,1.0071057448624263,1.0096069285424323,1.0068989810121018,0.9933672900138325,0.9936701919278865,0.9936798894377009,1.0021095081195501,1.0035278057240977,1.001332860594383,0.022857142857142878,0.07428578571428572,0.03966669999999996,0.03659557142857141,0.04558935714285704,0.02214336666666661,526724.5714285715,289919.0714285714,77740.93333333333
2005-05-16,21.6,21.639999,21.42,21.469999,9.541675,17128306.0,1.0018518055555554,0.9916666666666667,0.9939814351851852,-0.34000099999999733,-0.07554999999999978,9294950.0,1.0073702885132199,1.0092591269846591,1.006896603694205,0.9942795868552922,0.9935207360149404,0.9937065956489207,1.0026296513770474,1.0034065290452259,1.0011963427318427,-0.019999999999999574,0.05500000000000022,0.026666700000000057,0.027663428571428433,0.03833228571428572,0.017598866666666643,1962365.0,862736.4285714285,437695.5333333333
2005-05-17,21.6,21.73,21.360001,21.42,9.519455,4428010.0,1.0060185185185184,0.9888889351851852,0.9916666666666667,0.0,-0.02221999999999902,-12700296.0,1.0059131167247228,1.0075769754974644,1.007081164459209,0.992890895085772,0.9929694540270707,0.9936413006817476,0.9999166079947269,1.0006992452828989,1.0009988491544501,0.002857142857143304,0.0692857857142857,0.027999999999999994,0.007121571428571473,0.02123857142857144,0.017581866666666692,17324.714285714286,-244841.42857142858,66335.6
2005-05-18,21.700001,21.950001,21.6,21.83,9.701666,7148995.0,1.0115207367962795,0.9953916591985411,1.005990737051118,0.1000009999999989,0.1822109999999988,2720985.0,1.0075589362670485,1.0064176248197627,1.007240291027117,0.9939978434577116,0.9926402868269664,0.9936322676349519,1.0017531336865668,0.999312886156796,1.0011342817549496,-0.02142842857142873,0.031428642857142766,0.03166670000000001,0.03997457142857134,0.016886071428571396,0.02249783333333332,370927.4285714286,-341835.35714285716,117506.3
2005-05-19,21.950001,21.969999,21.719999,21.91,9.737219,3747032.0,1.0009110705735276,0.9895215494523213,0.9981776310625224,0.25,0.03555300000000017,-3401963.0,1.0070313609464283,1.0058213289348032,1.0072071663954412,0.9938163587386406,0.9921894451211799,0.9937909224579659,1.0022162759632203,0.9992819232961826,1.0013116313617954,0.03285742857142842,0.02500007142857135,0.03166670000000001,0.050635857142857024,0.026558785714285653,0.022814533333333328,-61869.71428571428,-965039.0,-3986.5333333333333
2005-05-20,21.91,21.99,21.780001,21.84,9.706109,3324746.0,1.0036513007759014,0.9940666818804198,0.9968051118210862,-0.040001000000000175,-0.03110999999999997,-422286.0,1.0069593861067372,1.0057537289081229,1.007184989930497,0.9940240116177456,0.9920940439090261,0.993689066849983,1.0014960393324637,0.9988895166692816,1.001125199038006,0.03571428571428571,0.011428571428571439,0.03533333333333329,0.040609285714285646,0.017203428571428554,0.021053799999999966,-89783.85714285714,22083.0,16012.8
2005-05-23,21.84,21.969999,21.76,21.85,9.710553,3451481.0,1.0059523351648352,0.9963369963369965,1.0004578754578755,-0.07000000000000028,0.004444000000001225,126735.0,1.0057698367361338,1.0059185637942691,1.0073357366603322,0.9935007253801736,0.9926134030325634,0.993821177086955,0.9995215671465802,0.9994103509011936,1.0010927971109422,0.018571571428571434,-0.007857214285714318,0.02866666666666665,0.021395857142857317,0.01752085714285721,0.019609900000000024,-122731.85714285714,-30148.14285714286,31378.133333333335
2005-05-24,21.82,21.969999,21.709999,21.969999,9.763885,5015061.0,1.0068743813015582,0.9949587076076993,1.0068743813015582,-0.019999999999999574,0.05333199999999927,1563580.0,1.005254306955168,1.0061800259087972,1.0073103083324164,0.99297588518969,0.9931715876017613,0.9938440663767774,0.9991362626494303,1.0006228853844903,1.0014174117257453,-0.01714299999999978,0.002857071428571548,0.028999966666666665,0.02095142857142867,0.02877350000000004,0.023124466666666697,-402613.5714285714,62055.5,104842.1
2005-05-25,21.969999,21.99,21.799999,21.85,9.710553,3468511.0,1.0009103778293298,0.9922621753419287,0.99453805164033,0.1499990000000011,-0.05333199999999927,-1546550.0,1.0051198172799929,1.0062450528966065,1.006942311366498,0.9930609578575845,0.9936702723564383,0.9936180063196599,0.9992157792858796,1.0009227153314635,1.000916670872201,0.052856999999999994,0.01642850000000021,0.03499996666666665,0.024125428571428742,0.02589442857142859,0.018018,-1951399.2857142857,5482.857142857143,4542.3
2005-05-26,21.790001,21.969999,21.719999,21.9,9.732776,2835068.0,1.0082605778678029,0.9967874255719401,1.0050481411175702,-0.1799980000000012,0.02222299999999855,-633443.0,1.0054401114727478,1.0056766140987352,1.0071705829828068,0.994189313627121,0.9935401043564466,0.9937149365129243,1.0011274184931516,1.0005220132439392,1.0011163311316755,0.027142999999999824,0.015000071428571562,0.018333366666666726,0.030474428571428396,0.018797999999999933,0.017311399999999998,-227563.14285714287,-105119.21428571429,-5938.366666666667
2005-05-27,21.85,21.9,21.719999,21.879999,9.723888,5234631.0,1.0022883295194507,0.9940502974828376,1.00137295194508,0.059999000000001246,-0.008887999999998897,2399563.0,1.0041211961474865,1.0058400662072675,1.0071518455853945,0.9939976905248776,0.9939977669912945,0.9937858134251805,1.0004677349065747,1.0011104342965707,1.001320446164446,0.02142842857142873,0.0,0.026666700000000057,0.003174571428571582,0.02157457142857146,0.020922733333333336,-273480.5714285714,48723.42857142857,54868.7
2005-05-30,21.85,22.120001,21.83,21.950001,9.754995,2656881.0,1.0123570251716245,0.9990846681922195,1.0045767048054919,0.0,0.031106999999998663,-2577750.0,1.0057563325186432,1.006393846732536,1.007419930515715,0.9953638503448631,0.9945901045417518,0.993979019196638,1.0013818882984273,1.0017990821308238,1.0016168204979838,-0.014285857142856986,0.009285785714285717,0.0329999666666667,0.00253942857142851,0.026587642857142768,0.02456483333333329,-155735.85714285713,-108802.78571428571,-1443.6666666666667
2005-05-31,21.92,21.950001,21.450001,21.450001,9.532786,8048612.0,1.001368658759124,0.9785584397810219,0.9785584397810219,0.07000000000000028,-0.22220899999999943,5391731.0,1.0054302408019606,1.0061948134543488,1.007320344342697,0.9931483871878062,0.9935861994027759,0.9934740439883061,0.9987752208641325,1.0001356300982982,1.0009343719111428,0.001428571428571652,0.018571428571428683,0.04200000000000005,-0.024760428571428555,0.007924428571428546,0.019039366666666644,674838.0,292527.0714285714,162433.2
2005-06-01,21.549999,22.040001,21.42,21.93,9.746108,8804660.0,1.0227379128880703,0.993967563525177,1.017633457894824,-0.370001000000002,0.2133219999999998,756048.0,1.0078281804767086,1.0067990086064211,1.0079007122218555,0.9928098967861178,0.9931553110831458,0.9933536730226805,1.0012288754979823,1.0003752213222814,1.0013445912905263,-0.04142871428571431,-0.011428571428571439,0.029999966666666704,0.005079285714285524,0.01323757142857142,0.02441329999999997,764739.8571428572,321004.0,159259.26666666666
2005-06-02,22.139999,22.290001,21.9,21.91,9.737219,4777568.0,1.0067751583909286,0.9891599362764198,0.989611607480199,0.5899999999999999,-0.008888999999999925,-4027092.0,1.00781400577519,1.006534156365179,1.0079501023351967,0.9919815008816492,0.9924786930356696,0.9930725444911082,0.998762764952074,0.998949513800752,1.0009662326193696,0.04571414285714275,0.014285571428571484,0.0453332666666667,-0.0038094285714286463,0.008571000000000011,0.023538200000000013,-33927.57142857143,-218270.57142857142,18214.533333333333
2005-06-03,21.83,21.98,21.799999,21.93,9.746108,2959104.0,1.006871278057719,0.9986256985799359,1.0045808520384791,-0.30999900000000125,0.008888999999999925,-1818464.0,1.0086655629506744,1.0068926901153337,1.0078731900404678,0.9928905756299359,0.9929757667437603,0.9931394590760082,1.000197450723238,0.9997066150045588,1.0009579003198967,-0.019999857142857586,0.016428571428571206,0.03766663333333327,0.005079285714285524,0.014602357142857134,0.023834500000000012,-72772.42857142857,-1012085.8571428572,-5928.233333333334
2005-06-06,21.85,21.93,21.74,21.74,9.66167,2353386.0,1.0036613272311212,0.9949656750572081,0.9949656750572081,0.020000000000003126,-0.08443799999999868,-605718.0,1.008008527145434,1.006724319309091,1.00788359313318,0.9926303255564027,0.993409819591762,0.9933225254375643,0.9987570984289007,0.999942258461026,1.0011409666814528,0.008571285714285892,0.017857142857142856,0.03166666666666676,-0.010157999999999794,0.0101582142857143,0.022756533333333332,-68811.71428571429,-148187.42857142858,-47370.1
2005-06-07,21.85,22.07,21.83,21.959999,9.759441,2891210.0,1.0100686498855835,0.9990846681922195,1.0050342791762013,0.0,0.09777099999999983,537824.0,1.009120001483453,1.0066205988154697,1.0079951805505534,0.9933495213720287,0.9936736059484533,0.9935000460623745,0.9992801451762036,0.9998739400413891,1.0014527990310131,0.0,0.010714214285714365,0.034000000000000107,0.005079000000000024,0.004126785714285803,0.025147266666666706,-334774.4285714286,-304127.5,-71959.53333333334
2005-06-08,22.02,22.15,21.969999,22.110001,9.826102,4059972.0,1.0059037238873751,0.9977292915531336,1.0040872388737512,0.16999999999999815,0.06666099999999986,1168762.0,1.0081981012999888,1.006977216909316,1.007206350035491,0.9931558961378738,0.9942598732413684,0.9935374596803004,0.9992102214716692,1.0002960548850484,1.0006034190154967,0.024285714285714022,0.004999928571428518,0.046333366666666605,0.010158142857143051,0.006348785714285781,0.020132900000000002,200441.57142857142,22352.85714285714,-126527.26666666666
2005-06-09,22.110001,22.26,21.959999,22.01,9.781661,3282890.0,1.0067842149803612,0.9932156493344346,0.9954771146324236,0.09000100000000089,-0.04444100000000084,-777082.0,1.0089717521887371,1.007200996495349,1.0065074356586998,0.9952497832169327,0.9941990852023694,0.9933113146581148,1.0016271750218695,1.000201197943001,0.9996059973426923,0.027142999999999824,0.014285785714285737,0.02833336666666663,0.03555357142857142,0.005396571428571433,0.010546666666666659,-680817.4285714285,-2989.714285714286,-288393.3333333333
2005-06-10,21.969999,22.059999,21.799999,21.889999,9.72833,2914072.0,1.0040964954072142,0.9922621753419287,0.9963586707491429,-0.14000199999999907,-0.05333100000000002,-368818.0,1.0063086925486147,1.0070684365126616,1.0063353450735082,0.9950061563336116,0.9939080265598645,0.9931922760584013,0.9985879197153436,0.9999083976066628,0.9995309159972934,0.06000000000000024,0.009285642857142966,0.012333299999999998,-0.002539714285714264,0.00126978571428563,0.012097799999999973,-841512.5714285715,-38386.357142857145,-478116.86666666664
2005-06-14,21.84,21.879999,21.709999,21.76,9.670558,3567389.0,1.001831456043956,0.9940475732600733,0.9963369963369965,-0.12999900000000153,-0.057771999999999935,653317.0,1.00560244935619,1.00670822756569,1.0062431369033258,0.9957043901884192,0.9938429455350342,0.9931471185387181,0.9995486895520289,0.9991557272520514,0.9993321890552698,-0.04285699999999996,0.0014285714285713982,0.0029999999999999953,-0.00952299999999998,-0.006666214285714313,0.006843233333333328,-172882.7142857143,-103405.14285714286,18393.5
2005-06-15,21.780001,22.15,21.67,22.07,9.808326,4059601.0,1.0169880157489433,0.9949494492677022,1.0133149213354031,-0.059999000000001246,0.13776799999999945,492212.0,1.0070476975977933,1.0078566302742338,1.0066879158696644,0.9951792117152429,0.9940348936725895,0.9933432345607256,1.0007964137373038,1.000496932230271,1.0000038132260796,-0.00714271428571424,-0.013571285714285912,-0.0056666666666667235,0.008888285714285666,0.006983785714285595,0.011435499999999977,157213.85714285713,42220.71428571428,6201.533333333334
2005-06-16,22.23,22.379999,21.98,22.01,9.781661,7325433.0,1.0067475933423302,0.9887539361223572,0.9901034637876743,0.4499990000000018,-0.026664999999999495,3265832.0,1.0074885927565378,1.007748559950986,1.0068057052578032,0.9942918204388357,0.9934610729976192,0.9933968949768398,1.0001018121273704,0.9994294552781355,1.0000106320678221,0.054285714285714146,0.03142850000000002,0.014999966666666727,0.017141571428571263,0.003491785714285735,0.01402016666666667,710292.4285714285,320740.35714285716,105971.63333333333
2005-06-17,22.0,22.1,21.870001,22.1,9.82166,3501883.0,1.0045454545454546,0.9940909545454545,1.0045454545454546,-0.23000000000000043,0.039998999999999896,-3823550.0,1.006699564850805,1.0079097831671289,1.0069572204093182,0.993578432775012,0.9934639770735204,0.9936905738358067,1.000031980037264,0.9996560626067337,1.0004841328065803,0.021428571428571224,0.010714285714285612,0.008666666666666718,0.008888428571428417,0.00698371428571422,0.015787633333333297,87239.0,-123767.71428571429,3671.0666666666666
2005-06-20,22.0,22.07,21.870001,21.91,9.737219,3792454.0,1.0031818181818182,0.9940909545454545,0.995909090909091,0.0,-0.08444099999999999,290571.0,1.0063107211785824,1.0072544112392856,1.0065226569807788,0.9930586703453435,0.9931072832416087,0.9935399464015943,0.9988636731851693,0.9990369473284193,0.9999925034921198,-0.0028571428571427964,0.010714285714285612,0.014000000000000058,-0.012697571428571561,-0.001269714285714255,0.008920499999999975,-38216.857142857145,81112.35714285714,-17142.766666666666
2005-06-21,21.940001,22.059999,21.879999,21.99,9.772775,3909247.0,1.005469370762563,0.9972651778821707,1.0022788968879264,-0.059999000000001246,0.0355559999999997,116793.0,1.0061228862903258,1.0075473192395312,1.0067049693395311,0.9936371744235916,0.9944434788202622,0.9938606849778344,0.999835356364527,1.0007312656931981,1.0002972981481093,-0.02428571428571453,0.0014286428571426463,0.0030000333333332443,-0.0012694285714286277,0.0171420714285714,0.011697699999999974,89479.57142857143,-295668.9285714286,-21441.866666666665
2005-06-22,22.040001,22.040001,21.9,21.959999,9.759441,3129167.0,1.0,0.9936478678018208,0.9963701453552566,0.10000000000000142,-0.013333999999998625,-780080.0,1.0055376726607237,1.005923182604669,1.0065514994122688,0.9938351304892904,0.994420643411451,0.993955882488368,0.9998369955939718,0.9992124576546576,1.000345115155753,0.010000285714285542,0.03500014285714289,0.010666733333333293,0.0044444285714287145,0.000952357142857225,0.012555766666666674,30727.85714285714,-405392.35714285716,-35031.76666666667
2005-06-23,22.0,22.040001,21.73,21.790001,9.68389,4973837.0,1.0018182272727272,0.9877272727272728,0.9904545909090909,-0.040001000000000175,-0.07555100000000081,1844670.0,1.0055357828362623,1.0055691160962261,1.0064736028329018,0.9929322304131761,0.9943183103007975,0.9937930211883876,0.9989966519614139,0.9992726707567214,0.9999653759115098,0.022857142857142878,-0.009999928571428538,0.011333333333333329,0.001904571428571446,-0.003809214285714267,0.008734866666666658,200921.14285714287,14019.214285714286,34020.13333333333
2005-06-24,21.67,21.75,21.6,21.719999,9.65278,5831203.0,1.0036917397323488,0.9967697277341947,1.0023072911859714,-0.3299999999999983,-0.03110999999999997,857366.0,1.0036363148338918,1.0053420062158427,1.0061206881320115,0.9931922701941035,0.9941857409546733,0.993685345446194,0.9974241333686378,0.9991102735529708,0.9995663129257403,-0.01571442857142813,-0.011428571428571186,-0.0013332999999999373,-0.022220857142857042,-0.006666285714285688,0.0030666000000000083,253086.0,205149.92857142858,50686.63333333333
2005-06-27,21.639999,21.73,21.58,21.65,9.621669,3263664.0,1.0041590112827639,0.9972274028293624,1.0004621534409497,-0.030001000000002165,-0.031110999999999223,-2567539.0,1.003266517396811,1.0053775550766741,1.0059098855158262,0.9944027654379614,0.9943472929383985,0.9936385059091367,0.9989039461762487,0.9995028791518095,0.999262667614385,-0.08428585714285727,-0.015000071428571562,-0.01000006666666664,-0.02285599999999986,-0.0028572142857142984,0.00014813333333337417,-580252.7142857143,65019.857142857145,-152323.06666666668
2005-06-28,21.76,21.940001,21.74,21.860001,9.714997,3492803.0,1.0082721047794116,0.999080882352941,1.0045956341911764,0.12000100000000202,0.09332799999999963,229139.0,1.0037988960016617,1.0052492304262333,1.0061238954899547,0.9951156122676024,0.9943470225213071,0.9938856464320125,0.998911114697066,0.9994715473671649,0.999616474247918,-0.034285714285714065,-0.006428571428571418,0.005333333333333338,-0.015237571428571326,-0.003174571428571455,0.005777400000000021,-1297.142857142857,42970.92857142857,-454516.76666666666
2005-06-29,21.91,22.0,21.719999,21.75,9.666112,4211352.0,1.004107713372889,0.9913281150159745,0.9926973984481972,0.14999999999999858,-0.04888500000000029,718549.0,1.0039311667432433,1.005120943960913,1.0060602019851004,0.9947209209062482,0.9938897956257958,0.9939669524263721,0.998452301488367,0.9986579873367682,0.9996508319739691,-0.012857142857142836,-0.007857142857142816,0.01033333333333329,-0.010158142857142798,-0.01142785714285718,0.004888566666666646,59842.57142857143,10812.857142857143,-7221.933333333333
2005-06-30,21.700001,21.9,21.610001,21.75,9.666112,3758171.0,1.0092165433540763,0.9958525347533395,1.0023041012763088,-0.20999899999999982,0.0,-453181.0,1.0044664771134595,1.0052946817018926,1.005983395537027,0.9945191147449866,0.9940781445842891,0.9939823149448654,0.9984559021152787,0.9991456292399029,0.9995279441148087,-0.034285714285714065,-0.029285714285714297,0.0,-0.015237571428571326,-0.008253499999999978,-0.001185133333333314,-21582.285714285714,33948.642857142855,-113027.46666666666
2005-07-01,21.76,21.860001,21.629999,21.82,9.69722,2573677.0,1.0045956341911764,0.9940256893382353,1.0027573529411764,0.059999000000001246,0.03110799999999969,-1184494.0,1.0051229962836277,1.0053303344721756,1.006106214324282,0.9945730892501886,0.9942041098697395,0.9941324529410624,0.9993683603418387,0.9996026779679053,0.9996806015107639,-0.04000014285714266,-0.014999928571428558,-0.0063333666666666255,-0.008888714285714425,-0.0022221428571428553,-0.0013332999999999965,-79355.71428571429,-24313.928571428572,-39111.833333333336
2005-07-04,21.9,21.93,21.700001,21.74,9.66167,2603807.0,1.0013698630136987,0.9908676255707763,0.9926940639269406,0.13999999999999702,-0.03554999999999886,30130.0,1.0050589442466236,1.0052973635414428,1.006030166398875,0.9950217110849747,0.9939769707490755,0.994025817730741,0.9996882850586744,0.9993424685100442,0.999543566580959,-0.014285714285714488,0.004285714285714194,-0.0003333333333333854,-0.003174285714285574,-0.000634857142857064,-0.0014812999999999595,-338575.71428571426,-68827.28571428571,-24031.3
2005-07-05,21.74,21.799999,21.66,21.73,9.657226,2010180.0,1.0027598436062557,0.9963201471941123,0.9995400183992641,-0.16000000000000014,-0.004444000000001225,-593627.0,1.0049258162286103,1.0042810655312508,1.0059237500135891,0.9949574852935346,0.9940748777438191,0.9940252560926449,0.999292960374859,0.9983585468717484,0.999512971345672,0.009999999999999534,-0.0028572142857142984,-0.003333333333333381,0.0006351428571428183,-0.010792857142857113,-0.001777566666666708,-545860.4285714285,-146387.2142857143,-48043.36666666667
2005-07-06,21.709999,21.780001,21.59,21.6,9.599451,3327450.0,1.0032244128615575,0.9944726390821115,0.9949332563304126,-0.030000999999998612,-0.057774999999999466,1317270.0,1.0047923021684377,1.0040294097826243,1.0058020843989226,0.9945639476153557,0.9944833565266586,0.9940090538084585,0.9985031179304966,0.9987035320533726,0.9991149338466339,0.01000000000000004,-0.03714292857142861,-0.0036667000000000153,-0.0031740000000000735,-0.013014999999999968,-0.005481133333333332,9112.285714285714,-285570.21428571426,-56253.7
2005-07-07,21.6,21.6,21.17,21.32,9.475012,4551563.0,1.0,0.9800925925925926,0.9870370370370369,-0.1099989999999984,-0.12443900000000063,1224113.0,1.0036105729142362,1.003704734457949,1.0057717384712783,0.9918513347924488,0.9934834735300256,0.9936034010501474,0.9959947469084768,0.9974529308027714,0.9988649000265241,-0.022857142857142878,-0.02857142857142847,-0.012333299999999998,-0.03428357142857154,-0.024760571428571434,-0.007851366666666712,151251.42857142858,74977.14285714286,36101.73333333333
2005-07-08,21.25,21.4,21.139999,21.299999,9.466125,3068871.0,1.0070588235294118,0.9948234823529412,1.002352894117647,-0.3500000000000014,-0.008886999999999645,-1482692.0,1.0040321600794537,1.0039816634113485,1.0057316799933318,0.992350672983444,0.9935357969448461,0.9935379362761808,0.9973741034326837,0.9979132024605254,0.9987750584598599,-0.0942857142857143,-0.05357142857142857,-0.01800003333333334,-0.028569571428571448,-0.019363857142857124,-0.00888836666666665,-163211.57142857142,-51684.5,7793.433333333333
2005-07-11,21.299999,21.370001,21.040001,21.15,9.399464,5576939.0,1.0032864790275342,0.9877935205536864,0.9929577930966099,0.04999899999999968,-0.06666099999999986,2508068.0,1.0031850080328049,1.0038257425731323,1.0057649516436014,0.9911993852406366,0.9928592499928115,0.9933293770452091,0.9960389165498696,0.9972474093325742,0.9984945531649109,-0.05714314285714295,-0.0457144285714285,-0.018333366666666726,-0.03809257142857143,-0.02666507142857138,-0.010814133333333349,259824.0,119120.85714285714,11410.266666666666
2005-07-12,21.18,21.200001,21.01,21.120001,9.386128,4896266.0,1.0009443342776205,0.9919735599622286,0.9971671860245515,-0.11999899999999997,-0.01333600000000068,-680673.0,1.0026633937594398,1.0038931950215337,1.0053845286138012,0.990906223901207,0.9927396565756977,0.9930923401042093,0.9952403212760661,0.9973043408089524,0.9982475692055462,-0.08285714285714312,-0.06142864285714289,-0.02233333333333339,-0.04444171428571434,-0.026665214285714382,-0.012295566666666662,331798.4285714286,126221.35714285714,74646.16666666667
2005-07-13,21.190001,21.290001,21.15,21.23,9.435015,6250329.0,1.0047192069504858,0.9981122700277362,1.0018876355881248,0.010000999999999038,0.04888700000000057,1354063.0,1.0031418714646951,1.0041004078556592,1.0054962135535133,0.9919411731093442,0.9934814420971596,0.9937441344457665,0.9965536886562353,0.9981209868574548,0.999025209065783,-0.10142842857142854,-0.057857071428571515,-0.0243333000000001,-0.032379285714285846,-0.01777678571428571,-0.0032590333333333277,520931.71428571426,91178.0,-59942.76666666667
2005-07-14,21.280001,21.42,21.26,21.389999,9.506121,3800624.0,1.006578900066781,0.9990601034276269,1.0051690787044607,0.08999999999999986,0.07110600000000034,-2449705.0,1.0036874509590559,1.0043066335938329,1.0049575797928036,0.9923325954284176,0.993645040360976,0.9939138857758482,0.9973578401284061,0.9983254002516327,0.9986097297594375,-0.06571414285714283,-0.02785707142857165,-0.00899993333333337,-0.021586428571428482,-0.010475642857142833,-0.007999566666666643,255777.7142857143,-145041.35714285713,-166801.2
2005-07-15,21.41,21.52,21.190001,21.280001,9.457237,4469476.0,1.0051377860812705,0.9897244745446052,0.9939281177020083,0.12999900000000153,-0.04888400000000104,668852.0,1.0039607899904435,1.0043765460794407,1.004903000715815,0.9916542862087738,0.9931091169120647,0.993932703718121,0.997214248895777,0.9978586834131368,0.9987536134334979,-0.04285699999999996,-0.016428499999999957,-0.02433329999999998,-0.02031628571428585,-0.011745142857142963,-0.009332733333333346,163146.57142857142,86129.42857142857,-10269.733333333334
2005-07-18,21.27,21.280001,21.15,21.15,9.399464,3385198.0,1.0004701927597555,0.9943582510578278,0.9943582510578278,-0.14000000000000057,-0.057772999999999186,-1084278.0,1.0040279603846942,1.0038192666494652,1.0046896312058828,0.9936922374180932,0.9927717861052711,0.9937904554673841,0.9982601366130328,0.9971274417607547,0.9984128600674762,-0.04714285714285741,-0.03500000000000014,-0.018666666666666623,-0.010792571428571358,-0.02253807142857145,-0.011554799999999983,-166623.57142857142,-7686.071428571428,14203.133333333333
2005-07-19,21.049999,21.200001,20.969999,21.1,9.37724,5058335.0,1.0071259860867452,0.9961995247600726,1.0023753445308954,-0.2200009999999999,-0.022223999999999577,1673137.0,1.0040375550357419,1.004034857557598,1.0048051198344037,0.9938888149048262,0.9931197439441352,0.9938315837908129,0.9982633438149254,0.9978187236238046,0.9986598490499324,-0.028571571428571474,-0.06142864285714289,-0.026666700000000057,-0.012697857142857063,-0.020633714285714255,-0.009481000000000014,284209.14285714284,60498.78571428572,90164.96666666666
2005-07-20,21.1,21.23,21.09,21.09,9.372796,4937123.0,1.0061611374407582,0.9995260663507108,0.9995260663507108,0.05000100000000174,-0.004444000000001225,-121212.0,1.0044482205233451,1.0038166142780751,1.0046748694195762,0.9955648928758297,0.9933821390582331,0.9938462970627627,0.9992016685655113,0.9976202925576905,0.9984762419557494,-0.028571285714285466,-0.04285721428571421,-0.025,-0.0038097142857144,-0.020951142857142915,-0.012888166666666716,-91402.28571428571,84210.85714285714,68197.1
2005-07-21,21.219999,21.309999,21.120001,21.24,9.439457,3700441.0,1.0042412820094855,0.9952875586846162,1.0009425542385746,0.11999899999999997,0.06666100000000164,-1236682.0,1.0049192130564688,1.0037913034079542,1.004619454690313,0.9960383212647422,0.9934722725829747,0.9937649059671454,0.9997410068818002,0.9974906640789332,0.9983714191345767,0.005714142857143096,-0.038571500000000015,-0.02666669999999994,0.007618428571428788,-0.018411642857142776,-0.012888166666666655,-170832.14285714287,80483.14285714286,-11984.366666666667
2005-07-22,21.15,21.33,21.139999,21.299999,9.466125,4903654.0,1.0085106382978724,0.9995271394799055,1.0070921513002364,-0.06999900000000281,0.026667999999999026,1203213.0,1.0054608461060954,1.0043013587853953,1.0046770021342302,0.996240445472195,0.9940908092907695,0.9939752889719944,1.0004845091263876,0.9985190988913116,0.998758587023504,-0.005714428571428597,-0.05357142857142857,-0.03200003333333339,0.0044442857142857105,-0.013967500000000068,-0.01051786666666666,-192382.14285714287,164274.7857142857,54025.46666666667
2005-07-25,21.35,21.4,21.25,21.299999,9.466125,2866957.0,1.002341920374707,0.9953161592505854,0.9976580327868851,0.20000000000000284,0.0,-2036697.0,1.0048555632929421,1.0042715071259989,1.0046185162998131,0.9957055963040462,0.9940190958662319,0.9940770884356164,0.9994115025667342,0.9983846713475701,0.9988018990914287,0.009999857142857544,-0.027857142857142643,-0.020666633333333333,-0.0057137142857143376,-0.01365007142857141,-0.00874016666666666,-133381.0,61198.357142857145,-1570.5
2005-07-26,21.24,21.4,21.219999,21.35,9.488343,3596658.0,1.0075329566854991,0.9990583333333335,1.0051789077212807,-0.11000000000000298,0.022218000000000515,729701.0,1.0051977305221176,1.0045792602562804,1.004808566321198,0.997039004702436,0.9943466454556048,0.9942441137713917,1.001018758283773,0.9991165035897751,0.9990966294709048,-0.02428571428571453,-0.03357135714285724,-0.02000000000000005,0.004443714285714455,-0.007936285714285698,-0.006073833333333311,-124688.28571428571,19229.14285714286,975.6333333333333
2005-07-27,21.299999,21.530001,21.299999,21.51,9.559453,4284225.0,1.0107982164693998,1.0,1.0098592023408077,0.059999000000001246,0.07110999999999912,687567.0,1.0066731624806382,1.005350561432666,1.0046022396785466,0.997844968837032,0.9957686031275627,0.9944124654624683,1.0032331798956273,1.00074665825433,0.9989814388377517,0.004285571428571444,-0.021428642857142983,-0.016000066666666632,0.022855571428571357,0.0060314999999999995,-0.008295766666666655,128432.42857142857,-19095.571428571428,7487.466666666666
2005-07-28,21.59,21.59,21.27,21.370001,9.497236,4696988.0,1.0,0.9851783232978231,0.989810143584993,0.2900010000000002,-0.06221700000000041,412763.0,1.005655164468246,1.0048463597519939,1.004377319900469,0.996270511485282,0.9950796631950541,0.9942932783683172,1.0014381511890698,0.9998507475019975,0.9989716614976623,0.07714300000000003,0.024285714285714275,-0.021333333333333353,0.017142285714285523,0.00222221428571423,-0.009480833333333353,-51621.0,116294.07142857143,-87614.83333333333
2005-07-29,21.450001,21.549999,21.35,21.459999,9.53723,7845524.0,1.004661911204573,0.9953379489352938,1.0004661072043772,-0.13999899999999954,0.039994000000000085,3148536.0,1.0054409892916483,1.0049446049074968,1.0043812017891063,0.9956722089973653,0.9956185509365975,0.9943348448479784,1.0015724427395936,1.0003870556525525,0.9988356832529597,0.0500001428571427,0.010714428571428616,-0.01833329999999999,0.023490571428571423,0.009840428571428512,-0.009481000000000014,415485.85714285716,162041.7857142857,144788.03333333333
2005-08-01,21.389999,21.440001,21.299999,21.32,9.475012,2110852.0,1.0023376345178885,0.9957924261707539,0.9967274893280734,-0.06000200000000078,-0.06221799999999966,-5734672.0,1.0051690396499915,1.0050441263532301,1.0043530623336419,0.9957443329239564,0.9958913270943492,0.9943915605688217,1.000970290609522,1.000355648745661,0.9988629632002591,0.024285714285714022,0.014999928571428558,-0.020333366666666682,0.005079285714285524,0.006348857142857156,-0.008740233333333337,-227084.14285714287,-198958.14285714287,-56053.4
2005-08-02,21.290001,21.32,21.15,21.24,9.439457,8832490.0,1.0014090652226837,0.9934240961285065,0.9976514327077767,-0.09999799999999937,-0.03555499999999867,6721638.0,1.0041545292106788,1.0048076876583871,1.0042177188156458,0.9948724695880423,0.9955564575301186,0.9942635245103663,0.9996216165248849,1.0000530628256363,0.9987087143942541,0.020000142857143084,0.007142857142857244,-0.02166666666666662,-0.0038097142857141464,0.0003172857142857818,-0.011110599999999948,561262.2857142857,184440.07142857142,164108.1
2005-08-03,21.27,21.4,21.209999,21.309999,9.470568,6257100.0,1.006111894687353,0.9971790785143395,1.0018805359661496,-0.0200010000000006,0.031110999999999223,-2575390.0,1.0046930969696282,1.004774330131285,1.0044214486385576,0.9951386009114358,0.995422098607741,0.9943812315341168,1.0002248312647797,0.999818166915757,0.9988923940812838,-0.011428571428571692,-0.0007143571428570741,-0.02566670000000002,0.0006347142857143138,-0.002539500000000012,-0.00962910000000002,484306.14285714284,175462.57142857142,104264.43333333333
2005-08-04,21.34,21.469999,21.34,21.42,9.519455,4263396.0,1.006091799437676,1.0,1.0037488284910967,0.07000000000000028,0.04888700000000057,-1993704.0,1.0044872173627961,1.004842473942457,1.004563901044056,0.9952731247209595,0.9961560647116977,0.9947903224432078,1.0000205342318964,1.0005196462578347,0.9993355353340174,0.014285714285714488,-0.00500000000000002,-0.022000000000000006,0.004444571428571464,0.00444414285714296,-0.00548116666666664,95248.28571428571,-14720.0,-23681.366666666665
2005-08-05,21.32,21.469999,21.299999,21.42,9.519455,4761031.0,1.0070356003752345,0.9990618667917448,1.0046904315196998,-0.019999999999999574,0.0,497635.0,1.0039497007779155,1.0053114316292768,1.0046753630654854,0.9951391056912088,0.9964920372641204,0.9948667270784595,0.9992821384003095,1.0012576591479685,0.9994149733451416,0.0028572857142858004,0.003571428571428622,-0.011666666666666714,-0.005713999999999838,0.008570785714285758,-0.004444166666666641,68115.14285714286,98273.78571428571,-35672.4
2005-08-08,21.389999,21.639999,21.370001,21.6,9.599451,4348875.0,1.0116877050812392,0.9990650770951415,1.0098177190190614,0.06999899999999926,0.07999599999999951,-412156.0,1.0056193729323784,1.0056372687003121,1.0049263195254345,0.9971229276622543,0.996696719573768,0.9949279828873188,1.0021403634623194,1.0017892573256946,0.9997268255310787,-0.028571571428571474,0.024285714285714275,-0.008333333333333333,0.014602142857143008,0.015872214285714264,-0.0007406000000000171,-49730.42857142857,-50675.71428571428,36173.7
2005-08-09,21.57,21.66,21.42,21.610001,9.603896,3132425.0,1.004172461752434,0.9930458970792768,1.0018544738062123,0.18000100000000074,0.004445000000000476,-1216450.0,1.0055494515820727,1.0054952204368603,1.0047896647578687,0.9967954916828232,0.9962338503400943,0.99472681671153,1.0023387015482956,1.0019555721439446,0.9996354535182467,0.017142714285714282,0.03357142857142849,-0.006333333333333376,0.009523714285714493,0.01650714285714296,-0.003703366666666656,-673299.8571428572,-128907.0,-12012.6
2005-08-10,21.68,21.860001,21.52,21.76,9.670558,8001147.0,1.0083026291512915,0.992619926199262,1.0036900369003692,0.10999999999999943,0.06666199999999911,4868722.0,1.0064015936725588,1.0057853166612751,1.0049294952838155,0.9963422774011816,0.996043305162569,0.9947698770843061,1.0033333512014808,1.0021518209055014,1.0000018747999857,0.04142871428571431,0.03285721428571416,-0.007666666666666681,0.027935142857142888,0.016507214285714205,0.00014819999999999094,841470.7142857143,307193.28571428574,126326.5
2005-08-11,21.879999,22.040001,21.82,21.959999,9.759441,8645598.0,1.0073127060014948,0.9972578152311615,1.003656307296906,0.19999900000000181,0.08888300000000093,644451.0,1.0072449709266746,1.0056997500686768,1.0048660340387294,0.9968899515587036,0.995881210573373,0.9948167197669002,1.0041911904284992,1.0019064034766922,1.0000469483340055,0.08428542857142876,0.052142785714285926,0.005999933333333374,0.045711999999999975,0.020951142857142915,0.0031109666666666886,-26698.85714285714,267281.71428571426,162914.23333333334
2005-08-12,22.059999,22.219999,22.049999,22.15,9.843879,5431687.0,1.0072529468383022,0.999546690822606,1.0040798279274625,0.17999999999999972,0.08443799999999868,-3213911.0,1.0074079783768102,1.0060505376732192,1.004954611126967,0.9972281818884561,0.9961833913999458,0.9950007531497126,1.004505374994401,1.0023651031295906,1.0000910308335484,0.11285700000000023,0.05071421428571427,0.009999966666666657,0.05333014285714276,0.026982428571428536,0.004888633333333322,-117916.14285714286,183195.0,95267.0
2005-08-15,22.1,22.360001,21.950001,21.969999,9.763885,4663035.0,1.0117647511312218,0.9932127149321266,0.9941176018099548,0.040001000000000175,-0.07999399999999923,-768652.0,1.0082184000473169,1.0063528087050566,1.005301107397551,0.9962585697359028,0.9957658472284312,0.995078922795091,1.0031294854685238,1.00157500985021,1.0001384820963155,0.10857142857142879,0.061428571428571645,0.006666666666666762,0.034918571428571354,0.01968157142857141,0.0034071666666666426,57091.28571428572,76169.78571428571,68640.93333333333
2005-08-16,22.0,22.219999,21.879999,22.139999,9.839437,3465495.0,1.0099999545454545,0.9945454090909092,1.0063635909090909,-0.10000000000000142,0.07555200000000006,-1197540.0,1.008641879214491,1.0062957899962035,1.0055424444288577,0.9956133614929261,0.9953762335920675,0.9950197648583176,1.0033685082384367,1.001325323319373,1.0003659345133098,0.0971428571428571,0.05000007142857145,0.008666666666666718,0.045711714285714224,0.01999885714285719,0.006073700000000019,-185076.57142857142,-58480.71428571428,48510.5
2005-08-17,22.049999,22.4,22.049999,22.4,9.954983,4866591.0,1.0158730619443566,1.0,1.0158730619443566,0.04999899999999968,0.11554600000000015,1401096.0,1.0092397873377936,1.007429580135086,1.005964066064951,0.9957469219079059,0.9964349247850802,0.9952040102222471,1.0042335572277645,1.0031869603450418,1.0010639280337745,0.0942857142857143,0.032857071428571416,0.011333333333333329,0.05079028571428574,0.03269621428571438,0.011851066666666672,73959.42857142857,12114.5,51304.7
2005-08-18,22.290001,22.469999,22.08,22.110001,9.826102,4995344.0,1.0080752800325132,0.9905786904181834,0.9919246302411562,0.2400020000000005,-0.1288809999999998,128753.0,1.0097973328063763,1.0076733921942245,1.0062332420660347,0.9953944638134642,0.9960949777481437,0.9955535468164335,1.0028150081470424,1.002576854847669,1.0012268478072452,0.10285728571428569,0.05999999999999999,0.02300003333333329,0.03174371428571427,0.020633714285714384,0.011703000000000035,266131.28571428574,-203584.2857142857,14792.7
2005-08-19,22.02,22.290001,22.0,22.290001,9.906097,2569824.0,1.0122616257947321,0.9990917347865577,1.0122616257947321,-0.2700010000000006,0.07999500000000026,-2425520.0,1.0103629037554394,1.008382248713999,1.006406668808212,0.9963190078973635,0.9963306426492726,0.995695821897554,1.004039520846237,1.0036864360238589,1.0015571388631481,0.04857142857142855,0.04500007142857143,0.025666666666666654,0.033648428571428725,0.030791785714285806,0.014665733333333365,-775903.2857142857,32783.71428571428,-16634.9
2005-08-22,22.25,22.290001,22.049999,22.139999,9.839437,2710396.0,1.001797797752809,0.9910111910112359,0.9950561348314606,0.23000000000000043,-0.06666000000000061,140572.0,1.009575059719913,1.0084100153232938,1.0063570460990545,0.9954266330088027,0.9961582922837532,0.9958030775794723,1.0028109247797448,1.0035010576041221,1.001627083587643,0.052857285714285496,0.06857135714285713,0.03166670000000001,0.01142799999999993,0.028569999999999953,0.014665766666666672,-847886.0,-437292.4285714286,-95551.43333333333
2005-08-23,22.0,22.049999,21.9,21.92,9.741664,7282891.0,1.0022726818181817,0.9954545454545454,0.9963636363636365,-0.25,-0.09777300000000011,4572495.0,1.008863593288467,1.0081357858326387,1.0064013243504066,0.9948420408133655,0.9960351113509108,0.9959191104292163,1.0017086116991982,1.0031069933467998,1.0016002985989458,-0.008571285714285892,0.05214285714285717,0.02733333333333334,-0.014602142857142755,0.019364,0.011851200000000025,264457.71428571426,73270.78571428571,79554.16666666667
2005-08-24,21.85,21.870001,21.700001,21.799999,9.688334,5411071.0,1.0009153775743707,0.9931350572082379,0.9977116247139587,-0.14999999999999858,-0.053330000000000766,-1871820.0,1.0073136827803453,1.0077660414138312,1.0062745300378695,0.9948309468528099,0.9955447582943563,0.9957532033352331,1.0022220435426274,1.0026757645055755,1.0014610982364738,-0.03571428571428571,0.03642857142857154,0.021999966666666756,-0.010793000000000117,0.01206278571428562,0.008443966666666646,106862.28571428571,81976.78571428571,-27975.266666666666
2005-08-25,21.85,22.01,21.76,22.01,9.781661,4744326.0,1.0073226544622427,0.9958810068649886,1.0073226544622427,0.0,0.09332700000000038,-666745.0,1.0069312113398865,1.0077865452771888,1.0062993218510514,0.9950217465348212,0.9953175540138738,0.9956472334498118,1.002359052621649,1.002863780430043,1.0015328840950664,-0.021428571428571224,0.037857142857142936,0.01899996666666676,-0.008253714285714355,0.018728999999999933,0.009184666666666648,182690.14285714287,-1193.2142857142858,31456.733333333334
2005-08-26,22.1,22.16,21.98,22.049999,9.799438,6347215.0,1.0027149321266968,0.9945701357466062,0.9977375113122171,0.25,0.017777000000000598,1602889.0,1.0050514785087923,1.007145632923293,1.0062185600525657,0.9942460516414793,0.9949964867746928,0.9958087554898785,0.9997682596742006,1.0020009084509824,1.0016598638820733,0.007143000000000248,0.050714357142857276,0.02300000000000004,-0.02222071428571429,0.014284785714285724,0.011406700000000037,211517.7142857143,142738.57142857142,62591.3
2005-08-29,21.85,21.92,21.709999,21.790001,9.68389,3100218.0,1.003203661327231,0.9935926315789473,0.9972540503432493,-0.25,-0.11554800000000043,-3246997.0,1.0043555329794664,1.0070764328929214,1.0063096756714816,0.9946766146644456,0.9950355392389548,0.9957832348405824,1.000529605403071,1.0016723067750566,1.0017563905249207,-0.06285728571428553,0.02000000000000008,0.019333333333333393,-0.020316000000000094,0.005713857142857088,0.009480866666666662,-270732.28571428574,-2300.5,-9499.333333333334
2005-08-30,21.93,22.07,21.91,22.049999,9.799438,1748875.0,1.0063839489284085,0.9990880072959416,1.005471910624715,0.0799999999999983,0.11554800000000043,-1351343.0,1.0035158648557059,1.0069393843055727,1.0062849410995371,0.9946760821657861,0.9954975450315748,0.995879517591778,0.9995596460930686,1.0017995834696527,1.0018596093947147,-0.012857142857142836,0.017857142857142856,0.02933336666666667,-0.015237000000000072,0.009205714285714326,0.014073266666666662,-117278.42857142857,-446590.85714285716,-110315.33333333333
2005-08-31,22.110001,22.16,21.85,22.16,9.848327,2861012.0,1.0022613748411862,0.9882405704097436,1.0022613748411862,0.18000100000000074,0.04888899999999907,1112137.0,1.0035820901540453,1.0065785749369789,1.0061549490128845,0.9942802792227158,0.9948534561157593,0.9955033343937457,1.000588966094458,1.0016999454371014,1.0019507863443973,-0.019999857142857076,0.01642871428571421,0.033666699999999966,0.0012699999999998823,0.006348999999999906,0.015851033333333337,21516.571428571428,-413184.71428571426,-69203.7
2005-09-01,22.25,22.309999,22.18,22.27,9.897211,3867635.0,1.002696584269663,0.9968539325842697,1.0008988764044944,0.13999899999999954,0.04888400000000104,1006623.0,1.003642647647114,1.0062531204677907,1.0061034590882239,0.9944801916698193,0.9946611162415924,0.9955555468570676,1.0012368575288662,1.0014727346140322,1.0019493304165947,0.03571428571428571,0.013571499999999912,0.03433336666666662,0.022221000000000046,0.0038094285714286463,0.015258466666666652,-487893.71428571426,-111718.0,5573.133333333333
2005-09-02,22.299999,22.34,21.93,21.93,9.746108,3817055.0,1.0017937668965815,0.9834081158478976,0.9834081158478976,0.04999899999999968,-0.15110300000000088,-50580.0,1.0037681318360014,1.0055409073081734,1.0058795633748474,0.9930906286183421,0.993960787735576,0.995018246069334,0.9991934991194288,1.0007077713310282,1.0011598625681832,0.06428557142857118,0.014285642857142733,0.038333300000000035,0.008253428571428603,-0.001269785714285757,0.009332766666666655,-227716.57142857142,-60427.142857142855,-36219.96666666667
2005-09-05,22.01,22.219999,21.84,22.139999,9.839437,2960217.0,1.009541072239891,0.9922762380736029,1.0059063607451157,-0.2899989999999981,0.09332900000000066,-856838.0,1.0040850486613797,1.005508130000633,1.006119535103687,0.992575661648144,0.9937987040914827,0.9949169153634345,0.9989911714455537,1.0006751120336015,1.0014348068334578,0.022857142857142878,0.000714285714285826,0.022000000000000006,0.008253714285714355,0.0,0.012443733333333344,-254872.7142857143,-36091.28571428572,3108.6666666666665
2005-09-06,22.15,22.389999,22.139999,22.299999,9.910542,4003651.0,1.0108351693002258,0.9995484875846502,1.0067719638826185,0.13999999999999702,0.07110499999999931,1043434.0,1.0052450825433124,1.0051482805260523,1.0062296088575111,0.9932868547678647,0.9937664532046719,0.9949332538384784,1.0002818075270397,1.0000250336006202,1.0014879087055022,0.007142857142856737,0.007142928571428493,0.030333333333333337,0.015871999999999886,-0.003174357142857203,0.014073299999999971,-334794.85714285716,-61638.57142857143,13566.433333333332
2005-09-07,22.43,22.66,22.360001,22.629999,10.0572,4757565.0,1.0102541239411502,0.9968792242532323,1.0089165849308963,0.28000000000000114,0.1466580000000004,753914.0,1.006252291488158,1.005303912233812,1.006211472439903,0.9937563680070483,0.994216491335747,0.9948292279802529,1.0019478838967033,1.0012387446498872,1.001456488125172,0.08285714285714262,0.009999928571428538,0.037666700000000004,0.05333,0.016506999999999956,0.01659156666666668,236763.85714285713,-16984.214285714286,15778.0
2005-09-08,22.629999,22.870001,22.629999,22.780001,10.123863,4984503.0,1.0106054799207016,1.0,1.006628458092287,0.19999900000000181,0.06666300000000014,226938.0,1.0068553673441998,1.0051856160999528,1.0065649884372596,0.9938866526790566,0.9942813674224213,0.9953232838703254,1.0021131049634993,1.000836375528284,1.0020170986087484,0.0999998571428574,0.04357135714285728,0.03466663333333339,0.04634642857142853,0.01555471428571423,0.020887566666666697,462232.5714285714,172477.07142857142,9583.833333333334
2005-09-09,22.65,22.870001,22.559999,22.76,10.114974,2705312.0,1.0097130684326712,0.9960264459161149,1.0048565121412805,0.02000099999999705,-0.008888999999999925,-2279191.0,1.0079198950001262,1.0057509925770858,1.006733360344863,0.9949989206085382,0.994639599915627,0.995346233769686,1.0024838388635129,1.0015364024789855,1.0021634454399784,0.07714271428571402,0.02857142857142847,0.03999996666666661,0.03809242857142868,0.01968121428571428,0.019258133333333365,-22242.85714285714,-363.14285714285717,-171340.4
2005-09-12,22.85,22.85,22.559999,22.65,10.066092,4872885.0,1.0,0.9873084901531729,0.9912472647702406,0.20000000000000284,-0.04888200000000076,2167573.0,1.0075346686758888,1.0055886581615014,1.0066554391942666,0.9936352859755243,0.9940577388226718,0.9950634359024335,1.0011050372014767,1.0011709473651715,1.0019807712880506,0.08571428571428592,0.06071428571428582,0.04866670000000006,0.024125857142856994,0.02317342857142852,0.01970266666666666,143607.14285714287,-172143.2857142857,92067.76666666666
2005-09-13,22.6,22.799999,22.549999,22.65,10.066092,4212230.0,1.0088495132743363,0.9977875663716813,1.0022123893805308,-0.25,0.0,-660655.0,1.0085426324441396,1.0061553821400704,1.0069034541293216,0.9956894931932078,0.994390060905775,0.9952088849105393,1.0037913619918528,1.0014924305556407,1.0021328031771426,0.042857285714285966,0.05357142857142857,0.04366663333333338,0.045711999999999975,0.026982714285714287,0.020887833333333283,56453.57142857143,-85631.5,-154008.66666666666
2005-09-14,22.66,22.92,22.639999,22.889999,10.172753,5455836.0,1.0114739629302736,0.9991173433362753,1.0101499999999999,0.05999999999999872,0.10666100000000078,1243606.0,1.0088187596856226,1.0064519041735012,1.007082189737419,0.9966667939450181,0.9946212277965811,0.995273493737937,1.004397596171122,1.0016943838083379,1.002408451978271,0.09285714285714265,0.05785714285714277,0.04633333333333335,0.04761657142857142,0.027935142857142888,0.02340616666666667,356517.0,50822.142857142855,-26708.8
2005-09-15,22.82,23.139999,22.82,22.870001,10.163861,10936776.0,1.0140227432077125,1.0,1.0021911042944784,0.16000000000000014,-0.008891999999999456,5480940.0,1.0092741273866923,1.0072596049650024,1.0073465545297535,0.9967312957186396,0.9950090752432521,0.995273493737937,1.0037431876585305,1.002012497592785,1.0023565278383837,0.09571428571428596,0.051428571428571344,0.04933333333333335,0.03618842857142874,0.026030214285714313,0.0214802,990446.4285714285,327825.78571428574,222446.0
2005-09-16,23.040001,23.34,22.959999,23.25,10.332742,6458425.0,1.013020789365417,0.99652769112293,1.0091145395349592,0.2200009999999999,0.16888099999999895,-4478351.0,1.0096693653044446,1.0079608283963013,1.0075460608294264,0.9966810767000249,0.9952187223535366,0.9951890212156432,1.0037714668876825,1.0028596753921928,1.002503998105559,0.08714300000000007,0.08500007142857134,0.05733336666666666,0.03936314285714282,0.04634657142857141,0.027109566666666633,242980.0,239871.92857142858,56579.8
2005-09-19,23.25,23.32,23.1,23.15,10.288299,2399100.0,1.003010752688172,0.9935483870967743,0.9956989247311827,0.20999899999999982,-0.044442999999999344,-4059325.0,1.008584404271226,1.007719885807713,1.0072568290829909,0.9957594177138498,0.9948230351964532,0.9950051315490309,1.0022101049789531,1.0021616049712263,1.0020333716292964,0.08857157142857121,0.0942857142857143,0.06200003333333335,0.023490857142857178,0.034918642857142856,0.022961600000000006,-369343.28571428574,46444.642857142855,-64992.5
2005-09-20,23.110001,23.469999,23.09,23.309999,10.359406,4327883.0,1.015577584786777,0.9991345305437244,1.0086541753070457,-0.13999899999999954,0.07110699999999959,1928783.0,1.0094221923218125,1.0086710436609694,1.0076369998508021,0.9962034298035084,0.9956011752060233,0.9952080859978458,1.0027526282883483,1.0026182335759304,1.0022600283459906,0.06571442857142884,0.07142857142857142,0.05133336666666667,0.034918857142857106,0.036505642857142896,0.025183666666666642,231795.85714285713,104776.5,39848.6
2005-09-21,23.24,23.6,23.17,23.35,10.377184,3670972.0,1.0154905335628228,0.9969879518072291,1.0047332185886404,0.12999899999999798,0.01777799999999985,-656911.0,1.0116351256879301,1.0095848971819095,1.0078765966645198,0.997586210039802,0.9956107480076631,0.9953536868514449,1.0046791931195482,1.0028921151605126,1.0022948010689332,0.055714285714285286,0.0707142857142856,0.051999999999999956,0.04444171428571434,0.03428378571428566,0.0235542,-171701.85714285713,-14047.357142857143,-144339.16666666666
2005-09-22,23.25,23.469999,23.190001,23.299999,10.354963,3480338.0,1.0094623225806452,0.9974193978494623,1.002150494623656,0.010000000000001563,-0.022221000000000046,-190634.0,1.0117226698745458,1.0101326511593425,1.0079482505504918,0.9975336145366279,0.9966115538649178,0.9953590729387216,1.0046703510114232,1.004230856501638,1.0022446073131581,0.09285714285714265,0.06785721428571431,0.04566669999999995,0.04126728571428576,0.043489642857142866,0.0198507333333333,-104556.0,-24051.214285714286,-172175.33333333334
2005-09-23,23.26,23.35,23.110001,23.209999,10.314964,3680095.0,1.0038693035253654,0.993551203783319,0.997850343938091,0.010000000000001563,-0.039998999999999896,199757.0,1.010636289959559,1.0097275248225908,1.0078354624400603,0.9967384517433485,0.9967026228441832,0.9951592233707454,1.0029132572882933,1.0036554267297075,1.0020369578468458,0.08571428571428592,0.08928571428571429,0.040000033333333344,0.02031585714285709,0.03396621428571426,0.015702833333333346,-253677.2857142857,51419.857142857145,-58386.4
2005-09-26,23.34,23.74,23.34,23.74,10.550507,4006767.0,1.0171379605826907,1.0,1.0171379605826907,0.0799999999999983,0.23554299999999984,326672.0,1.011081321013127,1.0101777241999097,1.008014569421776,0.9967384517433485,0.996734873730994,0.9953854662063412,1.0050485224723236,1.004395855065427,1.0028043031392704,0.07428571428571422,0.08500000000000009,0.041333333333333284,0.055235142857142705,0.045711785714285726,0.026220733333333315,-990001.2857142857,222.57142857142858,-21875.6
2005-09-27,23.719999,24.0,23.59,23.879999,10.612722,4200564.0,1.0118044271418392,0.9945194348448327,1.0067453628476122,0.37999900000000153,0.06221500000000013,193797.0,1.0109075549811875,1.010288460142816,1.008074718508322,0.9964515579893345,0.9965663173446797,0.9953846003981385,1.0047100686598454,1.004240767773764,1.0028170288705542,0.0971425714285716,0.09214278571428583,0.057333300000000045,0.03999714285714288,0.039680142857142844,0.025776166666666652,-322551.5714285714,-39785.78571428572,24502.3
2005-09-28,23.98,24.26,23.9,24.08,10.701609,5143504.0,1.011676396997498,0.9966638865721433,1.0041701417848206,0.26000099999999904,0.08888699999999972,942940.0,1.0121455041682341,1.01036495421973,1.0079348296767603,0.9968966293429588,0.9963280235284042,0.9952733966172099,1.005920242524651,1.004065173751802,1.0024269315319032,0.10428571428571434,0.09642864285714278,0.0643333666666667,0.0590442857142856,0.04126757142857139,0.024887533333333305,392057.71428571426,11357.214285714286,9230.433333333332
2005-09-29,24.129999,24.389999,23.98,24.27,10.786049,4044524.0,1.010774969364897,0.9937837129624414,1.0058019480232883,0.1499990000000011,0.08444000000000074,-1098980.0,1.0114594162508226,1.0104408042863176,1.008024819321173,0.9961322268313468,0.9961678283174276,0.9953802307020185,1.0055127814841143,1.0041327048862312,1.0028895087913074,0.14571400000000015,0.1057142142857145,0.06133326666666671,0.060949000000000045,0.04793392857142858,0.03199823333333332,-40479.857142857145,95658.0,-31694.0
2005-09-30,24.299999,24.450001,24.0,24.0,10.666056,8488770.0,1.0061729220647293,0.9876543616318667,0.9876543616318667,0.16999999999999815,-0.1199930000000009,4444246.0,1.0101283288939522,1.0108817272909412,1.007821862530173,0.994798856806295,0.9961925334230486,0.9949989849301956,1.0030729447760038,1.003876068947776,1.0020692666525453,0.15142842857142874,0.10357135714285702,0.07599996666666667,0.04126742857142851,0.04285457142857142,0.025331966666666615,688256.8571428572,258277.5,197298.2
2005-10-03,24.0,24.24,23.9,24.15,10.732717999999998,2093491.0,1.01,0.9958333333333332,1.0062499999999999,-0.2999989999999997,0.06666199999999911,-6395279.0,1.0102051399538599,1.0109639049142027,1.008095269271746,0.9945722761611338,0.9960529453488808,0.9951597230075989,1.0036585884011957,1.0041644697063095,1.0024423954914965,0.10714285714285714,0.0999999999999999,0.058333333333333334,0.05396499999999982,0.04761614285714279,0.029776033333333275,-198121.0,-151338.5,-20563.5
2005-10-04,24.15,24.34,24.030001,24.1,10.710497,3451759.0,1.0078674948240167,0.9950310973084886,0.9979296066252589,0.14999999999999858,-0.02222099999999827,1358268.0,1.0107763101393816,1.0107063000494703,1.0082817630386072,0.9947836895218723,0.9957610706326104,0.9951456080693969,1.0036699116422196,1.0032915844652563,1.0024945945002173,0.12714285714285672,0.10642857142857132,0.07166666666666661,0.05650471428571434,0.038410285714285716,0.03229443333333334,-32619.428571428572,-143148.35714285713,-127704.4
2005-10-05,23.9,24.0,23.450001,23.450001,10.421623,6255990.0,1.00418410041841,0.9811715899581591,0.9811715899581591,-0.25,-0.28887399999999985,2804231.0,1.0089257586873415,1.0100035398502343,1.0083907204667417,0.9920939166587521,0.9944161842010503,0.9947468258277276,0.998531858695858,1.0017901905840907,1.0019432600083573,0.07999999999999982,0.07714285714285703,0.06833333333333323,-0.018411999999999904,0.0184115714285714,0.024442966666666698,321317.5714285714,-334341.85714285716,28163.966666666667
2005-10-06,23.32,23.74,23.18,23.219999,10.319408,5419664.0,1.0180102915951972,0.9939965694682675,0.9957117924528303,-0.5799999999999983,-0.10221500000000106,-836326.0,1.009812310752107,1.010359932866647,1.0087469750378402,0.9920192216049571,0.9942353897971458,0.994684011247837,0.9969556343537462,1.000832851506796,1.0015562312747102,-0.05714271428571444,0.019999928571428578,0.04899999999999996,-0.04190200000000007,-0.0009524285714286,0.017924899999999983,174157.14285714287,-74197.21428571429,22511.266666666666
2005-10-07,23.219999,23.34,22.85,23.0,10.221639,5054707.0,1.0051680019452196,0.9840655031897289,0.9905254517883484,-0.1000009999999989,-0.09776899999999955,-364957.0,1.008882540030353,1.0105140220992934,1.0088287440317911,0.9902194525503266,0.9935580409466426,0.9943338568292744,0.9950063929256787,1.000463317725165,1.0013158292905815,-0.1085715714285713,-0.0021429285714284724,0.0373333,-0.06856714285714283,-0.004761428571428615,0.014073366666666646,-12685.285714285714,189686.2142857143,-43083.6
2005-10-10,23.16,23.389999,23.02,23.18,10.301632,3435819.0,1.009930872193437,0.9939550949913644,1.0008635578583764,-0.059999000000001246,0.07999299999999998,-1618888.0,1.0087619547201443,1.0101106854854833,1.009052984393998,0.9902439356973155,0.9931880812643311,0.9943459389430216,0.9943009086164057,0.9999068450502598,1.0014361462077521,-0.13857128571428592,0.00357135714285712,0.043666666666666624,-0.06920242857142865,-0.004126714285714301,0.020591399999999992,-86957.85714285714,-63718.857142857145,11186.7
2005-10-11,23.1,23.18,22.870001,22.889999,10.172753,4981492.0,1.0034632034632034,0.9900433333333332,0.9909090476190475,-0.05999999999999872,-0.12887899999999952,1545673.0,1.0083748520627833,1.0092515904783677,1.0089556262118244,0.9905852173689536,0.9926920370876243,0.9940444498109346,0.9947658637574314,0.9989194042667177,1.0009507174408967,-0.17142842857142832,-0.009999999999999787,0.039000000000000055,-0.07047185714285702,-0.014602214285714257,0.012443833333333328,-501039.71428571426,93608.57142857143,107753.9
2005-10-12,22.950001,23.35,22.950001,23.34,10.37274,3718515.0,1.0174291495673573,1.0,1.0169934197388488,-0.1499990000000011,0.19998700000000014,-1262977.0,1.0094361591438346,1.0098206495488473,1.0094612187026968,0.9911804554641916,0.9928763658126627,0.9944364307972766,0.9963006380058383,0.9999796132035171,1.001441785604152,-0.1499998571428571,-0.02142849999999998,0.027999999999999994,-0.0514254285714283,0.001269785714285757,0.017480433333333364,232146.2857142857,17012.64285714286,28583.433333333334
2005-10-13,23.15,23.370001,23.040001,23.16,10.292747,2999619.0,1.009503282937365,0.995248423326134,1.0004319654427647,0.19999899999999826,-0.07999299999999998,-718896.0,1.009669843160027,1.0102230766497042,1.0096881086582867,0.991211502038141,0.9929975957800067,0.9943829138220053,0.9966581178369108,1.0001640147395652,1.0014262219054277,-0.14285714285714285,-0.007857142857143071,0.029999999999999954,-0.05967857142857141,-0.0015869285714285347,0.01318453333333333,-64591.42857142857,-48605.42857142857,-28933.866666666665
2005-10-14,23.24,23.32,23.01,23.02,10.230525,3164456.0,1.0034423407917386,0.9901032702237523,0.9905335628227195,0.08999999999999986,-0.06222200000000022,164837.0,1.009563877499074,1.0092448180932077,1.0097430611214588,0.9924874563617971,0.9922906865102747,0.9946060856345338,0.997995542531848,0.998263700613853,1.0016637368045884,-0.0942857142857143,-0.007142857142857244,0.031333366666666626,-0.027299714285714316,-0.022855857142857112,0.01614723333333335,-441647.71428571426,-60165.07142857143,-21753.3
2005-10-17,23.27,23.51,23.25,23.469999,10.430513,3411208.0,1.0103137086377312,0.9991405242801891,1.0085947142243232,0.030000000000001137,0.1999879999999994,246752.0,1.0084643656480075,1.0091383382000572,1.0097688156680533,0.9932223070492145,0.9926207643270859,0.9948348951747533,0.9998359599277755,0.9983957971407609,1.0017533485872288,-0.007142857142857244,-0.032142785714285846,0.04199999999999993,0.01587214285714289,-0.013014928571428592,0.01970253333333331,-286922.28571428574,-56382.57142857143,15033.033333333333
2005-10-18,23.67,23.719999,23.389999,23.5,10.443847,3950015.0,1.0021123362906632,0.9881706379383185,0.9928179129700041,0.40000000000000213,0.013334000000000401,538807.0,1.0080278419830708,1.0084551910067119,1.0094780545677344,0.9938087548704415,0.9920141037103841,0.9944556335198756,1.0001634543822977,0.9975849236539883,1.0012882135568082,0.06428585714285719,-0.02214285714285705,0.05066666666666677,0.03174400000000003,-0.0184115714285714,0.017776833333333346,-157813.14285714287,-85249.21428571429,-1787.8666666666666
2005-10-19,23.23,23.5,23.200001,23.200001,10.31052,4974231.0,1.0116229014205769,0.9987086095566078,0.9987086095566078,-0.4400000000000013,-0.13332699999999953,1024216.0,1.0082695604440908,1.0085157575821175,1.0095236804837155,0.9944878283797622,0.9923658820385388,0.9945166130299882,0.9998556046249023,0.997078256620654,1.0009479477109986,0.01000000000000004,-0.06428564285714293,0.02666666666666669,0.001269714285714382,-0.03396635714285713,0.008444000000000014,219773.14285714287,66407.64285714286,7222.2
2005-10-20,23.450001,23.690001,23.41,23.559999,10.47051,4531918.0,1.010234541141384,0.9982942004991812,1.004690746068625,0.2200009999999999,0.15999000000000052,-442313.0,1.0092368943981165,1.00880587323045,1.0095113158577382,0.995666523689169,0.9931258705290613,0.9944597530466274,1.0018244186891276,0.9982951412232796,1.00088335731021,0.0500001428571427,-0.060714142857142814,0.02733339999999996,0.042536714285714386,-0.013967571428571317,0.011554900000000028,-64224.857142857145,-282632.28571428574,-15086.166666666666
2005-10-21,23.309999,23.48,23.299999,23.450001,10.421623,6027515.0,1.0072930505059223,0.9995709995525953,1.0060060920637535,-0.14000199999999907,-0.04888700000000057,1495597.0,1.007788880246483,1.0086125196951587,1.0094306485935134,0.9956052379109683,0.99339284668758,0.9945779048345103,1.0002548004498284,0.9982777192278334,1.000921676640959,0.05142828571428585,-0.04928578571428562,0.021999966666666756,0.006983285714285715,-0.022221071428571295,0.01022163333333334,329857.14285714284,281001.71428571426,110740.1
2005-10-24,23.4,23.700001,23.299999,23.620001,10.497174,5297749.0,1.0128205555555556,0.995726452991453,1.0094017521367522,0.09000099999999733,0.07555099999999904,-729766.0,1.008262776334796,1.0089663097474115,1.0098580004453652,0.9956735278631567,0.9934425149506488,0.9948585035957862,1.0015361985489695,0.9990971581929401,1.0015268262198427,0.03571428571428571,-0.05357142857142857,0.01833333333333324,0.029203857142857004,-0.015237357142857202,0.0143694,328304.28571428574,131856.42857142858,14162.133333333333
2005-10-25,23.6,23.620001,22.99,23.190001,10.306075,13741145.0,1.0008475,0.9741525423728812,0.982627161016949,0.20000000000000284,-0.19109899999999946,8443396.0,1.007892084793119,1.0087279811460965,1.009591266669554,0.9933948524558894,0.9929411544088432,0.9940706694624929,1.0004067125767164,0.9992011275542821,1.00087398527439,0.05142857142857186,-0.021428571428571224,0.03333333333333333,0.010792857142857113,-0.008253428571428603,0.00799943333333335,1510955.5714285714,534653.9285714285,317630.5
2005-10-26,23.18,23.52,23.120001,23.450001,10.421623,7443363.0,1.014667817083693,0.9974116048317515,1.0116480155306298,-0.4200000000000017,0.11554800000000043,-6297782.0,1.0085141002853992,1.0084892329667035,1.0096977284746678,0.9931478639632555,0.9931850855062351,0.9940138115123421,1.0008428984776174,1.0003394292026964,1.0009239191254111,-0.012857142857142836,-0.01000000000000004,0.01733333333333332,-0.0012699999999998823,0.007301071428571504,0.008295666666666672,576022.1428571428,144549.92857142858,66250.9
2005-10-27,23.34,23.540001,23.309999,23.370001,10.386072,5201036.0,1.0085690231362467,0.9987146101113968,1.0012853898886032,0.16000000000000014,-0.03555099999999989,-2242327.0,1.0094364841204826,1.0087321630517767,1.009515937805619,0.9946541457022667,0.9942314502863542,0.9939709651827219,1.002052538037417,1.0011079962098575,1.000893728645215,-0.04714285714285741,0.00857149999999989,0.01733333333333332,-0.008253571428571351,0.011745214285714336,0.007407033333333324,178717.2857142857,10452.07142857143,-191191.33333333334
2005-10-28,23.299999,23.299999,23.059999,23.190001,10.306075,20059824.0,1.0,0.9896995703733722,0.9952790555913757,-0.040001000000000175,-0.07999700000000054,14858788.0,1.0077760696318288,1.0080228150379598,1.0090819114934384,0.9933671401046617,0.9939274842422119,0.9937433611577368,1.0015626017566697,1.000709103190786,1.0004325458470957,0.009999857142857036,0.009999928571428538,0.008666599999999984,-0.000635000000000068,0.0003173571428571569,-0.0008888999999999925,2155084.714285714,1187428.9285714286,453379.9666666667
2005-10-31,23.370001,23.549999,23.35,23.549999,10.466066,3650116.0,1.0077020963756056,0.9991441592150554,1.0077020963756056,0.07000199999999879,0.15999099999999977,-16409708.0,1.0074142918081461,1.0083255931031314,1.009238289616353,0.9934885627783581,0.9945775432337635,0.9939298868950127,1.001992794657667,1.0019086066733973,1.0008326515685764,-0.011428571428571692,0.019285785714285502,0.004000033333333282,-0.0006348571428573178,0.020950928571428534,0.005925566666666645,-125971.71428571429,-95098.28571428571,41700.53333333333
2005-11-01,23.620001,23.66,23.48,23.639999,10.506064,4778042.0,1.0016934376929112,0.9940727775583076,1.0008466553409545,0.25,0.039998000000000644,1127926.0,1.0066143471205733,1.007201613683528,1.008775484713224,0.9927031024934596,0.994154170202214,0.9937611617954989,1.0012557322686957,1.000755266359262,1.0005724009030401,0.0442859999999996,0.04785714285714272,0.016999999999999935,0.012062999999999999,0.009523142857142857,0.004888600000000013,-178496.14285714287,75680.5,15005.3
2005-11-02,23.610001,23.65,23.190001,23.389999,10.394958,4643672.0,1.0016941549473037,0.9822109283265171,0.9906818301278344,-0.00999999999999801,-0.11110599999999948,-134370.0,1.0050248613193944,1.0066438188270952,1.00831560542604,0.9907723132556117,0.9932229205593842,0.9932685943461418,0.9985814576959932,1.0000588281224814,1.00010402128768,0.030000142857143124,0.03285721428571442,0.012333366666666734,-0.014602285714285504,0.00730078571428575,0.0005924666666667022,-93439.57142857143,117432.35714285714,32423.333333333332
2005-11-03,23.6,23.65,23.290001,23.379999,10.390514,8608011.0,1.0021186440677965,0.9868644491525423,0.9906779237288136,-0.010000999999999038,-0.004444000000001225,3964339.0,1.0052064533290797,1.006549269061099,1.0080708161422784,0.9925882999384203,0.992991576197155,0.9929167627229111,0.999731566654831,1.0000691396157737,0.9997216022578519,0.0,0.02571428571428593,0.011666666666666714,0.012062714285714244,0.011427785714285679,0.0011850333333333295,-733304.8571428572,388825.35714285716,170922.43333333332
2005-11-04,23.4,23.57,23.299999,23.540001,10.461625,5598314.0,1.0072649572649572,0.995726452991453,1.0059829487179488,-0.20000000000000284,0.07111100000000015,-3009697.0,1.0041489019264032,1.006331501105901,1.0081840046002648,0.9923475639612349,0.9927477139622451,0.9929892710298489,0.9989222713958766,0.9998825849367469,0.999992689083847,0.031428571428571264,0.009285714285714215,0.004666666666666567,0.005714571428571347,0.002222285714285732,0.0048886999999999976,-263578.4285714286,156221.85714285713,63940.63333333333
2005-11-07,23.559999,23.629999,23.48,23.6,10.488287,5441375.0,1.0029711376473318,0.9966044565621586,1.001697835386156,0.15999900000000267,0.026661999999999964,-156939.0,1.0033492039994152,1.006392844059949,1.0077117771690862,0.9920461134542009,0.9933501295782338,0.9928760862485875,0.9989811921812413,1.0005168651093292,0.9994780182439625,0.03142842857142877,-0.007857214285714318,0.007333300000000046,0.014602142857142755,0.003174285714285701,-0.002073999999999998,34334.142857142855,106525.71428571429,47820.26666666667
2005-11-08,23.030001,23.290001,23.01,23.280001,10.611357,12102594.0,1.0112896217416578,0.999131524136712,1.0108554055208248,-0.5299980000000026,0.12307000000000023,6661219.0,1.0049620071053662,1.0063690383685975,1.0076946169890801,0.9933935354203923,0.9933803377625269,0.9930298225583168,1.0012063850283055,1.0013844933924876,0.999615019666403,-0.03857114285714301,-0.014285642857142986,-0.022999933333333427,0.043611714285714295,0.02148835714285711,-4.549999999999462e-05,-1136747.142857143,509168.78571428574,263401.0
2005-11-09,23.700001,23.700001,23.65,23.65,10.780007,24000.0,1.0,0.9978902532535757,0.9978902532535757,0.6700000000000017,0.16864999999999952,-12078594.0,1.0038617076231369,1.0056379997156415,1.0073054037558302,0.9932144059973238,0.9933514843878408,0.9930707014476978,0.9998046931537298,1.0008987439056984,0.9994056900486948,0.04714285714285741,0.017857142857142856,-0.009333300000000004,0.044848714285714256,0.02210692857142847,0.0026132666666666654,-518016.5714285714,-321994.14285714284,-170650.13333333333
2005-11-10,23.120001,23.17,22.870001,23.1,10.529313,5703067.0,1.002162586411653,0.9891868516787694,0.9991349048817084,-0.5800000000000018,-0.2506939999999993,5679067.0,1.0039287288686716,1.0052715379946222,1.0070183243240554,0.9925164165859612,0.9926097595397103,0.9929174727382422,0.9995601573738374,1.0004079448212666,0.9991834552773089,-0.07142857142857142,-0.013571285714285912,-0.0336666000000001,0.0033212857142856933,0.007692142857142846,-0.008557866666666669,132146.42857142858,-23174.85714285714,55284.76666666667
2005-11-11,23.280001,23.43,23.24,23.35,10.643265,6776075.0,1.0064432557369736,0.9982817440600625,1.003006829767748,0.16000000000000014,0.11395199999999939,1073008.0,1.0046071718386242,1.0048160165790094,1.0070273354464636,0.9948122474050392,0.9927922803303254,0.993271718819182,1.0013208716081106,0.9999511646520519,0.9996952042151716,-0.04714285714285741,-0.008571357142857141,-0.03399993333333337,0.03547242857142839,0.010435071428571443,-0.0007596999999999928,304629.0,105594.71428571429,-57089.833333333336
2005-11-14,23.42,23.49,23.299999,23.469999,10.697964,3266839.0,1.002988898377455,0.9948761315115285,1.0021348847139198,0.1399990000000031,0.05469900000000116,-3509236.0,1.004731493882861,1.0049689736059704,1.0067936320590454,0.9959567734563228,0.9942725366973717,0.9932398120917885,1.0029575803202688,1.00134457348755,0.9995580337056356,-0.025714285714285672,-0.012857142857142836,-0.019333333333333275,0.04392142857142873,0.027992071428571488,-0.001158466666666591,-763024.5714285715,-748164.7142857143,39111.6
2005-11-15,23.469999,23.57,23.379999,23.5,10.711638,5015460.0,1.0042608012041243,0.9961653172631153,1.0012782701865475,0.04999899999999968,0.013673999999999964,1748621.0,1.0043023287313135,1.0042256153288582,1.0066734089383824,0.9960194683522745,0.9941835161567548,0.9932776194236095,1.0022854833872115,1.000603877391544,0.9996696558243452,0.009999857142857544,0.020714214285714405,-0.022666699999999908,0.03571614285714299,0.020715357142857167,3.803333333335009e-05,-83264.85714285714,-173421.64285714287,52123.36666666667
2005-11-16,23.379999,24.049999,23.370001,23.9,10.893961,6293437.0,1.0286569729964488,0.9995723695283305,1.0222412755449646,-0.08999999999999986,0.18232299999999846,1277977.0,1.0079717337811875,1.0056604688903013,1.0074891713576504,0.9964434559188706,0.9942447846865358,0.9938909787426151,1.0052202605527556,1.0021007263669985,1.0010386453439053,-0.025714285714285672,0.002857071428571548,-0.01733336666666657,0.05795342857142849,0.036277785714285624,0.01574459999999996,121723.14285714286,78028.64285714286,1248.2333333333333
2005-11-17,23.950001,24.129999,23.84,24.049999,10.962334,7390166.0,1.0075155737989323,0.9954070565592043,1.0041752816628275,0.5700019999999988,0.06837300000000113,1096729.0,1.0074325840750837,1.006197295590225,1.0071393474311081,0.9959113891220837,0.9946524622712379,0.9939379949789797,1.00426595714447,1.0027361710863878,1.0013207616509052,0.13142857142857167,0.04642871428571433,0.021000033333333334,0.05013957142857147,0.04687564285714289,0.0214308666666667,-673204.0,-904975.5714285715,65683.4
2005-11-18,24.110001,24.18,23.83,24.049999,10.962334,2779579.0,1.0029033180048395,0.9883865205978215,0.9975113232056688,0.16000000000000014,0.0,-4610587.0,1.007847343790061,1.005854525706599,1.0070638579664286,0.9945537130284047,0.9938840595128642,0.9940820288925828,1.0042118242804834,1.0020082587171066,1.0015536240314826,0.058571428571428594,0.052857142857143,0.029666733333333303,0.0260467142857144,0.035447714285714325,0.024689833333333352,393654.14285714284,-62181.21428571428,-75837.6
2005-11-21,23.879999,24.02,23.809999,23.92,10.903078,3046668.0,1.005862688687717,0.9970686765941656,1.0016750838222397,-0.23000199999999893,-0.05925599999999953,267089.0,1.0083759298294985,1.006152329349085,1.0069282518495715,0.9956796880163183,0.9940980523011397,0.9941858149460094,1.0045747069862736,1.0020674321800556,1.0015806748969447,0.1085711428571433,0.018571285714285932,0.023999966666666712,0.05339500000000008,0.028358142857142887,0.020048200000000033,-379485.5714285714,-123669.57142857143,-12971.7
2005-11-22,23.950001,24.02,23.57,23.65,10.780007,3939442.0,1.00292271386544,0.984133570599851,0.9874738627359556,0.07000199999999879,-0.12307100000000126,892774.0,1.0078729952764225,1.0062400835575234,1.006910235529646,0.9936585203791451,0.9942353838920922,0.9939888228548934,1.0023557116960178,1.0018382916520643,1.001466168734175,0.09571428571428596,0.024285714285714275,0.02833336666666663,0.01953457142857142,0.027503499999999903,0.020241799999999976,-405233.28571428574,-50302.142857142855,-34735.0
2005-11-23,23.73,23.959999,23.65,23.799999,10.84838,4277056.0,1.0096923303834808,0.9966287399915718,1.0029498103666246,-0.2200009999999999,0.06837300000000113,337614.0,1.0088306284201403,1.006781061151501,1.00665234155685,0.9939088930191514,0.9949328332377371,0.9938764475212791,1.002472129646404,1.0027148549833365,1.0009980484217675,0.0442857142857141,0.009285714285714215,0.02599996666666667,0.021487999999999983,0.03270471428571436,0.015854666666666677,144316.7142857143,-309353.9285714286,18618.033333333333
2005-11-24,23.82,24.01,23.82,23.98,10.930428,5205955.0,1.0079764903442485,1.0,1.0067170445004199,0.08999999999999986,0.08204799999999857,928899.0,1.0093614411544438,1.0068318849428788,1.0066014484704129,0.9944567048387063,0.9952380865954905,0.994034833410408,1.0032490974055288,1.00276729039637,1.0012075510570226,0.0500001428571427,0.03000000000000012,0.02233333333333339,0.03125571428571407,0.03348592857142853,0.021256033333333296,27213.571428571428,-28025.64285714286,73544.53333333334
2005-11-25,23.9,23.98,23.790001,23.799999,10.84838,5513769.0,1.003347280334728,0.9953975313807532,0.9958158577405858,0.0799999999999983,-0.08204799999999857,307814.0,1.005745770774198,1.0068587522776926,1.0065982797885125,0.9938602993890525,0.9951518776539616,0.994211308782308,0.9994740377191889,1.0023471491359721,1.001383627554285,0.07428585714285672,0.024285785714285524,0.022000000000000006,-0.00651157142857122,0.025720928571428634,0.020595166666666682,-111381.14285714286,5171.0,78310.43333333333
2005-11-28,23.74,23.809999,23.6,23.809999,10.85294,3381318.0,1.0029485678180288,0.9941027801179445,1.0029485678180288,-0.16000000000000014,0.004559999999999675,-2132451.0,1.0050933413483547,1.0062629627117192,1.0063527750945225,0.9936739741831583,0.9947926816526209,0.9940433839769,0.9992987928842175,1.0017823750143438,1.0011954226740751,-0.030000142857143124,0.05071421428571427,0.015666666666666627,-0.015627714285714283,0.017255928571428596,0.014080900000000026,-572692.5714285715,-622948.2857142857,-996.3333333333334
2005-11-29,23.700001,23.790001,23.6,23.700001,10.802801,3709804.0,1.0037974681941997,0.9957805487012427,1.0,-0.03999899999999812,-0.05013899999999971,328486.0,1.0052210770896919,1.0065342104398765,1.0064089461579737,0.9947302639122183,0.9946419884703115,0.9942970476689973,0.9996543181405507,1.0019330712105172,1.001434825575075,-0.058571428571428594,0.0,0.001000033333333287,-0.022790428571428527,0.0016281428571429351,0.011965133333333355,132889.2857142857,263271.71428571426,-8007.033333333334
2005-11-30,23.77,24.18,23.700001,23.91,10.898521,6814303.0,1.0172486327303323,0.9970551535549012,1.0058897770298696,0.06999899999999926,0.09572000000000003,3104499.0,1.0068476405243512,1.0076117851769248,1.0065964705349655,0.9947283320494663,0.9952040100328923,0.9942419324689405,1.000256417170212,1.002415562078243,1.0016741978241837,-0.015714142857143138,0.04642850000000008,0.01799999999999997,-0.0006510000000000206,0.02637200000000003,0.01960003333333334,538233.5714285715,79374.0,61335.73333333333
2005-12-01,23.709999,23.84,23.48,23.51,10.716195,4472784.0,1.0054829610072948,0.9902994934753055,0.9915647824363046,-0.06000099999999975,-0.18232599999999977,-2341519.0,1.0072133901160447,1.0075431926962335,1.0064380845304959,0.9956091781745312,0.9946338492768383,0.9939754422348114,1.000840834270262,1.0015982729831399,1.0012366657031062,-0.03428600000000007,0.030714142857142943,0.008666599999999984,-0.009115999999999807,0.005209285714285805,0.008189499999999997,76191.71428571429,-164520.7857142857,-1971.1333333333334
2005-12-02,23.9,23.9,23.66,23.809999,10.85294,3008794.0,1.0,0.989958158995816,0.9962342677824269,0.19000099999999875,0.13674499999999945,-1463990.0,1.0058287714898333,1.0073296999549868,1.0061949828469652,0.9946562380322804,0.9942825655257159,0.993655014216252,0.999881471043948,1.001176800345176,1.000910938227062,0.024285714285714022,0.034285714285714065,0.019666699999999912,0.0006514285714285251,0.011069714285714254,0.014377233333333331,-181180.2857142857,-18431.785714285714,-100624.03333333334
2005-12-05,23.82,23.92,23.540001,23.66,10.784568,2747183.0,1.0041981528127624,0.9882452141057935,0.9932829554995802,-0.0799999999999983,-0.0683720000000001,-261611.0,1.005289008985335,1.0073252250698894,1.0059075694222055,0.9929769829045366,0.9937168438716215,0.9934056395867299,0.9979623154723994,1.000605706438964,1.000373645005823,0.0,0.02500007142857135,0.014000000000000058,-0.020837142857142714,0.0052092857142856785,0.009579800000000027,-351253.14285714284,-162019.7857142857,-85018.86666666667
2005-12-06,23.59,23.690001,23.42,23.58,10.7481,3770518.0,1.0042391267486221,0.9927935565917763,0.9995760915642221,-0.23000000000000043,-0.03646799999999928,1023335.0,1.0054164156158916,1.0055810931950446,1.0060206236471594,0.9926049865061114,0.993232642947582,0.9940270067273598,0.9984994917329189,0.9989867647260537,1.0009386093573989,-0.0442857142857141,0.015000071428571309,-0.0003333333333333854,-0.014325714285714244,-0.010418642857142732,0.0147341666666667,-249035.85714285713,-180208.5,-332354.23333333334
2005-12-07,23.58,23.58,23.42,23.450001,10.688844,3245460.0,1.0,0.9932145886344361,0.9944868956743004,-0.010000000000001563,-0.05925600000000131,-525058.0,1.0049951916418873,1.0050442664951211,1.0055316964110363,0.9924781020084673,0.9930760380958128,0.9938871061874494,0.997290681426672,0.9982947371554448,1.0003665720288546,-0.022857142857142878,-0.026428642857143,0.013333333333333286,-0.02344228571428581,-0.01953500000000005,0.008907366666666642,-19408.285714285714,-296050.4285714286,-139930.1
2005-12-08,23.370001,23.370001,22.959999,23.030001,10.497406,4429206.0,1.0,0.9824560555217777,0.9854514340842347,-0.20999899999999982,-0.19143799999999978,1183746.0,1.004452696185573,1.0048368866376325,1.0052460623064947,0.9905746029828295,0.992652433447524,0.9933451543677954,0.9952123148672768,0.9974333165039138,0.9998387735020422,-0.04714285714285741,-0.052857142857143,0.001000033333333287,-0.04362785714285725,-0.03320914285714289,0.0037111333333333125,102771.71428571429,117830.5,-25727.666666666668
2005-12-09,22.83,23.059999,22.700001,22.9,10.438148,4639105.0,1.010074419623303,0.994305781865966,1.003066141042488,-0.5400010000000002,-0.05925799999999981,209899.0,1.0034278085988546,1.0051377245616029,1.0055818762939384,0.9901818355986959,0.9924550838240812,0.9934986947508817,0.9948089382976509,0.9975326777339316,1.0000983430170793,-0.13428571428571448,-0.0749999285714288,-0.01566663333333338,-0.06576757142857151,-0.03320928571428577,0.0044024333333333365,-310742.5714285714,113745.5,-514023.9666666667
2005-12-12,23.0,23.309999,23.0,23.200001,10.574893,4972227.0,1.0134782173913044,1.0,1.008695695652174,0.1700000000000017,0.13674499999999945,333122.0,1.0045699880822845,1.0058916890991647,1.0057744136611282,0.9915676222450808,0.993588400209806,0.9935272227770466,0.9972562116142036,0.9990485229422328,1.000131462992965,-0.10142842857142854,-0.06785721428571431,-0.012333366666666616,-0.020186000000000197,-0.014651,0.0036275666666666594,71349.0,73770.35714285714,44070.36666666667
2005-12-13,23.139999,23.190001,23.02,23.049999,10.50652,2600862.0,1.0021608471115317,0.9948142175805625,0.9961106307740117,0.13999899999999954,-0.06837299999999935,-2371365.0,1.004878680526789,1.0053537260083112,1.0057899939750823,0.9922613449000447,0.9934587914661624,0.9935519374444551,0.9972385491844301,0.998560010114189,0.9999735955074002,-0.1085715714285713,-0.04214292857142864,-0.016000066666666632,-0.04948857142857145,-0.024418571428571463,1.5199999999992997e-05,-58276.0,-119728.14285714286,-72572.66666666667
2005-12-14,23.049999,23.27,23.01,23.129999,10.542985,4389430.0,1.0095445123446642,0.9982646853910927,1.0034707159857144,-0.08999999999999986,0.03646499999999975,1788568.0,1.0056424461742037,1.0054657275797694,1.0060516725549944,0.9936926979408016,0.9933348404226692,0.9940870626799411,0.9986939435395923,0.9983281295059958,1.0003998917026629,-0.11000014285714295,-0.055000071428571475,-0.01866673333333336,-0.03451185714285719,-0.027674499999999953,0.004934233333333301,234606.7142857143,-58323.21428571428,-8474.733333333334
2005-12-15,23.25,23.32,23.049999,23.049999,10.50652,6590313.0,1.003010752688172,0.9913978064516129,0.9913978064516129,0.20000100000000032,-0.03646499999999975,2200883.0,1.0054669641655678,1.0054416898907297,1.006081409509007,0.9934933050636354,0.9930491457848734,0.99423817458991,0.9975256170949337,0.9980125544139263,1.0004238877934228,-0.04857142857142855,-0.046428571428571326,-0.011666666666666714,-0.034511428571428686,-0.024418571428571463,0.0038668666666666833,402827.85714285716,76896.0,-67256.6
2005-12-16,23.17,23.42,23.07,23.26,10.602241,5337341.0,1.0107898144151921,0.9956840742339231,1.0038843331894691,-0.0799999999999983,0.09572099999999928,-1252972.0,1.007008366224881,1.0060017789333842,1.0061989047473479,0.993846088720705,0.9931620953645861,0.994236761964659,0.9988681081685292,0.9980793947976007,1.0003539339424734,-0.05857142857142809,-0.04071428571428548,-0.007666666666666562,-0.012371857142857172,-0.01790707142857149,0.004687199999999988,298840.14285714284,139715.92857142858,-8699.1
2005-12-19,23.389999,23.77,23.379999,23.6,10.757217,5690503.0,1.0162463025329758,0.9995724668479038,1.0089782389473383,0.21999899999999784,0.15497600000000133,353162.0,1.0093292665867346,1.0068909813861537,1.0066414102435361,0.996291290338723,0.9934329466607762,0.9943356956408506,1.0022290802918299,0.9987206975795535,1.0005966140611795,0.002856857142857296,-0.022143000000000055,-0.0056666666666667235,0.03711585714285727,-0.003255999999999989,0.008964333333333368,180185.2857142857,141478.5,8304.266666666666
2005-12-20,23.690001,23.959999,23.58,23.91,10.898521,5055165.0,1.0113971291094501,0.9953566485708464,1.0092865762226013,0.3000019999999992,0.14130399999999987,-635338.0,1.0095182250847559,1.0064730168418052,1.0066449938224624,0.9964414141537059,0.993311624876201,0.9942098664553216,1.0031177138889888,0.9989633260933198,1.0005443197512387,0.12285728571428578,-0.005714214285714344,0.022000000000000006,0.06576757142857151,0.0,0.009572133333333354,59437.142857142855,-125652.71428571429,-234914.3
2005-12-21,23.91,24.209999,23.91,24.139999,11.003359,5321235.0,1.012547009619406,1.0,1.009619364282727,0.2199990000000014,0.1048379999999991,266070.0,1.009385195403056,1.0069775917426702,1.0070632274764426,0.9964414141537059,0.9940045181993934,0.9942801913468692,1.0032496665504964,1.00025293908235,1.000935290118877,0.13000000000000003,0.014285785714285737,0.006999966666666661,0.0612094285714286,0.020511714285714206,0.007445066666666674,49858.28571428572,60603.642857142855,176574.5
2005-12-22,24.049999,24.24,23.950001,24.040001,10.957778,3743246.0,1.0079002498087422,0.9958420788291925,0.9995842827269972,0.13999899999999954,-0.045581000000000316,-1577989.0,1.010205110074086,1.0075418953004376,1.0072544829230123,0.9965882514749387,0.9944247981874916,0.9945020322518833,1.00374590254378,1.0004922258641051,1.0009502693803867,0.13000000000000003,0.010714214285714365,0.030999933333333375,0.06446542857142847,0.007488428571428507,0.014282166666666641,163197.7142857143,52460.857142857145,-65327.36666666667
2005-12-23,24.0,24.209999,23.99,24.15,11.007917,4930974.0,1.0087499583333333,0.9995833333333333,1.0062499999999999,-0.04999899999999968,0.05013900000000149,1187728.0,1.0100916023581816,1.0078670242661927,1.0073313730095577,0.9967766297524018,0.9952346638466016,0.9945454185609923,1.0041429431172493,1.0014184433284208,1.0010583750547952,0.13571442857142862,0.012857142857142836,0.023999966666666712,0.0664188571428573,0.015953500000000048,0.01215506666666671,77363.42857142857,155985.07142857142,-61503.36666666667
2005-12-28,24.200001,24.299999,24.1,24.209999,11.035265,1411755.0,1.0041321485895807,0.9958677274434824,1.000413140478796,0.20000100000000032,0.027347999999999928,-3519219.0,1.0102518017726685,1.0078593829691183,1.0073694813499618,0.9974151898940973,0.9954542474788663,0.994578471758724,1.0054308479782754,1.0014782325366045,1.001000983580291,0.13571442857142862,0.043571500000000034,0.026000033333333287,0.0755350000000001,0.020511785714285708,0.01124336666666667,-739794.0,-168483.07142857142,-61836.13333333333
2005-12-29,24.16,24.26,24.01,24.08,10.976009,1850753.0,1.0041390728476822,0.9937913907284769,0.9966887417218542,-0.040001000000000175,-0.05925600000000131,438998.0,1.0093016958344527,1.008155031029667,1.0073654237380805,0.9971448065361764,0.9954954476284408,0.9944993408742362,1.0044029063400448,1.001635507254287,1.0008479992981345,0.1414285714285712,0.04142857142857156,0.02300003333333329,0.05339542857142859,0.020511785714285708,0.008812366666666627,-498084.0,-99621.92857142857,-105490.23333333334
2005-12-30,24.139999,24.139999,23.85,23.950001,10.916755,1940037.0,1.0,0.9879867849207451,0.9921293285886218,-0.0200010000000006,-0.05925399999999925,89284.0,1.006980795472599,1.008155031029667,1.0064101913048655,0.9954897091180109,0.995890499728367,0.9941131547206499,1.0019959191459427,1.0021124997188862,0.9998442677329231,0.10714285714285714,0.05499985714285722,0.025333333333333267,0.022791142857142788,0.02995350000000003,0.0007598000000000364,-535780.8571428572,-177797.7857142857,-145113.33333333334
2006-01-03,23.9,24.030001,23.790001,23.91,10.898521,1106877.0,1.0054393723849373,0.9953975313807532,1.0004184100418412,-0.23999900000000096,-0.01823399999999964,-833160.0,1.0061296873690975,1.0078239562269267,1.0063409845910656,0.9954955495194263,0.9959684818365659,0.9941128372147016,1.0007290382629768,1.0019233760759827,0.9997190386788902,0.029999857142857116,0.07642857142857144,-0.001666700000000058,0.0,0.032883785714285754,-0.002127099999999989,-564041.1428571428,-252302.0,-209442.96666666667
2006-01-04,24.08,24.120001,23.879999,24.040001,10.957778,3498020.0,1.0016611710963454,0.9916943106312294,0.9983389119601329,0.17999999999999972,0.05925699999999878,2391143.0,1.0045745675800888,1.0069798814915722,1.0062995796941159,0.9943090224667447,0.9953752183102252,0.9942230968824819,0.9991175450740347,1.0011836058122656,0.9997466249707058,0.024285714285714022,0.07714285714285703,-0.0010000333333334056,-0.006511571428571473,0.027348928571428566,-0.00015186666666669642,-260459.2857142857,-105300.5,23948.033333333333
2006-01-05,24.15,24.379999,24.0,24.18,11.021591,2844613.0,1.0095237681159421,0.9937888198757765,1.0012422360248447,0.07000000000000028,0.06381300000000145,-653407.0,1.0048064987668315,1.0075058044204588,1.0064216156750567,0.9940156997591139,0.9953019756170264,0.9941137683252023,0.9993543955451558,1.0015501490444678,0.9997321967107927,0.014285857142856986,0.0721429285714285,0.009000033333333235,0.009116142857143064,0.03679078571428577,0.003950433333333336,-128376.14285714286,17410.785714285714,-6735.166666666667
2006-01-06,24.15,24.25,24.1,24.219999,11.039823,2661226.0,1.0041407867494825,0.9979296066252589,1.0028985093167704,0.0,0.01823199999999936,-183387.0,1.0041480456834244,1.0071198240208028,1.0064622181045249,0.9937794530865317,0.9952780414194667,0.9945736361927158,0.9988756111618373,1.0015092771395433,1.0002463515968196,0.021428571428571224,0.07857149999999992,0.006666633333333275,0.004557999999999903,0.035488428571428594,0.008660533333333357,-324249.71428571426,-123443.14285714286,-42607.2
2006-01-09,24.379999,24.49,24.34,24.34,11.094519,3040459.0,1.0045119361981925,0.9983593518605147,0.9983593518605147,0.22999900000000295,0.054695999999999856,379233.0,1.0042023010560832,1.0072270514143757,1.0062895382983486,0.994135399431822,0.9957752946629598,0.9946313232550139,0.998582212787797,1.0020065303830363,1.000093336313283,0.025714000000000174,0.08071421428571439,0.02166663333333337,0.008464857142857036,0.04199992857142857,0.008204633333333315,232672.0,-253561.0,-41219.9
2006-01-10,24.33,24.469999,24.16,24.4,11.12187,4346403.0,1.0057541718043568,0.9930127414714345,1.0028771064529387,-0.049999000000003235,0.02735099999999946,1305944.0,1.0044330294784651,1.006867362656459,1.0062154610136855,0.9940241638236732,0.9955844851799248,0.9943984146373951,0.9994662648922378,1.0019345856161412,0.9999653383783667,0.024285714285714022,0.08285714285714262,0.016999999999999935,0.020837285714285718,0.03711635714285715,0.006381400000000011,356521.4285714286,-70781.28571428571,-28651.733333333334
2006-01-11,24.360001,24.559999,24.33,24.43,11.135544,4367498.0,1.0082100981851356,0.9987684319060577,1.002873522049527,0.030001000000002165,0.013673999999999964,21095.0,1.0056059006477702,1.0062933480601848,1.0063775549420322,0.9955643991072892,0.9955270541126501,0.9945107779882386,1.001001149672367,1.0014985344091547,1.0002005938553313,0.03142885714285727,0.0692858571428572,0.01533336666666673,0.03125557142857132,0.027023357142857054,0.009572133333333295,346780.14285714284,-94500.35714285714,-38209.03333333333
2006-01-12,24.49,24.540001,24.219999,24.4,11.12187,3598690.0,1.0020416904859126,0.9889750510412414,0.9963250306247448,0.12999899999999798,-0.013673999999999964,-768808.0,1.005120517519338,1.0056251024442178,1.0063473256976283,0.9946469019159304,0.9950712257176784,0.9943398536856818,1.0004163811842104,1.0005727097235937,0.999979809282222,0.08428571428571427,0.057142785714285695,0.025,0.031906999999999845,0.015953499999999923,0.008964333333333307,355973.28571428574,-104033.92857142857,7245.733333333334
2006-01-13,24.379999,24.549999,24.209999,24.450001,11.144662,3542926.0,1.0069729289160347,0.9930270710839652,1.0028712880587074,-0.1100009999999969,0.02279200000000081,-55764.0,1.0058793400650081,1.0052269538225485,1.0064531743883562,0.9948372962663212,0.994573159366533,0.9942480710984393,1.0010638634840068,1.0000907042790208,1.0000755188841788,0.042857000000000464,0.03357135714285724,0.02266660000000004,0.026697714285714418,0.010093071428571474,0.011395366666666658,6415.142857142857,-127022.07142857143,-5562.6
2006-01-16,24.540001,24.58,24.370001,24.370001,11.108196,2291792.0,1.0016299510338242,0.9930725349196196,0.9930725349196196,0.16000199999999865,-0.036466000000000776,-1251134.0,1.0047516519104198,1.0047790753386256,1.0059325516651394,0.9947349698440131,0.9943753348015635,0.9941153171439298,0.9998967633261175,0.9996255794356366,0.9996482774805038,0.055714428571428797,0.03500014285714289,0.02566670000000002,0.012372142857142674,0.010744142857142869,0.006989166666666631,-78974.42857142857,-103675.28571428571,-150750.36666666667
2006-01-17,24.440001,24.610001,24.35,24.52,11.176569,3352969.0,1.006955809862692,0.9963174715091052,1.003273281371797,-0.10000000000000142,0.06837300000000113,1061177.0,1.0051537980694498,1.004650921876437,1.005981646626986,0.9945046648274198,0.9941420589569757,0.9943159164117231,0.9999503021911212,0.9994129566764792,1.0000385607783537,0.04142871428571431,0.031428642857142766,0.024333399999999963,0.019535142857142924,0.012046571428571415,0.015345799999999995,98820.42857142857,-112714.64285714286,-37327.166666666664
2006-01-18,24.450001,24.459999,24.129999,24.200001,11.030707,4515208.0,1.0004089161386946,0.9869119841753791,0.9897750515429427,0.010000000000001563,-0.14586200000000105,1162239.0,1.0045676523466642,1.0043849767013737,1.0059952771649425,0.9928693265866861,0.9935023630092541,0.9942143772510419,0.9987239735743253,0.9986530931810612,0.9998232535703708,0.010000285714285542,0.017857142857142856,0.018333366666666726,-0.00911600000000006,-0.0003255714285715123,0.005925566666666645,210678.42857142858,221675.2142857143,50213.8
2006-01-19,24.32,24.469999,24.16,24.370001,11.108196,3027208.0,1.0061677220394738,0.993421052631579,1.0020559621710525,-0.13000100000000003,0.07748899999999992,-1488000.0,1.004626730951681,1.0045298802150733,1.0060609294724996,0.992927656752421,0.993475910288047,0.9943869052019014,0.9986066672483416,0.9990364660702896,1.0001156871260866,-0.0014285714285711443,0.011428571428571439,0.016666666666666666,-0.0019534285714285665,0.009441928571428575,0.010787599999999979,-188456.42857142858,84032.5,9334.166666666666
2006-01-20,24.540001,24.549999,24.34,24.49,11.162892,3912358.0,1.0004074164463155,0.9918500003321108,0.9979624695206817,0.2200009999999999,0.054695999999999856,885150.0,1.0035120621318496,1.00455898138981,1.005933205795756,0.9919393093847143,0.9937518542460018,0.9943554533265792,0.9979050883156493,0.9994531189940081,1.0000618997246353,0.025714285714285672,0.028571571428571474,0.03166670000000001,0.003906857142857133,0.017581214285714224,0.01382639999999995,-65020.0,140880.07142857142,4728.0
2006-01-23,24.27,24.33,24.08,24.280001,11.06717,3933020.0,1.0024721878862792,0.992171405026782,1.0004120725175112,-0.2700010000000006,-0.09572199999999853,20662.0,1.0035735617604735,1.004347039639906,1.0060156120586319,0.9923959313826487,0.9935214166492896,0.9943206805396574,0.9984889514431874,0.999452666313699,1.0002594056194087,-0.031428571428571264,0.0264285714285715,0.02300000000000004,-0.00781428571428552,0.012046357142857162,0.01261086666666671,47761.42857142857,201867.35714285713,22918.666666666668
2006-01-24,24.299999,24.34,24.110001,24.26,11.058055,2412419.0,1.001646131754985,0.9921811519416113,0.9983539505495453,0.02999900000000011,-0.009115000000001316,-1520601.0,1.0028125907374663,1.0043459654012372,1.0060704831171314,0.9922750857908839,0.9935561910286026,0.9946448504203185,0.9978436175133071,0.999453740498657,1.0006894895015859,-0.011428571428571692,0.015714214285714383,0.030999933333333375,-0.012372428571428682,0.007162642857142869,0.01868829999999999,-161501.0,-77542.92857142857,-67226.23333333334
2006-01-25,24.370001,24.620001,24.27,24.52,11.176569,7624649.0,1.0102585141461422,0.9958965533074866,1.0061550674536288,0.07000199999999879,0.11851400000000112,5212230.0,1.0040452426106545,1.0043984472605374,1.006076619601226,0.9926785169891507,0.9937067434165818,0.9946978761350359,0.9997125507324512,0.9998046570292843,1.0007924537152906,-0.02428571428571453,0.015714357142857134,0.05133336666666667,0.009767571428571589,0.011069857142857131,0.024614033333333354,761836.7142857143,341431.14285714284,99518.13333333333
2006-01-27,24.65,24.780001,24.6,24.66,11.24038,2683581.0,1.005273874239351,0.9979716024340772,1.0004056795131846,0.2799990000000001,0.0638109999999994,-4941068.0,1.0038049660930344,1.004479382081242,1.005803141496161,0.9929148214070036,0.9937097431172116,0.9946302628828384,0.9993028933240781,0.9996265977575998,1.000516119843991,0.029999857142857116,0.03571428571428571,0.05499999999999995,0.009115857142857056,0.014325499999999991,0.02218290000000002,-95626.85714285714,1596.7857142857142,-76288.2
2006-01-30,24.700001,24.84,24.549999,24.610001,11.217589,2106490.0,1.0056679754790294,0.9939270447802816,0.9963562754511629,0.05000100000000174,-0.022790999999999784,-577091.0,1.0045562602845108,1.0045619563155876,1.0059200457750774,0.9939169729219898,0.9933931497543379,0.9946006904561624,1.0002430681681096,0.9994835208712175,1.000524307999896,0.03571428571428571,0.02285728571428563,0.05200006666666669,0.026697428571428667,0.008790714285714303,0.023702300000000006,-344102.5714285714,-66712.07142857143,-16479.066666666666
2006-01-31,24.629999,24.98,24.51,24.9,11.349776,4817301.0,1.014210353804724,0.9951279332167249,1.0109622822152773,-0.07000199999999879,0.13218700000000005,2710811.0,1.0057052076795467,1.0051659693156139,1.0060755738237461,0.9941608130055821,0.9935442348790016,0.9944961320503503,1.0015153996029988,1.00006103342567,1.0007740268742147,0.044285571428571605,0.021428500000000232,0.05266666666666673,0.034511428571428686,0.01627900000000006,0.02689303333333335,255727.57142857142,33635.57142857143,14262.366666666667
2006-02-01,25.0,25.280001,25.0,25.190001,11.481963,5190244.0,1.0112000399999999,1.0,1.00760004,0.37000099999999847,0.13218700000000005,372943.0,1.0072470110443585,1.0053795365881042,1.0063485500674738,0.9953250986724235,0.9936322040285689,0.9947828718352965,1.0028921953857586,1.000398641850704,1.0013141013258275,0.06571414285714283,0.045714214285714254,0.058333333333333334,0.04558157142857157,0.024744214285714352,0.032514766666666674,182555.14285714287,58767.57142857143,-46668.96666666667
2006-02-02,25.35,25.440001,25.01,25.01,11.399919,5899027.0,1.0035503353057198,0.9865877712031558,0.9865877712031558,0.3500000000000014,-0.08204399999999978,708783.0,1.0074010321042788,1.0054872969323763,1.006107234097158,0.9945274366976197,0.9934616840401341,0.9944796617342708,1.0009172951979934,0.9997031233205904,1.0007375492596173,0.15428571428571455,0.061428571428571645,0.07266666666666666,0.04753557142857139,0.019860642857142934,0.026589266666666708,280858.14285714284,164309.7857142857,18722.866666666665
2006-02-03,24.93,25.02,24.66,24.91,11.354336,7773995.0,1.0036101083032491,0.9891696750902528,0.9991977537103891,-0.4200000000000017,-0.045583000000000595,1874968.0,1.007681600182602,1.0052470954600343,1.0056860276228337,0.9940972257188542,0.9931861557548689,0.9941329020090158,1.0010378385066856,0.9994407280099963,1.0004115330850523,0.09000014285714286,0.039285785714285586,0.05133336666666667,0.04232585714285721,0.014976714285714263,0.019903966666666644,765939.4285714285,302219.21428571426,69449.73333333334
2006-02-06,24.780001,25.1,24.74,25.1,11.440939,4569071.0,1.0129135991560292,0.9983857547059825,1.0129135991560292,-0.1499990000000011,0.08660300000000021,-3204924.0,1.0080608980411576,1.006053070325906,1.0057365766243864,0.9944528259186391,0.9935656714538948,0.9942338722135203,1.0020033430356,1.0008579468840255,1.0005324338494999,0.058571428571428594,0.017142857142857033,0.03633333333333333,0.03776714285714279,0.02376735714285719,0.01808059999999999,-436511.14285714284,162662.7857142857,-16203.133333333333
2006-02-07,25.1,25.15,24.85,25.01,11.399919,2966513.0,1.0019920318725097,0.9900398406374502,0.996414342629482,0.3199990000000028,-0.04101999999999961,-1602558.0,1.007592063417323,1.005698514755179,1.0053847440328232,0.9933197170905496,0.9931172692487766,0.9939018669014353,1.0014331520522137,1.000368022688146,1.0000922664610583,0.0642857142857147,0.04714278571428591,0.03966666666666671,0.02279128571428579,0.015953571428571425,0.013218666666666696,40418.857142857145,-27604.0,-78490.73333333334
2006-02-08,24.74,24.92,24.66,24.780001,11.295081,5127123.0,1.007275666936136,0.9967663702506063,1.0016168552950688,-0.360000000000003,-0.10483800000000087,2160610.0,1.007821733625481,1.006188996954996,1.0053639246037362,0.9937253350148818,0.9938211539684357,0.9939326766154825,1.002184663458486,1.0012138658132979,1.0001600188799942,0.005714142857142589,0.020714214285714152,0.02300003333333329,0.011070285714285635,0.01888385714285715,0.011243433333333346,431519.0,43708.21428571428,46129.23333333333
2006-02-09,24.889999,25.049999,24.76,24.950001,11.37257,3123190.0,1.0064282847098547,0.9947770588500225,1.0024106871197545,0.1499990000000011,0.07748899999999992,-2003933.0,1.006710009469071,1.0062076085743088,1.0052865354829537,0.9936752101053529,0.9939180115554674,0.9937724674660388,1.0009630070162685,1.0012392033096338,1.0000320417839859,0.03714285714285686,0.040714214285714236,0.029666633333333317,0.0032562857142856166,0.01888385714285715,0.012155099999999959,-242015.85714285713,6855.857142857143,-60259.46666666667
2006-02-10,25.049999,25.08,24.59,24.75,11.281404,3173880.0,1.001197644758389,0.9816367657340026,0.9880239915378839,0.16000000000000014,-0.09116599999999941,50690.0,1.0052810958631269,1.0062640534537428,1.0051887186885806,0.991051890924496,0.9931884947984598,0.9932981020757228,0.9981664286645378,1.000529312025148,0.9996190701526222,0.00714271428571424,0.036428428571428535,0.028333266666666645,-0.028651285714285737,0.008465142857142918,0.008204633333333315,-288052.0,-52748.42857142857,58737.5
2006-02-13,24.65,24.809999,24.42,24.6,11.213033,4349297.0,1.0064908316430021,0.9906693711967547,0.9979716024340772,-0.3999990000000011,-0.06837100000000085,1175417.0,1.005701166768453,1.0065510994363658,1.0052671106484246,0.9916349766378673,0.9930812066677435,0.9931940347579986,0.999792690268955,1.0003549927334743,0.999661832176363,-0.10000000000000041,0.027142857142857073,0.01633333333333328,-0.026698000000000173,0.010418785714285608,0.007900799999999996,-221390.0,29734.071428571428,83284.8
2006-02-14,24.610001,24.92,24.59,24.92,11.358895,3173637.0,1.012596464339843,0.9991872816258723,1.012596464339843,-0.03999899999999812,0.14586200000000105,-1175660.0,1.0069849319165376,1.00733326604957,1.005686992793086,0.993066063285813,0.9935816445023334,0.9935673846481696,1.0017067917874483,1.001372315147067,1.000344070034737,-0.04571414285714275,0.022143000000000055,0.015666733333333363,0.0006512857142857749,0.021488571428571492,0.014738000000000006,-657194.0,54372.71428571428,41120.0
2006-02-15,25.110001,25.120001,24.6,24.709999,11.263172,4765227.0,1.0003982476942155,0.9796893277702379,0.9840700125818393,0.5,-0.09572299999999956,1591590.0,1.00519702456485,1.0066289613030037,1.0055189553033954,0.9903951451521352,0.9924239855353872,0.9930437778611524,0.997586279419707,0.9997948112276535,0.9997991234527369,0.04714285714285741,0.052857142857143,0.04033336666666673,-0.02539528571428562,0.006185928571428586,0.012155033333333343,28022.285714285714,-204244.42857142858,121945.0
2006-02-16,24.77,24.9,24.610001,24.85,11.326986,3851313.0,1.0052482842147759,0.993540613645539,1.003229713362939,-0.3400010000000009,0.06381399999999893,-913914.0,1.005662203470888,1.0066271334441057,1.0056385257406764,0.9908952555818622,0.9921074863362059,0.9931053212949627,0.9985599038102009,0.9999965279312073,0.9999621501661639,-0.04714285714285741,0.008571428571428643,0.02300000000000004,-0.010419000000000114,0.006186142857142839,0.012306933333333348,126400.0,83409.42857142857,11776.433333333332
2006-02-17,24.809999,24.969999,24.74,24.75,11.281404,4183076.0,1.0064490127548977,0.9971785972260618,0.997581660523243,0.03999900000000167,-0.04558199999999957,331763.0,1.0055441100164255,1.0066829218209532,1.0055360338953083,0.9909541451497844,0.9923397400823332,0.9932183138733056,0.9979834474142258,1.000084055436356,0.9998401309827771,0.009999857142857544,0.007857000000000067,0.021999966666666756,-0.0019538571428570706,0.004558214285714283,0.008660433333333313,-134863.85714285713,148327.57142857142,44615.433333333334
2006-02-20,24.85,25.049999,24.790001,24.91,11.354336,2534909.0,1.0080482494969818,0.9975855533199195,1.002414486921529,0.040001000000000175,0.07293199999999977,-1648167.0,1.0057755335574436,1.0062427715132574,1.005666282653558,0.9913553586454841,0.9925152843754184,0.9932068454297943,0.9979839902430506,0.9994734986296596,0.9998239969029357,-0.005714142857142589,0.015714357142857134,0.023333333333333428,-0.0026048571428570915,0.00032571428571426253,0.010483766666666661,-84040.14285714286,-163028.0,-4210.566666666667
2006-02-21,25.0,25.209999,24.9,25.209999,11.491077,3359250.0,1.00839996,0.996,1.00839996,0.14999999999999858,0.13674100000000067,824341.0,1.0068044357348165,1.0060427657989717,1.0057958834469518,0.9934072492549122,0.9922295700897041,0.9931282003677772,1.000894842880496,0.9995306357725168,1.0001586838409184,-0.00714271428571424,0.0,0.020666699999999948,0.029953285714285776,0.0006510000000000206,0.013218600000000021,26481.428571428572,-130785.28571428571,10626.366666666667
2006-02-22,25.469999,25.790001,25.389999,25.57,11.655172,7229654.0,1.0125638795667011,0.9968590497392638,1.0039262270877984,0.4699990000000014,0.16409499999999966,3870404.0,1.0076720140096307,1.0066865903890416,1.0060228737056967,0.9942914890466993,0.9929632328422834,0.9932564106433713,1.001745503545313,1.0007690969071341,1.0001936545287473,0.11714271428571468,0.008571357142857141,0.03799996666666677,0.06316271428571442,0.018232357142857123,0.01777673333333336,411479.5714285714,95044.78571428571,96108.36666666667
2006-02-23,25.75,25.85,25.6,25.639999,11.68708,7502250.0,1.003883495145631,0.9941747572815535,0.9957281165048544,0.2800009999999986,0.0319079999999996,272596.0,1.0064273041247433,1.0067061180206405,1.0058786536043798,0.9935754141403679,0.9933207387130906,0.9931032881558879,0.9993357395688862,1.0005212656781672,0.9999554743439247,0.16285699999999995,0.058571428571428594,0.04633329999999999,0.04688357142857136,0.023767428571428568,0.01838453333333335,618373.2857142857,-19410.35714285714,104491.73333333334
2006-02-24,25.530001,25.84,25.51,25.700001,11.714426,7597295.0,1.012142537714746,0.9992165687733425,1.0066588324849655,-0.2199990000000014,0.02734599999999965,95045.0,1.0081050598419619,1.006651042203406,1.0062153485120076,0.9963650199979543,0.9933800825750447,0.9934446720802914,1.0025627138407613,1.0000744966302342,1.000299934405932,0.059999999999999734,0.05357142857142857,0.03466670000000001,0.06446485714285696,0.019534785714285668,0.01975186666666667,404581.14285714284,216301.7142857143,133286.83333333334
2006-02-27,25.75,25.76,25.450001,25.66,11.696196,5672924.0,1.0003883495145631,0.9883495533980583,0.996504854368932,0.2199990000000014,-0.01822999999999908,-1924371.0,1.0074107834562172,1.0065364934635526,1.0059958625319585,0.9956234399625999,0.993259347772231,0.9932887548240944,1.0016020196987603,1.0000809617544806,1.0000877199496063,0.14000000000000007,0.046428571428571326,0.04566669999999995,0.05274428571428581,0.02116264285714285,0.018384466666666672,260230.14285714287,193315.07142857142,70999.93333333333
2006-02-28,25.639999,25.9,25.549999,25.719999,11.723545,4386245.0,1.0101404450132778,0.9964898594574828,1.0031201249266821,-0.11000100000000046,0.02734899999999918,-1286679.0,1.0079381309217001,1.0067411204690626,1.006279545664607,0.9955250488528028,0.9932395970012937,0.9934026656420232,1.0023932288992516,1.0001883381567387,1.0004226396165083,0.11857142857142833,0.06428564285714293,0.03666659999999998,0.06316299999999993,0.030604571428571425,0.020511633333333338,29024.14285714286,-52919.857142857145,69815.1
2006-03-01,25.6,25.780001,25.299999,25.35,11.554893,6526906.0,1.0070312890625,0.9882812109375,0.990234375,-0.03999899999999812,-0.1686519999999998,2140661.0,1.0077928508596312,1.0067841922085374,1.006282061637934,0.9941958570838858,0.992775607864685,0.9931347902896364,1.0006532129104617,0.9993186015767562,0.9999880094041151,0.10714285714285714,0.050714357142857276,0.03866663333333342,0.028650999999999982,0.013023071428571445,0.012610799999999974,570285.2857142857,243122.57142857142,105797.9
2006-03-02,25.370001,25.77,25.32,25.68,11.705312,4927279.0,1.015766613489688,0.9980291289700778,1.0122191165857661,-0.22999900000000295,0.15041899999999941,-1599627.0,1.008845229929587,1.0078248328322015,1.006793984882967,0.9944857326510398,0.9939464909529759,0.993505361782793,1.0011988067084283,1.0010468247944622,1.0007361449055425,0.052857285714285496,0.02285728571428563,0.030666666666666606,0.030604999999999803,0.03027914285714279,0.022486833333333324,224004.14285714287,125242.78571428571,13735.7
2006-03-03,25.66,25.879999,25.52,25.52,11.632382000000002,3244094.0,1.0085736165237724,0.9945440374123149,0.9945440374123149,0.28999900000000167,-0.07292999999999772,-1683185.0,1.0082751923520255,1.0079736031808282,1.0068741813657769,0.9941550166043328,0.994223252825516,0.9935427946088176,0.999858493897645,1.0008019987214791,1.0004857474135846,0.027142999999999824,0.07214285714285726,0.04466666666666666,-0.003255714285714108,0.029953500000000157,0.017472866666666736,-569365.7142857143,-78943.07142857143,7229.533333333334
2006-03-06,25.610001,25.690001,25.360001,25.690001,11.709872,1908688.0,1.0031237796515509,0.9902381885889032,1.0031237796515509,-0.04999899999999968,0.07748999999999917,-1335406.0,1.008166661567157,1.0072969828459502,1.0069647268059514,0.9935926496482399,0.993584031894304,0.9934890675507106,1.000915017204316,1.000125378386601,1.0006577910846137,-0.019999857142857076,0.07142857142857142,0.03566666666666667,0.003256000000000116,0.025069785714285735,0.018232666666666713,-799080.2857142857,-90353.5,-66789.0
2006-03-07,25.700001,25.780001,25.379999,25.700001,11.714426,4114361.0,1.0031128403458038,0.9875485607957759,1.0,0.08999999999999986,0.004553999999998837,2205673.0,1.0068767048001652,1.0074908823210635,1.0069860818879355,0.9919257913657304,0.9941454056818424,0.9933349727430104,0.9999637554207494,1.0012632346307553,1.00064405533403,0.02428571428571453,0.042142857142857135,0.04766670000000003,0.0,0.03223242857142848,0.021575199999999958,-497562.0,-46490.42857142857,6044.7
2006-03-08,25.549999,25.92,25.549999,25.809999,11.764566,4740662.0,1.014481448707689,1.0,1.0101761256429012,-0.15000200000000063,0.05014000000000074,626301.0,1.0088900046848974,1.0081503940705574,1.007413925786359,0.9935901408802935,0.9946067904214467,0.9935956010116235,1.0019167941741736,1.001759406936467,1.0010381278371419,-0.028571571428571474,0.05571421428571429,0.041666666666666664,0.009767142857142832,0.031255714285714324,0.023550366666666694,-133180.2857142857,63524.92857142857,77608.1
2006-03-09,25.950001,26.1,25.790001,26.01,11.855731,4606423.0,1.005780308062416,0.9938342969620695,1.00231210010358,0.40000200000000063,0.09116500000000016,-134239.0,1.0082671279776314,1.0081026294496658,1.0072646522502349,0.9932107748095201,0.9943679118311615,0.9935268591334427,1.0018013620565875,1.0020972954779197,1.0009100289254735,0.04428600000000011,0.08142871428571422,0.05266666666666673,0.0188837142857144,0.04102335714285716,0.022638733333333327,31454.0,30239.071428571428,-100607.53333333334
2006-03-10,26.139999,26.139999,25.92,25.950001,11.82838,2243022.0,1.0,0.9915838175816304,0.9927315222927132,0.18999799999999922,-0.027351000000001235,-2363401.0,1.00726265811156,1.0075277544855956,1.0070888564422564,0.9936825757586817,0.9939392164212838,0.9933139329716946,1.002158097384118,1.0014056551472899,1.000654223684791,0.07714271428571402,0.09214278571428558,0.04966663333333336,0.039069571428571336,0.03386028571428566,0.01959999999999997,-611983.4285714285,-20849.071428571428,-14685.3
2006-03-13,26.110001,26.42,26.07,26.309999,11.992474,2274425.0,1.011872806898782,0.9984679816749146,1.007659823528923,-0.02999799999999908,0.1640940000000004,31403.0,1.0067064000271448,1.0077758149783658,1.0072956841562482,0.9937452690022298,0.9941155008266348,0.9934652975348489,1.001506769804569,1.0013527882564985,1.0010310086207166,0.105714285714286,0.07928578571428575,0.04700000000000001,0.04102314285714291,0.035814071428571355,0.02582949999999998,-378979.14285714284,-77487.5,5597.833333333333
2006-03-14,26.43,26.5,26.16,26.16,11.924101,4834670.0,1.00264850548619,0.9897843359818388,0.9897843359818388,0.31999899999999926,-0.06837299999999935,2560245.0,1.0058599555932044,1.007067573972615,1.0069102892122972,0.9930653116550189,0.9936101641296758,0.9932871776270195,1.000826812457358,1.0003426531775017,1.000325077079602,0.10999999999999995,0.06857149999999988,0.06000003333333327,0.041674142857142674,0.019209214285714284,0.019144166666666667,227225.14285714287,-171070.2857142857,578.9666666666667
2006-03-15,26.26,26.299999,25.860001,26.030001,11.864847,4881426.0,1.0015231911652702,0.9847677456207159,0.9912414699162223,-0.16999999999999815,-0.05925400000000103,46756.0,1.0056313000951644,1.0068989808311606,1.0065877275844728,0.9922838198024208,0.9929382347253303,0.9927794358143767,0.9991293396380254,1.0000221784211707,0.9997797914101426,0.09285700000000016,0.03642857142857154,0.04200000000000005,0.022139285714285504,0.01269764285714281,0.012762799999999963,424676.85714285716,-187201.7142857143,-10293.933333333332
2006-03-16,26.280001,26.280001,25.809999,26.02,11.860288,7657342.0,1.0,0.9821156018981888,0.9901065072257799,0.02000099999999705,-0.0045589999999986475,2775916.0,1.0051866086171923,1.006031656708679,1.0064693830742821,0.9915076828170512,0.9917167370913907,0.9926303635042111,0.9977159835274225,0.9988398694740861,0.9998970826108966,0.08285714285714262,0.05357142857142857,0.03100003333333324,0.020837428571428722,0.010418714285714361,0.015345633333333334,506140.14285714284,4289.071428571428,58610.5
2006-03-17,26.059999,26.09,25.82,25.82,11.769127,4564263.0,1.0011512279797095,0.9907905215192064,0.9907905215192064,-0.22000199999999737,-0.09116100000000138,-3093079.0,1.0032822913703383,1.006086148027618,1.0063874203968308,0.9901920430340806,0.9918910919571872,0.9926843917185095,0.9949466115097519,0.9984317028419627,0.9996168415378573,0.07285714285714308,0.022142785714285802,0.03766663333333339,0.0006515714285712752,0.005209357142857053,0.013826366666666642,-25199.85714285714,-79190.07142857143,-106991.06666666667
2006-03-20,25.969999,26.219999,25.91,26.059999,11.878523,3221468.0,1.0096264924769538,0.997689680311501,1.0034655372917034,-0.08999999999999986,0.10939600000000027,-1342795.0,1.0038317462867006,1.0060494371321662,1.0062778501741951,0.9907428120839994,0.9919767934467598,0.9926611892386935,0.9951113882509125,0.99845637515375,0.9993019061423798,0.002856857142857296,0.023571428571428705,0.03966660000000009,0.0032559999999998623,0.011069857142857131,0.01458613333333331,-197850.7142857143,-83198.35714285714,-44920.1
2006-03-21,26.059999,26.25,26.0,26.01,11.855731,2163816.0,1.0072909058822297,0.9976976591595418,0.9980813890284493,0.08999999999999986,-0.022791999999999035,-1057652.0,1.0048733042698763,1.0060679811907183,1.0064544793078523,0.9916162180237009,0.9926493968911912,0.9929164498560965,0.9958756549274461,0.999016876155782,0.9993574743556787,-0.011428571428571186,0.032857071428571416,0.031999966666666664,0.003907285714285891,0.021488428571428613,0.015193733333333329,-11315.142857142857,-311649.28571428574,-26756.566666666666
2006-03-22,26.01,26.27,25.879999,26.049999,11.873964,3505180.0,1.009996155324875,0.9950018838908112,1.0015378316032295,-0.04999899999999968,0.018233000000000388,1341364.0,1.0046052111878898,1.0056558056075173,1.0065451622541437,0.9911210611974005,0.9924331650998152,0.9928576336441034,0.995001084652347,0.998253927228458,0.9993548402326174,-0.014285857142856986,0.045714214285714504,0.04233333333333344,-0.016929999999999827,0.012046571428571542,0.019296100000000038,175822.14285714287,-101578.5,-54064.76666666667
2006-03-23,26.08,26.360001,26.08,26.27,11.974243,2883720.0,1.0107362346625768,1.0,1.0072852760736197,0.06999999999999673,0.10027899999999867,-621460.0,1.0057606010702307,1.0058102783317175,1.0066887605859012,0.9925804417714235,0.9928228767132212,0.993031731682436,0.9975012189511728,0.9991640157042656,0.9995173265310796,-0.050000000000000204,0.029999999999999867,0.03966669999999996,0.007163142857142749,0.024418642857142712,0.020055766666666662,-278707.14285714284,-25741.0,-7982.333333333333
2006-03-24,26.25,26.35,26.129999,26.24,11.960565,2111827.0,1.003809523809524,0.9954285333333334,0.9996190476190475,0.1700000000000017,-0.013677999999998747,-771893.0,1.0060872200194098,1.005859260057287,1.006775823220939,0.9941034114446546,0.9931936156235377,0.9934914572690804,0.9986980157658623,0.998913677701944,0.9999038284004517,-0.001428571428571652,0.045714214285714254,0.040000033333333344,0.013674000000000217,0.01790664285714286,0.02263870000000002,-395657.0,14509.92857142857,-35401.76666666667
2006-03-27,26.24,26.32,26.040001,26.15,11.919543,2622717.0,1.003048780487805,0.992378086890244,0.9965701219512195,-0.010000000000001563,-0.04102199999999989,510890.0,1.0065227600890962,1.0058546843531444,1.0066610881824323,0.9955694807292339,0.9935385817731426,0.9935484144588632,0.9996213892980679,0.9986686864127453,0.9998571123843564,-0.005714428571428597,0.03857135714285701,0.053,0.00846500000000004,0.01465121428571438,0.023550333333333385,-719232.1428571428,-106546.0,-57552.666666666664
2006-03-28,26.040001,26.4,25.9,26.09,11.892194,2829195.0,1.013824845859261,0.994623617717987,1.0019200844116711,-0.19999899999999826,-0.027349000000000956,206478.0,1.0083332769290323,1.005807784149685,1.0067020342330797,0.9961170659004883,0.9931545544672844,0.9933962923286005,1.0012113268541343,0.9980789691819432,0.9995012330534173,-0.002856857142857296,0.03500014285714289,0.047666666666666656,0.0175810000000001,0.009116285714285688,0.017776633333333316,-247866.85714285713,-136533.35714285713,-11481.4
2006-03-29,25.950001,26.290001,25.940001,26.16,11.924101,2402393.0,1.0131021189556024,0.9996146435601293,1.0080924467016399,-0.08999999999999986,0.03190700000000035,-426802.0,1.0088297949974105,1.0063307706420557,1.007125496608459,0.9963920606502924,0.9935674363671458,0.9940604695215968,1.0018723139126968,0.9984918510818045,1.0003019808574107,-0.002856857142857296,0.0,0.027999999999999994,0.00651114285714297,0.004883571428571416,0.022030966666666648,-117010.71428571429,-157430.7142857143,-78761.13333333333
2006-03-30,26.309999,26.51,26.27,26.48,12.069965,2779311.0,1.0076017106652113,0.9984797034769936,1.006461459766684,0.35999800000000093,0.14586399999999955,376918.0,1.0088741956806937,1.006873749975285,1.007203944156807,0.9965037812670712,0.994059999645386,0.994225105849312,1.0030694668753017,0.9994725609013739,1.0004097057375354,0.03571428571428571,0.012142857142857264,0.051333300000000054,0.030604857142857052,0.01725607142857147,0.02476596666666667,87927.85714285714,38306.357142857145,-35733.4
2006-03-31,26.48,26.700001,26.34,26.5,12.079082,7034740.0,1.0083081948640484,0.9947129909365559,1.0007552870090635,0.17000099999999918,0.00911699999999982,4255429.0,1.008633058472004,1.006619134829947,1.0072659168937785,0.9964625108450348,0.9937917860212176,0.9941429189729951,1.0029576747904208,0.9989793797213841,1.0005154932870628,0.06714285714285698,0.026428499999999997,0.05566669999999997,0.029302571428571258,0.006186285714285715,0.02658926666666665,504222.85714285716,340022.5,95055.46666666666
2006-04-03,26.5,26.76,26.42,26.76,12.197592,3140175.0,1.009811320754717,0.9969811320754718,1.009811320754717,0.019999999999999574,0.11851000000000056,-3894565.0,1.0085009279137385,1.0071307644919847,1.0073246859357032,0.9960312439986735,0.9943058428850485,0.9941227715981802,1.003318538316292,1.0004098786337323,1.000762054414836,0.06000000000000024,0.00500000000000002,0.05499999999999995,0.031907000000000095,0.019535071428571422,0.02810853333333334,36636.42857142857,-121035.35714285714,20175.533333333333
2006-04-04,26.809999,26.9,26.389999,26.389999,12.028942,3248191.0,1.0033569937842965,0.9843342030710258,0.9843342030710258,0.30999900000000125,-0.16864999999999952,108016.0,1.0084362807672773,1.0072617503933434,1.0071565870618464,0.9944463396754868,0.9942748755600707,0.9937339117005478,1.001134989095146,0.999916502430504,0.9999598625172033,0.07999985714285732,0.03928564285714283,0.06033330000000004,0.009768142857142845,0.01172107142857153,0.017928833333333335,162337.7142857143,-116659.64285714286,-3701.9666666666667
2006-04-05,26.43,26.870001,26.32,26.780001,12.206706,3142642.0,1.0166477866061294,0.9958380628074158,1.0132425652667423,-0.37999900000000153,0.1777639999999998,-105549.0,1.0103789959270382,1.0084508780080672,1.007292717296494,0.9949406219493684,0.9952550513393013,0.9936998788028195,1.0035167667116491,1.0015690780048587,1.000270407123168,0.027142857142857326,0.010714214285714365,0.032000033333333275,0.04102328571428566,0.02474414285714285,0.018384466666666672,74275.0,-322478.5714285714,-136233.73333333334
2006-04-06,26.719999,26.84,26.5,26.629999,12.138332,3198835.0,1.0044910555573,0.9917665041828782,0.9966317364008883,0.28999900000000167,-0.06837400000000038,56193.0,1.0090455973124721,1.0086894371207522,1.0073129693102163,0.9945324628729243,0.9953247643867063,0.9936196036995303,1.0027612884243944,1.0019863076392643,1.0003005277863692,0.0971425714285716,0.04714285714285715,0.032333300000000044,0.03516257142857145,0.026371785714285778,0.01504173333333334,52805.71428571428,-97530.57142857143,-143447.16666666666
2006-04-07,26.629999,26.84,26.58,26.77,12.202149,3354055.0,1.007885880881933,0.9981224558063256,1.0052572664385004,-0.08999999999999986,0.06381700000000023,155220.0,1.008300420444805,1.008565107721108,1.0071710807491225,0.9943192931938095,0.995355676922051,0.9935831332672964,1.0023562626725173,1.002114288292607,1.0002538089181536,0.0971425714285716,0.04714285714285715,0.0366666000000001,0.039721142857142865,0.02311614285714292,0.01625743333333336,135951.7142857143,9470.5,-141441.33333333334
2006-04-10,26.549999,26.75,26.450001,26.610001,12.129218,2815140.0,1.007532994634011,0.9962335968449566,1.0022599624203377,-0.08000000000000185,-0.07293100000000052,-538915.0,1.0082906038689192,1.0085823997748065,1.0074092355864375,0.9939984208178042,0.9952511010424377,0.9938459347155264,1.0017560487658963,1.002412757820599,1.0004456458532005,0.034285714285714065,0.034999999999999885,0.02666663333333332,0.008464714285714285,0.019534785714285668,0.014434066666666644,5118.428571428572,46523.142857142855,-95259.46666666666
2006-04-11,26.73,27.120001,26.68,26.940001,12.279638,3235222.0,1.0145903853348297,0.998129442573887,1.007856378600823,0.18000100000000074,0.15042000000000044,420082.0,1.0091880596504594,1.0089105590612317,1.0075575669304893,0.994486485337423,0.9954744980912288,0.9939005874860732,1.002770490421862,1.0028640826061415,1.000603520975672,0.03571428571428571,0.051428571428571344,0.03633336666666669,0.02865085714285723,0.028976714285714245,0.018536433333333355,-542788.2857142857,-19282.714285714286,-38367.433333333334
2006-04-12,26.9,27.18,26.76,27.040001,12.325221,3700728.0,1.0104089219330856,0.9947955390334574,1.005204498141264,0.16999999999999815,0.045583000000000595,465506.0,1.0092734312473692,1.0088871795805539,1.007670154692842,0.9941742577599924,0.995102750879333,0.9941177317559384,1.0021123729056545,1.0027154556109732,1.0011025250803807,0.05714285714285694,0.058571428571428594,0.04333333333333324,0.01823271428571438,0.025069857142857237,0.025677600000000033,80079.0,58357.71428571428,-94205.93333333333
2006-04-13,27.1,27.26,26.889999,27.07,12.338893,2643850.0,1.0059040590405903,0.992250885608856,0.9988929889298892,0.20000000000000284,0.013671999999999684,-1056878.0,1.009637297712554,1.0090367892399157,1.0073414028778722,0.9953052124082538,0.9948757760418703,0.9939251236438976,1.0041921994569207,1.0026635942760334,1.000658320825185,0.04142871428571431,0.06071428571428582,0.05766663333333343,0.04427871428571427,0.027023428571428556,0.02111936666666671,-86334.42857142857,38001.642857142855,-76114.3
2006-04-18,27.200001,27.49,27.030001,27.299999,12.443733,4777064.0,1.0106617275492011,0.9937500002297793,1.003676396923662,0.1000009999999989,0.10483999999999938,2133214.0,1.0087821464187072,1.0095805711728727,1.0074110065787196,0.9950069177543056,0.9949737698518372,0.9938986557378132,1.0028256039793377,1.0031711853454934,1.0009627328088964,0.11000014285714295,0.06857150000000013,0.05133336666666667,0.03386099999999992,0.03744214285714279,0.02704503333333328,233488.85714285713,153881.92857142858,51099.0
2006-04-19,27.65,27.65,27.4,27.4,12.489311,5638232.0,1.0,0.9909584086799277,0.9909584086799277,0.44999899999999826,0.045578000000000785,861168.0,1.0081405670533787,1.0085930821829254,1.0073068805903347,0.9948914755395986,0.9947119692062615,0.9939226630741805,1.0020151285906291,1.0023882085075118,1.0005572204431756,0.13285728571428532,0.11499992857142846,0.0679999666666666,0.05013985714285723,0.04265121428571434,0.0259813,348485.28571428574,200645.5,124318.13333333333
2006-04-20,27.4,27.549999,27.200001,27.379999,12.480196,5120412.0,1.0054744160583942,0.9927007664233577,0.9992700364963505,-0.25,-0.009115000000001316,-517820.0,1.0077960720785875,1.0080482462616962,1.0073855997807544,0.9941169484848889,0.9942181208393492,0.9940944032617666,1.0011598100274648,1.0017580363499912,1.0005328883263873,0.11000014285714244,0.10357135714285702,0.05666663333333328,0.03972099999999986,0.03972107142857136,0.025525666666666662,252336.7142857143,194144.2142857143,33535.03333333333
2006-04-21,27.35,27.719999,27.26,27.549999,12.557684,5017667.0,1.0135282998171846,0.996709323583181,1.0073125776965264,-0.04999999999999716,0.07748800000000067,-102745.0,1.0086525442476122,1.0084715740582657,1.0073538281510708,0.9941849094474923,0.9940916651326483,0.9939847140478727,1.0018816122097776,1.001818830487837,1.0004374367281748,0.1142858571428574,0.07428578571428572,0.06000003333333339,0.0612094285714286,0.034837071428571446,0.02643726666666666,314646.71428571426,159882.57142857142,9233.5
2006-04-24,27.690001,27.780001,27.42,27.68,12.61694,3704408.0,1.003250270738524,0.9902491516703088,0.9996388226927114,0.34000099999999733,0.05925599999999953,-1313259.0,1.0070325278767114,1.0081102937635855,1.007269493573608,0.993059153604124,0.9937728194707736,0.9938652092048141,1.000707675651476,1.001739083036669,1.000348327481146,0.13714299999999977,0.08642864285714273,0.05799999999999995,0.0481859999999999,0.03841842857142857,0.025373633333333305,67026.57142857143,-237880.85714285713,-30067.166666666668
2006-04-26,27.700001,28.040001,27.690001,27.93,12.730893,4987365.0,1.012274367787929,0.9996389891827079,1.008303212696635,0.010000000000001563,0.11395300000000042,1282957.0,1.0072990201416891,1.0082862256945293,1.0076786391665389,0.9937510750540169,0.9939626664070047,0.9941337149248499,1.001150349159386,1.0016313610325203,1.0008673838279434,0.1142858571428574,0.08571435714285716,0.05200006666666669,0.05795314285714274,0.038092928571428555,0.030083766666666692,183805.2857142857,131942.14285714287,91478.1
2006-04-27,27.969999,28.51,27.84,28.120001,12.817499,9947233.0,1.0193064361568265,0.9953521986182409,1.0053629605063625,0.26999800000000107,0.08660599999999974,4959868.0,1.0092136454440086,1.0094254715782813,1.0079264268084736,0.9941941197696433,0.9947496660889487,0.9940298554896275,1.0020746308131678,1.0031334151350444,1.0007908217271912,0.12428557142857143,0.08285714285714287,0.06199993333333336,0.0683722857142856,0.05632549999999993,0.02750083333333334,1043340.4285714285,478503.0,255760.26666666666
2006-04-28,27.959999,28.27,27.9,27.950001,12.740009,16622601.0,1.0110873036869565,0.9978541129418494,0.999642417726839,-0.010000000000001563,-0.07748999999999917,6675368.0,1.0092744420351163,1.0090282942269118,1.0082077200818325,0.9947804215856534,0.9948936696699795,0.9942988480549613,1.0014983480707647,1.0021619760250513,1.0011194244520245,0.10857114285714278,0.10928564285714286,0.05099996666666667,0.04232514285714295,0.038093071428571434,0.027196933333333343,1692219.5714285714,962854.2142857143,392931.0333333333
2006-05-01,28.0,28.32,27.940001,28.209999,12.858522,3298667.0,1.0114285714285713,0.9978571785714285,1.0074999642857143,0.040001000000000175,0.11851300000000009,-13323934.0,1.0109070950963408,1.0095238310748598,1.0085378994239425,0.995765960141582,0.9953287178405903,0.9947351624866516,1.00386142744302,1.0029382780168246,1.001661374264341,0.050000000000000204,0.09142864285714276,0.05799999999999995,0.05274442857142857,0.051442142857142895,0.03312250000000005,-334223.5714285714,7130.857142857143,-52758.63333333333
2006-05-02,28.299999,28.32,28.02,28.120001,12.817499,3630060.0,1.0007067491415813,0.9901060420532171,0.993639646418362,0.2999989999999997,-0.04102300000000092,331393.0,1.0102259998225105,1.0090110359505489,1.008561457728662,0.995395285231562,0.9947561168582253,0.9950015104918193,1.0030570860033072,1.0021084480153861,1.0017791455707605,0.12857128571428586,0.11928571428571415,0.0673332666666667,0.048186142857142907,0.043953571428571384,0.03190703333333331,-212907.42857142858,19714.64285714286,-134242.73333333334
2006-05-03,28.02,28.18,27.83,28.18,12.844848,5312961.0,1.0057102069950035,0.9932191291934332,1.0057102069950035,-0.2799990000000001,0.027349000000000956,1682901.0,1.0091091294193417,1.008880836833477,1.0087134236958384,0.9948966860330266,0.9945407977402595,0.99508246408096,1.0028281759030897,1.0023548940564335,1.0022764684199537,0.09571428571428545,0.10500007142857141,0.06533336666666661,0.04102342857142866,0.05111642857142863,0.035857366666666717,42184.857142857145,178415.7857142857,24956.6
2006-05-04,28.0,28.1,27.65,27.65,12.603266,7689560.0,1.0035714285714286,0.9874999999999999,0.9874999999999999,-0.019999999999999574,-0.24158200000000107,2376599.0,1.0091550091097565,1.0080937684932338,1.008511588232321,0.9945039500801254,0.9937815518421246,0.9947428080705767,1.0010940583755594,1.0009008670135178,1.0017442838435635,0.044285571428571605,0.09071428571428568,0.06766669999999995,-0.0019534285714285665,0.02311628571428567,0.024158100000000005,569307.4285714285,318167.0,148936.4
2006-05-05,27.9,28.030001,27.700001,27.92,12.726335,4328515.0,1.0046595340501792,0.992831577060932,1.0007168458781364,-0.10000000000000142,0.12306900000000098,-3361045.0,1.0080671757186495,1.0076830979301694,1.0084238758379191,0.9935314626341573,0.9936412688440871,0.9945806053339564,1.0000102916872025,1.0005803204232941,1.0018321324052197,0.028571285714285466,0.07142857142857142,0.061333366666666576,-0.0006511428571427709,0.028650999999999982,0.02902013333333334,-94121.42857142857,44841.92857142857,72156.63333333333
2006-05-08,28.15,28.360001,28.1,28.200001,12.853964,3580211.0,1.0074600710479575,0.9982238010657195,1.0017762344582595,0.25,0.12762899999999888,-748304.0,1.006374837845954,1.0077942416449812,1.0083393396953553,0.9939416915552257,0.9940679056624344,0.9946880025731201,0.9994979022517593,1.0007862665324636,1.001840079167054,0.02571442857142817,0.0749999999999998,0.07133333333333323,0.0052092857142856785,0.03679078571428564,0.03266666666666662,-909574.5714285715,66882.92857142857,2501.0333333333333
2006-05-09,28.35,28.469999,28.23,28.290001,12.894988,5177050.0,1.0042327689594357,0.9957671957671957,0.9978836331569665,0.20000000000000284,0.04102400000000017,1596839.0,1.0053956185991653,1.0073350303171407,1.0081225575052506,0.9936435605302751,0.9942119910579643,0.9945469090986933,0.999246647313206,1.0003724976919852,1.0015266910698322,0.055714428571428797,0.0821427857142858,0.07566666666666677,0.022139857142857013,0.03223249999999998,0.030691500000000004,-1635078.7142857143,28570.428571428572,76444.33333333333
2006-05-10,28.59,28.65,28.41,28.450001,12.96792,4560192.0,1.0020986358866737,0.993704092339979,0.9951032179083595,0.23999999999999844,0.07293199999999977,-616858.0,1.0040627706646086,1.0074849328804747,1.0080655279078221,0.9930502624972108,0.9944081113193964,0.994489427732248,0.9974756835450124,1.0006685554940162,1.0013761634128096,0.08428571428571427,0.06714285714285724,0.078,0.01562828571428554,0.03418635714285705,0.033578499999999956,180217.85714285713,-77002.85714285714,81612.16666666667
2006-05-11,28.530001,28.66,28.27,28.379999,12.936011,4025821.0,1.0045565718697311,0.9908867511080705,0.9947423065284857,-0.059999000000001246,-0.031908999999998855,-534371.0,1.0046127453400584,1.0074193725812843,1.008115787620553,0.9931617923621899,0.9942785387968759,0.9944397165395089,0.9976332064178873,1.0003451462105972,1.0013152362320517,0.03285742857142842,0.08071435714285714,0.07633336666666667,0.016930285714285835,0.03255821428571437,0.033882266666666654,56537.28571428572,-78185.07142857143,46770.13333333333
2006-05-12,28.209999,28.58,28.129999,28.530001,13.004385,4484133.0,1.013115952255085,0.997164126095857,1.0113435665134196,-0.3200019999999988,0.0683739999999986,458312.0,1.0056707089486416,1.0073899191839917,1.0080921578337472,0.9937253633482506,0.9943110246906385,0.9945244001521046,0.9984379720633753,1.0006330739832325,1.0016293523021098,0.027142714285714322,0.061428499999999886,0.07233326666666666,0.022790999999999784,0.031907214285714226,0.03707303333333331,-118404.0,-38109.57142857143,55164.6
2006-05-15,28.299999,28.299999,27.959999,27.959999,12.999735,337793.0,1.0,0.9879858652998539,0.9879858652998539,0.08999999999999986,-0.004649999999999821,-4146340.0,1.005160504867009,1.0071577569883827,1.007655420535227,0.993794772676801,0.9941493613784632,0.9941367742100955,0.9985073813919259,0.9998007198837426,1.0009591329220504,0.04285699999999996,0.04357128571428578,0.07833326666666665,0.056638428571428534,0.027342499999999985,0.03585446666666663,-1050252.4285714286,-240472.5,-68820.0
2006-05-16,28.120001,28.15,28.030001,28.1,13.064826,93382.0,1.0010668207301985,0.9967994311237756,0.9992887269100739,-0.1799980000000012,0.06509100000000068,-244411.0,1.0046472601070116,1.0063572179128306,1.0074375908707267,0.9943616089714931,0.9939465358028252,0.9940807651316548,0.9983033643964884,0.9991568280418454,1.00072004182683,0.03142871428571427,0.029999999999999867,0.060333399999999905,0.04835585714285706,0.023852357142857144,0.03316203333333334,-605019.0,-349570.21428571426,-89530.96666666666
2006-05-17,27.5,27.629999,26.74,27.0,12.553391,7605781.0,1.0047272363636364,0.9723636363636363,0.9818181818181818,-0.6200009999999985,-0.5114350000000005,7512399.0,1.0042568551521087,1.0053158464990313,1.0073182255873798,0.9906672997283383,0.9923044956417819,0.9933357866458908,0.9954522140193344,0.9974750581355468,1.000088804987134,-0.09285714285714265,-0.03357135714285724,0.03399999999999999,-0.042939,-0.01886485714285716,0.015810299999999996,575081.4285714285,-167246.57142857142,19034.7
2006-05-18,26.52,26.690001,26.35,26.4,12.274426,6362680.0,1.006410294117647,0.9935897435897436,0.995475113122172,-0.9800000000000004,-0.27896499999999946,-1243101.0,1.0045679301747101,1.0049817743869378,1.0072048580328106,0.9903562351315595,0.9919998978309172,0.9932227403630332,0.9951081397286494,0.9971773935209277,0.9996109313993825,-0.2614285714285717,-0.10285707142857145,0.0006666666666666524,-0.08865171428571424,-0.03325592857142861,0.002561133333333328,169375.7142857143,-732851.5,107416.83333333333
2006-05-19,26.4,26.57,26.209999,26.209999,12.186086,4718648.0,1.006439393939394,0.9928029924242425,0.9928029924242425,-0.120000000000001,-0.08834000000000053,-1644032.0,1.005188038467956,1.0046254045662821,1.0073076047046472,0.9902275065721685,0.9916388845346897,0.9935050333414738,0.9947795360880614,0.9961276098165369,0.999893224377823,-0.31285714285714306,-0.1142857142857144,-0.013666633333333423,-0.11169057142857142,-0.04803114285714294,0.005238133333333295,22636.571428571428,101427.21428571429,49015.23333333333
2006-05-22,26.35,26.379999,26.1,26.1,12.134942,3441032.0,1.0011384819734346,0.9905123339658444,0.9905123339658444,-0.04999999999999716,-0.05114399999999897,-1277616.0,1.0046997399113422,1.0046562426257002,1.0067906278835574,0.9901740184089933,0.9916679053855917,0.9933275090467547,0.9941752542933983,0.9959042303556427,0.9991355500011264,-0.3114287142857139,-0.13928564285714273,-0.0026666666666666098,-0.11443842857142858,-0.04875407142857137,-0.0023921333333333313,-83541.28571428571,-13502.0,9946.333333333334
2006-05-23,26.15,26.48,26.110001,26.23,12.195386,4568847.0,1.012619502868069,0.9984704015296367,1.0030592734225623,-0.20000000000000284,0.06044399999999861,1127815.0,1.00462881857034,1.0051497637594908,1.0070615761272497,0.9903606291852476,0.992042996266749,0.9935509722916468,0.9929917838518474,0.9957148779576113,0.9993498012351821,-0.2942855714285716,-0.13357142857142865,-0.01899996666666676,-0.11557128571428572,-0.04639014285714297,0.0019017999999999683,12102.0,-53151.0,45667.066666666666
2006-05-24,26.5,26.959999,26.379999,26.65,12.390662,9377593.0,1.0173584528301887,0.9954716603773586,1.0056603773584905,0.3500000000000014,0.19527600000000156,4808746.0,1.0071085975460812,1.0061345512065452,1.007377328525525,0.9914300284820339,0.9926124005794176,0.9934626124440145,0.9955167141459382,0.9970120477689319,0.9993632382658486,-0.2571427142857142,-0.10714285714285714,-0.004333300000000051,-0.08701042857142838,-0.015185999999999922,0.006283766666666679,1291400.0,120573.78571428571,200784.6
2006-05-25,26.690001,26.799999,26.35,26.43,12.288375,4641367.0,1.0041213186915954,0.98726110950689,0.9902584866894535,0.19000099999999875,-0.10228700000000046,-4736226.0,1.0075449543977093,1.0060961072523604,1.0072636059941111,0.9900674111081932,0.9922145100398431,0.9931635295327456,0.9942266798287067,0.9962650221125975,0.9989631890748191,-0.20428571428571424,-0.08642849999999999,0.004666733333333302,-0.1109215714285714,-0.03128285714285717,0.005305233333333348,649712.1428571428,22346.571428571428,60874.23333333333
2006-05-26,26.799999,26.860001,26.57,26.77,12.446454,7421701.0,1.0022388806805553,0.9914179474409682,0.9988806342865908,0.10999800000000093,0.15807899999999897,2780334.0,1.007189475014412,1.0057231650832603,1.006851889172302,0.992789455547812,0.9917283776380751,0.9929398130283149,0.9966641730384794,0.996058193528907,0.9986639975976781,-0.1000001428571429,-0.09642864285714278,0.0023332999999999752,-0.015276714285714326,-0.02910785714285716,0.005560533333333299,-26297.14285714286,274392.14285714284,139549.3
2006-05-29,27.040001,27.08,26.82,26.950001,12.530145,2794089.0,1.0014792529038736,0.9918638686440877,0.9966715977562279,0.2400020000000005,0.08369099999999996,-4627612.0,1.0064850405553014,1.0055264853650059,1.006554233537995,0.9925429019841469,0.9914495685578532,0.9928420906820026,0.9968350994147731,0.9959716195717113,0.9983795675848435,0.07428585714285722,-0.09357135714285723,0.004666700000000053,0.03653128571428559,-0.02606021428571432,0.006830799999999944,-509798.71428571426,-170211.5,-30221.3
2006-05-30,27.0,27.040001,26.85,26.9,12.506899,2613057.0,1.0014815185185186,0.9944444444444445,0.9962962962962962,-0.040001000000000175,-0.023245999999998546,-181032.0,1.0057767726380336,1.0054824055529947,1.0064068155205923,0.9927773951298899,0.9915024508510292,0.9929152093098556,0.9973341428250666,0.996056839456564,0.9982930111637237,0.08571428571428592,-0.11357142857142856,-0.003333333333333381,0.04583042857142873,-0.03293007142857134,0.005600200000000003,-300798.71428571426,-139081.07142857142,-1026.4333333333334
2006-05-31,26.67,26.799999,26.450001,26.450001,12.297672,5038379.0,1.0048743532058493,0.9917510686164229,0.9917510686164229,-0.3299999999999983,-0.20922700000000027,2425322.0,1.0063104685283786,1.0055051042198604,1.0062139030424808,0.9929543572228299,0.9915641878159116,0.992848578256077,0.9975111049180063,0.9958431796057023,0.9978955002201492,0.045714285714285756,-0.13285721428571406,-0.017666699999999955,0.02324714285714283,-0.04559564285714287,-0.004868699999999985,228192.42857142858,72325.57142857143,8710.5
2006-06-01,26.799999,26.82,26.18,26.540001,12.339519,4335294.0,1.0007463059979964,0.976865708092004,0.990298581727559,0.12999899999999798,0.04184699999999886,-703085.0,1.0046142975469396,1.0046215580586397,1.0062387799090806,0.9898679724460252,0.9901143008156365,0.9923788215698129,0.9956881489615773,0.9943399664067123,0.9978735059884034,0.09285700000000016,-0.10071428571428573,-0.02833336666666663,0.020590428571428582,-0.047490428571428565,-0.004993066666666716,-33364.71428571428,-10631.357142857143,-43431.26666666667
2006-06-02,26.799999,26.879999,26.42,26.66,12.395308,2983777.0,1.0029850747382492,0.9858209323067513,0.9947761565214984,0.0,0.055789000000000755,-1351517.0,1.0025609578195198,1.0048347776828004,1.0061558018650758,0.988489297007367,0.9899596627447005,0.992149493765926,0.9941332602705784,0.9948249872082583,0.9977237099892418,0.04285699999999996,-0.10714285714285714,-0.020000033333333295,0.0006637142857141802,-0.0431733571428571,-0.0028295999999999803,-913402.2857142857,188998.85714285713,-71221.16666666667
2006-06-05,26.85,26.879999,26.48,26.790001,12.455754,2320214.0,1.0011172811918063,0.986219739292365,0.9977654003724394,0.05000100000000174,0.060446000000000666,-663563.0,1.0021318096052643,1.0048383820014866,1.0057421012442298,0.9883405298338632,0.9892039704710281,0.9917998409562322,0.9952056765110049,0.9947161781698559,0.9974054707451055,0.02285700000000038,-0.09071435714285693,-0.016666666666666666,0.02391128571428577,-0.04350514285714281,-0.003397666666666647,-331593.28571428574,159059.42857142858,-89915.1
2006-06-06,26.65,26.74,26.309999,26.309999,12.232578,3978274.0,1.0033771106941838,0.9872419887429644,0.9872419887429644,-0.20000000000000284,-0.22317600000000049,1658060.0,1.0022944138929255,1.0047419444536687,1.0057463292427518,0.9877439643055771,0.9902667099266945,0.9916996021919873,0.9935430128619156,0.9951035929501975,0.9969922429467805,-0.02142842857142873,-0.06071428571428582,-0.03466670000000001,-0.030553714285714153,-0.02291521428571424,-0.012812066666666648,-491918.14285714284,-259107.64285714287,9128.866666666667
2006-06-07,26.35,26.450001,26.120001,26.25,12.204684,3643672.0,1.0037951043643263,0.9912713851992409,0.9962049335863377,-0.29999999999999716,-0.027893999999999863,-334602.0,1.002625249815847,1.0045551451855743,1.0054636871286318,0.9876593238134561,0.9901011128988014,0.9914206820592051,0.9934763465519312,0.9951557229833521,0.9965889669764374,-0.09857157142857124,-0.012142857142857011,-0.04500003333333329,-0.046494428571428416,-0.004981571428571411,-0.01754029999999999,121369.0,-194214.85714285713,-44789.76666666667
2006-06-08,26.07,26.1,25.4,25.629999,11.916423,5416978.0,1.001150747986191,0.9742999616417337,0.9831223245109322,-0.28000000000000114,-0.2882610000000003,1773306.0,1.0025779968826574,1.0041773847603455,1.004858497522944,0.984781540555926,0.9887794678429079,0.9907189408266548,0.9915943505825934,0.9944642467038299,0.9958476124432564,-0.1328571428571428,-0.023571428571428448,-0.06333330000000004,-0.08435371428571438,-0.019261642857142824,-0.030035866666666657,400560.14285714284,49880.71428571428,-151008.5
2006-06-09,25.83,26.459999,25.530001,26.299999,12.227929,5087366.0,1.0243902051877662,0.9883856368563686,1.0181958575300039,-0.240000000000002,0.3115059999999996,-329612.0,1.005365975737217,1.0058382221327977,1.0053019275729709,0.9843007645902039,0.9886275609065169,0.9904033249571389,0.9953721775702479,0.9964416412441272,0.9964660604366952,-0.12000000000000048,-0.037142857142857366,-0.07099996666666672,-0.009963285714285825,0.006641928571428503,-0.017069333333333367,6998.142857142857,117595.28571428571,-384507.8333333333
2006-06-13,25.98,26.07,25.540001,25.65,11.925717,4708354.0,1.0034642032332564,0.983063933795227,0.98729792147806,0.15000000000000213,-0.30221199999999904,-379012.0,1.0057542467708256,1.0051842721588826,1.0050364486331271,0.9851862254049502,0.9875270989254876,0.9899102167979321,0.9949435118203195,0.9953158303909484,0.9957926590097733,-0.11714271428571418,-0.012142857142857011,-0.06733333333333331,-0.05911457142857124,-0.01926207142857133,-0.031093500000000003,53294.28571428572,9964.785714285714,46989.566666666666
2006-06-14,25.379999,25.950001,25.309999,25.549999,11.879226,3941548.0,1.0224587085287118,0.9972419226651663,1.0066981878131673,-0.6000009999999989,-0.04649100000000139,-766806.0,1.0085361944551774,1.0055485761373484,1.0057615139460314,0.9868177954561522,0.9876535462317596,0.9901480794849972,0.9966466591477007,0.9953899597091395,0.9962279437229336,-0.2028571428571426,-0.08000007142857132,-0.09733333333333327,-0.07372600000000011,-0.03653114285714297,-0.031275766666666684,136824.42857142858,-388288.9285714286,10382.933333333332
2006-06-15,25.549999,25.75,25.01,25.25,11.739743,14661444.0,1.0078278280950226,0.9788650089575347,0.988258355704828,0.16999999999999815,-0.13948299999999847,10719896.0,1.0094948440127796,1.005813326809022,1.005832101316032,0.9857671196940336,0.9870538247639484,0.9896696088104672,0.9952885099094705,0.9952470932102377,0.9956462153465944,-0.1857144285714288,-0.08142871428571422,-0.08233336666666666,-0.1022872857142857,-0.039187999999999966,-0.03683683333333333,1763032.857142857,715719.7857142857,311616.1
2006-06-16,25.67,25.67,25.280001,25.42,11.818785,4401656.0,1.0,0.9848072068562523,0.9902610050642774,0.12000100000000202,0.07904199999999939,-10259788.0,1.0090123996278961,1.0056534067604108,1.0057130536969843,0.9854192937102176,0.9865816290078975,0.989579849039009,0.9957197979553722,0.9946314054086438,0.995738248848737,-0.13999999999999954,-0.08071421428571414,-0.0776666666666666,-0.05911328571428572,-0.044833499999999936,-0.026149366666666653,60483.142857142855,-215717.5,-109596.8
2006-06-19,25.389999,25.43,25.190001,25.190001,11.711847,2682737.0,1.0015754628426727,0.9921229614857409,0.9921229614857409,-0.28000100000000216,-0.10693799999999953,-1718919.0,1.0086953079819458,1.0056602788988964,1.0056102513234009,0.9855409474654319,0.986600135639444,0.9895562285198359,0.9951366590838584,0.9943065028178948,0.9954517860356571,-0.13714300000000026,-0.11785728571428576,-0.08366669999999997,-0.07040528571428568,-0.05844985714285705,-0.03381626666666667,-137276.42857142858,-7953.714285714285,-54859.26666666667
2006-06-20,25.0,25.290001,24.93,25.290001,11.758342,4062303.0,1.01160004,0.9972,1.01160004,-0.38999899999999954,0.046495000000000175,1379566.0,1.0101880639839185,1.006383030433288,1.005748250288469,0.9888123815166129,0.9867969610362695,0.9895221018176452,0.9992049041537253,0.9953996273681593,0.9957792462203817,-0.15285714285714289,-0.14285714285714285,-0.10499999999999995,-0.02258299999999989,-0.05346835714285714,-0.03652073333333329,-193525.0,103517.57142857143,16069.733333333334
2006-06-21,25.5,25.629999,25.139999,25.4,11.809483,3539075.0,1.005098,0.9858823137254902,0.9960784313725489,0.5,0.05114099999999944,-523228.0,1.0074320346713805,1.0063990052042988,1.0057770913231543,0.9884547639264873,0.9863777642583457,0.9891926057495883,0.9960452718455175,0.9957087247078827,0.9957190728275678,-0.047142857142856896,-0.0835714285714287,-0.09500000000000004,-0.05977799999999992,-0.03487064285714287,-0.036183499999999987,-221184.42857142858,-107093.14285714286,-54599.166666666664
2006-06-22,25.66,26.34,25.549999,26.25,12.204684,5925933.0,1.0265003897116134,0.9957131332813718,1.0229929851909587,0.16000000000000014,0.39520100000000014,2386858.0,1.010722918454003,1.0082385826124143,1.0065904831173191,0.990261792424508,0.9877240089147291,0.9892595737809681,1.0011445666616459,0.9980440392409827,0.9966487317369878,-0.045714285714285756,-0.08142849999999997,-0.09766666666666665,0.03985242857142853,-0.009631071428571352,-0.025441199999999973,173939.85714285713,113617.07142857143,45524.7
2006-06-23,26.24,26.24,25.799999,25.959999,12.069855,3511680.0,1.0,0.9832316692073171,0.9893292301829268,0.5799999999999983,-0.13482899999999987,-2414253.0,1.0075145315213299,1.0080253629882534,1.006438597388328,0.9882603276448153,0.9875390615504838,0.9890044043842764,0.9986632870001829,0.9976549730739419,0.9964682958588026,0.12285728571428527,-0.03999992857142866,-0.07633336666666667,0.027232714285714468,-0.023246642857142823,-0.028871866666666673,-61409.71428571428,37707.357142857145,-17138.033333333333
2006-06-26,26.07,26.09,25.82,26.049999,12.111698,2418955.0,1.0007671653241272,0.9904104334484082,0.9992327963176064,-0.16999999999999815,0.041843000000000075,-1092725.0,1.0065058654112018,1.008000354711991,1.0060269711572962,0.9899096740006544,0.9878383968473441,0.988779281296028,1.0002310642305798,0.9977597870700252,0.996064603518942,0.07428585714285722,-0.05571428571428579,-0.07133329999999999,0.05313642857142854,-0.02457542857142858,-0.029756233333333288,-1748927.0,7052.928571428572,-68839.26666666666
2006-06-27,26.309999,26.49,26.200001,26.200001,12.181438,3638557.0,1.0068415433995264,0.9958191560554601,0.9958191560554601,0.23999900000000096,0.06973999999999947,1219602.0,1.0074832287539914,1.0082478141909437,1.006255022603947,0.991482809600541,0.9884510516553794,0.9890403909878815,1.0010250858007488,0.9983724418780605,0.9963257132107955,0.09142842857142851,-0.024285785714285524,-0.06633333333333329,0.05180757142857141,-0.003652857142857156,-0.027276566666666648,-109014.14285714286,-24265.5,110025.46666666666
2006-06-28,25.870001,25.99,25.65,25.93,12.055907,3746630.0,1.0046385386687848,0.9914959029185967,1.0023192500069869,-0.4399980000000028,-0.1255310000000005,108073.0,1.0079208110148647,1.0083080594984053,1.0063740798685665,0.9913932298052348,0.9884670886353335,0.9888636067143756,1.0024816984466411,0.9988091787652499,0.9964267306473593,0.06857171428571414,-0.03428564285714307,-0.075,0.049151428571428415,-0.010626928571428631,-0.033630633333333354,151984.7142857143,7354.142857142857,121774.93333333333
2006-06-29,25.93,26.34,25.84,26.200001,12.181438,3292676.0,1.0158118010026995,0.996529116853066,1.0104126880061706,0.059999000000001246,0.1255310000000005,-453954.0,1.0085224911581074,1.009355277571013,1.0067435653565353,0.9912973893556728,0.9900548854361428,0.98966912273069,1.002312076733237,1.0007584904434812,0.9973798808536256,0.1328571428571428,-0.01000000000000004,-0.05233333333333334,0.06044228571428561,0.018929642857142857,-0.012398433333333318,-109946.71428571429,-151735.85714285713,-143770.16666666666
2006-06-30,26.799999,26.9,26.51,26.59,12.362767,9838398.0,1.0037313807362456,0.9891791413872815,0.9921642161255304,0.869999,0.18132899999999985,6545722.0,1.0083272598347137,1.0078796472530471,1.006654268243822,0.9917683647359288,0.9901115643312081,0.9895221026572745,1.00175290312652,0.9988990874860187,0.9972695176204043,0.1857141428571428,0.06928564285714296,0.009333300000000004,0.07904057142857138,0.009631285714285731,0.002944699999999993,899903.2857142857,339359.4285714286,115857.26666666666
2006-07-03,26.690001,26.9,26.540001,26.690001,12.409262,4403701.0,1.0078680776370148,0.9943799177826933,1.0,-0.10999800000000093,0.046495000000000175,-5434697.0,1.005665500966914,1.0081942097104586,1.0067018910337426,0.9915779053789747,0.9909198489017413,0.9895746668358896,0.9984681909563831,0.9998063788090145,0.9975094178729296,0.1471429999999998,0.050714357142857026,0.009666700000000005,0.02922542857142853,0.03453892857142853,0.0074392000000000165,-217461.7142857143,-21760.928571428572,-10498.233333333334
2006-07-04,26.799999,26.950001,26.530001,26.639999,12.386014,3000318.0,1.0055970897610855,0.9899254473852779,0.9940298505235019,0.10999800000000093,-0.0232480000000006,-1403383.0,1.0064650852184978,1.0069898083699138,1.0068505112933308,0.9925341594043976,0.9903972435246065,0.9895551039498707,0.9991397081478938,0.9989014975740382,0.9976266684248515,0.07999985714285732,0.1014285714285713,0.014999966666666609,0.045165571428571284,0.036199142857142874,0.008369066666666628,-73051.71428571429,-67230.71428571429,-14690.466666666667
2006-07-05,26.58,26.969999,26.530001,26.780001,12.451102,2892816.0,1.014672648607976,0.9981189240030098,1.0075244920993227,-0.2199990000000014,0.06508800000000114,-107502.0,1.008451582830476,1.007478724120839,1.0069189494846613,0.9936353723407693,0.9917725231707119,0.9895433880323165,1.0003242361167104,1.000277650173645,0.9977755090474101,0.07285714285714258,0.0735714999999999,0.014333333333333325,0.04848628571428572,0.05081135714285713,0.008523866666666713,67694.42857142857,-840616.2857142857,-55867.7
2006-07-06,26.559999,26.84,26.379999,26.780001,12.451102,4087505.0,1.0105422067222216,0.9932228913111029,1.008283208143193,-0.02000099999999705,0.0,1194689.0,1.0089802490194326,1.008231738886712,1.0066917412810623,0.9932644773772896,0.9923736434889153,0.9894684290634412,1.0021048149863865,1.0015649503935677,0.9978629367402335,0.03571428571428571,0.06357135714285711,0.001999966666666708,0.03852342857142865,0.04516550000000003,0.0020146666666666607,64135.42857142857,-22439.35714285714,-176336.26666666666
2006-07-07,26.940001,26.959999,26.719999,26.82,12.469701,2662416.0,1.0007423162307976,0.9918336305926642,0.9955456200614099,0.3800019999999975,0.018599000000000032,-1425089.0,1.0084236458140057,1.0081722284144352,1.0065791078657023,0.9933127241878708,0.9923529769965528,0.989620846432967,1.0011371535655897,1.0018094260061154,0.9980391745192988,0.15285714285714289,0.11071442857142852,0.008333333333333333,0.059113428571428726,0.054132428571428574,0.006044200000000011,-154887.7142857143,-1451.5,-65965.03333333334
2006-07-10,26.58,26.84,26.549999,26.84,12.479002,2722131.0,1.0097817908201656,0.9988712942061702,1.0097817908201656,-0.36000100000000046,0.009300999999998893,59715.0,1.0075622157879296,1.0080423534730183,1.0068305382036895,0.9936473209526,0.9924723551541365,0.9898692913251405,1.0010470253961605,1.0016795510646987,0.9984025464037511,0.09285714285714265,0.11285714285714274,-0.007333300000000046,0.04250914285714279,0.051475714285714194,0.0010849333333333413,-81506.42857142857,-95726.57142857143,-156652.33333333334
2006-07-11,26.84,26.84,26.58,26.700001,12.413909,3423201.0,1.0,0.9903129657228017,0.9947839418777944,0.26000000000000156,-0.06509299999999918,701070.0,1.0070291613970372,1.0076782106158755,1.0067812297735603,0.9938092958576743,0.9927888302968014,0.9898175945610975,1.0014212719321982,1.001587087529359,0.9983396245411368,0.005714428571428597,0.09571428571428571,-0.006666700000000011,0.007306000000000067,0.04317328571428573,-0.0038745333333332966,-916456.7142857143,-8276.714285714286,20970.4
2006-07-12,26.799999,26.82,26.360001,26.450001,12.297672,3120395.0,1.0007463059979964,0.9835821635664986,0.9869403726470288,-0.040001000000000175,-0.11623699999999992,-302806.0,1.006011765448606,1.0058386332077602,1.0067567226895429,0.992266759541075,0.9919223324600248,0.9894555185318327,0.9995556108817737,0.9990119009190783,0.9980277604194946,0.015714000000000134,0.08142849999999997,-0.006666700000000011,-0.01594142857142852,0.006642000000000005,-0.0069742333333333425,-183329.42857142858,-200395.57142857142,16911.266666666666
2006-07-13,26.360001,26.4,26.049999,26.1,12.134942,2838172.0,1.0015174126890207,0.9882396817814991,0.9901365329993729,-0.4399979999999992,-0.16272999999999982,-282223.0,1.0054289544383113,1.0059470198284044,1.0066448246723152,0.9920259358833923,0.992280047643895,0.989338472304002,0.9989994226640411,0.9990695654059675,0.9979739425655929,-0.06285685714285703,0.008571500000000145,-0.010333300000000042,-0.035867428571428404,0.004649071428571437,-0.005424333333333327,-23163.714285714286,-48107.71428571428,-73340.23333333334
2006-07-14,25.6,25.799999,25.299999,25.299999,11.76299,6570257.0,1.0078124609374999,0.9882812109375,0.9882812109375,-0.760000999999999,-0.3719520000000003,3732085.0,1.0044489276282431,1.0064502552293597,1.0068803631702987,0.9906205483026052,0.9921279603216873,0.9897189890655185,0.9962503824980665,0.9982873093073883,0.9979066968725909,-0.13999999999999954,-0.03357142857142849,-0.03999996666666661,-0.09830171428571433,-0.024907714285714304,-0.0192176333333333,525348.7142857143,296521.5714285714,74498.76666666666
2006-07-17,25.1,25.15,24.450001,25.0,11.623507,8325122.0,1.0019920318725097,0.9741036254980079,0.99601593625498,-0.5,-0.13948300000000025,1754865.0,1.0032274740782843,1.0061038615488582,1.0068472617414408,0.9878892246150203,0.990576850996155,0.9893284121718937,0.9944979150854645,0.9983013650359255,0.9979480228637069,-0.20857128571428568,-0.08642849999999999,-0.05666663333333328,-0.11822785714285722,-0.03985221428571428,-0.025726699999999998,605373.8571428572,334754.64285714284,178044.83333333334
2006-07-18,25.0,25.24,24.780001,24.809999,11.535172,3844513.0,1.0095999999999998,0.99120004,0.9923999600000001,-0.10000000000000142,-0.08833500000000072,-4480609.0,1.0044928574738847,1.0064582516439453,1.0071300190350472,0.9877987116732111,0.990555717930541,0.9894944221954814,0.9940485350766917,0.9975928443211407,0.9977691748512922,-0.2771429999999998,-0.06214292857142846,-0.06166666666666672,-0.13350414285714304,-0.037195357142857155,-0.030686066666666713,168871.0,6991.642857142857,50809.96666666667
2006-07-19,24.9,25.110001,24.65,24.65,11.460781,4711254.0,1.0084337751004018,0.9899598393574297,0.9899598393574297,-0.10000000000000142,-0.07439099999999854,866741.0,1.0043002837996327,1.0059312497937811,1.0072985745152545,0.9865256466948196,0.9900864838237098,0.9895850172159637,0.9912168277248722,0.9961319265605164,0.9978597698717746,-0.23999999999999996,-0.07357142857142865,-0.058333333333333334,-0.14546014285714268,-0.051475499999999945,-0.02572656666666665,284160.4285714286,101327.0,24432.666666666668
2006-07-20,25.190001,25.299999,24.969999,25.290001,11.758342,4415972.0,1.0043667326571364,0.9912662964959789,1.0039698291397448,0.2900010000000002,0.29756099999999996,-295282.0,1.0049241027506521,1.0059766320738448,1.0073176287916814,0.9866618368052734,0.9902355663314738,0.9895848475925216,0.9925290973337223,0.9969751846329603,0.9981185997235548,-0.235714142857143,-0.11499985714285721,-0.03866663333333342,-0.09365242857142851,-0.043173214285714225,-0.014878066666666653,141824.42857142858,-387316.14285714284,25743.333333333332
2006-07-21,25.0,25.379999,24.91,25.379999,11.800187,3086374.0,1.0151999600000001,0.9964,1.0151999600000001,-0.19000099999999875,0.04184499999999858,-1329598.0,1.006988910465224,1.006500337956915,1.0077859358588084,0.9884929562957737,0.9903798579184243,0.9903215155377972,0.9965661812412897,0.9980608960615317,0.9991878542398569,-0.2571427142857142,-0.12071435714285705,-0.03566666666666667,-0.07106928571428586,-0.04350535714285719,-0.0038745333333333556,-4860.142857142857,-94094.78571428571,-77686.8
2006-07-24,25.360001,25.469999,24.969999,25.34,11.781587,2341236.0,1.0043374603967878,0.9846213728461604,0.9992113170657998,0.36000100000000046,-0.018599999999999284,-745138.0,1.0073917744234764,1.0064103644308937,1.0071175110324426,0.9879760550192966,0.9900009954513446,0.9901960400707902,0.9978625789650649,0.998431000814553,0.9985550362243835,-0.14285714285714285,-0.10285699999999995,-0.01566663333333326,-0.05047928571428579,-0.0431733571428571,-0.014878066666666653,-70990.85714285714,-47077.28571428572,-91537.66666666667
2006-07-25,25.620001,25.75,25.42,25.610001,11.907124,2651767.0,1.0050741215818064,0.9921935600236707,0.9996096799527838,0.259999999999998,0.12553699999999957,310531.0,1.0070005830869488,1.005724755357596,1.0071711749773942,0.9885349620316068,0.9895777551671061,0.9905003609450718,0.999480931681534,0.9978656570898002,0.9989654281735411,0.0028572857142852926,-0.06857135714285713,-0.011999966666666731,0.02059057142857133,-0.038855571428571496,-0.000619766666666699,-559784.2857142857,-17217.785714285714,-68552.9
2006-07-26,25.799999,25.809999,24.98,25.290001,11.758342,4600598.0,1.000387596914248,0.9682170917913602,0.9802326348927378,0.1799980000000012,-0.14878199999999886,1948831.0,1.0067713780929115,1.004999426085598,1.006435471256912,0.9876940286449427,0.9877916266299815,0.9895328665826114,0.9972261743440709,0.9958620447147677,0.9980832430761933,0.09999985714285689,-0.054285714285714395,0.013999999999999938,0.019262142857142957,-0.04948285714285713,-0.004029466666666615,-532074.8571428572,36649.5,21968.333333333332
2006-07-27,25.0,25.58,24.940001,25.48,11.846682,4834170.0,1.0231999999999999,0.9976000399999999,1.0192,-0.7999989999999997,0.08833999999999875,233572.0,1.0087142352357688,1.0066035463548266,1.0069478769870779,0.9886083143592285,0.9882035130162198,0.9901573676173603,1.0010547514869281,0.9975516432818099,0.9991146312193656,0.0,-0.1385714999999999,-0.01833329999999999,0.044501428571428595,-0.044501357142857224,0.003564633333333293,141379.57142857142,155125.2857142857,-327575.8
2006-07-28,25.34,25.4,24.879999,25.1,11.670005,5380244.0,1.0023677979479084,0.9818468429360695,0.9905288082083663,0.33999999999999986,-0.17667699999999975,546074.0,1.0078476670711267,1.0060739754353796,1.0070268035853416,0.9874493148704627,0.9869874807826412,0.9900586888200208,1.0011360327513477,0.9961764302381099,0.9991235579908353,0.06285714285714304,-0.08857142857142845,-0.011000000000000062,0.029889142857142708,-0.05778549999999998,-0.004959333333333345,95570.0,189865.2142857143,32619.6
2006-07-31,25.34,25.559999,25.15,25.25,11.739743,3498999.0,1.0086818863456986,0.9925019731649566,0.9964483030781374,0.0,0.06973800000000097,-1881245.0,1.0084641175980642,1.006694110174358,1.0072636843687757,0.9876258401088881,0.9871438384570809,0.9900713225426615,1.0000615290282608,0.9962953131809915,0.9992677360439153,0.02142842857142873,-0.10714285714285714,-0.0016666333333333228,-0.0026570000000000044,-0.04815471428571426,0.0009298666666666714,-130996.14285714286,5414.142857142857,27208.733333333334
2006-08-01,25.200001,25.639999,25.07,25.549999,11.879226,2891199.0,1.0174602374023716,0.9948412303634432,1.0138888089726663,-0.13999899999999954,0.13948299999999847,-607800.0,1.0087870143698314,1.0078879624175276,1.0074590242821881,0.9874031587322373,0.9879480575140054,0.9899926968881094,0.9998742217386416,0.9982202014899657,0.9993440283430043,0.028571571428571474,-0.11428557142857139,0.006666700000000011,0.011291285714285695,-0.029889000000000086,0.004029466666666615,-27882.14285714286,-16371.142857142857,-39036.8
2006-08-02,25.299999,25.549999,25.24,25.549999,11.879226,3651434.0,1.0098814233154714,0.9976284979299801,1.0098814233154714,0.09999799999999937,0.0,760235.0,1.0095790090725005,1.0084853917479886,1.0076184717260372,0.9892613194584972,0.9886186872388969,0.9903842363615925,1.0013985226314517,0.9996305507982584,0.999804128074435,-0.008571714285714396,-0.07571442857142863,-0.006666700000000011,0.013948428571428449,-0.018265428571428672,0.002324766666666633,187171.14285714287,58090.142857142855,3745.3
2006-08-03,25.68,25.780001,25.66,25.74,11.967566,4967313.0,1.0038941199376947,0.9992211838006231,1.0023364485981308,0.38000100000000003,0.08834000000000053,1315879.0,1.009410437409056,1.0082055102480025,1.0068649294002399,0.9902652657123474,0.9894001138719772,0.9905011713789009,1.0017880610093586,1.0006344963454463,0.999115576854674,0.008571285714285892,0.005714285714285593,0.0006666666666666524,0.008634571428571445,0.014612571428571388,-0.007903933333333354,330792.28571428574,-114496.0,-31954.0
2006-08-04,25.65,25.790001,25.450001,25.65,11.925717,4568622.0,1.0054581286549709,0.9922027680311891,1.0,-0.030000000000001137,-0.04184899999999914,-398691.0,1.010134799086302,1.0084530885896068,1.0070468670220722,0.993691790889466,0.9906929097672045,0.9908002080063633,1.004611970310396,1.0009190723272334,0.9994712691819098,-0.02142842857142873,0.039285714285714084,-0.019666666666666662,0.02391071428571426,0.02158642857142861,-0.004804599999999996,-4568.0,-268321.4285714286,35231.4
2006-08-07,25.700001,25.74,25.5,25.690001,11.944321,1671423.0,1.0015563812623975,0.9922178602249859,0.9996108949567745,0.05000100000000174,0.018603999999999843,-2897199.0,1.007042853552359,1.0078785443940637,1.0070731742200147,0.9929229080644639,0.9907656112118461,0.9908604555655827,1.0018135267327923,1.0014341391098602,0.9994838724698821,0.1000001428571429,0.05000007142857145,-0.012333299999999998,0.013948428571428704,0.029224928571428648,-0.005579233333333337,-451821.0,-155220.7142857143,-24917.733333333334
2006-08-08,25.790001,26.219999,25.690001,26.15,12.15819,4179854.0,1.0166730509238833,0.996122528262019,1.013958859482014,0.08999999999999986,0.21386899999999898,2508431.0,1.0090864611203554,1.0084670640957412,1.007400891137493,0.9949622916824568,0.9912058032764597,0.9908705679724679,1.0051606769147419,1.0031483548330447,1.000088529250767,0.06428585714285719,0.06357150000000011,-0.0173332666666667,0.06974071428571424,0.049814928571428475,-0.0007749333333333534,-171484.2857142857,-37957.142857142855,18043.233333333334
2006-08-09,26.0,26.299999,25.67,26.120001,12.144244,4524088.0,1.011538423076923,0.9873076923076923,1.004615423076923,0.20999899999999982,-0.013945999999998904,344234.0,1.0094945377962448,1.0089793276971544,1.007630887284431,0.9942202515599903,0.9909230458344392,0.9907309609521044,1.00632740834314,1.0031944686857004,1.0001650683530985,0.0942857142857143,0.057857071428571515,0.004333300000000051,0.05778585714285711,0.027564428571428552,0.0029445666666666997,146441.2857142857,7722.571428571428,25915.266666666666
2006-08-10,25.83,26.469999,25.83,26.4,12.274426,5856512.0,1.0247773519163765,1.0,1.0220673635307782,-0.1700000000000017,0.13018199999999958,1332424.0,1.010539839869674,1.0096634271197527,1.0079297389815536,0.994957218650927,0.9911801886915822,0.9908466570570023,1.0074957732800132,1.0036849975093274,1.000553557537252,0.08999985714285685,0.059285714285714164,-0.003333333333333381,0.05645714285714298,0.03387421428571434,0.0030996000000000023,423616.14285714284,197867.0,85461.2
2006-08-11,26.41,26.549999,26.25,26.379999,12.265128,3055641.0,1.0053009844755774,0.9939416887542597,0.9988640287769784,0.5800000000000018,-0.009297999999999362,-2800871.0,1.0098854914639748,1.0097322502682378,1.007982059106198,0.9944305316258241,0.9918459255421607,0.9910054086359015,1.005921859774514,1.003660191202983,1.0007768846256335,0.1585715714285715,0.07499992857142855,-0.01299996666666665,0.05512885714285736,0.03453864285714291,-0.003254633333333305,-85113.28571428571,51028.92857142857,-226091.9
2006-08-14,26.25,26.75,26.25,26.549999,12.344166,4151245.0,1.019047619047619,1.0,1.0114285333333333,-0.16000000000000014,0.07903799999999883,1095604.0,1.0120502770511066,1.0107303572300814,1.0083547104865513,0.9945417910828781,0.9924035283976128,0.9911927447098117,1.0072207290224002,1.0045043950158794,1.0011578357367446,0.08142857142857148,0.044999928571428684,-0.014666699999999958,0.05379999999999997,0.031217285714285708,-0.0021698666666666827,-116581.14285714286,107105.57142857143,-8415.2
2006-08-15,26.620001,26.719999,26.459999,26.65,12.390662,4473854.0,1.0037564987319123,0.9939894066870997,1.0011269345932783,0.37000099999999847,0.0464960000000012,322609.0,1.0118071870620986,1.0109709930742004,1.008293357452246,0.9947970251765794,0.9942444080330227,0.9913282100198724,1.0073817196785828,1.0059968449944894,1.001394405205737,0.1385715714285714,0.05857157142857134,-0.005999933333333374,0.0664207142857143,0.04516571428571429,0.00015493333333337726,-13538.285714285714,-9053.142857142857,49117.86666666667
2006-08-16,26.860001,26.969999,26.83,26.889999,12.502245,4515044.0,1.0040952343970502,0.9988830603543164,1.0011168279554419,0.240000000000002,0.11158299999999954,41190.0,1.012169880367049,1.009606366959704,1.0079407769785482,0.9957491966236267,0.9943360523440453,0.9913536812315826,1.0075968529641066,1.0047051898484496,1.001180816400941,0.16571428571428573,0.13285721428571431,0.009333366666666738,0.07970342857142855,0.04682592857142863,0.0017047666666666571,406231.5714285714,-22794.714285714286,54074.26666666667
2006-08-17,27.040001,27.15,26.83,27.15,12.623133,4811255.0,1.0040680102045854,0.9922336911156179,1.0040680102045854,0.17999999999999972,0.120887999999999,296211.0,1.010369160264292,1.0097278106923238,1.0077249704279605,0.9951936484598551,0.9950779700711558,0.9913207078917331,1.0061838744959029,1.0056722757053225,1.0010403098029876,0.17857142857142858,0.12142864285714287,0.016000066666666632,0.06642042857142856,0.0680805714285714,0.005734366666666624,90200.14285714286,-40642.07142857143,24125.0
2006-08-18,27.1,27.209999,26.940001,27.040001,12.57199,6998460.0,1.0040590036900368,0.9940959778597785,0.9977860147601476,0.059999000000001246,-0.051142999999999716,2187205.0,1.0093006717804511,1.009397604788348,1.0078355266766017,0.9961634035387246,0.9951918275493574,0.9913961194673037,1.0052082447363633,1.0057678265397516,1.0011149896262788,0.15714285714285733,0.12571428571428583,0.0053333000000000885,0.061106571428571295,0.059446214285714206,0.003409633333333299,353481.71428571426,249961.5,144534.8
2006-08-21,27.01,27.24,26.92,26.969999,12.539439,2567653.0,1.0085153646797482,0.9966679007774898,0.998519029988893,-0.08999999999999986,-0.032550999999999775,-4430807.0,1.006977530746647,1.0087586853081605,1.007793312471921,0.9956873893640802,0.9953223040075037,0.9913226730196809,1.0018441970875227,1.004669985183768,1.0007395642652364,0.16857142857142904,0.12928564285714295,0.014333333333333443,0.03785899999999996,0.04715807142857147,0.0020145666666666765,-469837.0,-23110.428571428572,-5149.266666666666
2006-08-22,27.01,27.01,26.74,26.809999,12.465049,2912622.0,1.0,0.9900037023324694,0.9925952980377638,0.0,-0.07438999999999929,344969.0,1.006220247250136,1.0080528693570554,1.007793312471921,0.9951248198752533,0.9947776757505385,0.9913123642400031,1.0009486641247776,1.0034352619496458,1.0006666094705687,0.08571428571428592,0.12214292857142871,0.0056666666666667235,0.02856014285714283,0.0418445000000001,0.001704666666666673,-20431.285714285714,-52772.28571428572,-17019.3
2006-08-23,26.780001,26.82,26.49,26.639999,12.386014,4249525.0,1.001493614582016,0.9891709862146756,0.994772143585805,-0.22999900000000295,-0.07903500000000108,1336903.0,1.0037125323264784,1.0078814046887927,1.007818222758055,0.993577817905921,0.9940598044943995,0.9914986583282758,0.9985691798751307,1.0028949544487655,1.0009276685018613,0.07571442857142838,0.07857149999999992,-0.0006666000000000357,0.005978285714285698,0.029889142857142836,0.0029447333333333012,14040.0,-51270.57142857143,37637.666666666664
2006-08-24,26.6,26.629999,26.030001,26.200001,12.181438,4051362.0,1.0011277819548872,0.9785714661654135,0.9849624436090225,-0.1800009999999972,-0.20457599999999942,-198163.0,1.003337001358332,1.007572094210215,1.0078052350669173,0.9913752549742515,0.9930861400754155,0.9911763844744061,0.9962599668773799,1.0018208432779814,1.0007551988555161,-0.0028572857142852926,0.06785714285714306,0.007999966666666698,-0.029889142857142965,0.018265785714285672,0.0015498666666666475,-60356.0,-36947.142857142855,40439.666666666664
2006-08-25,26.280001,26.5,26.16,26.450001,12.297672,5364724.0,1.0083713467134192,0.9954337520763413,1.0064687973185389,-0.3199990000000028,0.11623400000000039,1313362.0,1.0039478745463846,1.0080588774567167,1.0078238645927813,0.9908824966488267,0.9933158466362267,0.9914148025123677,0.9970245339292508,1.0023106934466788,1.0013614517348841,-0.08285714285714312,0.04142857142857131,0.022666699999999908,-0.02922471428571427,0.02523935714285714,0.017822733333333337,121382.85714285714,263807.21428571426,-40184.433333333334
2006-08-28,26.450001,26.549999,26.35,26.450001,12.297672,1651975.0,1.0037806425791818,0.9962192439992725,1.0,0.1700000000000017,0.0,-3712749.0,1.0039068220284697,1.007137991146381,1.0078834849496703,0.9914518613464915,0.9933227549031735,0.9921519897957431,0.9964433896143101,1.0013136320551064,1.0014942538597182,-0.08428571428571427,0.04714285714285715,0.04500003333333329,-0.046494428571428416,0.00996300000000007,0.02247216666666668,-451325.71428571426,-180562.7857142857,-222438.23333333334
2006-08-29,26.5,26.959999,26.5,26.85,12.483651,3687106.0,1.0173584528301887,1.0,1.0132075471698114,0.04999899999999968,0.18597899999999967,2035131.0,1.005806743334206,1.0075537075573284,1.00814210004401,0.9922952930808089,0.9942293483097667,0.9924453217957432,0.9986464656728334,1.0019273552045984,1.002187840098712,-0.08571428571428592,0.03571428571428571,0.05,-0.012619857142857072,0.02424335714285711,0.03161596666666669,-473050.5714285714,-59784.42857142857,-5246.9
2006-08-30,27.0,27.200001,26.91,26.950001,12.530145,2687518.0,1.0074074444444445,0.9966666666666667,0.9981481851851852,0.5,0.04649399999999915,-999588.0,1.0056484690148768,1.006312999880762,1.0081078890221447,0.9922951167792629,0.9939912530716715,0.992668882706051,0.9985934878437324,1.0002188424656275,1.002460784959637,-0.001428571428571652,0.0835714285714287,0.07000000000000005,-0.0013277142857143684,0.018265642857142796,0.03564546666666661,17123.571428571428,-226356.7142857143,-67457.86666666667
2006-08-31,27.02,27.360001,27.02,27.25,12.669627,5030559.0,1.0125833086602516,1.0,1.0085122131754256,0.019999999999999574,0.139482000000001,2343041.0,1.0074460845377697,1.0068331658939529,1.0083817748889152,0.9937231593031957,0.9944239895892243,0.9929600061561851,1.0008673328633984,1.0009079984940878,1.0026121977608264,0.0014285714285711443,0.04357142857142853,0.0609999666666667,0.02922542857142853,0.02889278571428568,0.03037616666666665,302562.4285714286,141065.57142857142,20486.233333333334
2006-09-01,27.25,27.280001,27.030001,27.09,12.595235,3788982.0,1.0011009541284404,0.9919266422018348,0.9941284403669725,0.23000000000000043,-0.07439199999999957,-1241577.0,1.007389990187259,1.0055512612568687,1.00791180802653,0.9941168244442184,0.9938473211750697,0.9928108942295795,1.000775375260708,0.9996722775679193,1.0019098137730589,0.06714271428571449,0.07142857142857142,0.075,0.02988871428571446,0.017933500000000078,0.026501600000000045,-65791.85714285714,-25875.928571428572,23420.266666666666
2006-09-04,27.17,27.33,27.15,27.219999,12.655675,2547127.0,1.005888847994111,0.999263894000736,1.0018402281928598,-0.0799999999999983,0.06043999999999983,-1241855.0,1.0080701424785767,1.0057035719184544,1.0079635209464406,0.9970728855635503,0.9942240702689009,0.9932989782680653,1.0031864873441132,0.9997232271107466,1.001997444143961,0.08142857142857148,0.03928564285714309,0.06033330000000004,0.06774814285714292,0.01892949999999998,0.02913626666666668,-214890.7142857143,-137623.35714285713,6863.033333333334
2006-09-05,27.290001,27.440001,27.25,27.360001,12.720768,2314875.0,1.00549651866997,0.9985342250445501,1.002565042045986,0.12000099999999847,0.06509299999999918,-232252.0,1.007659452758084,1.0058036636522343,1.0079776008493793,0.9975158102732943,0.9941991534610605,0.9935103337687613,1.002628808019463,0.999826670974357,1.0020959562137342,0.14428571428571452,0.030714285714285694,0.055666666666666725,0.06044228571428561,0.015608785714285669,0.027121466666666667,-435692.71428571426,-157154.92857142858,-11229.733333333334
2006-09-06,27.459999,27.51,27.030001,27.09,12.595235,3789782.0,1.001820866781532,0.9843409316948627,0.986525891716165,0.16999799999999965,-0.125532999999999,1474907.0,1.0073794847869912,1.0056431534077306,1.0080253765116223,0.9958189085155215,0.9936353849310066,0.9940477950988781,1.0007039354074865,0.9985736625108983,1.0023057314411818,0.1442854285714285,0.029999857142857116,0.05533333333333334,0.04250900000000003,-0.001992714285714189,0.027896433333333328,305401.0,-72962.35714285714,-27027.2
2006-09-07,27.129999,27.4,26.940001,27.23,12.660325,2385832.0,1.0099521197918215,0.9929967561001384,1.0036859935011424,-0.3299999999999983,0.06508999999999965,-1403950.0,1.0063214372100815,1.0060640902721436,1.007583780504683,0.9948184451012556,0.9935568690910322,0.9938943523022161,0.9993437134548195,0.9989950895638264,1.0017885978912198,0.08999985714285737,0.002142785714285722,0.07099996666666672,0.025239142857142887,0.006309642857142909,0.027121433333333358,-185896.2857142857,-329473.4285714286,-81611.26666666666
2006-09-08,27.1,27.549999,27.1,27.4,12.739367,3264731.0,1.0166051291512914,1.0,1.0110701107011069,-0.02999900000000011,0.07904199999999939,878899.0,1.0076353921682026,1.0066419305915397,1.0080583582114624,0.995294635577446,0.9937948761783544,0.9944994575376804,1.001189702814237,0.9998915953289845,1.0024733079743113,0.014285714285714488,0.006428571428571418,0.05866666666666672,0.02988885714285721,0.01428057142857142,0.0356454,82459.0,49791.28571428572,-70517.1
2006-09-11,27.540001,27.540001,27.049999,27.200001,12.646379,2985467.0,1.0,0.9822076259183868,0.987654321435936,0.44000099999999875,-0.09298800000000007,-279264.0,1.0058377766453095,1.0066419305915397,1.007768961999939,0.9927528678515012,0.9932380135773485,0.9941563126294615,0.9982100039943098,0.9995386684288541,1.0021801752529045,0.07428585714285722,0.03785721428571419,0.07333336666666668,-0.003321142857142943,0.012952142857142792,0.030221199999999962,-292156.0,5203.214285714285,-17117.733333333334
2006-09-12,27.25,27.370001,27.129999,27.24,12.664974,4261966.0,1.0044037064220184,0.9955962935779817,0.9996330275229357,-0.2900010000000002,0.01859500000000125,1276499.0,1.0063095984015349,1.0068497942943968,1.007333744300594,0.9932771037623794,0.993696964103299,0.9941814814032793,0.998996373588019,0.9998858744243634,1.0017049825379134,0.0,0.03357135714285724,0.06833329999999999,0.009962714285714316,0.019925714285714387,0.026191600000000054,67569.14285714286,888.6428571428571,45692.23333333333
2006-09-13,27.43,27.450001,27.030001,27.219999,12.655675,4834201.0,1.0007291651476486,0.9854174626321546,0.9923441122858185,0.17999999999999972,-0.00929900000000039,572235.0,1.0055725008520402,1.0068213216653086,1.0070286690283332,0.9912990421382962,0.9941859638509233,0.9937744468933519,0.9976397856012987,1.0004131364727058,1.0011204055035918,0.03714285714285686,0.059285714285714164,0.07100003333333334,0.0,0.03387407142857146,0.025881633333333376,326724.85714285716,55917.07142857143,39425.566666666666
2006-09-14,27.35,27.440001,27.26,27.34,12.71147,4747499.0,1.0032907129798903,0.996709323583181,0.9996343692870201,-0.0799999999999983,0.05579499999999982,-86702.0,1.0052573857534575,1.0064584192557706,1.007008555463073,0.9910383419295294,0.9942770761014118,0.993690718219437,0.9972211180643036,0.9999249630418833,1.0010303361932213,0.008571285714285892,0.0764285000000002,0.055666666666666725,-0.0013282857142856233,0.029556999999999993,0.024796800000000018,347517.71428571426,-44087.5,-7327.133333333333
2006-09-15,27.299999,27.41,27.0,27.15,12.623133,3752030.0,1.0040293408069356,0.9890110252384992,0.9945055309342685,-0.05000100000000174,-0.088337000000001,-995469.0,1.005572882042801,1.006476183414896,1.0069609292014718,0.9917054981500488,0.9937622033327852,0.9935843267930141,0.9983610665240327,0.9995325009657596,1.0008471872243636,-0.022857142857142878,0.060714142857142814,0.054999966666666705,0.003985428571428378,0.023247214285714208,0.023247199999999957,-5393.142857142857,150003.92857142858,-27219.733333333334
2006-09-18,27.190001,27.34,27.049999,27.299999,12.692874,3310416.0,1.005516697112295,0.9948509748123953,1.0040455312965968,-0.10999800000000093,0.0697410000000005,-441614.0,1.0049392502314398,1.0056303437207608,1.0070929397298019,0.991970386537514,0.9933944158193848,0.993672097279261,0.9984124290662404,0.99887807126053,1.0009950084356911,0.00857171428571389,0.04928578571428562,0.049666666666666616,0.004649857142857071,0.01494449999999998,0.024951766666666646,132083.42857142858,-26906.428571428572,54633.1
2006-09-19,27.450001,27.459999,26.99,27.0,12.553391,3293549.0,1.0003642258519407,0.9832422228327058,0.983606521544389,0.26000000000000156,-0.13948300000000025,-16867.0,1.0026191211886757,1.005127256678439,1.0065493122274038,0.9895764183707577,0.992435526974102,0.9932427537649507,0.9944890591867093,0.9978393810004731,0.9999832638377703,0.0500001428571427,0.03214292857142859,0.05533333333333334,-0.02656800000000002,0.0016604285714285944,0.01317336666666667,4116.857142857143,43287.92857142857,-29543.5
2006-09-20,26.860001,26.879999,26.59,26.6,12.367416,3817146.0,1.000744527150241,0.9899478410294921,0.9903201418346932,-0.5899999999999999,-0.1859749999999991,523597.0,1.0027254822101386,1.0042816294277241,1.0061895156965144,0.99068216338663,0.9917175156190657,0.9933307587223439,0.994869890672246,0.9965399473332779,0.9995067544630293,-0.0971428571428571,-0.011428499999999937,0.028666700000000014,-0.03985185714285703,-0.021586499999999984,0.007439066666666664,118811.28571428571,-86672.35714285714,-23564.733333333334
2006-09-21,26.459999,26.65,26.120001,26.290001,12.223282,11874051.0,1.0071806881020668,0.987150490822014,0.9935752832039034,-0.40000200000000063,-0.1441340000000011,8056905.0,1.003122193878717,1.004715896140126,1.0056029602360372,0.9894756201357773,0.9913763619490784,0.9929024417497444,0.99400449862667,0.9965004361073444,0.9985570184521335,-0.11285728571428574,-0.05642864285714287,0.020999966666666717,-0.06309885714285736,-0.02656807142857152,-0.0017048000000000247,1087440.7142857143,577504.9285714285,200584.63333333333
2006-09-22,26.1,26.219999,25.879999,26.0,12.08845,4533907.0,1.004597662835249,0.9915708429118774,0.9961685823754789,-0.3599989999999984,-0.1348319999999994,-7340144.0,1.003674836405517,1.0046236686287786,1.0055795161813597,0.9903546744614521,0.9908268582998742,0.9928234135549984,0.9945508514966214,0.99609531854896,0.9984671702387502,-0.18999999999999975,-0.07642857142857144,-0.01033333333333329,-0.08103214285714293,-0.040516071428571464,-0.005889266666666693,-42899.142857142855,141912.85714285713,49275.53333333333
2006-09-25,26.0,26.25,25.98,26.1,12.134942,3982014.0,1.0096153846153846,0.9992307692307693,1.0038461538461538,-0.10000000000000142,0.046492000000000644,-551893.0,1.0045783609248733,1.0049178733391653,1.005265108366952,0.9907148809825361,0.9908766114560327,0.9927977725293573,0.9951525350050691,0.9961868265346862,0.9982144242558442,-0.19285714285714306,-0.09214292857142858,-0.008333333333333333,-0.08236114285714281,-0.04184471428571422,-0.006974133333333299,-109355.0,119081.35714285714,-5641.033333333334
2006-09-26,26.299999,26.34,26.07,26.07,12.120996,4752143.0,1.001520950628173,0.9912547905420073,0.9912547905420073,0.2999989999999997,-0.01394600000000068,770129.0,1.0042200194707642,1.0048964507567826,1.0051905900968274,0.9910354188830374,0.991370458516543,0.9927066186578543,0.9946881435204604,0.9965246050222465,0.9978853527874685,-0.14285714285714285,-0.08285714285714287,-0.010666733333333293,-0.07173385714285706,-0.03387421428571434,-0.008988866666666696,142873.2857142857,68740.07142857143,9276.3
2006-09-27,26.309999,26.860001,26.309999,26.76,12.441804,6534448.0,1.0209046758230587,1.0,1.0171038014862714,0.010000000000001563,0.32080799999999954,1782305.0,1.0064183021437305,1.0056787761875852,1.0057509048110276,0.991770993909838,0.991870690223676,0.992743849979377,0.9965536106904137,0.9974830198783271,0.9984182519051628,-0.12571457142857106,-0.058571428571428594,-0.018333399999999975,-0.03586714285714291,-0.015608642857142918,-0.0020147000000000285,460576.0,296329.71428571426,67313.46666666666
2006-09-28,26.889999,26.889999,26.65,26.799999,12.460404,3224366.0,1.0,0.9910747858339451,0.9966530307420242,0.5799999999999983,0.01860000000000106,-3310082.0,1.0063662698791676,1.0044926955339215,1.0056153044708747,0.9928899314814437,0.9912331749261006,0.9927052198033213,0.9984173977186473,0.9964532284526783,0.9981710859230774,-0.08000028571428583,-0.015000071428571562,-0.005000066666666688,-0.013283857142857005,-0.019925928571428515,-0.00542429999999996,-9883.285714285714,-2883.214285714286,-52896.3
2006-09-29,26.75,26.889999,26.719999,26.860001,12.488298,6720624.0,1.0052336074766355,0.9988784672897196,1.0041121869158878,-0.13999899999999954,0.027893999999999863,3496258.0,1.0070075670686525,1.0048665246393955,1.005654457930428,0.9941657352329046,0.9924239493097673,0.9928646361176526,1.000387689873104,0.9976287902726748,0.9983819583282688,-0.015714428571428636,-0.05642864285714287,-0.011666666666666714,0.017268857142857134,-0.011291499999999946,-0.002789733333333307,414782.5714285714,266796.9285714286,-9261.2
2006-10-02,26.91,27.18,26.75,26.950001,12.530145,1353604.0,1.0100334448160535,0.9940542549238202,1.0014864734299518,0.16000000000000014,0.04184699999999886,-5367020.0,1.007415103742079,1.0052686488103981,1.0057050606016382,0.9951519872474484,0.9923138036916129,0.9927775145891969,1.0015178599053964,0.9977611792660331,0.9984808731096373,0.06428585714285719,-0.024285714285714275,-0.003333333333333381,0.04383757142857141,-0.009630642857142975,-0.0003098000000000193,-1502921.0,-207740.14285714287,-40468.3
2006-10-03,26.91,27.17,26.790001,27.129999,12.613832,2089608.0,1.0096618357487923,0.9955407283537718,1.0081753623188405,0.0,0.08368700000000118,736004.0,1.0081385570154424,1.0059066967104797,1.0060271217932646,0.9957191137391476,0.9930368941002998,0.9929620821232404,1.0032331141830195,0.9988919828398205,0.9990002085856733,0.11571428571428553,-0.03714285714285711,-0.003333333333333381,0.0750545714285715,-0.0029887857142857194,0.00495943333333333,-349185.5714285714,-196042.35714285713,-27433.8
2006-10-04,26.959999,27.219999,26.91,27.030001,12.567339,5790665.0,1.0096439172716587,0.9981454376166705,1.0025965134494255,0.04999899999999968,-0.046492999999999896,3701057.0,1.008142633109196,1.0063604970170346,1.006298798549586,0.9955640663657049,0.9931394736741205,0.993261230503307,1.003054594126344,0.9991035645657066,0.9992610209144606,0.13714271428571426,-0.027857214285714398,0.005999933333333374,0.061770999999999986,-0.010295071428571414,0.006044166666666702,258378.7142857143,74511.85714285714,51371.333333333336
2006-10-05,27.290001,27.610001,27.26,27.549999,12.809109,4082196.0,1.011725906495936,0.9989006596225483,1.0095272257410324,0.33000200000000035,0.24176999999999893,-1708469.0,1.009600483947448,1.006910251709106,1.006652069367621,0.9966563333772108,0.9938458761301241,0.9939388702852113,1.005664942011919,1.0001765427661897,1.0000798469855277,0.14142885714285722,-0.000714142857142822,0.02300003333333329,0.09830185714285708,0.01328400000000001,0.020922366666666647,-95706.71428571429,23583.285714285714,1027.8
2006-10-06,27.469999,27.74,27.389999,27.42,12.748666,3427711.0,1.0098289410203471,0.9970877319653342,0.9981798688816843,0.1799980000000012,-0.06044299999999936,-654485.0,1.008018236118489,1.0072182691311098,1.0067006558445186,0.9962402950865441,0.9940056444981911,0.9939940029481779,1.0029615230684066,0.9997575668794102,0.9998035493709658,0.16571428571428573,0.01999985714285733,0.03966660000000009,0.04383742857142866,0.003985142857142877,0.015033133333333322,-443819.5714285714,8378.214285714286,-64567.1
2006-10-09,27.639999,27.67,27.34,27.34,12.71147,2351508.0,1.0010854197208907,0.9891462007650579,0.9891462007650579,0.16999999999999815,-0.037195999999999785,-1076203.0,1.0081732960786163,1.007269782978892,1.0066108150825757,0.9959647829338462,0.9944273572076447,0.9937582348403706,1.0018891187859829,1.0001532582523152,0.9994417560631345,0.10714285714285714,0.013571285714285659,0.039666599999999975,0.0358665714285714,0.011291357142857197,0.013793266666666663,-124694.0,-67288.64285714286,23317.766666666666
2006-10-10,27.5,27.629999,27.27,27.35,12.716121,3299484.0,1.0047272363636364,0.9916363636363636,0.9945454545454546,-0.13999899999999954,0.0046509999999990725,947976.0,1.0081009573481878,1.0075542622084201,1.0061897745336905,0.9949301966976524,0.9945479659652784,0.9934794469615827,1.000522442733064,1.0004550663030838,0.9988196863089891,0.10714285714285714,0.045714214285714254,0.03333333333333333,0.03254614285714271,0.024907499999999923,0.007748999999999976,-488734.28571428574,-36975.857142857145,-12920.733333333334
2006-10-11,27.35,27.889999,27.25,27.780001,12.916045,4388707.0,1.0197440219378426,0.9963436928702011,1.0157221572212065,-0.14999999999999858,0.1999240000000011,1089223.0,1.0094881826513007,1.00845164319669,1.0066009937834706,0.9952572592614211,0.9952046232544347,0.9934686811683673,1.0025561118461002,1.0020369858757483,0.9994054853768566,0.06285714285714304,0.06357150000000011,0.011666666666666714,0.0551285714285716,0.04948307142857151,0.012863333333333374,433586.14285714284,-534667.4285714285,56706.3
2006-10-12,27.85,27.99,27.68,27.809999,12.929992,4170376.0,1.0050269299820467,0.9938958707360861,0.9985636983842011,0.5,0.013946999999999932,-218331.0,1.0088260532560513,1.0084823051357468,1.006349114494197,0.9950222796017517,0.9953706966704496,0.9932652101929035,1.0011830169982947,1.0022080655906571,0.999073868217149,0.13428571428571448,0.125,0.027666666666666728,0.04516571428571429,0.06011014285714289,0.008678833333333339,297252.5714285714,-25966.5,-28672.766666666666
2006-10-13,28.0,28.08,27.799999,27.809999,12.929992,4666512.0,1.002857142857143,0.9928571071428571,0.9932142500000001,0.14999999999999858,0.0,496136.0,1.0078565140539775,1.0079995735815868,1.006407654118487,0.9942668038197783,0.9949154350927417,0.9932962256909376,0.9998426936483767,1.0014486438873604,0.9990433952049166,0.14857157142857144,0.14285714285714285,0.025,0.05180757142857141,0.0567892857142857,0.011158566666666658,-160593.2857142857,48892.71428571428,29251.0
2006-10-16,27.77,27.9,27.549999,27.799999,12.925344,4318257.0,1.0046813107670147,0.9920777457688152,1.0010802664746128,-0.23000000000000043,-0.004647999999999541,-348255.0,1.00685014323556,1.008225313591504,1.0063674028775837,0.9932921018406736,0.9949742176089422,0.9930566874165403,0.9986359851817453,1.0021504635968321,0.9990180631476417,0.06857128571428563,0.10500007142857141,0.019999999999999928,0.016605000000000203,0.05745342857142864,0.00898896666666668,33723.0,-30991.85714285714,59037.666666666664
2006-10-17,27.879999,27.879999,27.57,27.639999,12.850952,3613388.0,1.0,0.9888809536901346,0.9913916783139052,0.10999900000000196,-0.07439200000000135,-704869.0,1.005446008804082,1.0067321224612855,1.006184185588585,0.9921197049442166,0.9941800000153804,0.9927349117047263,0.9976662436720626,1.0003138833702345,0.9986456176899057,0.058571428571428594,0.11214285714285717,0.019666600000000044,0.014612285714285633,0.029224857142857146,0.004339466666666662,26525.285714285714,-208647.14285714287,43283.76666666667
2006-10-18,27.6,28.040001,27.42,27.98,13.009028,6674071.0,1.0159420652173912,0.9934782608695653,1.0137681159420289,-0.2799990000000001,0.15807600000000122,3060683.0,1.0075683867321534,1.007870841405385,1.0066548922031135,0.9927385706734319,0.9943516768036389,0.993039489343883,1.0011836601259156,1.0015363894559492,0.9995536918307678,-0.005714142857142589,0.050714357142857276,0.004666700000000053,0.042508285714285776,0.03918742857142859,0.013793100000000003,617509.0,246407.5,96142.96666666666
2006-10-19,28.120001,28.33,28.01,28.1,13.064826,5152960.0,1.0074679584826474,0.9960881580338494,0.9992887269100739,0.520000999999997,0.05579799999999935,-1521111.0,1.0079599184634407,1.0080304379058143,1.006572086826141,0.993374541301644,0.9941523689996483,0.9931425360750068,1.0018612704637184,1.001191856598391,0.9994071162777323,0.08857157142857121,0.09785721428571417,0.033000066666666564,0.0498150000000001,0.04118057142857141,0.01348336666666666,264782.28571428574,-111976.0,92237.6
2006-10-20,28.200001,28.41,28.110001,28.23,13.125269,2983356.0,1.0074467727855754,0.9968085107514713,1.0010637942885179,0.08000000000000185,0.06044299999999936,-2169604.0,1.0062031685845454,1.007845675617923,1.006266808280617,0.9934409438561113,0.9943491015587662,0.9930361531000558,0.9997672186161913,1.0011616652311457,0.9990735723973125,0.12142871428571413,0.09214292857142858,0.03666669999999996,0.029889142857142708,0.04250885714285716,0.012863399999999992,-200764.42857142858,116410.85714285714,-9379.166666666666
2006-10-23,28.290001,28.41,28.16,28.209999,13.115968,3845670.0,1.0042417460501327,0.9954047014703181,0.9971720750381027,0.08999999999999986,-0.009300999999998893,862314.0,1.006090999451415,1.007458526353733,1.0064081998156216,0.9936564911038587,0.9943393853528051,0.9934760556184535,0.9995684152810345,1.0003757161396645,0.9993908308507181,0.06285728571428553,0.0985715,0.025,0.02656800000000002,0.03586685714285715,0.0156529666666667,-46386.57142857143,125433.0,28673.433333333334
2006-10-24,28.219999,28.35,28.1,28.15,13.088075,4865034.0,1.0046066975409886,0.9957477319542074,0.9975195250715635,-0.07000199999999879,-0.027893000000000612,1019364.0,1.0063409358348214,1.0070987249443994,1.0064149661862538,0.9940694375054803,0.9941681206626293,0.9934811035643277,1.000183454576972,1.0000130741126745,0.9993203807690059,0.03142842857142877,0.09000000000000011,0.032333300000000044,0.022583285714285646,0.03719542857142853,0.014103366666666636,28360.285714285714,-66116.5,20102.266666666666
2006-10-25,28.15,28.559999,28.15,28.42,13.213605,3311575.0,1.0145647957371227,1.0,1.0095914742451155,-0.06999900000000281,0.12552999999999948,-1553459.0,1.0077528622591225,1.0073015027473413,1.0068761538725697,0.9952011881099352,0.9942466449753044,0.9939671881432559,1.0013993414013298,1.0000176632915374,0.9998952928343156,0.054285714285714146,0.061428499999999886,0.023999999999999962,0.04118014285714265,0.028892571428571427,0.01859766666666663,-143811.7142857143,-55044.357142857145,-50754.2
2006-10-26,28.75,28.99,28.700001,28.75,13.367036,7588918.0,1.0083478260869565,0.9982609043478261,1.0,0.6000000000000014,0.1534310000000012,4277343.0,1.0089454088429737,1.0071957088235277,1.007044724309472,0.9965411810610341,0.9943304430026253,0.9940189075020774,1.0026291016422004,1.0001476726571314,0.9999074805247484,0.12428585714285692,0.09142864285714276,0.04666666666666662,0.07372628571428587,0.04416928571428575,0.02185220000000001,567932.8571428572,297229.0714285714,94713.96666666666
2006-10-27,28.889999,29.120001,28.809999,28.860001,13.418179,14913230.0,1.0079613017639772,0.997230875639698,0.9989616475929958,0.13999899999999954,0.051142999999999716,7324312.0,1.0078052997782,1.0076868432551769,1.0071757896747067,0.9970772688853387,0.9949079197793853,0.9942929025154508,1.0005138918780527,1.0008487760019842,1.000056017746706,0.18428557142857116,0.08928571428571429,0.053,0.0584501428571428,0.05047921428571429,0.02650153333333337,1177022.7142857143,897265.8571428572,372040.0
2006-10-30,28.790001,29.02,28.709999,28.75,13.367036,3893975.0,1.0079888500177545,0.9972211880089896,0.9986105940044948,-0.09999799999999937,-0.051142999999999716,-11019255.0,1.007879712854644,1.0079198156590423,1.0072581947715553,0.9972391303103586,0.9953068358060014,0.994371909622004,1.0004170157486842,1.0011391431062013,0.9998748531703024,0.09571428571428596,0.09214292857142858,0.05333333333333338,0.04317285714285722,0.04649392857142866,0.022472066666666693,-179855.0,42463.642857142855,19451.966666666667
2006-10-31,28.799999,29.23,28.75,29.040001,13.501866,5639743.0,1.0149305907962012,0.9982639235508307,1.008333403067132,0.009997999999999507,0.13482999999999912,1745768.0,1.0089488297133047,1.007575999148925,1.0077437402696972,0.997447046424553,0.995443995140332,0.9948726329792748,1.0014555312884863,1.0006113749523389,1.000699082554394,0.08571399999999992,0.10357135714285702,0.04499993333333331,0.05379957142857147,0.04184435714285709,0.031615833333333336,379483.85714285716,89359.71428571429,78206.46666666666
2006-11-01,29.09,29.540001,29.09,29.540001,13.734338,8007844.0,1.0154692677896184,1.0,1.0154692677896184,0.2900010000000002,0.23247199999999957,2368101.0,1.0105527613903742,1.0083218804208947,1.0082345649576765,0.9981035176430788,0.9958800043734687,0.9952077049449584,1.0040694159672743,1.0018189156241544,1.0015373867528914,0.11428557142857139,0.08857142857142845,0.07433329999999998,0.08833857142857125,0.05745328571428564,0.04556406666666663,594596.2857142857,274104.85714285716,139689.93333333332
2006-11-02,29.379999,29.620001,29.27,29.59,13.757585999999998,8347484.0,1.0081688906796762,0.9962559903422733,1.007147753817146,0.28999900000000167,0.023247999999998825,339640.0,1.0110616461244724,1.008701290979647,1.008267505043597,0.9981761259842311,0.9961227817448556,0.9955112215956337,1.0054448772166433,1.0028141658968077,1.0019898024399996,0.16571428571428573,0.09857135714285725,0.0973333333333334,0.09564442857142831,0.05911385714285698,0.05114346666666662,497492.85714285716,262926.5714285714,-117552.23333333334
2006-11-03,29.5,29.73,29.43,29.719999,13.818026,7644355.0,1.0077966101694915,0.9976271186440678,1.0074575932203391,0.12000099999999847,0.060440000000001604,-703129.0,1.0100947624719536,1.008923812365538,1.008374136621405,0.9978371429333837,0.9965191655216594,0.9957130974533733,1.0051400370702466,1.0032696892357882,1.002366102801495,0.19285714285714306,0.1235714285714286,0.11333333333333329,0.08634585714285718,0.06376299999999992,0.057652533333333325,618968.5714285715,237578.42857142858,103681.6
2006-11-06,29.68,29.809999,29.360001,29.4,13.669247,5316761.0,1.0043800202156334,0.9892183625336928,0.9905660377358491,0.17999999999999972,-0.14877899999999933,-2327594.0,1.0095279330617646,1.009236670952369,1.0081996244747464,0.9965453512456504,0.9965432661533421,0.9953793505634708,1.003792328175368,1.003210714908784,1.0019234322644845,0.1328571428571428,0.12857149999999987,0.12266666666666666,0.04317299999999997,0.05844964285714292,0.051143499999999995,-324593.85714285716,121669.5,44491.566666666666
2006-11-07,29.639999,29.92,29.52,29.799999,13.855220999999998,5112553.0,1.0094467277141272,0.9959514506056495,1.0053981108433911,-0.040001000000000175,0.18597399999999809,-204208.0,1.009740136768929,1.0087727182735644,1.0084638170442783,0.9963625762407863,0.9967199225630624,0.9955359058989255,1.0047118229254244,1.0026128574017386,1.0023948762745307,0.10714285714285714,0.14571421428571416,0.11133333333333333,0.062434571428571166,0.060442357142856985,0.05780749999999995,-1400096.7142857143,-111537.0,12013.666666666666
2006-11-08,30.0,30.209999,29.75,30.030001,13.96216,8704378.0,1.0069999666666667,0.9916666666666667,1.0010000333333333,0.36000100000000046,0.10693900000000234,3591825.0,1.0095988677187735,1.0087392902867087,1.0080003267390654,0.995569073191883,0.9964041017511208,0.9952581281211477,1.005053171400973,1.0027350935748287,1.0018580840027662,0.17285699999999998,0.13428564285714298,0.12300003333333329,0.08501771428571432,0.06409528571428577,0.05067853333333338,687200.4285714285,253672.7142857143,72331.0
2006-11-09,29.91,29.91,29.48,29.48,14.028782,2035330.0,1.0,0.9856235372785022,0.9856235372785022,-0.08999999999999986,0.06662199999999885,-6669048.0,1.0074659261764591,1.008207377944882,1.0080003267390654,0.9937633037244075,0.9956051750744802,0.9950764198359663,1.00180890485974,1.001632218074113,1.0014904342206488,0.1585715714285715,0.1221427857142857,0.10066670000000003,0.07527371428571428,0.06453664285714288,0.052279266666666636,-514916.14285714284,-67716.14285714286,-39634.53333333333
2006-11-10,29.5,29.5,29.190001,29.23,13.909816,96700.0,1.0,0.9894915593220338,0.9908474576271187,-0.41000000000000014,-0.11896600000000035,-1938630.0,1.0052560307779423,1.007904396084158,1.0078258731565106,0.9922620979132695,0.9951828077781741,0.9947635229037101,0.9982915034079543,1.0011804596876144,1.0010482765776898,0.058571428571428594,0.08642849999999999,0.09166666666666666,0.025068285714285717,0.05670342857142848,0.0473839333333333,-1130163.4285714286,-267783.5714285714,-220797.46666666667
2006-11-13,28.58,28.799999,28.540001,28.6,13.610012,4294997.0,1.007697655703289,0.998600454863541,1.0006997900629813,-0.9200000000000017,-0.29980399999999996,4198297.0,1.005188711495601,1.0081251788100367,1.0077480135194186,0.9925970214163077,0.9953865737002694,0.9949150629017008,0.9973703657287878,1.0014076214727157,1.0010220537987908,-0.11428557142857189,0.02571435714285692,0.05566666666666661,-0.021081999999999823,0.037281214285714244,0.03599556666666667,-578926.7142857143,-40716.92857142857,98046.43333333333
2006-11-14,28.85,29.17,28.809999,28.9,13.752776999999998,4510077.0,1.0110918544194107,0.9986134835355286,1.001733102253033,0.2700000000000031,0.14276499999999892,215080.0,1.0056594606741611,1.0078771115730574,1.0077956808084392,0.9927379306865164,0.99528753680995,0.995017488074426,0.996552581304887,1.0008463091875668,1.0008073117965972,-0.09285714285714265,0.050000000000000204,0.0646666666666667,-0.00932128571428592,0.03851228571428563,0.03796483333333326,-447754.0,85607.28571428571,80682.3
2006-11-15,29.120001,29.290001,28.700001,28.85,13.728984,4196361.0,1.0058379118874343,0.985576923572221,0.9907279879557698,0.27000099999999705,-0.023792999999997733,-313716.0,1.0058677309129898,1.0076978319873773,1.0076688139622985,0.9922177251205918,0.994381538183121,0.9945985376062777,0.9965757170505898,1.0001840226129788,1.000411694280142,-0.07999985714285732,0.026428642857142748,0.07200006666666663,0.008533857142857164,0.025853428571428565,0.0387215,-160057.14285714287,-242325.5,-53143.46666666667
2006-11-16,28.940001,28.940001,28.389999,28.65,13.633804,3574711.0,1.0,0.9809950939531757,0.9899792332419063,-0.17999999999999972,-0.09518000000000093,-621650.0,1.0045181983824,1.0071291675756646,1.0072779504124338,0.9900811027416669,0.9932218394912267,0.9940016854172987,0.9943730202503778,0.9995424215879011,0.9997600945301712,-0.0999997142857144,0.0035715714285713723,0.05499999999999995,-0.03163099999999984,0.015401785714285663,0.02748983333333334,-219691.7142857143,-809894.2142857143,-16916.166666666668
2006-11-17,28.700001,28.719999,28.25,28.49,13.557665,3878231.0,1.0006967944008085,0.9843205231944069,0.9926828922410141,-0.23999999999999844,-0.07613899999999951,303520.0,1.003617745201563,1.0066083064601685,1.0069735455251159,0.9890316536742014,0.9923003634330422,0.993576111791601,0.9931848572371893,0.9991190143190811,0.9995768619754822,-0.1857141428571428,-0.006428571428571418,0.04100006666666663,-0.0577850000000001,0.013616357142857107,0.026966633333333333,-689449.5714285715,-1124.5714285714287,15017.333333333334
2006-11-20,28.700001,28.73,27.809999,27.870001,13.262624,5094828.0,1.0010452612876215,0.9689894784324223,0.9710801403804828,0.0,-0.29504099999999944,1216597.0,1.003767068242652,1.0056164972095556,1.0069722069106737,0.9866553595533328,0.9902093316388701,0.9929042210471799,0.9911072291089008,0.9964580669843203,0.998974659962663,-0.17285699999999998,-0.00714271428571424,0.03533340000000003,-0.10945114285714272,-0.017088714285714218,0.01837180000000001,437071.14285714284,-38922.5,91444.0
2006-11-21,27.92,28.290001,27.66,27.83,13.243587,5715472.0,1.0132521848137535,0.9906876790830945,0.9967765042979941,-0.7800009999999986,-0.01903700000000086,620644.0,1.0056602375017596,1.0054581341398507,1.0072563718590108,0.9868262338049129,0.9895441658590912,0.9928725982287376,0.9919542357761688,0.9951228695920615,0.9990490282877478,-0.22571428571428548,-0.08357142857142844,0.014000000000000058,-0.09517557142857136,-0.03505364285714282,0.017582200000000013,802681.7142857143,-163740.85714285713,80532.93333333333
2006-11-22,28.190001,28.379999,27.940001,28.049999,13.348279000000002,4861645.0,1.0067399075296237,0.9911316072674137,0.9950336291226098,0.27000099999999705,0.10469200000000178,-853827.0,1.0055234163340931,1.005356063914847,1.0068229013787369,0.9857592555768946,0.9891781384966013,0.992698862041978,0.9911447842132585,0.9942575749710232,0.9983594106844611,-0.05571414285714279,-0.08499985714285734,0.028000033333333244,-0.037390428571428255,-0.02923621428571404,0.014407800000000037,80949.71428571429,-248988.5,15764.6
2006-11-23,28.09,28.51,28.059999,28.25,13.443456,5273770.0,1.0149519401922393,0.9989319686721254,1.0056959772160912,-0.1000009999999989,0.09517699999999785,412125.0,1.006074857158783,1.005867158916472,1.00715373505241,0.9858047534535513,0.9892713420700339,0.9928667319731793,0.9917109092079812,0.994131745256434,0.9985971533121909,-0.10857142857142879,-0.10071428571428573,0.007999999999999948,-0.04418871428571412,-0.026755000000000022,0.017115466666666634,109099.0,-169327.5,36779.8
2006-11-24,28.200001,28.25,27.84,28.129999,13.386348000000002,5514704.0,1.0017730141215244,0.9872340075448933,0.9975176596624944,0.11000100000000046,-0.057107999999997716,240934.0,1.0054941574779386,1.0056809441954642,1.0071175974278892,0.9860414797353617,0.9891296024279768,0.9926792953199138,0.9926808623089417,0.9946282896797658,0.9987406003009406,-0.13142857142857117,-0.10571421428571424,0.006666700000000011,-0.04894799999999983,-0.020207071428571335,0.01521186666666671,188334.7142857143,14138.785714285714,28273.066666666666
2006-11-27,28.129999,28.23,27.85,27.959999,13.305454,2984288.0,1.003554959244755,0.9900462492017863,0.9939566297176192,-0.07000199999999879,-0.08089400000000246,-2530416.0,1.0060020087986181,1.005260103590509,1.0070800523771473,0.9873345019137346,0.9887078023277008,0.9926115787676795,0.9932490618054722,0.993811041027925,0.9985031457423741,-0.11571457142857103,-0.10785714285714272,0.011999966666666731,-0.04690714285714291,-0.039269071428571375,0.01267033333333328,-84346.14285714286,-152018.92857142858,-44465.63333333333
2006-11-28,27.6,27.77,27.43,27.620001,13.143657,8499161.0,1.006159420289855,0.9938405797101448,1.0007246739130433,-0.5299990000000001,-0.16179699999999997,5514873.0,1.0067823839256247,1.005200064563594,1.007285366386809,0.9886945099874114,0.9888630818308064,0.9927768996350133,0.9943978877586194,0.9937913724979044,0.9988142455956787,-0.15714299999999984,-0.17142857142857132,-0.009333300000000004,-0.05914400000000012,-0.05846450000000011,0.009756833333333326,660132.8571428572,-14658.357142857143,162859.1
2006-11-29,27.790001,28.280001,27.610001,28.280001,13.457734,6210161.0,1.0176322411791205,0.9935228501790986,1.0176322411791205,0.19000099999999875,0.31407700000000105,-2289000.0,1.0091519524815529,1.0064595103621026,1.0073417055855336,0.9921992773797939,0.9894273184665633,0.992778385945331,1.0010481878727104,0.9960777084908056,0.9989430497702485,-0.13000000000000003,-0.1514285,0.0063333666666666255,0.027872857142857095,-0.04078914285714281,0.014956866666666653,159333.2857142857,298202.21428571426,-15463.666666666666
2006-11-30,28.690001,28.73,28.219999,28.450001,13.538631,4811495.0,1.001394179107906,0.9836179162210557,0.9916347162204701,0.8999999999999986,0.08089700000000022,-1398666.0,1.007457951666432,1.0065590945840959,1.0071392462730422,0.9911893112566454,0.9890077725307791,0.9923627112182379,1.0003136467187785,0.9961339412474736,0.9986879160805949,0.11000014285714244,-0.057857071428571515,0.01900000000000001,0.04214914285714296,-0.0265132142857142,0.015793500000000016,-129139.57142857143,336771.0714285714,-11382.166666666666
2006-12-01,28.52,28.52,27.870001,28.120001,13.381595,4762098.0,1.0,0.9772090112201963,0.9859747896213183,-0.17000099999999918,-0.15703599999999973,-49397.0,1.0064951077336286,1.0060092620338608,1.006891020513523,0.9892003689641857,0.9874798122705403,0.9917093945671954,0.9990195267900225,0.9950821555016406,0.9981849492583551,0.047142714285714406,-0.004285714285714194,0.010666633333333309,0.004759428571428462,-0.016315499999999896,0.008544200000000047,-14221.0,33364.357142857145,59291.4
2006-12-04,27.950001,28.030001,27.73,27.82,13.238832,4003383.0,1.0028622539226384,0.9921287659345701,0.9953488015975384,-0.5699989999999993,-0.14276300000000042,-758715.0,1.0047680096951142,1.0054214334269487,1.0068450374426066,0.9882284828588208,0.9870166181561861,0.9916001967160037,0.997541358844515,0.9946261340262481,0.9981241734770028,-0.019999857142857076,-0.06428564285714293,-0.011333333333333329,-0.029231999999999862,-0.03671035714285699,0.004095466666666662,-181483.85714285713,-36192.42857142857,5257.1
2006-12-05,28.1,28.110001,27.49,27.49,13.081792,4953044.0,1.0003559074733095,0.9782918149466191,0.9782918149466191,0.1499990000000011,-0.1570400000000003,949661.0,1.0045655658882262,1.0050298616830826,1.0067033444403506,0.986951026773353,0.9864962532543574,0.9910183328157508,0.9947948095993899,0.9937378359541659,0.9974832498061713,-0.014285857142856986,-0.07285721428571408,-0.003999966666666665,-0.04350800000000023,-0.04622800000000003,-0.00020943333333332722,-80237.14285714286,54048.78571428572,2933.6666666666665
2006-12-06,27.84,28.049999,27.68,27.870001,13.262624,4286198.0,1.0075430675287356,0.9942528735632183,1.0010776221264368,-0.26000000000000156,0.18083200000000055,-666846.0,1.0051352956430806,1.0055686522208493,1.0064692868334042,0.9875519731107004,0.9874432375122175,0.9908267619345247,0.995812094229221,0.9945305780173467,0.9971994547355488,-0.04142842857142881,-0.07857149999999992,-0.01033333333333329,-0.006118571428571228,-0.026512857142857067,0.0016339666666667085,185987.14285714287,50820.5,32487.433333333334
2006-12-07,27.82,28.07,27.690001,27.809999,13.234072,2914442.0,1.0089863407620416,0.9953271387491013,0.9996405104241554,-0.019999999999999574,-0.028552000000001243,-1371756.0,1.0055391414248216,1.0061607626752231,1.006490570655907,0.9877643386876942,0.9882294243375528,0.9907289697479005,0.9956572137308084,0.9950275507447138,0.9971874717496874,0.031428571428571264,-0.0628572142857143,-0.03099999999999999,0.01291642857142859,-0.023113785714285764,-0.0044321333333333735,-797817.0,-68842.07142857143,-155815.86666666667
2006-12-08,27.77,27.950001,27.6,27.6,13.134138,3387892.0,1.0064818509182571,0.9938782859200577,0.9938782859200577,-0.05000000000000071,-0.0999339999999993,473450.0,1.0039462285304126,1.0065490905059828,1.0064412556277165,0.9878151152221168,0.9900071963009553,0.9906172167572458,0.9922637915509424,0.9966559897118265,0.9970180263605892,-0.0028572857142858004,-0.06642864285714291,-0.0373333,-0.04622800000000003,-0.009177571428571467,-0.00946803333333334,-403181.28571428574,-121924.0,-384177.93333333335
2006-12-11,27.870001,28.15,27.73,27.91,13.281657,4260602.0,1.0100466088967848,0.9949766417302964,1.001435199087363,0.1000009999999989,0.14751899999999907,872710.0,1.0051822899288239,1.006320120797628,1.0065098475903507,0.9894377902948657,0.9903135507757554,0.9905423985479561,0.9936638605319269,0.9969887536253527,0.9971121798633517,-0.11714285714285719,-0.0035713571428573738,-0.030666666666666724,-0.03671057142857163,0.00271928571428567,-0.002845966666666714,-78699.0,-103919.28571428571,12220.9
2006-12-12,27.93,28.200001,27.92,28.040001,13.343520000000002,3180497.0,1.009667060508414,0.9996419620479772,1.0039384532760474,0.059999000000001246,0.061863000000002444,-1080105.0,1.006563298572883,1.0065292031532558,1.0063343965807579,0.9926424975559771,0.9909214332600814,0.9905883331645277,0.9962300981968882,0.9976248124934554,0.9969656815369822,-0.08428571428571427,-0.018571499999999932,-0.028999966666666665,-0.005439285714285599,-0.0003399285714285684,-0.005278199999999937,-225943.0,-120082.0,-81974.86666666667
2006-12-13,28.059999,28.280001,28.059999,28.18,13.410144,3479990.0,1.0078404136792734,1.0,1.0042765860397926,0.12999900000000153,0.06662399999999913,299493.0,1.0072744642524023,1.0060212369737582,1.0060801014437464,0.9937669595653242,0.9909977212120725,0.9905883331645277,0.9975054959743531,0.997523427409434,0.9965925921453213,0.015714000000000134,-0.0021429285714284724,-0.03433336666666662,0.02447314285714291,-0.002379428571428477,-0.010806466666666618,-74770.42857142857,-128127.14285714286,-150928.46666666667
2006-12-14,28.43,28.5,28.299999,28.5,13.562422,3342748.0,1.0024621878297573,0.9954273302849103,1.0024621878297573,0.37000099999999847,0.15227799999999903,-137242.0,1.0075753614461804,1.0060704636672033,1.0058898780154157,0.9962148903279372,0.9915829585506452,0.9905607111626156,1.00095840638623,0.99787660799281,0.9964364066124084,0.047142857142856896,0.016428499999999957,-0.031666633333333395,0.06866142857142853,0.012576714285714148,-0.006505466666666611,-230042.2857142857,-155139.7142857143,-166824.53333333333
2006-12-15,28.5,28.540001,28.200001,28.35,13.491044,3434916.0,1.0014035438596491,0.9894737192982457,0.9947368421052633,0.07000000000000028,-0.07137799999999928,92168.0,1.006698286636311,1.0059167911396958,1.0056767758050877,0.9955321540043698,0.9915420635575352,0.9902889311844215,1.0000525806689196,0.9979323374490703,0.9960123815752392,0.0942857142857143,0.026428642857142748,-0.03333333333333333,0.03263142857142855,0.01325642857142866,-0.010899399999999974,-121611.71428571429,32187.714285714286,-140314.63333333333
2006-12-18,28.440001,28.49,28.25,28.4,13.514837,3869298.0,1.001758051977565,0.9933192337088877,0.998593495126811,-0.059999000000001246,0.02379299999999951,434382.0,1.0056656739528143,1.0056024076888181,1.0055893768638187,0.9952453104271964,0.9915048245574454,0.9904256268902613,0.9999030070550132,0.9977801103929107,0.9962799634882713,0.08857157142857121,0.060000071428571236,-0.04133330000000003,0.0401092857142858,0.026512857142857196,-0.005147000000000013,136408.0,-330704.5,-48248.76666666667
2006-12-19,28.450001,28.459999,28.059999,28.25,13.443456,4709328.0,1.0003514235377355,0.9862916700776214,0.9929700881205593,0.010000000000001563,-0.07138100000000058,840030.0,1.00478989861274,1.0043680635715762,1.005286200057939,0.9941615081639912,0.9909883116930541,0.9901036342059938,0.9997732645122276,0.996018528031585,0.9958656960641769,0.0971430000000001,0.04714285714285715,-0.039666599999999975,0.04418828571428562,-0.0010198571428572073,-0.013725499999999969,188776.57142857142,-107202.35714285714,-13440.833333333334
2006-12-20,28.52,28.530001,28.25,28.25,13.443456,4959507.0,1.0003506661991584,0.9905329593267882,0.9905329593267882,0.06999899999999926,0.0,250179.0,1.0034047639416506,1.004293526935237,1.005064556709022,0.9935266963920615,0.9914822433434635,0.9900658439613311,0.9982158016892885,0.9959398311106077,0.995516793597292,0.09285700000000016,-0.012142928571428513,-0.04933333333333335,0.023114142857142892,-0.006798214285714366,-0.01729013333333338,99843.57142857143,10572.285714285714,-124829.03333333334
2006-12-21,28.4,28.459999,28.129999,28.33,13.481528,11114130.0,1.0021126408450705,0.9904929225352114,0.9975352112676056,-0.120000000000001,0.03807200000000144,6154623.0,1.0023255611326012,1.0044444298527422,1.0051349780705245,0.9922196907473807,0.992431094151679,0.9902281568032214,0.9973010528309396,0.9967655755139139,0.9959138493969288,0.06714285714285698,-0.008571428571428643,-0.05033333333333338,0.019715428571428464,0.007138071428571432,-0.01824179999999996,1133376.142857143,453716.5714285714,302626.6666666667
2006-12-22,28.34,28.57,28.209999,28.49,13.557665,7767478.0,1.0081157374735357,0.9954128087508821,1.0052928722653494,-0.05999999999999872,0.07613699999999923,-3346652.0,1.0023648931032103,1.0048196786778063,1.0054055026529756,0.9915643777117923,0.9926656686385583,0.990425531784183,0.9974462365774477,0.9974758662759003,0.9963953632182031,0.04000014285714266,0.027857071428571394,-0.03866666666666667,0.021074428571428477,0.022773785714285694,-0.01173836666666664,612498.2857142857,268863.9285714286,255692.6
2006-12-27,28.5,28.559999,28.43,28.52,13.571939000000002,1621125.0,1.0021052280701754,0.9975438596491228,1.0007017543859649,0.16000000000000014,0.014274000000002118,-6146353.0,1.0023138988518414,1.0049446301490108,1.0052190883985384,0.9918667390495371,0.9940408146887372,0.9903903119437024,0.9971947460854773,0.9990765762358536,0.9963954286956358,0.01000000000000004,0.02857142857142847,-0.0026666666666666098,0.0013595714285717772,0.03501050000000015,-0.0012690999999999046,-245946.14285714287,-237994.2142857143,-89129.06666666667
2006-12-28,28.57,28.6,28.299999,28.309999,13.472010999999998,2029540.0,1.0010500525026251,0.9905494924746238,0.9908995099754988,0.07000000000000028,-0.09992800000000379,408415.0,1.0022634000865522,1.0044808433614316,1.0048843616679788,0.9920204209318768,0.9937762874681233,0.9901215122416722,0.9966465557812253,0.9983495682250724,0.9960343089530513,0.01000000000000004,0.05214285714285717,-0.00933333333333337,-0.0027190000000002967,0.014956214285714127,-0.009358866666666662,-200768.0,-161189.85714285713,-82684.56666666667
2006-12-29,28.4,28.4,28.200001,28.209999,13.42442,1656996.0,1.0,0.9929577816901409,0.993309823943662,-0.1700000000000017,-0.04759099999999883,-372544.0,1.002012249804043,1.0038389618784287,1.0046897646050643,0.9919687849291987,0.9936070476781974,0.9903675408456029,0.995891745612204,0.9978973763336085,0.9961203701526478,-0.005714428571428597,0.04142857142857131,-0.02400003333333333,-0.012916714285714346,0.013596285714285727,-0.010152133333333365,-316043.14285714284,-89817.57142857143,-84645.5
2007-01-02,28.280001,28.280001,28.110001,28.129999,13.386348000000002,1473820.0,1.0,0.9939886847953082,0.9946958276274461,-0.11999899999999997,-0.038071999999997885,-183176.0,1.0019620464415093,1.0033759725271245,1.0046897646050643,0.9930683584602968,0.993614933312144,0.9908006605403407,0.9961382798274735,0.9979557721698507,0.9962775899654991,-0.02428571428571453,0.03642864285714279,-0.022000000000000006,-0.008158285714285387,0.018015000000000114,-0.008248533333333263,-462215.4285714286,-136719.42857142858,-70029.7
2007-01-03,28.32,28.32,28.1,28.200001,13.419660999999998,2430403.0,1.0,0.9922316384180792,0.9957627471751412,0.03999900000000167,0.03331299999999615,956583.0,1.0019119512702008,1.0026583576059258,1.0046665381250375,0.9933110269019098,0.9934188616469857,0.9910643643811298,0.9968853923772383,0.9975505970332633,0.9963802517966367,-0.02857142857142847,0.032142785714285846,-0.012666700000000001,-0.003399285714285938,0.009857428571428477,-0.004600133333333408,-361300.5714285714,-130728.5,-48260.933333333334
2007-01-04,28.200001,28.440001,28.1,28.299999,13.467249,2868313.0,1.0085106379960767,0.9964538653739764,1.0035460282430486,-0.11999899999999997,0.04758800000000285,437910.0,1.0028259508632018,1.0025757559979016,1.0049153840153193,0.9941625901645904,0.9931911404559856,0.9919798439458483,0.9977440805165873,0.9975225666737634,0.9974624480587223,-0.028571285714285466,0.01928578571428576,-0.016666666666666666,-0.002039857142857165,0.008837785714285649,0.006820833333333335,-1177973.857142857,-22298.85714285714,-74217.16666666667
2007-01-05,28.440001,28.549999,28.0,28.0,13.32449,3700388.0,1.0038677213829916,0.9845287980123489,0.9845287980123489,0.23999999999999844,-0.14275899999999986,832075.0,1.0022190914216955,1.002291992262453,1.0046025685676274,0.992607731487657,0.9920860545997249,0.9917745479101566,0.9947777841947302,0.9961120103860889,0.997054191182534,0.014285857142856986,0.027142999999999824,0.01733336666666657,-0.03331071428571418,-0.00611814285714285,0.002696766666666702,-581012.8571428572,15742.714285714286,-67169.46666666666
2007-01-08,27.950001,27.950001,27.43,27.51,13.091311,4314042.0,1.0,0.9813953137246757,0.9842575676473143,-0.48999999999999844,-0.23317900000000158,613654.0,1.0019183445545277,1.0021161217031846,1.0043779049833066,0.9903007963555933,0.9910837677025652,0.9914500047920655,0.9924286146606373,0.9948116803730572,0.9966949891333575,-0.07857128571428566,-0.03428564285714281,-0.007999999999999948,-0.06866114285714328,-0.03365078571428575,-0.008565600000000078,384702.4285714286,69378.14285714286,-18253.433333333334
2007-01-09,27.82,27.83,27.6,27.690001,13.176966,5505154.0,1.0003594536304816,0.9920920201294033,0.9953271387491013,-0.13000100000000003,0.08565500000000092,1191112.0,1.001819687572793,1.0020415438296726,1.0038914887645811,0.9905211574491332,0.991270789190505,0.991222006507308,0.993061133056866,0.9948538444190457,0.9963493611844579,-0.10714285714285714,-0.04857142857142855,-0.008999999999999985,-0.04214928571428546,-0.022434142857142878,-0.008882999999999974,496516.28571428574,147874.14285714287,7712.8
2007-01-10,27.790001,27.790001,27.559999,27.620001,13.143657,4543225.0,1.0,0.9917235699271836,0.9938826918358152,-0.02999900000000011,-0.03330900000000092,-961929.0,1.001819687572793,1.0019159686884178,1.0038323882938638,0.9903448414829965,0.9911568132060975,0.9913716585867177,0.9931429713271738,0.9945173584696888,0.9962281955902353,-0.08714271428571406,-0.046428571428571326,-0.01366666666666667,-0.04010900000000005,-0.026512857142857196,-0.008089700000000082,412318.4285714286,48137.642857142855,-32382.633333333335
2007-01-11,27.809999,27.940001,27.58,27.940001,13.295936,3815912.0,1.0046746495747805,0.9917296293322412,1.0046746495747805,0.01999800000000107,0.15227900000000005,-727313.0,1.0024874946549043,1.0022247705482068,1.0038697113048647,0.9900221192739869,0.9915452388671417,0.9914277712577328,0.99456851731965,0.9953533985735618,0.9965854629188073,-0.06714314285714248,-0.0457144285714285,-0.010666666666666677,-0.01291600000000034,-0.010537142857142865,-0.00031726666666666384,334584.5714285714,-63815.42857142857,27720.8
2007-01-12,28.120001,28.16,27.99,28.120001,13.381595,2595088.0,1.0014224394942235,0.9953769205057994,1.0,0.3100019999999972,0.08565900000000148,-1220824.0,1.0026907002969363,1.0023013257835687,1.0037118119450104,0.9904714452865184,0.9918912360942141,0.991478982617588,0.9951738391517726,0.9960296157645054,0.9965613071217059,-0.028571285714285972,-0.02857135714285722,0.01733336666666657,-0.005437999999999578,-0.004418642857142758,0.007931266666666718,23526.428571428572,-168887.07142857142,-196802.43333333332
2007-01-15,28.190001,28.219999,27.809999,28.200001,13.419660999999998,3360180.0,1.0010641361807686,0.9865199720993271,1.0003547357093034,0.07000000000000028,0.03806599999999705,765092.0,1.0016269143233207,1.0022264325932613,1.0031595417783985,0.9890523176758542,0.9916074539202223,0.9912455533482624,0.9947179402183807,0.9962310103674838,0.9959853902727118,-0.001428571428571652,-0.014999928571428558,0.013333333333333286,-0.006798285714286122,-0.004419071428571643,-0.0012691000000000822,70266.71428571429,-553853.5714285715,-94999.36666666667
2007-01-16,28.15,28.24,27.98,28.0,13.32449,3541887.0,1.0031971580817052,0.9939609236234459,0.9946714031971581,-0.040001000000000175,-0.09517099999999701,181707.0,1.0015311195659942,1.0018751054938448,1.0032196410775251,0.9903997641917252,0.9915037478396912,0.9915903202616753,0.9961668838162103,0.9954723340054702,0.9960866131719349,-0.04142871428571431,-0.013571428571428663,-0.01800003333333334,0.0,-0.01665535714285709,-0.007138033333333323,-22643.0,-301827.9285714286,-42320.26666666667
2007-01-17,28.15,28.15,27.719999,27.780001,13.219796,3154262.0,1.0,0.9847246536412079,0.9868561634103019,0.0,-0.10469400000000029,-387625.0,1.0015311195659942,1.001724732060261,1.0032196410775251,0.9908753841798011,0.9905880902676972,0.991840841675709,0.9965381117823514,0.9944833632214943,0.9961159922982343,0.028571285714285466,-0.025000000000000102,-0.012333333333333366,0.018355000000000184,-0.025153071428571545,-0.005393300000000008,-165682.85714285713,109509.78571428571,-53594.53333333333
2007-01-18,28.01,28.110001,27.700001,28.1,13.372075,4175987.0,1.0035701892181363,0.9889325598000713,1.0032131381649412,-0.13999999999999702,0.15227900000000005,1021725.0,1.0019897960785162,1.0019047418256546,1.0032432389207082,0.9904240327041823,0.9904725950766579,0.9917343014712257,0.9976646831274715,0.9953629080921688,0.9963781368504812,0.027142857142857326,-0.03999999999999991,0.001999966666666708,0.027872714285714344,-0.007138285714285557,0.004441433333333341,-189881.0,153317.64285714287,5753.466666666666
2007-01-19,28.0,28.27,27.950001,28.27,13.452976,6391857.0,1.009642857142857,0.9982143214285715,1.009642857142857,-0.010000000000001563,0.080900999999999,2215870.0,1.0033673470989244,1.0025935173358587,1.0035528039096933,0.9913512829186663,0.9908480622008314,0.9923983850206242,0.9999161353141918,0.9965295533206827,0.9974231715903558,0.029999857142857116,-0.02857142857142847,-0.003333333333333381,0.04418842857142862,0.0020397142857142875,0.012372799999999984,264090.28571428574,338204.35714285716,47960.433333333334
2007-01-22,28.440001,28.639999,28.35,28.59,13.605251999999998,5150509.0,1.0070322782337455,0.9968354079875034,1.0052742262561805,0.44000099999999875,0.15227599999999875,-1241348.0,1.0037041511930622,1.0030958229239832,1.0035357775998603,0.9920806798694181,0.9910513995717025,0.9924844695014338,1.0000017891258204,0.997285153222735,0.9975630583946805,0.09000028571428535,0.011428571428571439,0.020000033333333295,0.04418799999999986,0.01563599999999976,0.011420933333333256,190656.7142857143,262620.64285714284,28810.366666666665
2007-01-23,28.5,28.74,28.32,28.700001,13.657598000000002,3361435.0,1.0084210526315789,0.9936842105263158,1.0070175789473685,0.059999000000001246,0.052346000000003556,-1789074.0,1.0047039530698274,1.0036973266833817,1.0035169346621784,0.9918388641580632,0.9911551547222909,0.9924297052273409,1.001004300404016,0.9980890697778942,0.9978089606787875,0.05428557142857165,0.012857142857142836,0.022666666666666658,0.03942900000000016,0.01699550000000029,0.014117533333333416,109478.14285714286,66502.28571428571,14899.766666666666
2007-01-24,28.860001,28.940001,28.65,28.799999,13.705188,5408585.0,1.0027720026759528,0.9927234583255904,0.9979209286929684,0.36000100000000046,0.0475899999999978,2047150.0,1.0049479339977108,1.0032874241605159,1.0033932730541013,0.992725076476101,0.9908886970759776,0.992391210974192,1.0006566136873964,0.9976872769528885,0.9979437154378846,0.09571428571428596,0.04714285714285715,0.03633336666666669,0.040789571428571696,0.016995642857142786,0.019034999999999986,292629.28571428574,181448.0,67356.43333333333
2007-01-25,29.0,29.16,28.82,28.93,13.767051,7502659.0,1.0055172413793103,0.9937931034482759,0.9975862068965518,0.13999899999999954,0.06186300000000067,2094074.0,1.0052793744687973,1.0034052470173958,1.0032422941368524,0.9927011021653624,0.9915504331785437,0.9923517596981246,1.0010730142158812,0.9986199490160459,0.997815415698191,0.12142857142857164,0.03999992857142866,0.03766663333333339,0.06322299999999993,0.031611499999999966,0.01617980000000004,565824.5714285715,271590.78571428574,108068.56666666667
2007-01-29,29.0,29.129999,28.780001,28.959999,13.781327,4191178.0,1.004482724137931,0.9924138275862069,0.9986206551724138,0.0,0.014275999999998845,-3311481.0,1.0059197636313588,1.0037254415986765,1.0030694829245028,0.9937995555860765,0.9923374698829388,0.9921108218827323,1.0027536558961831,0.9996458838392671,0.997638155761403,0.12142857142857164,0.07499992857142855,0.03566666666666667,0.0802187142857141,0.04928685714285714,0.014593566666666587,148130.85714285713,-8776.0,33689.36666666667
2007-01-30,28.9,29.290001,28.860001,29.280001,13.933612,4264410.0,1.0134948442906575,0.9986159515570935,1.0131488235294117,-0.10000000000000142,0.1522850000000009,73232.0,1.007337571498862,1.004663683788689,1.0032579639448822,0.995182897265651,0.9928034649849167,0.9920646869346353,1.0041730395196788,1.000918861323575,0.9979338970110571,0.12714285714285672,0.07714285714285703,0.028000033333333244,0.08021957142857136,0.054046142857142855,0.017448933333333312,12631.857142857143,-88624.57142857143,26147.333333333332
2007-01-31,29.209999,29.35,29.059999,29.110001,13.852707999999998,6010029.0,1.0047929135499114,0.9948647721624366,0.9965765832446623,0.30999900000000125,-0.08090400000000209,1745619.0,1.0066447224141553,1.00500603475654,1.0033356548022208,0.9947043902276318,0.9930278365731491,0.9920459349972195,1.0023064289627939,1.0011112821384929,0.997737710191554,0.17285699999999998,0.10142842857142854,0.02599996666666667,0.057104571428571206,0.050646499999999914,0.009676199999999942,-54546.857142857145,104771.71428571429,88909.36666666667
2007-02-01,29.27,29.51,29.17,29.5,14.038301,5166993.0,1.0081995216945678,0.9965835326272635,1.0078578749572942,0.06000099999999975,0.18559300000000256,-843036.0,1.0068114714799872,1.0052578113365247,1.003562187396718,0.9946684080333118,0.9933745439513649,0.9922829287748535,1.0026755216343815,1.001338655380101,0.9981750779532883,0.11857128571428584,0.1042857857142856,0.025666666666666654,0.06186414285714318,0.05302607142857152,0.018241900000000002,2354.8571428571427,96505.78571428571,57735.9
2007-02-02,29.700001,29.719999,29.309999,29.41,13.995473,3717134.0,1.000673333310662,0.9868686199707536,0.9902356568944223,0.43000100000000074,-0.04282800000000009,-1449859.0,1.005704654434142,1.0052043037519847,1.0035260301078215,0.9936947522396601,0.9927668081988615,0.9920679083169157,1.0002781041982465,1.000641202301131,0.9978964833455419,0.17142871428571432,0.11285714285714299,0.04200000000000005,0.04826785714285694,0.04384842857142855,0.016021200000000017,50814.142857142855,80146.14285714286,-5072.133333333333
2007-02-05,29.450001,29.559999,29.25,29.379999,13.981194,3599216.0,1.0037350762738515,0.993208794797664,0.9976230221520197,-0.25,-0.014279000000000153,-117918.0,1.0058422363766988,1.0053950851872049,1.0036388185323584,0.993764086021385,0.9932445812487429,0.9922984791409171,1.000235546120968,1.0004460799041823,0.9980515811465906,0.08428571428571427,0.09000000000000011,0.03333333333333333,0.039429428571428664,0.04010950000000018,0.01792460000000003,-258481.2857142857,17074.0,-37003.73333333333
2007-02-06,29.5,29.91,29.440001,29.860001,14.209616,4651438.0,1.0138983050847459,0.9979661355932203,1.0122034237288136,0.04999899999999968,0.22842200000000012,1052222.0,1.007039531191761,1.006159452830279,1.0040904064952114,0.9943602334706626,0.9935306678180125,0.9925462516831315,1.0023237199541482,1.0016983670850148,0.9987739299599915,0.07142857142857142,0.09642857142857153,0.032666666666666684,0.06322357142857145,0.06322328571428569,0.025538666666666703,-407317.28571428574,79253.64285714286,-10268.966666666667
2007-02-07,30.049999,30.059999,29.66,29.85,14.204854999999998,4554950.0,1.0003327787132372,0.9870216634616195,0.9933444590131268,0.5499989999999997,-0.004761000000002014,-96488.0,1.0064466818453763,1.0061832227383676,1.0040310777574837,0.9935899243100073,0.9936947399480418,0.992430543047345,1.0015699776456786,1.0021618167709307,0.9986342382181754,0.1499998571428571,0.13571421428571437,0.054999966666666705,0.06050399999999989,0.07036135714285699,0.02411089999999992,51967.42857142857,100049.14285714286,-218639.33333333334
2007-02-08,29.799999,29.940001,29.379999,29.540001,14.057334,5114461.0,1.0046980538489279,0.9859060397955047,0.9912752346065515,-0.25,-0.14752099999999757,559511.0,1.0051899974965577,1.0062637844977098,1.0039171549699968,0.9917742226297802,0.9934785599477156,0.9921136507488325,0.9984451792281271,1.001309109373903,0.9981669836295489,0.12857128571428586,0.1278570714285713,0.04866663333333333,0.01767457142857154,0.04894707142857145,0.01665563333333336,121435.85714285714,67033.85714285714,-88433.9
2007-02-09,29.6,29.860001,29.450001,29.65,14.109682,4107005.0,1.0087838175675676,0.9949324662162162,1.001689189189189,-0.19999899999999826,0.05234799999999851,-1007456.0,1.0057601266419371,1.0062024245280463,1.0041397746199097,0.9917838932088917,0.9932441417182617,0.9920266043010689,0.9991755515059167,1.0007409902343554,0.9981998981229897,0.055714428571428797,0.1142857142857144,0.036666666666666715,0.03671057142857163,0.04690757142857142,0.017924766666666574,-271860.5714285714,-163203.7142857143,82862.66666666667
2007-02-12,29.540001,29.540001,29.209999,29.360001,13.971679,4791081.0,1.0,0.9888286395115559,0.9939065675725604,-0.059999000000001246,-0.13800299999999943,684076.0,1.004588766399856,1.0057001189399217,1.0041047728698222,0.9906760513352193,0.9926722296842655,0.9919692425356333,0.9971825075938119,0.9999290146140967,0.9983001333762253,0.03857157142857152,0.07857142857142867,0.03233336666666666,-0.009517428571428661,0.02617335714285726,0.01665560000000005,-53701.71428571428,-25673.428571428572,92051.36666666667
2007-02-13,29.440001,29.639999,29.360001,29.57,14.07161,5122012.0,1.0067934100953326,0.9972826087879549,1.0044157267521832,-0.10000000000000142,0.09993099999999977,330931.0,1.0054630630833805,1.005583858758761,1.0043312198730001,0.9921637640233908,0.9929292581315253,0.9921134034388939,0.9992082318592063,0.9997431680287263,0.9986703301365092,-0.037142857142857366,0.06714292857142848,0.03466670000000001,0.010876714285714175,0.029572285714285558,0.021573000000000005,200696.85714285713,125755.5,115500.53333333334
2007-02-14,29.75,29.780001,29.41,29.459999,14.019265,3476711.0,1.0010084369747898,0.9885714285714285,0.9902520672268907,0.30999900000000125,-0.052344999999998976,-1645301.0,1.0050735431835143,1.0054578897801065,1.0043648344388265,0.9915012831339285,0.9926326845776566,0.9919328282314311,0.9981552382984736,0.9991953922097208,0.998522204789824,0.04285699999999996,0.06357135714285711,0.048999966666666714,0.005438714285714344,0.022434071428571505,0.021097233333333302,-17500.714285714286,-137991.0,66763.03333333334
2007-02-15,29.6,29.639999,29.43,29.559999,14.066852,2916868.0,1.0013513175675675,0.9942567567567567,0.9986486148648649,-0.14999999999999858,0.047587000000000046,-559843.0,1.003281116395346,1.0051603237935536,1.0044098783577453,0.9909713718715766,0.9926658026711196,0.9920003321760537,0.9962188370321953,0.9992712784931718,0.9986184003794815,0.014285714285714488,0.04285714285714296,0.04266666666666671,-0.020394857142857097,0.021414357142857172,0.021573033333333432,-247795.7142857143,-327556.5,16215.5
2007-02-16,29.5,29.549999,29.07,29.25,13.91933,3801880.0,1.001694881355932,0.9854237288135593,0.9915254237288136,-0.10000000000000142,-0.14752200000000038,885012.0,1.0034757024871597,1.004961192166268,1.0041826864697405,0.9907430954932824,0.9921665099016448,0.9916326609573732,0.995958974848722,0.9987644762472003,0.9982177135623402,-0.07857128571428566,0.03571428571428571,0.04333329999999999,-0.04078928571428543,0.009857357142857228,0.015069366666666658,-107581.42857142857,-27807.0,31118.9
2007-02-19,29.440001,29.92,29.4,29.83,14.195338,3458456.0,1.0163043133048808,0.9986412704265872,1.01324724819133,-0.059999000000001246,0.27600799999999914,-343424.0,1.005133739552296,1.0051618685244266,1.0045972395338034,0.9925624141548656,0.9921683183923229,0.9921030767045145,0.9990978339322617,0.9987715065801944,0.999174995234973,-0.05142828571428585,0.038571500000000015,0.03333333333333333,0.019714857142856954,0.01869471428571425,0.029028266666666625,-236572.14285714287,-57568.142857142855,-8064.4
2007-02-20,29.879999,29.93,29.700001,29.700001,14.133474,3138633.0,1.0016733936303008,0.9939759703472547,0.9939759703472547,0.4399980000000028,-0.06186399999999992,-319823.0,1.0041179647041147,1.004939045673026,1.00465301932148,0.9924257718878711,0.9921048325483813,0.992522431925267,0.997995945526271,0.9985857485160938,0.9994989419916377,0.039999857142857156,0.04785714285714298,0.06433326666666671,0.0033988571428571796,0.0200547142857144,0.03473876666666668,-138338.85714285713,-205099.7142857143,-39180.3
2007-02-21,29.790001,29.84,29.610001,29.709999,14.138229999999998,3334301.0,1.0016783819510446,0.9939577041303221,0.9973144680324113,-0.08999800000000135,0.00475599999999865,195668.0,1.004357733554264,1.0044732499770601,1.0046969835988322,0.9931584954048377,0.9919172733700284,0.9925846213919645,0.998482788449107,0.9978326480214594,0.9995651863010813,0.03571428571428571,0.03714292857142861,0.0656667,0.023792999999999762,0.007137785714285551,0.03204213333333327,-208111.42857142858,-130906.57142857143,-72361.76666666666
2007-02-22,29.83,30.219999,29.76,30.190001,14.366654,5066395.0,1.013074052966812,0.9976533690915187,1.0120684210526316,0.03999899999999812,0.22842400000000218,1732094.0,1.0052549682501897,1.005359015666785,1.0051327853643928,0.9932114611624897,0.9926876125929402,0.992782281364109,0.999576030492028,0.9993921311756172,1.0001713772749752,0.05571414285714279,0.009285642857142713,0.0679999666666666,0.04214914285714296,0.02651292857142857,0.040766566666666705,-7945.285714285715,96375.78571428571,17439.0
2007-02-23,30.01,30.24,29.950001,30.1,14.323823999999998,6416888.0,1.007664111962679,0.9980006997667443,1.0029990003332223,0.18000000000000327,-0.042830000000002144,1350493.0,1.0062057789627452,1.0056396610731297,1.005232434110656,0.9945584999046776,0.993029891519303,0.992991317045259,1.0013970209357896,0.9997761296171317,1.0001155223002565,0.037142857142857366,0.03999992857142866,0.07333336666666668,0.043508428571428226,0.024473571428571286,0.0342629333333333,420025.28571428574,201262.2857142857,86699.2
2007-02-26,30.07,30.07,29.83,30.040001,14.295272,5599634.0,1.0,0.9920186232125041,0.9990023611572997,0.05999999999999872,-0.02855199999999769,-817254.0,1.00601273359595,1.004646924995648,1.0051850194608485,0.9942387665412129,0.9926050692063948,0.9928793738021491,1.0014475561204235,0.9988331965763093,1.0000822676721666,0.06714285714285698,0.04071428571428574,0.06499996666666673,0.03263142857142855,0.006118285714285727,0.030455899999999994,383252.28571428574,67728.28571428571,100151.53333333334
2007-02-27,30.049999,30.18,29.719999,29.719999,14.14299,4457869.0,1.0043261565499553,0.9890183024631716,0.9890183024631716,-0.0200010000000006,-0.15228200000000136,-1141765.0,1.0063886300522389,1.0049321662696993,1.0052937534731547,0.9947522770625861,0.9927476862779343,0.992962651480944,1.0010893959396172,0.9985241853941698,0.9997043865639622,0.07857128571428566,0.0,0.06199993333333336,0.03195142857142841,-0.004418928571428512,0.024110966666666716,93712.71428571429,-6934.357142857143,36589.63333333333
2007-02-28,29.16,29.620001,29.01,29.299999,13.943125,6741123.0,1.0157750685871056,0.9948559670781894,1.0048010631001372,-0.8899989999999995,-0.19986499999999907,2283254.0,1.0063130236639852,1.0057233816081406,1.005713017156668,0.9942115194413864,0.993386966798126,0.9929924862627687,0.999882798069447,0.9994903160008543,1.0000420418940614,-0.04000014285714266,-0.045714214285714254,0.03366666666666672,-0.03603042857142848,-0.008157785714285761,0.020621166666666645,468952.4285714286,116190.14285714286,106641.2
2007-03-01,29.549999,29.65,29.18,29.18,13.886018,4943384.0,1.0033841287101228,0.9874788828250045,0.9874788828250045,0.38999899999999954,-0.05710700000000024,-1797739.0,1.0065574143896743,1.0053376895468944,1.0058258214470055,0.9932833640810649,0.992854567984468,0.9930842939022286,0.9989546427091255,0.9984752941176982,1.000062799207885,-0.04714285714285741,-0.003571500000000124,0.04666663333333337,-0.035350857142857094,-0.01597599999999996,0.02220739999999998,257821.57142857142,59741.357142857145,59637.4
2007-03-02,29.190001,29.26,28.799999,28.860001,13.733739000000002,5379445.0,1.0023980471943117,0.9866391919616584,0.9886947588662296,-0.35999800000000093,-0.15227899999999828,436061.0,1.006660223710141,1.0055089786322025,1.0057867500462114,0.9922378623426844,0.992698178873761,0.9930078483076149,0.9977232556853852,0.9981030220672461,0.9995788532312612,-0.08571428571428592,-0.025000000000000102,0.03933336666666657,-0.057784428571428084,-0.016995714285714163,0.012055466666666704,292163.4285714286,42026.0,40115.26666666667
2007-03-05,28.85,28.860001,28.370001,28.370001,13.500565,6640114.0,1.0003466551126516,0.9833622530329288,0.9833622530329288,-0.34000099999999733,-0.23317400000000177,1260669.0,1.0048420240166895,1.0050484961334394,1.0054768766452045,0.9901962743343145,0.9917038677484021,0.9925127793610934,0.9936223745397134,0.9965992025158708,0.9987028330942636,-0.13999999999999954,-0.04214292857142838,0.02833333333333338,-0.12372700000000007,-0.04078892857142856,0.0015863000000000107,224817.0,108435.85714285714,8275.233333333334
2007-03-06,28.5,29.0,28.049999,29.0,13.800363,6935450.0,1.0175438596491229,0.9842104912280701,1.0175438596491229,-0.3500000000000014,0.2997980000000009,295336.0,1.0062534165433241,1.0062295977530347,1.0058272626923837,0.9882262445430753,0.9913923722238763,0.9920919488024456,0.995700211584842,0.998548616260316,0.9991118208740283,-0.21571428571428594,-0.08928571428571429,0.001999966666666708,-0.0747801428571425,-0.01563585714285714,0.006503700000000083,74080.28571428571,247052.7857142857,59498.03333333333
2007-03-07,29.299999,29.299999,28.85,29.1,13.847948,5501084.0,1.0,0.9846416718307739,0.993174095330174,0.7999989999999997,0.047584999999999766,-1434366.0,1.0062534165433241,1.0061330750696371,1.0055465609379977,0.9871723943456853,0.990705580443449,0.9917905308459276,0.9948676021809668,0.9981575791506951,0.998650371420122,-0.11000014285714295,-0.021428642857142983,0.02666663333333332,-0.06390342857142858,-0.015636000000000014,0.006344999999999957,-14078.57142857143,184586.85714285713,71321.63333333333
2007-03-08,28.9,29.049999,28.65,29.01,13.80512,5372570.0,1.005190276816609,0.9913494809688581,1.0038062283737026,-0.3999990000000011,-0.04282800000000009,-128514.0,1.0063768622957034,1.0063827461739712,1.0056271700760198,0.9875054198464976,0.9911288484545419,0.9917447316007032,0.9969801630253284,0.999034779482473,0.9988465480761464,-0.1642855714285716,-0.04285714285714296,0.0013332999999999373,-0.04826714285714268,-0.008157857142857137,0.0033310666666666934,130671.57142857143,112192.14285714286,-1200.5
2007-03-09,29.08,29.110001,28.809999,29.049999,13.824154,5966746.0,1.0010316712517195,0.9907152338376892,0.9989683287482807,0.17999999999999972,0.01903399999999955,594176.0,1.0042706626763624,1.005291843170174,1.0054776510717667,0.9869138865264262,0.9905627029839063,0.9916421359470171,0.9961469152607776,0.9980148566651122,0.9988926188045373,-0.011428571428571692,-0.025714357142857174,0.0026666666666666098,-0.016995857142857167,-0.026513142857142822,0.0019034333333333227,-110625.28571428571,179163.57142857142,-51197.1
2007-03-12,28.809999,29.07,28.799999,29.040001,13.819395000000002,4503971.0,1.0090246792441748,0.9996528982871536,1.0079834088158073,-0.27000099999999705,-0.004758999999998181,-1462775.0,1.0050764556097984,1.0058169349997363,1.005629049575308,0.9886530315924474,0.9909681978367563,0.9918834383037152,0.9990761332594637,0.9990153879842946,0.9992047105926504,-0.1057142857142855,-0.07642857142857144,-0.0063333666666666255,-0.009517571428571157,-0.022434214285714127,0.001268933333333422,-62773.28571428572,97524.14285714286,10426.433333333332
2007-03-13,29.139999,29.16,28.76,28.799999,13.705188,3748582.0,1.0006863761388598,0.9869595397034846,0.988332189029931,0.3299999999999983,-0.11420700000000217,-755389.0,1.0048319311733054,1.0057460774417233,1.0052021006369147,0.9886987955555655,0.990468328949125,0.9914948912419281,0.9990243375685639,0.9983737966269745,0.9983774894426678,-0.007143142857142745,-0.04642871428571433,0.007999966666666698,-0.00407871428571457,-0.03093157142857133,-0.0076141333333333465,-232980.42857142858,29591.5,-17194.266666666666
2007-03-14,29.139999,29.16,28.76,28.799999,13.705188,3747431.0,1.0006863761388598,0.9869595397034846,0.988332189029931,0.0,0.0,-1151.0,1.004880462748478,1.0048612433825836,1.0050652160565465,0.9892126936513591,0.9897044839928367,0.9912313834932965,0.9997343284252785,0.9966783514824958,0.9981026763021766,0.041428428571428304,-0.04928578571428562,-0.0023333333333333426,0.02923185714285711,-0.047247571428571486,-0.004917333333333277,-413240.4285714286,-94211.71428571429,-75419.93333333333
2007-03-15,28.9,29.0,28.6,28.85,13.728984,11433815.0,1.0034602076124568,0.9896193771626298,0.9982698961937717,-0.23999900000000096,0.023796000000000816,7686384.0,1.0028685124575256,1.004560964500425,1.004907238920476,0.9899853916420105,0.9891058180925428,0.9909992449778087,0.996980905074514,0.9963405583296782,0.9977830770100592,0.05714285714285694,-0.0792857142857145,-0.012333333333333366,-0.010197000000000043,-0.04248857142857127,-0.010310566666666668,642623.5714285715,358351.9285714286,208894.06666666668
2007-03-16,28.74,29.02,28.620001,28.950001,13.776568,3292483.0,1.0097425191370912,0.9958246694502436,1.0073069241475296,-0.16000000000000014,0.04758399999999874,-8141332.0,1.0042603009056816,1.005256858724503,1.0052095451146903,0.9915829627305062,0.9893776785380958,0.9912977799604583,0.9989998806198506,0.9969337414004088,0.9983521192518297,-0.07999985714285732,-0.09500000000000013,-0.03200003333333339,-0.010197142857143047,-0.03705028571428581,-0.007296833333333375,-315514.4285714286,-164796.5,-14155.033333333333
2007-03-19,28.9,28.99,28.700001,28.860001,13.733739000000002,3917302.0,1.003114186851211,0.9930796193771627,0.9986159515570935,0.16000000000000014,-0.04282899999999756,624819.0,1.0039637166249105,1.0051702894603067,1.0051888488006024,0.9918301253602639,0.9896677726033809,0.9912934741131083,0.9982584125031921,0.9976192877642603,0.9983852168986653,0.0,-0.0821427857142858,-0.018333366666666726,-0.010197285714285544,-0.029232214285714115,-0.008248499999999956,-207895.42857142858,-38611.92857142857,10602.866666666667
2007-03-20,29.07,29.25,29.02,29.02,13.809881,3368886.0,1.0061919504643964,0.99828001375989,0.99828001375989,0.1700000000000017,0.07614199999999904,-548416.0,1.0047008993695787,1.0044857810229704,1.0049319703132573,0.9929108082062926,0.9899123473663594,0.991303936718664,0.9981600817905648,0.9971534985256711,0.9979211032330345,-0.0014285714285711443,-0.006428571428571418,-0.014333333333333325,-0.002038999999999902,-0.009517428571428534,-0.01332449999999999,-371122.85714285716,-240874.07142857142,-42751.73333333333
2007-03-21,29.23,29.25,28.92,29.0,13.800363,4112500.0,1.0006842285323299,0.9893944577488881,0.9921313718782073,0.16000000000000014,-0.009517999999999915,743614.0,1.0035094064107437,1.004292931010271,1.004943685307227,0.9914453167008261,0.9900491741466368,0.991383029861573,0.9958955050851934,0.9974858191723286,0.997880666995204,0.06000014285714274,-0.022857071428571376,-0.027333299999999974,-0.0027188571428572927,-0.006118214285714225,-0.013483066666666588,-55924.42857142857,-59348.857142857145,-14748.333333333334
2007-03-22,29.360001,29.469999,29.23,29.440001,14.009748000000002,3714894.0,1.003746525757952,0.9955721731753348,1.0027247955475205,0.13000100000000003,0.20938500000000104,-397606.0,1.0039465706420425,1.004389250907674,1.0049119677041944,0.9926756929110906,0.990687244233328,0.9917052343075673,0.9979515917305634,0.9984879646495637,0.9982623190265696,0.03142885714285727,0.012142857142857264,-0.014666599999999974,0.043508571428571736,0.019714928571428585,-0.0015861999999999673,-4812.571428571428,-118896.5,-46652.23333333333
2007-03-23,29.43,29.57,29.32,29.549999,14.062095,3597667.0,1.0047570506286103,0.9962623173632348,1.0040774379884472,0.06999899999999926,0.05234699999999748,-117227.0,1.0045280955691496,1.0047042791588139,1.0047777421395627,0.9940046611481976,0.9916086773997784,0.9917495626791345,1.0002009130103513,0.999967620717815,0.9983419273198781,0.04142871428571431,0.04142857142857131,-0.0056666666666667235,0.05098671428571423,0.040109285714285674,-0.001586233333333335,-21394.85714285714,-217317.64285714287,-16977.933333333334
2007-03-26,29.58,29.75,29.51,29.540001,14.057334,2574343.0,1.0057471264367817,0.99763353617309,0.9986477687626776,0.14999999999999858,-0.004760999999998461,-1023324.0,1.004854798258339,1.0038616553579323,1.0049693130207886,0.9951495410068348,0.9925674663244227,0.992043059234519,1.0002548948059093,0.9986178999402117,0.9984999673595486,0.0971428571428571,0.07714285714285703,0.0013332999999999373,0.04690714285714291,0.018355071428571432,0.0028551666666666977,-1265638.857142857,-311507.64285714284,-73891.26666666666
2007-03-27,29.51,29.719999,29.459999,29.58,14.076371,2418478.0,1.0071161978990173,0.9983056252117926,1.0023720772619449,-0.06999999999999673,0.019036999999999082,-155865.0,1.0044796095100428,1.0043699552078622,1.0049800726142448,0.9955039632584848,0.9935434629944956,0.9920771597819803,0.9995499166793973,0.9992748986496239,0.9984318457098741,0.11000000000000044,0.015000071428571562,0.0023333000000000936,0.0428290000000001,0.016315928571428526,0.0001587000000000079,-124857.85714285714,-220186.14285714287,-90117.8
2007-03-28,29.4,29.66,29.200001,29.34,13.962158,3769018.0,1.008843537414966,0.9931973129251701,0.9979591836734695,-0.11000000000000298,-0.11421299999999945,1350540.0,1.0052980881620077,1.004630902393459,1.0052412426289175,0.9955207766224857,0.9936754509913749,0.992231355927105,0.9994560926960224,0.9988572525996072,0.9986887495914267,0.07142857142857142,0.03571428571428571,-0.011666666666666714,0.03263128571428554,0.011217000000000001,-0.0019035666666666748,-21183.428571428572,-114539.42857142857,9743.566666666668
2007-03-29,29.27,29.9,29.209999,29.85,14.204854999999998,5324532.0,1.0215237444482406,0.9979500854116843,1.0198155107618723,-0.129999999999999,0.24269699999999794,1555514.0,1.0074883444454141,1.0060946219074962,1.0059136568582732,0.9954736440013134,0.9941922261038031,0.9923544668822692,1.0025325922677342,1.0003463370291494,0.9993943127879936,0.02857142857142847,0.013571428571428663,-0.011000000000000062,0.05642485714285682,0.027192928571428458,0.004600099999999922,279378.0,-45872.42857142857,80255.46666666666
2007-03-30,29.93,30.02,29.66,29.700001,14.133474,12428177.0,1.0030070163715337,0.9909789508853993,0.9923154360173739,0.6600000000000001,-0.0713809999999988,7103645.0,1.007820171279586,1.0056647888451649,1.0059573946921267,0.9957000001636722,0.9935726584322493,0.9925396409513305,1.002558887144758,0.9992271961149758,0.9994206465309456,0.0999999999999999,0.08000007142857132,0.014333333333333325,0.04758728571428555,0.022434214285714127,0.007138133333333308,1187953.857142857,566014.7142857143,287543.23333333334
2007-04-02,29.719999,29.74,29.4,29.4,13.99071,4553457.0,1.0006729811801136,0.9892328731235824,0.9892328731235824,-0.21000099999999833,-0.14276399999999967,-7874720.0,1.0073810934827518,1.0056638320623972,1.0054363502879677,0.9947943858705647,0.9937350393908276,0.9922260277078971,1.000631469655624,0.9992915306930936,0.9986201673620206,0.05142828571428585,0.04142857142857156,0.009333266666666755,-0.002719714285714555,0.02039442857142859,-0.00682093333333332,119794.71428571429,57491.07142857143,36500.03333333333
2007-04-03,29.6,29.700001,29.35,29.65,14.109682,4159936.0,1.003378412162162,0.9915540540540541,1.001689189189189,-0.11999899999999997,0.11897199999999941,-393521.0,1.0071841451304022,1.005856120349776,1.0054931842390298,0.9941217768263961,0.994063218987297,0.9921452971647905,1.00029029125573,1.0002456021330406,0.9988772746567519,0.02428571428571453,0.03285721428571442,-0.009333300000000004,0.006798142857142864,0.028892428571428548,-0.0007930666666666752,80324.14285714286,29464.64285714286,34043.433333333334
2007-04-04,29.85,29.93,29.75,29.84,14.200095999999998,5059801.0,1.002680067001675,0.9966499162479061,0.9996649916247906,0.25,0.0904139999999991,899865.0,1.0067459937825298,1.0058003960204343,1.0055265737407175,0.993981259694227,0.994565400350531,0.9922350375687099,1.0004356088074604,1.0003452518066849,0.9989556254431645,0.03857142857142902,0.06785714285714306,0.001999966666666708,0.02039457142857109,0.033650857142856996,0.0020622000000000066,355065.4285714286,-455286.71428571426,57516.666666666664
2007-04-05,29.719999,29.74,29.49,29.549999,14.062095,2994661.0,1.0006729811801136,0.9922611370208996,0.9942799459717343,-0.13000100000000003,-0.13800099999999915,-2065140.0,1.0058255342512579,1.0051525718806502,1.0051132046811608,0.9931177613812423,0.9943108623198634,0.9920552964996892,0.9992795900517161,0.9994147533655566,0.9983626762738013,0.029999857142857116,0.06999992857142878,-0.003666699999999897,-0.0020394285714286603,0.02039478571428572,-0.010151966666666705,82311.85714285714,-21273.0,-69057.8
2007-04-10,29.719999,30.059999,29.610001,29.969999,14.261959,4909403.0,1.0114401080565312,0.996298855864699,1.008411844159214,0.0,0.19986399999999982,1914742.0,1.0061964729143384,1.005747280538173,1.0052390712176225,0.9935608389440321,0.9945408077832588,0.9919985683696211,1.0007728272639653,1.0001144599799938,0.9985431044013343,0.04571414285714326,0.05857135714285734,-0.009666700000000005,0.042828714285714095,0.03772999999999982,-0.002062166666666639,162912.14285714287,70864.35714285714,-50249.5
2007-04-11,30.059999,30.299999,29.92,30.15,14.34762,4598027.0,1.0079840322017308,0.9953426811491245,1.00299404534245,0.33999999999999986,0.08566099999999999,-311376.0,1.0042622283076943,1.005875286376554,1.0055052056243468,0.9931883526208093,0.9943309983110614,0.9921093703008418,0.9983697607754765,1.0004511765216053,0.9986761605408393,0.11285700000000023,0.07071421428571435,-0.00033336666666663464,0.0203950000000001,0.038409928571428456,0.0017449333333332837,-103786.42857142857,87795.78571428571,-33386.9
2007-04-12,30.15,30.299999,30.08,30.18,14.361896,3099211.0,1.0049750912106137,0.9976782752902156,1.0009950248756219,0.09000099999999733,0.014276000000000622,-1498816.0,1.0045433818561342,1.00618177656786,1.0055268367797021,0.9941453989643544,0.9949226995640135,0.9923980360617431,0.9996097020409404,1.001084294592849,0.9990753846212544,0.031428571428571264,0.06571428571428559,0.00333336666666663,0.032631714285714306,0.04010949999999992,0.007296866666666683,-1332709.4285714286,-72377.78571428571,-45288.6
2007-04-13,30.35,30.4,30.110001,30.33,14.433273000000002,2983076.0,1.00164744645799,0.9920922899505765,0.9993410214168038,0.20000000000000284,0.0713770000000018,-116135.0,1.0046825911815451,1.0060318423321486,1.005055916042065,0.9945538870824965,0.9946741364765306,0.9923059134908228,1.0010537232256862,1.000842596440655,0.9988933832318099,0.09000014285714286,0.07071421428571435,0.03966666666666671,0.06322328571428594,0.030251785714285693,0.016338266666666712,-224340.14285714287,-52272.71428571428,-125268.23333333334
2007-04-16,30.5,30.9,30.48,30.75,14.633143,4203233.0,1.0131147540983607,0.999344262295082,1.0081967213114753,0.14999999999999858,0.19986999999999888,1220157.0,1.0060734971724308,1.0066288211514165,1.0053802702216728,0.995666773974072,0.9948942754002339,0.9927014261398254,1.0019833706717272,1.0011368309637285,0.9995839778480256,0.12857142857142836,0.07642857142857144,0.03166670000000001,0.074780142857143,0.040789142857142933,0.024904166666666682,6185.285714285715,43254.71428571428,-24671.7
2007-04-17,31.040001,31.139999,30.780001,31.030001,14.766384,6549061.0,1.0032215849477581,0.9916237116100608,0.9996778350619253,0.5400010000000002,0.13324099999999994,2345828.0,1.006150856879014,1.006448425330772,1.0054077214801211,0.9949487447400939,0.9944650022171605,0.9928675767947721,1.0019852054484606,1.0012104071279606,0.9999500803878821,0.17000014285714268,0.10428578571428584,0.06166666666666672,0.08089828571428599,0.05064642857142854,0.03442149999999996,212751.42857142858,283908.4285714286,38987.2
2007-04-18,31.030001,31.5,30.9,31.27,14.880598999999998,5905193.0,1.0151465995763262,0.9958104738701105,1.0077344180556103,-0.010000000000001563,0.11421499999999796,-643868.0,1.0082185166499014,1.0070220254505797,1.0059010529622436,0.99545579286141,0.9942867771213261,0.9932825174893448,1.0039072728890144,1.0015934314703652,1.0007624858886381,0.18714314285714245,0.1085714999999998,0.0726666999999999,0.11692914285714272,0.05744485714285703,0.046001133333333284,415790.28571428574,249051.07142857142,-24497.366666666665
2007-04-19,31.27,31.290001,30.870001,30.9,14.704522,5830667.0,1.0006396226415095,0.9872082187400064,0.9881675727534378,0.23999900000000096,-0.1760769999999976,-74526.0,1.0066755901620412,1.00643603153819,1.0053375783953231,0.9941571304150252,0.9938589846795286,0.9933824417397428,1.0010152341167606,1.0008940306903629,0.9997832763254486,0.22142871428571403,0.13357142857142865,0.09233333333333332,0.06322328571428594,0.05302600000000002,0.03013863333333333,131609.14285714287,147260.64285714287,-36826.1
2007-04-20,31.049999,31.370001,31.0,31.209999,14.852044,3273571.0,1.0103060228762004,0.9983897261961264,1.00515297923198,-0.2200009999999999,0.1475219999999986,-2557096.0,1.007007303115537,1.0056347657116156,1.0056811124911966,0.9945924225645968,0.9938903875927032,0.9938407102185878,1.0013236532438363,0.9998467070096565,1.0001825724555087,0.1414285714285712,0.12714278571428572,0.058333333333333334,0.07206057142857146,0.04622778571428578,0.033469866666666626,-189208.0,-146497.2142857143,-74250.43333333333
2007-04-23,31.299999,31.35,30.77,31.08,14.790178,3896845.0,1.0015974760893762,0.9830671240596526,0.9929712777307117,0.25,-0.0618660000000002,623274.0,1.0065247866696458,1.0055340842628901,1.0055613524669555,0.9925051152459451,0.9933252571051497,0.9935646316549477,1.0001774036517064,0.9998935528463233,0.9998214074340759,0.1642855714285716,0.09785707142857143,0.0799999666666667,0.06118314285714277,0.04690742857142854,0.03283526666666662,113947.71428571429,-609380.8571428572,-49190.833333333336
2007-04-24,31.08,31.450001,30.91,31.200001,14.847288,4546258.0,1.011904794079794,0.9945302445302446,1.003861036036036,-0.2199990000000014,0.05711000000000155,649413.0,1.0079901220441891,1.0063363566128674,1.0059237898945579,0.9928533944716119,0.9937036407770542,0.9936917986780327,1.0008231200258824,1.0009384216257844,0.999984497677001,0.10428571428571384,0.09714292857142835,0.06666666666666667,0.05914499999999988,0.06118414285714291,0.03410446666666669,223311.7142857143,-514.2142857142857,-47349.6
2007-04-26,31.27,31.35,30.879999,30.879999,14.695007,6056640.0,1.0025583626479053,0.9875279501119284,0.9875279501119284,0.19000000000000128,-0.15228100000000033,1510382.0,1.0064820661226956,1.0062777816475632,1.0057082460080156,0.9911653498740185,0.9934160619240452,0.9932876337388586,0.9978704384259471,0.9999269045488371,0.9993026490535384,0.10999999999999995,0.11928571428571415,0.08200003333333328,0.008837714285714273,0.04180892857142864,0.029187066666666615,264772.4285714286,135478.85714285713,51755.63333333333
2007-04-27,30.57,30.780001,30.459999,30.459999,14.495138,13635751.0,1.0068695125940463,0.9964016683022571,0.9964016683022571,-0.6999999999999993,-0.19986899999999963,7579111.0,1.0070031986435939,1.006577027761304,1.0059143505565218,0.9918479151157609,0.9933983299279274,0.9936023713588178,0.9974024146031374,0.999693810025799,0.9995716316959492,-0.06714299999999998,0.051428571428571344,0.04766670000000003,-0.038749428571428525,0.021074428571428733,0.0263316666666667,1012384.2857142857,612567.8571428572,329572.3
2007-04-30,30.629999,30.870001,30.57,30.6,14.561765,4653716.0,1.007835520987121,0.9980411687248177,0.999020600686275,0.059999000000001246,0.06662699999999866,-8982035.0,1.0059587588451362,1.0070886377475188,1.006152655384797,0.9921665858092904,0.9938111893353501,0.9939717589928622,0.9961575835503751,1.0000324282196946,0.999927912084494,-0.05714314285714244,0.06500000000000002,0.049666666666666734,-0.045547714285714136,0.03569071428571429,0.028552566666666657,-178782.42857142858,118503.92857142857,30209.5
2007-05-01,30.620001,30.639999,30.27,30.4,14.466582999999998,5787377.0,1.0006531025260255,0.9885695300924386,0.9928151210707015,-0.00999800000000306,-0.09518200000000121,1133661.0,1.005960684542924,1.0063181373524828,1.0060590852152496,0.9923610588596379,0.9932590946373316,0.9939367640905225,0.9968215190242701,0.9989183765705152,0.9997460862470583,-0.09285700000000016,0.06428585714285694,0.05733336666666666,-0.03399128571428608,0.014615999999999931,0.024586633333333257,-6184.285714285715,62712.42857142857,-188214.6
2007-05-02,30.6,30.790001,30.57,30.790001,14.652179,4027416.0,1.0062091830065358,0.9990196078431373,1.0062091830065358,-0.02000099999999705,0.1855960000000021,-1759961.0,1.0053754217044006,1.0061913624099688,1.005941307344231,0.9924510419520681,0.9935217322583324,0.9940432620369523,0.996972405277778,0.9991480292608071,0.9997094948756918,-0.06428557142857118,0.038571500000000015,0.0620000000000001,-0.028552142857142724,0.021754214285714366,0.02918703333333337,107692.14285714286,-40757.92857142857,24497.766666666666
2007-05-03,30.92,30.940001,30.66,30.74,14.628388,3798176.0,1.0006468628719274,0.9915912031047865,0.9941785252263906,0.3200000000000003,-0.023791000000001006,-229240.0,1.0052396198161937,1.0058822032429198,1.0058590632115882,0.9936687675299443,0.9930869413879446,0.9939936481612064,0.9971448692057321,0.9986611364287192,0.9995615806646685,-0.05428557142857114,0.05500000000000022,0.06733333333333344,-0.023112857142857126,0.019035142857142823,0.029821633333333254,-14095.57142857143,49926.07142857143,-3970.866666666667
2007-05-04,30.84,30.959999,30.6,30.73,14.623626000000002,3057883.0,1.0038910181582361,0.9922178988326849,0.9964332036316472,-0.08000000000000185,-0.0047619999999977125,-740293.0,1.0040947946845427,1.006042458364366,1.0057823654680493,0.993338432430293,0.9930959134509525,0.9937915776636328,0.9960837502908194,0.9984534351583508,0.9995000203270604,-0.034285714285714065,0.034999999999999885,0.05899999999999998,-0.03195171428571416,0.013596642857142857,0.027124833333333362,-212625.0,5343.357142857143,-10366.766666666666
2007-05-07,30.84,30.84,30.48,30.58,14.552244,6194408.0,1.0,0.9883268482490273,0.9915693904020751,0.0,-0.07138200000000161,3136525.0,1.0037293143062702,1.005105690214483,1.0057595578503051,0.9934525607355927,0.9923089553048057,0.9937559906803042,0.9966610989036974,0.9972657686648222,0.9994812876111893,-0.06142857142857139,0.024285714285714275,0.05366666666666665,-0.020394714285714346,-0.005778500000000035,0.025062699999999972,19681.14285714286,142226.7857142857,69396.93333333333
2007-05-08,30.700001,30.83,30.51,30.530001,14.52845,4522896.0,1.004234494976075,0.9938110425468716,0.9944625408969856,-0.13999899999999954,-0.023794000000000537,-1671512.0,1.0033528832179888,1.0051780409307913,1.0057758234909093,0.9930824713419663,0.9924651932288636,0.9936972863260221,0.9963840807029445,0.9968932476530409,0.9992058791228381,0.018571571428571434,-0.024285714285714275,0.04466666666666666,0.004758857142856954,-0.016995285714285786,0.017290066666666586,-1301836.4285714286,-144726.07142857142,26933.4
2007-05-09,30.620001,30.82,30.530001,30.65,14.585551999999998,6596625.0,1.0065316457697047,0.9970607447073565,1.0009797191058223,-0.08000000000000185,0.057101999999998654,2073729.0,1.0031666153297862,1.0045626870874613,1.005834976662279,0.9929424107680431,0.9925544982886668,0.9937239005708262,0.9966639547628798,0.9964107691566274,0.9991026218267507,-0.0014282857142861513,-0.029285714285714297,0.03966669999999996,0.003398142857142667,-0.021074785714285733,0.017448566666666623,277558.4285714286,49388.0,99965.26666666666
2007-05-10,30.719999,30.9,30.65,30.799999,14.656937,6429313.0,1.0058594077428191,0.9977213866445763,1.0026041667514376,0.09999800000000292,0.07138500000000114,-167312.0,1.0039103732178998,1.0049355288804118,1.0058387193724803,0.9942498188469201,0.993305438853279,0.9937268289198757,0.9980623898601279,0.997441954442199,0.9992345017597093,0.014285428571428989,-0.039285785714285586,0.03799996666666677,0.02719342857142872,-0.0033989285714286816,0.01998676666666661,91705.14285714286,42760.42857142857,128499.0
2007-05-11,30.65,30.690001,30.42,30.43,14.480864000000002,14435873.0,1.0013050897226754,0.9924959216965743,0.9928221859706362,-0.06999900000000281,-0.17607299999999704,8006560.0,1.0032097884630624,1.0042926050837315,1.0056450157666021,0.9933178636831254,0.9928844528175966,0.993533172136035,0.9961499617121421,0.9965611834949601,0.9989161720499989,0.007142857142856737,-0.02857135714285722,0.0379999999999999,-0.024473571428571157,-0.026512857142856942,0.013483100000000074,1486922.4285714286,797307.2857142857,400579.8333333333
2007-05-14,30.58,30.610001,30.49,30.540001,14.835473,4157511.0,1.000981066056246,0.9970568999345978,0.9986919882275997,-0.07000000000000028,0.3546089999999982,-10278362.0,1.003257531775108,1.004248575795651,1.0053829333879782,0.9940986775159555,0.99388372252295,0.9936618250363494,0.9967947421408863,0.9969698056733092,0.9989405988684701,-0.04857142857142906,-0.0514285000000001,0.039333333333333324,0.02958357142857158,0.003235357142857228,0.029110499999999994,51333.57142857143,18619.0,12949.766666666666
2007-05-15,30.530001,30.540001,30.18,30.299999,14.718893,420709.0,1.0003275466646726,0.9885358339817939,0.9924663612031982,-0.04999899999999968,-0.1165800000000008,-3736802.0,1.0027484644188847,1.0034216295517135,1.0046763934618594,0.9935726682515424,0.9934555503409178,0.993348016655353,0.9962280503653936,0.9961559003281064,0.9980289605498476,-0.044285571428571605,-0.03928564285714283,0.042000033333333305,0.013609571428571141,-0.009171071428571511,0.017134600000000038,-376739.14285714284,-294682.0714285714,-163460.76666666666
2007-05-16,29.75,29.82,29.370001,29.549999,14.354562,9599643.0,1.0023529411764707,0.9872269243697478,0.9932772773109244,-0.7800009999999986,-0.36433099999999996,9178934.0,1.0030845988726662,1.0034069565894683,1.0046545909553573,0.9934155362687883,0.9934340485021905,0.9932229491048312,0.9964720342095149,0.996566566556606,0.9980610219262992,-0.1557142857142857,-0.10857142857142854,-0.005999999999999991,-0.028240285714285766,-0.024317500000000054,0.007369599999999999,486462.14285714284,253071.64285714287,-94284.46666666666
2007-05-17,29.6,29.82,29.469999,29.82,14.485718,8020369.0,1.0074324324324324,0.9956080743243243,1.0074324324324324,-0.14999999999999858,0.13115600000000072,-1579274.0,1.0035414470807174,1.003447165149353,1.0048799059971012,0.9936722550941388,0.9933773632180526,0.9934354558115227,0.9983248758574358,0.9973544782801901,0.9986676739032609,-0.15714299999999984,-0.0692857142857142,-0.003999966666666665,-0.0061045714285713005,-0.0006728571428571735,0.016500266666666676,499639.0,-401098.71428571426,115563.73333333334
2007-05-18,29.77,29.959999,29.75,29.870001,14.510009,4051672.0,1.006382230433322,0.9993281827342962,1.0033591199193819,0.16999999999999815,0.02429099999999984,-3968697.0,1.0035201020326625,1.0033433586812246,1.0049800332728065,0.9939961748122729,0.9934692927901582,0.9936945934341974,0.9986647902593729,0.9976643725111264,0.9987233382609341,-0.12142871428571413,-0.06142850000000014,0.0056666666666666055,-0.010791857142856845,-0.003696857142857089,0.01334423333333336,-363564.71428571426,-43003.142857142855,-3608.8
2007-05-21,29.870001,29.99,29.83,29.93,14.539156,5011543.0,1.0040173751584407,0.9986608303093126,1.0020086708400178,0.1000009999999989,0.029147000000000034,959871.0,1.0032569545206085,1.0035836638692541,1.0050246102113654,0.9941303810500923,0.9941900999485062,0.9937616239029109,0.9985797194148844,0.9983210546375061,0.9988014609014416,-0.12142828571428613,-0.05357142857142857,0.0006666999999999017,-0.016825857142857004,0.005183785714285857,0.011302000000000057,-202538.57142857142,-55416.71428571428,-1608.6
2007-05-22,29.85,29.9,29.610001,29.620001,14.38857,5030201.0,1.0016750418760467,0.9919598324958123,0.9922948408710217,-0.02000099999999705,-0.15058600000000055,18658.0,1.003309804828233,1.0032597966456478,1.0050580122345631,0.994053796878555,0.9936858302808401,0.9937515804187415,0.9985043844006538,0.997327173056398,0.9987352907314179,-0.11428571428571388,-0.05357142857142857,0.004333366666666668,-0.013184857142857507,-0.01882921428571433,0.01088250000000001,-1343667.4285714286,71627.5,67851.33333333333
2007-05-23,29.620001,29.860001,29.540001,29.719999,14.437144,5535082.0,1.008102633082288,0.9972991223059041,1.0033760295956777,-0.22999900000000295,0.04857400000000034,504881.0,1.004327171546239,1.0037923516606735,1.004946763068755,0.9940884000744559,0.9940935387952058,0.9937849226334482,0.9991735331675221,0.9979841376542041,0.9985674302459666,-0.13714271428571426,-0.09285707142857166,-0.003333266666666764,-0.05690414285714291,-0.013660285714285665,0.005839500000000027,196795.85714285713,124064.71428571429,20855.966666666667
2007-05-24,29.700001,29.700001,29.17,29.27,14.218549,5859607.0,1.0,0.9821548490856954,0.9855218523393315,0.08000000000000185,-0.21859500000000054,324525.0,1.0042803791655714,1.003514421792228,1.0046806286620307,0.9931768308035848,0.9933747495275635,0.9933453282313338,0.998181460472684,0.9972047554190387,0.9979850238125293,-0.11857142857142833,-0.08142849999999997,-0.011999933333333363,-0.0714777142857143,-0.02893407142857158,-0.004302366666666657,776985.4285714285,200123.14285714287,42052.666666666664
2007-05-25,29.030001,29.25,28.99,29.07,14.121393,8661540.0,1.0075783324981629,0.9986220806537347,1.0013778504520203,-0.6700000000000017,-0.09715600000000002,2801933.0,1.005026863640099,1.0040557312563825,1.0047674033716156,0.9948047102727255,0.994110123270757,0.9933767884101179,0.9993386852071262,0.9979053597083206,0.9979977846650759,-0.1028570000000002,-0.12928564285714295,-0.0373333,-0.03330985714285717,-0.030775071428571468,-0.008016766666666678,-134014.7142857143,176223.7142857143,185410.96666666667
2007-05-28,29.200001,29.23,28.84,29.040001,14.106816,5331876.0,1.001027362978515,0.9876711990523562,0.994520548132858,0.1700000000000017,-0.014576999999999174,-3329664.0,1.0041118537181108,1.003826650399414,1.0047467339223,0.9936708709481588,0.9936715630211487,0.9932294187135106,0.997494130307187,0.9979095030823115,0.9978371022222777,-0.05714271428571444,-0.10714285714285714,-0.038333300000000035,-0.05412885714285715,-0.030116714285714226,-0.010881900000000045,-384070.4285714286,57784.28571428572,78293.33333333333
2007-05-29,28.959999,29.27,28.84,29.17,14.169969,6448154.0,1.0107044547895185,0.9958563879784664,1.0072514159962507,-0.2400020000000005,0.06315299999999979,1116278.0,1.0047293143404246,1.0041247081865436,1.004666390612005,0.9931749002687544,0.9935855375405137,0.99311315623629,0.9980501726038826,0.9983574814316276,0.9978055920451037,-0.11571442857142854,-0.11857157142857133,-0.05133336666666667,-0.048577142857142874,-0.02968449999999986,-0.015439133333333348,342354.5714285714,-10605.07142857143,74830.7
2007-05-30,29.17,29.18,28.76,28.790001,13.985377,6607187.0,1.0003428179636613,0.9859444634898868,0.9869729516626671,0.21000100000000188,-0.1845920000000003,159033.0,1.0042043775983134,1.003730666059461,1.004570431712535,0.991358276437408,0.9927443287437502,0.9929238479656175,0.9959022127214039,0.9972409660681442,0.997382095931795,-0.1000001428571424,-0.11071421428571426,-0.06233336666666662,-0.07911128571428579,-0.047968571428571395,-0.026033566666666688,227949.14285714287,12705.285714285714,1937.5333333333333
2007-05-31,28.959999,29.16,28.84,28.84,14.009663,9252863.0,1.0069061121169238,0.9958563879784664,0.9958563879784664,-0.21000100000000188,0.02428600000000003,2645676.0,1.0049516733470099,1.0041307390876215,1.0042957487972217,0.9919149272206443,0.9929843620495997,0.992925378435896,0.9964110051653244,0.9974576947829891,0.9969861615958902,-0.12714300000000023,-0.12071435714285705,-0.06900006666666662,-0.05412957142857141,-0.03365721428571446,-0.029031199999999955,603237.4285714285,-370215.0,111589.0
2007-06-01,29.0,29.16,28.940001,28.950001,14.063099,4909950.0,1.0055172413793103,0.9979310689655172,0.9982758965517241,0.040001000000000175,0.053435999999999595,-4342913.0,1.004582331675156,1.0044547516106974,1.0044583360884818,0.9920052053148748,0.9930468026946653,0.9932828067767463,0.9956824147304741,0.9974279739489981,0.9973231057224997,-0.08857157142857121,-0.11285714285714274,-0.07566666666666665,-0.05343500000000009,-0.0551695714285715,-0.021380766666666714,-89304.57142857143,53745.642857142855,-30690.566666666666
2007-06-04,29.17,29.370001,29.120001,29.26,14.213687,6201678.0,1.006856393555022,0.9982859444634897,1.0030853616729516,0.1700000000000017,0.15058800000000083,1291728.0,1.0055618164687306,1.004921097817151,1.0043433484444424,0.9943096475117025,0.9937432391576435,0.9932793473856586,0.9981914874924198,0.9981864739825518,0.9972541851371989,-0.07571442857142838,-0.09714292857142835,-0.06266663333333326,-0.0006945714285713223,-0.03608614285714281,-0.02127856666666664,48867.28571428572,412926.35714285716,97603.56666666667
2007-06-05,29.27,29.33,29.16,29.25,14.208831,4275180.0,1.002049880423642,0.9962418858899897,0.9993167065254527,0.09999999999999787,-0.0048560000000001935,-1926498.0,1.004772037600942,1.0048994506205204,1.004358428588918,0.9939696196883104,0.994387164980518,0.9937185061133363,0.997897038360053,0.9986178617835897,0.9974656994303568,0.03428557142857157,-0.034285714285714315,-0.06766663333333334,0.012491142857142938,-0.010409357142857114,-0.019378233333333307,-626622.8571428572,-380318.78571428574,12611.166666666666
2007-06-06,29.32,29.389999,29.059999,29.27,14.218549,4724824.0,1.00238741473397,0.9911322987721692,0.9982946793997272,0.05000000000000071,0.00971799999999945,449644.0,1.0049663307088639,1.0045390922134874,1.0040411826107238,0.9944640625054265,0.9940674667267926,0.9936052412547339,0.9984361999696058,0.9979651651383963,0.9972801542091465,0.017142714285714282,-0.02000000000000008,-0.0586666666666666,0.015961857142857028,-0.019083500000000062,-0.02095796666666671,-86721.71428571429,-235396.07142857142,5952.2
2007-06-07,29.059999,29.51,28.91,29.51,14.335129,5432327.0,1.0154852379726511,0.9948382998912009,1.0154852379726511,-0.26000099999999904,0.1165800000000008,707503.0,1.005649299735026,1.0051893070377251,1.0044720784548822,0.9943186213501028,0.9937467608094287,0.9938489195807098,0.9996124602519485,0.9988313164279156,0.9982120638045039,0.014285714285714488,-0.050714357142857026,-0.07366669999999995,0.02359428571428574,-0.012491428571428567,-0.011995933333333339,-145118.14285714287,98618.21428571429,-20810.433333333334
2007-06-08,29.15,29.190001,28.959999,29.110001,14.140822,5828463.0,1.0013722469982846,0.9934819554030875,0.99862782161235,0.09000099999999733,-0.19430700000000023,396136.0,1.0057963610256861,1.0050003693119998,1.0042888362683569,0.9953954059091316,0.9933768411732699,0.993751595817404,1.0012774416733319,0.9985898271973678,0.9982862689148405,-0.002857142857143304,-0.051428642857142846,-0.04733333333333339,0.02220642857142861,-0.028452428571428583,-0.011810533333333357,-111246.28571428571,58351.42857142857,-260242.93333333332
2007-06-12,29.32,29.469999,28.91,29.02,14.097102,6154766.0,1.0051159276944066,0.9860163710777626,0.9897680763983628,0.1700000000000017,-0.043720000000000425,326303.0,1.0055406203938981,1.0052461468704539,1.0041981831585995,0.9939896892090311,0.9929523082148377,0.9933507692291689,1.0004076828761743,0.9984093440207494,0.9979778514385768,0.05142871428571435,-0.037857142857142936,-0.04366663333333338,0.01249128571428569,-0.020819142857142862,-0.01548876666666666,-442585.28571428574,80326.07142857143,50035.0
2007-06-13,28.82,29.049999,28.66,28.67,13.927079999999998,6168062.0,1.007980534351145,0.9944482997918113,0.9947952810548231,-0.5,-0.17002200000000123,13296.0,1.0058925193898745,1.0052374255325152,1.0044424308861035,0.9934921507556445,0.9927486780352597,0.9935467282191479,0.9999104520909026,0.9977964334106885,0.9980438567713806,-0.025714285714285672,-0.05714292857142844,-0.06000003333333327,-0.019431285714285856,-0.036433142857142976,-0.01798343333333333,179730.2857142857,45212.857142857145,12689.5
2007-06-14,29.15,29.15,28.67,28.85,14.014523,5279883.0,1.0,0.9835334476843912,0.9897084048027445,0.3299999999999983,0.08744300000000216,-888179.0,1.0049130345962998,1.0052374255325152,1.004235458119219,0.9913846512157732,0.9928471493637379,0.9930305228805231,0.9979994582523017,0.9980954728723608,0.9974938308312543,-0.002857142857143304,-0.039285785714285835,-0.04833333333333343,-0.028451999999999953,-0.014573285714285638,-0.02125519999999999,-131685.0,-41408.857142857145,41748.9
2007-06-15,28.85,29.040001,28.690001,28.99,14.082531,6235162.0,1.00658582322357,0.9944541074523396,1.0048526863084921,-0.29999999999999716,0.06800799999999896,955279.0,1.0055610264248611,1.0051665320129015,1.0044334234642738,0.9911292542961089,0.9925494369922097,0.9931259530254415,0.9987903125070215,0.9983436754335374,0.9978496362006576,-0.059999999999999734,-0.012857214285714085,-0.069,-0.018042857142857218,-0.0027758571428571394,-0.018195233333333328,279997.4285714286,-173312.7142857143,81232.86666666667
2007-06-18,29.15,29.32,29.129999,29.27,14.218549,6335660.0,1.0058319039451116,0.999313859348199,1.0041166380789022,0.29999999999999716,0.13601799999999997,100498.0,1.006053096312167,1.0055097135105153,1.0044981196571696,0.9922980486641132,0.9933810555847699,0.9933624850426254,0.9996220208897607,0.9990291104296832,0.998105750682233,-0.02428571428571453,-0.003571500000000124,-0.056333333333333374,0.0,0.007980928571428514,-0.013502566666666738,230119.42857142858,71698.85714285714,109259.23333333334
2007-06-19,29.1,29.440001,29.08,29.42,14.291412,5850010.0,1.011683883161512,0.9993127147766322,1.0109965635738831,-0.04999999999999716,0.0728629999999999,-485650.0,1.0055100456248613,1.0055796726799435,1.00488758242922,0.9929372507906035,0.993627936070353,0.9937286805935455,0.9989807816899369,0.9992966209709427,0.9987533231212933,0.005714428571428597,0.010000071428571542,-0.05799999999999995,-0.006245285714285842,0.00867449999999995,-0.00869440000000002,59669.0,-42724.57142857143,-11479.933333333332
2007-06-20,29.4,29.76,29.379999,29.549999,14.354562,5427074.0,1.0122448979591838,0.9993196938775512,1.0051020068027212,0.29999999999999716,0.06315000000000026,-422936.0,1.0070632814764184,1.0064298212510523,1.0051545958619903,0.9937712134298123,0.994583309669472,0.9939123023045681,0.9999056652885613,1.0005915534809466,0.9991079719848177,0.03571428571428571,0.016428571428571206,-0.04333336666666673,0.030534285714285656,0.026370357142857133,-0.005796266666666661,-57341.28571428572,-84293.78571428571,30139.266666666666
2007-06-21,29.4,29.58,29.32,29.4,14.281693,13453875.0,1.006122448979592,0.9972789115646259,1.0,0.0,-0.07286899999999896,8026801.0,1.007207070231445,1.0063738453126716,1.0051409559689866,0.9953801477850786,0.9946849184970548,0.9939195745331438,1.0013673686602238,1.000887525768199,0.9990753146812902,0.011428571428571186,0.031428642857142766,-0.04066669999999999,0.02637014285714301,0.01943071428571435,-0.010128633333333248,1042729.8571428572,300072.28571428574,228575.0
2007-06-22,29.34,29.48,29.1,29.48,14.320559,6829071.0,1.0047716428084525,0.9918200408997956,1.0047716428084525,-0.05999999999999872,0.038865999999998735,-6624804.0,1.0067486571539175,1.006320588271896,1.005104697137841,0.9950046822290763,0.9942484164923604,0.9937228630083177,1.0027925631964565,1.0013515076436796,0.9991475638831908,0.07428571428571422,0.024285714285714275,-0.04599996666666672,0.05621128571428586,0.01839,-0.011212599999999994,94429.85714285714,137080.07142857142,13325.266666666666
2007-06-25,29.24,29.469999,29.209999,29.299999,14.233123,5384417.0,1.0078659028727772,0.998973974008208,1.002051949384405,-0.10000000000000142,-0.08743599999999851,-1444654.0,1.0078723575643143,1.006392696080307,1.005323390909511,0.9972104717039073,0.9942975614598403,0.9939387980853722,1.0045559267081223,1.001277692480212,0.9994552226636498,0.012857142857142836,0.004999999999999767,-0.04700000000000001,0.031228571428571477,0.0013882857142857624,-0.008258033333333378,14933.42857142857,-58375.78571428572,-301715.2
2007-06-26,29.379999,29.459999,29.17,29.23,14.199114000000002,4307532.0,1.0027229408687182,0.9928523142563755,0.9948945199079142,0.1399990000000031,-0.03400899999999929,-1076885.0,1.0073205172279067,1.006440771826384,1.0053814534032601,0.996981644104484,0.9940554492002963,0.9937986452294314,1.00313333150804,1.0009618220075305,0.9993286403863268,0.07571414285714287,0.007857071428571569,-0.040000033333333226,0.016654714285714585,-0.0006940714285713158,-0.021211966666666627,-275375.71428571426,2310.8571428571427,5000.7
2007-06-27,29.15,29.26,28.65,28.65,13.917365,6175513.0,1.0037735849056604,0.9828473413379074,0.9828473413379074,-0.22999900000000295,-0.28174900000000136,1867981.0,1.0070264716508424,1.0065397839815047,1.0054963213446264,0.994629284388728,0.9934636665264206,0.9936090288079685,1.0000948605450406,0.9998584407174007,0.9990080063908171,0.0,-0.012142857142857264,-0.046000033333333336,-0.04302628571428561,-0.021513142857142804,-0.026717599999999977,-22878.14285714286,103620.64285714286,191826.8
2007-06-28,28.950001,29.139999,28.860001,29.01,14.09225,7015157.0,1.0065629704123327,0.99689119181723,1.0020725042462002,-0.19999899999999826,0.17488499999999974,839644.0,1.0062949126866738,1.0059024791557676,1.0056366556524885,0.9942833525373848,0.993610301663994,0.993931171056218,0.9988199949268001,0.9989003883083685,0.999301180621993,-0.02142842857142873,-0.007857000000000067,-0.02666663333333332,-0.0284517142857142,-0.01734850000000002,-0.008743733333333321,166449.57142857142,113059.28571428571,-86149.53333333334
2007-06-29,29.1,29.139999,28.719999,28.99,14.082531,13570426.0,1.0013745360824742,0.9869415463917526,0.9962199312714776,0.1499990000000011,-0.009719000000000477,6555269.0,1.0047420038471437,1.0059026426617812,1.0054347257741565,0.9925150457536993,0.9931431295917559,0.9936422867917989,0.9975511269937652,0.9987283961411633,0.9989274305832946,-0.04285714285714245,-0.0035714285714283684,-0.016666666666666666,-0.03886157142857145,-0.004163642857142895,-0.013439566666666696,1163336.0,552997.3571428572,185001.9
2007-07-02,29.15,29.15,28.68,28.709999,13.946513,7297437.0,1.0,0.983876500857633,0.9849056260720412,0.04999999999999716,-0.13601799999999997,-6272989.0,1.0038673682786308,1.0055372192550378,1.0052219847597124,0.9906004156527003,0.9929902817188895,0.9931272307292435,0.9953947878611996,0.9983810782607118,0.9983123141217164,-0.03571428571428571,-0.012142857142857264,-0.0206666666666667,-0.0478828571428573,-0.010756357142857149,-0.01878320000000002,-879491.1428571428,81619.35714285714,108192.16666666667
2007-07-03,28.940001,29.15,28.83,29.139999,14.155396,6165096.0,1.0072563577312938,0.9961989980580858,1.006910780687257,-0.20999899999999982,0.20888300000000015,-1132341.0,1.0042223275533224,1.0054854923536198,1.0053299508454743,0.9912259809610274,0.9931153315950519,0.9930451696542025,0.9957003789867432,0.9992464710915998,0.9984757177832911,-0.05714271428571444,0.00857149999999989,-0.03099999999999999,-0.023594714285714247,0.016308285714285806,-0.012792000000000019,-94853.57142857143,-211.85714285714286,38451.76666666667
2007-07-04,29.15,29.190001,28.92,29.0,14.087389000000002,4115046.0,1.0013722469982846,0.9921097770154375,0.9948542024013722,0.20999899999999982,-0.06800699999999793,-2050050.0,1.003294662428395,1.0055835099963546,1.0053198576828821,0.9902453813906317,0.9937279265472696,0.9930501678048568,0.9946721294177385,0.9996140280629303,0.9985610298343028,-0.012857142857142836,0.0,-0.023333333333333428,-0.020819142857142734,0.005204714285714372,-0.010039366666666598,-181338.7142857143,-83202.64285714286,-30505.166666666668
2007-07-05,29.030001,29.389999,28.969999,29.389999,14.27684,4982790.0,1.01240089519804,0.9979331037570409,1.01240089519804,-0.11999899999999997,0.18945099999999826,867744.0,1.0046772273325837,1.005998872280245,1.0054631330867405,0.9909712084621554,0.9939764262833196,0.9930713005198946,0.9971730401734707,1.0001531858407553,0.9988618586877148,-0.0499997142857147,0.012857214285714085,-0.019666666666666662,0.011103714285714059,0.013879214285714323,-0.005343466666666667,96465.42857142857,-89455.14285714286,-18409.733333333334
2007-07-06,29.27,29.389999,29.129999,29.389999,14.27684,4069067.0,1.0040997266826102,0.9952169115134951,1.0040997266826102,0.23999900000000096,0.0,-913723.0,1.004723819015005,1.0058751453329238,1.0055997906428276,0.9927382899158107,0.9936837871522693,0.9935067026008213,1.0002090952227143,1.0001519778838772,0.9994811211658241,0.017142857142857286,0.008571428571428643,-0.01433336666666669,0.051353571428571394,0.004163642857142895,0.0019430333333333512,-300920.85714285716,-161899.5,-59684.666666666664
2007-07-09,29.299999,29.559999,29.299999,29.48,14.320559,4041197.0,1.0088737204393763,1.0,1.0061433790492622,0.02999900000000011,0.0437189999999994,-27870.0,1.0050539261617255,1.0056744194241998,1.005642970240868,0.9931824053704921,0.9937328789539385,0.9935526332456968,1.0007906487660088,0.9998053218464044,0.9996399721190656,0.049999714285714196,0.014285642857142733,0.00899993333333337,0.03261557142857135,0.002081928571428574,0.006638866666666665,-424851.4285714286,-129200.92857142857,-154011.43333333332
2007-07-10,29.65,29.690001,29.43,29.559999,14.359423,4975784.0,1.0013491062394604,0.9925801011804385,0.9969645531197303,0.3500009999999989,0.03886400000000023,934587.0,1.0050502933270093,1.0048961485870767,1.005653695016233,0.9939879131974473,0.9932514794755732,0.993716263316633,1.000897023315759,0.9992240751547622,0.9997214389519614,0.07857142857142817,0.017857142857142856,0.014999966666666609,0.03955600000000002,0.00034721428571428604,0.008420233333333312,-1227806.0,-32235.0,-11869.733333333334
2007-07-11,29.459999,29.719999,29.360001,29.6,14.378848,4372456.0,1.0088255264367116,0.9966056346437758,1.0047522404871772,-0.19000099999999875,0.019425000000000026,-603328.0,1.0063110828179682,1.0050892255482995,1.0055910640711392,0.9958063608811819,0.9932033882669412,0.9937412382054766,1.0037322539464928,0.9995635209038463,0.9996381331016588,0.044285571428571605,0.004285642857142946,0.016666666666666666,0.06176214285714288,0.006939642857142785,0.0069626333333333195,-417854.4285714286,-648672.7857142857,-69189.93333333333
2007-07-12,29.540001,29.58,29.209999,29.450001,14.305984,6844947.0,1.001354062242584,0.9888286395115559,0.9969532837862801,0.08000200000000035,-0.07286399999999915,2472491.0,1.0054678977481524,1.0048451126507374,1.0056247722137701,0.994753452517392,0.9929897167392098,0.9938373774061989,1.0023097543892103,0.9990050666879767,0.9999708108391127,0.08571428571428592,0.014285785714285737,0.012333366666666616,0.021512571428571547,-0.0010410714285713496,0.010686900000000025,97121.57142857143,1134.0,7925.333333333333
2007-07-13,29.65,29.719999,29.360001,29.42,14.291412,4380654.0,1.0023608431703206,0.9902192580101181,0.9922428330522767,0.1099989999999984,-0.01457200000000114,-2464293.0,1.005609125772729,1.0044518941005618,1.0054732632488832,0.9944833783737749,0.9923643798822033,0.9936494730739206,1.0019367016250538,0.9983044155213963,0.9998503590082397,0.07142857142857142,0.029285714285714297,0.02300003333333329,0.029146142857142517,0.004163499999999891,0.00939163333333332,37944.0,-71697.35714285714,-162406.96666666667
2007-07-16,29.450001,29.57,29.379999,29.43,14.296268,2907966.0,1.0040746687920317,0.9976230221520197,0.9993208489194958,-0.19999899999999826,0.0048560000000001935,-1472688.0,1.004419664857585,1.0045484460950844,1.005425177495974,0.994439081001629,0.9927051447318922,0.993639204846804,1.000068123585262,0.9986205818793664,0.999885190753832,0.06000000000000024,0.005000142857142771,0.015000033333333345,0.002775428571428508,0.006939571428571283,0.007772300000000006,-296403.4285714286,-99969.0,-66732.8
2007-07-17,29.450001,29.610001,29.35,29.469999,14.3157,2584888.0,1.0054329369971837,0.9966043804209039,1.0006790492129356,0.0,0.019432000000000116,-323078.0,1.0046101234739526,1.004666971244479,1.005377728944046,0.9946372908455446,0.9936877903806777,0.9935831527120512,0.9995794553753085,0.9998942752990112,0.9998049803384982,0.025714428571428676,0.021428642857142983,0.00933336666666662,0.005551428571428525,0.02845249999999996,0.0034004333333333154,-212025.57142857142,-256473.2142857143,-120559.66666666667
2007-07-18,29.4,29.65,29.379999,29.450001,14.305984,3514969.0,1.0085034013605443,0.9993196938775512,1.0017007142857144,-0.05000100000000174,-0.00971599999999917,930081.0,1.0045572207484053,1.0048055734550654,1.0055928463086095,0.9945401042566233,0.9938612548135577,0.9936857463116364,0.9989447889805156,0.9998677188732622,0.9998844472638403,0.014285857142856986,0.03214278571428559,0.0043333333333333,-0.002082142857142699,0.015266714285714324,0.00323843333333335,-75175.42857142857,-250013.42857142858,-25340.366666666665
2007-07-19,29.48,29.68,29.440001,29.639999,14.398279999999998,4269719.0,1.0067842605156039,0.9986431818181818,1.0054273744911804,0.08000000000000185,0.09229599999999749,754750.0,1.0053336713592829,1.005191982343146,1.005739407834664,0.9954062586334437,0.9946970859154456,0.993936109079837,1.0001537634621516,1.0005253933889553,1.0001222037668887,-0.024285714285714022,0.027142857142857073,0.005333333333333338,0.005550999999999766,0.022553499999999893,0.005991033333333284,-100866.42857142857,-664336.2142857143,-15170.166666666666
2007-07-20,29.700001,29.709999,29.5,29.559999,14.359423,3407954.0,1.0003366329852985,0.9932659598226949,0.9952861281048442,0.2200009999999999,-0.038856999999998365,-861765.0,1.0041209722947952,1.0052160275563817,1.0052344543350855,0.9949291622304323,0.995367761555807,0.99388369774422,0.9988014616932467,1.0012668578198698,0.9994489001046285,0.03428600000000007,0.039285785714285835,0.021333399999999968,-0.0027750000000000036,0.029493571428571435,0.000809799999999979,-137786.0,-277820.21428571426,-67479.1
2007-07-23,29.450001,29.49,29.25,29.389999,14.27684,4181597.0,1.0013582002934396,0.993208794797664,0.9979625807143436,-0.25,-0.08258299999999963,773643.0,1.0041215634449174,1.004794730596535,1.0052339861115906,0.9955548986998762,0.9951541756086341,0.9938745923907059,0.9989456469686843,1.0006277006789472,0.9994267254080282,-0.012857142857142836,0.03642857142857154,0.01000003333333339,-0.004163428571428643,0.008674571428571452,0.004533933333333333,-380478.5714285714,-141678.5,-54895.53333333333
2007-07-24,29.48,29.6,29.389999,29.389999,14.27684,6294574.0,1.0040705563093624,0.9969470488466757,0.9969470488466757,0.02999900000000011,0.0,2112977.0,1.0043658081790663,1.0049874669758976,1.005199140398756,0.9965160116765273,0.995499695025151,0.9942389483163363,0.9996176777964558,1.0007771897107547,0.9996660244896386,-0.024285714285714022,0.023571428571428705,0.005333333333333338,-0.0020817142857141946,0.013532214285714161,0.00599126666666668,273417.14285714284,155680.57142857142,4660.266666666666
2007-07-25,29.15,29.25,29.120001,29.15,14.160253,3580642.0,1.0034305317324186,0.9989708747855918,1.0,-0.33000000000000185,-0.11658699999999911,-2713932.0,1.0042737885991215,1.0043467267283535,1.0050474736447983,0.9967085620527519,0.9955738215271905,0.9943897008161291,0.9997146993793847,0.9998914114823234,0.9998395151211447,-0.042857285714285966,0.008571357142857141,0.010999999999999944,-0.019430714285714096,-0.008327642857142794,0.007772433333333417,96096.57142857143,-100153.42857142857,-86247.33333333333
2007-07-26,29.219999,29.290001,28.780001,28.780001,13.980518,5788182.0,1.0023956879669982,0.9849418886017073,0.9849418886017073,0.06999900000000281,-0.17973500000000087,2207540.0,1.0038398958805235,1.004225009677238,1.005127329910365,0.9950424917928666,0.9948398913192057,0.9944366488467064,0.9974665335777807,0.9985229944765445,0.9996806312477767,-0.03285742857142842,-0.0035714999999998704,0.0023333000000000936,-0.047883142857142805,-0.021165857142857143,-0.0011335000000000169,457613.4285714286,122793.92857142857,16943.3
2007-07-27,28.09,28.620001,28.030001,28.17,13.684196,10481078.0,1.0188679601281594,0.9978640441438233,1.0028479886080457,-1.1299990000000015,-0.296322,4692896.0,1.00532054713304,1.0049388839407227,1.0055367344738513,0.9948345418309056,0.9946873230437644,0.994550313403089,0.9976304299095425,0.998287609445029,0.9996138079910951,-0.18714285714285697,-0.08642849999999999,-0.025333333333333385,-0.08882685714285721,-0.04545449999999995,-0.013277833333333315,995158.4285714285,459991.5,141530.53333333333
2007-07-30,28.1,28.25,27.950001,28.15,13.674482,5531254.0,1.0053380782918149,0.9946619572953737,1.0017793594306048,0.010000000000001563,-0.009714000000000667,-4949824.0,1.0051139496724988,1.0052238105158908,1.0055202736187414,0.9942657954705044,0.9948360270519742,0.9943952500013282,0.9971092849008888,0.9986315241815201,0.9995358987028186,-0.197142857142857,-0.11071428571428552,-0.034999999999999906,-0.10339971428571408,-0.04892435714285716,-0.01813556666666667,180219.2857142857,39676.42857142857,-26813.533333333333
2007-07-31,28.200001,28.379999,28.1,28.299999,13.747348,6005106.0,1.0063829075750743,0.9964538653739764,1.0035460282430486,0.1000009999999989,0.07286600000000121,473852.0,1.005977703185324,1.0050493377400596,1.0053435744325268,0.994721210549259,0.9948251863898455,0.9942999550212396,0.998289270634918,0.9985453661640824,0.999287547525124,-0.21428571428571427,-0.0899998571428571,-0.029999966666666704,-0.08743928571428558,-0.04510714285714279,-0.018135466666666624,371021.71428571426,116617.85714285714,5169.866666666667
2007-08-01,28.120001,28.190001,27.51,27.52,13.368445,8167181.0,1.0024893313481746,0.9783072198326025,0.9786628385966274,-0.08000000000000185,-0.3789030000000011,2162075.0,1.0061392933360003,1.005130428390459,1.0050183888788264,0.9925924141256787,0.9940736564127775,0.9935995392197415,0.9955321646181015,0.9972389057933928,0.9984062419182542,-0.19000000000000025,-0.10142857142857155,-0.042666633333333336,-0.12977071428571435,-0.0669670714285715,-0.03287056666666667,569369.1428571428,94445.28571428571,91336.9
2007-08-02,28.030001,28.09,27.35,27.950001,13.577328,6461022.0,1.0021405279293427,0.9757402434627099,0.9971459151927965,-0.08999999999999986,0.20888300000000015,-1706159.0,1.0058635749959977,1.0051146915875318,1.0048856581771515,0.989562870499398,0.9930394410879625,0.9928815836163442,0.9955605740961185,0.9975891259462871,0.9983111057580142,-0.20714271428571454,-0.11571421428571428,-0.04566663333333333,-0.09993028571428576,-0.05100599999999998,-0.02347883333333337,23778.285714285714,148597.7142857143,-233095.1
2007-08-03,28.23,28.34,27.959999,28.16,13.67934,4541502.0,1.0038965639390718,0.9904356712716967,0.9975203684024088,0.19999900000000181,0.10201200000000021,-1919520.0,1.0059301510255194,1.0051019698123205,1.0048564888815055,0.9883435557116986,0.9925260588822252,0.9928354379620743,0.9952063410107483,0.9974605201950666,0.998069396611146,-0.13142857142857117,-0.08714292857142857,-0.036999999999999984,-0.06870185714285729,-0.04406628571428569,-0.02137396666666665,137265.7142857143,116681.14285714286,-76252.3
2007-08-06,27.950001,28.139999,27.76,27.92,13.562754,4400841.0,1.0067977815099183,0.9932021111555596,0.9989266190008366,-0.2799990000000001,-0.11658599999999986,-140661.0,1.0065590215316509,1.0051994587060873,1.0048208848360767,0.989523587505106,0.9922830396489865,0.9926430425336525,0.9972041596391954,0.9973353466084881,0.9979652189316937,-0.18142828571428588,-0.10714285714285714,-0.042999966666666604,-0.05968057142857143,-0.05378185714285712,-0.02234563333333336,-198191.57142857142,129710.92857142857,-32785.86666666667
2007-08-07,28.25,28.290001,27.91,28.1,13.650192,4537966.0,1.00141596460177,0.9879646017699115,0.9946902654867257,0.2999989999999997,0.08743800000000057,137125.0,1.0040658793135953,1.0046932132233175,1.0047773189605118,0.98810938145169,0.9914719616412978,0.9924801187841037,0.9960387706218642,0.9968346002657034,0.9979584104509874,0.022857142857142878,-0.08214285714285705,-0.03766663333333339,-0.004857714285714211,-0.04684228571428571,-0.018297400000000033,-849016.0,73071.21428571429,7681.133333333333
2007-08-08,28.27,28.73,28.200001,28.6,13.893079,4099198.0,1.0162716660771136,0.997523912274496,1.0116731517509727,0.019999999999999574,0.24288699999999963,-438768.0,1.0056278204257807,1.0053708850491399,1.005193921666227,0.9885182321629932,0.9913920138167488,0.9929693378153235,0.9974521695247738,0.9972807272128313,0.9989192707980895,0.024285714285714022,-0.0864285714285715,-0.0293333333333333,0.031228142857142975,-0.036085785714285556,-0.0008095333333333343,-204579.42857142858,-12180.07142857143,-69210.5
2007-08-09,28.83,28.969999,28.559999,28.969999,14.072815,3966166.0,1.0048560180367674,0.9906347207769686,1.0048560180367674,0.5599999999999987,0.17973600000000012,-133032.0,1.0054096933488799,1.0056936982671019,1.005137023253708,0.9876869257919922,0.9912040681706256,0.9927607887806481,0.9976393109238764,0.9979642907793973,0.9990120545911085,0.08999985714285685,-0.06214292857142872,-0.004000033333333401,0.046495285714285677,-0.020471999999999952,-0.0006478333333333216,-291277.14285714284,39872.28571428572,-101633.03333333334
2007-08-10,28.35,28.66,28.209999,28.219999,13.708485,6560486.0,1.0109347442680776,0.995061693121693,0.9954144268077602,-0.4799999999999969,-0.3643300000000007,2594320.0,1.0066161809088658,1.0063777371224332,1.0054556968598949,0.990080421976148,0.9913364180509133,0.9930314603383128,1.0000323949540382,0.9977822797860698,0.998985204442318,0.03285700000000042,-0.07857149999999992,-0.025,0.048577142857142874,-0.040596785714285745,-0.012468199999999995,-229527.85714285713,169920.64285714287,-233664.66666666666
2007-08-13,28.32,28.68,28.32,28.59,13.888222,5326188.0,1.0127118644067796,1.0,1.0095338983050848,-0.030000000000001137,0.17973700000000115,-1234298.0,1.008126371834214,1.0069949734151058,1.0058794256734542,0.9935461014814752,0.9915544859904365,0.9935689103097249,1.0018021068272223,0.9986813404616706,0.9998061468500861,0.04142842857142881,-0.08285714285714287,-0.02766666666666661,0.04441342857142873,-0.027758428571428517,-0.001943033333333292,-162119.14285714287,-69170.42857142857,-65708.3
2007-08-14,28.6,28.700001,28.120001,28.200001,13.698771,7757172.0,1.0034965384615384,0.983216818181818,0.9860140209790209,0.28000000000000114,-0.18945100000000004,2430984.0,1.0080692253374235,1.0069996881814716,1.0057540983644624,0.9925148367543495,0.9904291962330241,0.9931361709805161,1.0001583429095955,0.997682341960172,0.9991095881931449,0.052857142857143,-0.039285714285714084,-0.011333366666666577,0.0027758571428572664,-0.03296300000000001,-0.015220833333333298,459381.4285714286,298323.5714285714,53069.2
2007-08-15,27.82,28.049999,27.51,27.6,13.407309,9183919.0,1.0082673975557153,0.9888569374550683,0.9920920201294033,-0.7800000000000011,-0.291462000000001,1426747.0,1.0082791704868233,1.007419096009237,1.0059839367163768,0.9918940976542794,0.9907088425796927,0.9930277429951704,0.9991819716422479,0.9981930656407217,0.9990175154507459,-0.018571571428571434,-0.09999992857142866,-0.04433333333333327,-0.02220642857142861,-0.04094350000000002,-0.0226693333333334,683296.8571428572,242552.64285714287,168962.43333333332
2007-08-16,27.370001,27.49,25.75,27.049999,13.140134,13322753.0,1.0043843257440874,0.9408110726777102,0.9883082941794559,-0.4499990000000018,-0.26717499999999994,4138834.0,1.0087032220785828,1.006384550696089,1.0057167177345783,0.9851578792125364,0.9866336303321132,0.9911236752925261,0.998270261455495,0.9971545160386796,0.9982144287501264,-0.12571414285714308,-0.0514285000000001,-0.05533333333333334,-0.07286542857142868,-0.03886157142857145,-0.037890200000000006,1254969.5714285714,202976.7857142857,277998.76666666666
2007-08-17,27.27,27.82,26.950001,27.540001,13.37816,7764550.0,1.02016868353502,0.988265529886322,1.0099010267693436,-0.1000009999999989,0.23802599999999963,-5558203.0,1.0092599388582837,1.0074438796420322,1.0062523496296587,0.9838352531570829,0.986176742660038,0.9908919625716203,0.9980171007438337,0.9977346351343037,0.9984078054196843,-0.14285714285714285,-0.05928571428571442,-0.06666666666666667,-0.07355985714285726,-0.021165857142857143,-0.02995600000000002,523621.71428571426,159521.14285714287,123182.76666666666
2007-08-20,28.1,28.58,28.0,28.58,13.883363,7580217.0,1.0170818505338077,0.9964412811387899,1.0170818505338077,0.8300000000000018,0.5052029999999998,-184333.0,1.011006486357861,1.0082080898533703,1.0065259539661398,0.9846647617802002,0.9861758437860962,0.9907733386095801,0.9997636482434109,0.9987014795836436,0.9987724211358358,-0.10428571428571384,-0.007142928571428493,-0.03999996666666661,-0.02706457142857158,0.009715357142857048,-0.014573200000000005,516293.0,112507.92857142857,117967.33333333333
2007-08-21,28.49,28.9,28.18,28.9,14.03881,5008306.0,1.0143910143910144,0.9891189891189892,1.0143910143910144,0.389999999999997,0.15544700000000056,-2571911.0,1.0115002392325663,1.009058210070716,1.006960684237858,0.9838158040655282,0.9869481130208381,0.9906579682075317,1.002474589326733,1.0012534921403857,0.9993533031782119,0.019999999999999574,0.026428499999999997,-0.03866666666666667,0.047189285714285746,0.04788321428571431,-0.010687099999999995,-221740.0,-225633.92857142858,1084.0666666666666
2007-08-22,28.700001,29.0,28.5,28.790001,13.985377,4986353.0,1.0104529264650548,0.9930313242846228,1.0031358883924777,0.21000100000000188,-0.053433000000000064,-21953.0,1.01117753381232,1.009651952823267,1.0070149309054697,0.9828202789633315,0.9881831902224033,0.9905388245288933,1.0015605879106462,1.0016813473689343,0.9992994247750552,0.05428585714285715,0.04785714285714298,-0.02533326666666665,0.01387928571428557,0.02914635714285715,-0.013115699999999997,-48547.857142857145,-105333.5,20463.233333333334
2007-08-23,29.24,29.450001,29.18,29.389999,14.27684,6308620.0,1.007181976744186,0.9979480164158687,1.005129924760602,0.5399989999999981,0.29146300000000025,1322267.0,1.0117040249955551,1.0098866251664893,1.0072091947221897,0.98492473585391,0.9887197863041298,0.990842803759037,1.004291431308015,1.0022248871088053,0.9995719794741993,0.091428571428571,0.072142857142857,-0.01000003333333339,0.08258128571428561,0.04267857142857144,-0.0009714666666666834,-206936.0,126222.71428571429,-17877.566666666666
2007-08-24,29.32,29.58,29.16,29.450001,14.305984,5030937.0,1.0088676671214187,0.9945429740791268,1.0044338676671214,0.08000000000000185,0.029144000000000503,-1277683.0,1.0117897777906557,1.0100344741387393,1.0074260888538928,0.9857370268002043,0.9888155622272418,0.990986927628004,1.0060545523848319,1.00261826201354,0.9999783472946941,0.21428571428571427,0.09785707142857143,-0.010999999999999944,0.12838214285714297,0.05308785714285718,0.00048573333333337134,-593283.1428571428,45006.857142857145,21676.1
2007-08-27,29.700001,29.85,29.35,29.57,14.364276,3851502.0,1.0050504712104218,0.9882154549422406,0.9956228621002403,0.38000100000000003,0.05829199999999979,-1179435.0,1.0118849414287034,1.0102940817536432,1.0074586156011727,0.9925090814094227,0.9888334803109797,0.9906733420543447,1.0070994906592297,1.0026848760573623,0.9998550810673856,0.33285714285714313,0.10357150000000002,0.008333333333333333,0.17487742857142866,0.05100599999999998,0.002266933333333358,-1353035.857142857,-49033.142857142855,31451.2
2007-08-28,29.5,29.5,29.049999,29.309999,14.237979,3458382.0,1.0,0.9847457288135593,0.9935592881355932,-0.20000100000000032,-0.126297000000001,-393120.0,1.0090037009237005,1.009131819890992,1.0072775177012665,0.9920062526847425,0.9879207529209127,0.9902780536674332,1.0047649565686938,1.0013910286562637,0.9996177556981408,0.3185714285714286,0.08785714285714288,0.0016666333333333228,0.1228312857142857,0.024635714285714223,-0.0025907000000000126,-615166.8571428572,-45772.57142857143,29116.466666666667
2007-08-29,28.85,29.030001,28.73,29.0,14.087389000000002,4564445.0,1.0062392027729634,0.9958405545927209,1.0051993067590987,-0.6499999999999986,-0.15058999999999756,1106063.0,1.0074547512435799,1.0092306188007203,1.0072020444150138,0.9919204346067325,0.9882925981934664,0.9901620823579388,1.003067450315164,1.0014155492792873,0.9997343754472536,0.10714285714285714,0.001428571428571652,-0.01833333333333324,0.029146571428571782,0.0010410000000001013,-0.007286499999999959,-430824.5714285714,42734.21428571428,34982.53333333333
2007-08-30,29.34,29.58,28.42,28.59,13.888222,9416193.0,1.0081799591002045,0.9686434901158828,0.9744376278118609,0.48999999999999844,-0.19916700000000098,4851748.0,1.0065674576306072,1.0090338484315866,1.007248567701167,0.9889953633205746,0.9864055836930514,0.9891620926345287,0.9973598236609992,0.9999172064938662,0.9987013838912764,0.12142857142857164,0.0707142857142856,-0.004666666666666685,-0.021512571428571294,0.012838357142857224,-0.01700193333333324,629698.1428571428,203979.07142857142,171549.13333333333
2007-08-31,28.52,29.02,28.440001,28.99,14.082531,10992204.0,1.017531556802244,0.9971949859747545,1.0164796633941093,-0.8200000000000003,0.19430899999999873,1576011.0,1.0075786905359199,1.0093781121741199,1.0078217318283986,0.9895901721334506,0.986205225548391,0.9892930601729308,0.9992660772326608,1.0004133325716535,0.9994078350675851,-0.025714428571428676,0.014285714285714235,-0.03933336666666669,0.01387914285714282,0.013879214285714194,-0.009229733333333339,857978.7142857143,404715.4285714286,252808.33333333334
2007-09-03,28.99,29.23,28.85,29.219999,14.194254999999998,4223140.0,1.0082787167988962,0.9951707485339774,1.0079337357709557,0.46999999999999886,0.11172399999999882,-6769064.0,1.0077353676865928,1.009719696341074,1.0080524157119137,0.9891934195788946,0.9870590777164023,0.9893584586308078,0.9996666216627114,1.0019790264853632,0.9997402069028055,-0.03571428571428571,0.027857142857142643,-0.01533336666666673,-0.011797857142857384,0.03539171428571412,-0.0027528333333333896,-297925.71428571426,-252430.85714285713,1384.7666666666667
2007-09-04,29.190001,29.41,28.99,29.17,14.169969,6748999.0,1.0075367931642072,0.9931483044484993,0.9993147996123742,0.20000100000000032,-0.024285999999998253,2525859.0,1.0075452428355625,1.009667510313109,1.0081679569404087,0.9889941810602336,0.9873656039302189,0.9892318338175354,0.998935326226319,1.0024949393055753,0.9998191319283288,-0.018571285714285932,0.09785721428571417,-0.00966663333333339,-0.01943071428571435,0.05447571428571431,-0.0035623666666666646,245437.42857142858,-173922.85714285713,15147.5
2007-09-05,29.25,29.43,28.83,28.98,14.077673,5742988.0,1.0061538461538462,0.9856410256410256,0.9907692307692307,0.059999000000001246,-0.09229599999999927,-1006011.0,1.0077028678274802,1.009793904628092,1.0082587340877895,0.9886264054457744,0.9905677434275987,0.9887875055127164,0.998241950321889,1.0026707204905594,0.9995114396206366,-0.06428585714285719,0.13428564285714298,0.003333333333333381,-0.04094328571428564,0.0669670714285715,-0.0027526666666666698,270212.28571428574,-541411.7857142857,72078.2
2007-09-06,28.700001,28.700001,28.32,28.59,13.888222,8258944.0,1.0,0.9867595474996673,0.9961672126771006,-0.5499989999999997,-0.18945100000000004,2515956.0,1.0077028678274802,1.0083532843755905,1.008178877822223,0.9889140938295039,0.9904601732571232,0.9888480941426484,0.9986145109706758,1.0016897337696848,0.9998856170898164,-0.11428557142857139,0.10214292857142862,-0.0173332666666667,-0.049965285714285504,0.0364330000000001,-0.003076533333333309,685794.5714285715,35313.857142857145,82358.73333333334
2007-09-07,28.450001,28.549999,28.280001,28.42,13.805639,2187126.0,1.0035148680662611,0.9940246047794514,0.9989454833411079,-0.25,-0.0825830000000014,-6071818.0,1.0073136771550941,1.007384214199337,1.0076671080868265,0.9886546724276083,0.9902875535171705,0.9887201128305029,0.9977211076252485,1.0003942789702063,0.9997555335809184,-0.05714271428571444,0.02500007142857135,0.012000033333333349,-0.04025000000000034,-0.005551714285714279,0.004048099999999976,-339617.0,-385220.78571428574,-276465.06666666665
2007-09-10,28.0,28.309999,27.959999,28.309999,13.752204,5322014.0,1.0110713928571429,0.9985713928571428,1.0110713928571429,-0.4500010000000003,-0.05343499999999857,3134888.0,1.007726739120371,1.007147098375489,1.0078582185723373,0.9929300871049312,0.9909627252127529,0.9888504273492285,1.0029545026317173,1.0001571631463582,1.0000652680284696,-0.19142857142857142,-0.034999999999999885,-0.003333333333333381,-0.01943114285714285,-0.020471857142857073,0.00259073333333338,-584882.7142857143,22407.714285714286,-6974.666666666667
2007-09-11,28.370001,28.780001,28.209999,28.51,13.849359,4901160.0,1.0144518852854465,0.994360169391605,1.0049347548489689,0.37000099999999847,0.09715499999999899,-420854.0,1.0072867860465429,1.0074327382912311,1.0081271844960165,0.9925251133073384,0.9910576427203945,0.9887806374831494,1.0013052299824117,1.0002856536075362,1.0001115589153335,-0.02142842857142873,-0.023571428571428705,0.0056666666666666055,-0.033310285714285674,-0.009715571428571426,0.0034003666666666396,-870149.1428571428,-6085.214285714285,-36798.2
2007-09-12,28.799999,28.85,28.459999,28.559999,13.87365,6390190.0,1.0017361458936163,0.9881944440345293,0.9916666663773148,0.4299980000000012,0.02429099999999984,1489030.0,1.0063521330600742,1.0070437503733334,1.0081020783141978,0.9915284983788458,0.9903609589788702,0.9891102116232136,0.9989813629261771,0.9993239922944444,1.0005450198413566,-0.027142999999999824,-0.031428642857142766,0.02266660000000004,-0.0458007142857141,-0.028799285714285743,0.01684016666666667,309578.5714285714,5826.428571428572,-59233.03333333333
2007-09-13,28.65,28.690001,28.24,28.32,13.757064000000002,7060432.0,1.0013961954624782,0.9856893542757417,0.9884816753926702,-0.1499990000000011,-0.11658599999999808,670242.0,1.00547490481697,1.0065100738262662,1.008077267231969,0.9904629340684519,0.9897285575643426,0.9894418486503146,0.9974337737519336,0.9981845499891263,1.0002562118480192,-0.07714300000000003,-0.04785714285714298,0.020666633333333333,-0.05898642857142836,-0.03920857142857136,0.005991200000000063,44490.42857142857,144963.92857142858,19980.333333333332
2007-09-14,28.540001,28.85,28.379999,28.709999,13.946513,5100124.0,1.0108619127238294,0.9943937633358878,1.005956481921637,-0.1099989999999984,0.18944899999999798,-1960308.0,1.0061474857555393,1.0069251767915097,1.0083094455247943,0.9917133251677178,0.990169865306746,0.9895737850524543,0.9996033810594203,0.9989226656906547,1.0005374156319933,-0.10142842857142854,-0.08285714285714287,0.010333366666666658,-0.01873714285714304,-0.02984021428571434,0.008905766666666655,-91837.71428571429,89187.28571428571,18620.733333333334
2007-09-17,28.6,28.68,28.290001,28.450001,13.820214000000002,5641019.0,1.0027972027972027,0.9891608741258741,0.9947552797202797,0.059999000000001246,-0.12629899999999772,540895.0,1.0065470861551395,1.00712497699131,1.008176092901037,0.9920563718286045,0.9904852328290542,0.9894390771514648,0.999401676351303,0.9990080936609894,1.000398370989308,-0.014285857142856986,-0.06428571428571418,0.02166663333333337,-0.009715428571428422,-0.029840357142856964,0.00858200000000006,-373989.28571428574,155902.64285714287,41339.26666666667
2007-09-18,28.17,28.219999,27.459999,27.799999,13.50446,13176874.0,1.0017749023784168,0.9747958466453673,0.9868654242101526,-0.4299999999999997,-0.31575400000000187,7535855.0,1.0062985196283045,1.0068060983916995,1.008188057493592,0.9893094063808784,0.9889820394042433,0.9890001186473134,0.9976759536183095,0.997698530621779,1.0001375429467556,-0.04000014285714266,-0.04857142857142855,-0.0026666666666666098,-0.043025571428571344,-0.04163778571428584,-0.004857733333333354,1569964.0,615173.5,287963.6
2007-09-19,28.5,28.73,28.4,28.57,13.878507,8736919.0,1.0080701754385966,0.9964912280701754,1.0024561403508772,0.3299999999999983,0.3740470000000009,-4439955.0,1.005869774282798,1.0067982567015845,1.007914674472308,0.9890122399827401,0.9909711635438356,0.9889656958405026,0.9964452032602714,0.9996998529459944,0.9998303092334192,0.07142857142857142,-0.05999999999999999,0.007666666666666681,0.018043285714285724,-0.0006939285714285656,-0.0004857333333333121,487843.5714285714,-48519.57142857143,154590.7
2007-09-20,28.99,29.0,28.15,28.42,13.805639,19736165.0,1.0003449465332874,0.9710244912038634,0.9803380476026217,0.48999999999999844,-0.07286800000000149,10999246.0,1.0038544973182038,1.0055706416823733,1.007764305422192,0.9856785716702056,0.989101842488772,0.9883120215213992,0.9929313879393646,0.9971183089608882,0.999013043552281,0.08857128571428571,0.03357142857142849,0.005333333333333338,-0.006245714285714347,-0.01977800000000001,-0.0089058666666667,2119286.4285714286,624568.6428571428,525666.6333333333
2007-09-21,28.200001,28.6,28.200001,28.4,13.795925,3184284.0,1.0141843611991361,1.0,1.007092162869072,-0.7899989999999981,-0.00971399999999889,-16551881.0,1.005632813790421,1.0059924734252477,1.0078726259865607,0.9873650796652729,0.9894467890220594,0.988476631750676,0.99513503029533,0.9970581966107536,0.9994023014209914,-0.08571399999999992,-0.05642849999999987,-0.004999966666666703,-0.011103571428571308,-0.028452142857142704,0.002914666666666695,-457986.5714285714,-74204.0,-112540.06666666667
2007-09-24,28.549999,28.85,28.42,28.709999,13.946513,5025736.0,1.010507916305006,0.9954466198054859,1.0056042033486585,0.34999799999999937,0.15058799999999906,1841452.0,1.0069344881964966,1.0062046965067333,1.007799161049835,0.9887589747409505,0.9896109544047011,0.9883248524108589,0.9975811057176142,0.9975074397347738,0.9992713115891104,-0.014285857142856986,-0.0457144285714285,0.007666633333333313,0.027064142857142568,-0.015961142857142896,0.001943033333333292,-290670.85714285716,-123090.21428571429,-10015.066666666668
2007-09-25,28.700001,28.940001,28.52,28.690001,13.936803,6083237.0,1.0083623690466073,0.9937281883718401,0.9996515679563913,0.15000200000000063,-0.009710000000000107,1057501.0,1.0065774105283218,1.0063624481419304,1.0079613554026705,0.9886638926032294,0.9901886088854737,0.988675231417193,0.996680403722579,0.9981418923909996,0.9997258964883561,0.022857142857142878,-0.03928564285714283,0.00333336666666663,-0.0013871428571428726,-0.010062142857142955,0.007934399999999956,140444.7142857143,24303.5,-55797.833333333336
2007-09-26,28.5,29.1,28.5,28.92,14.048526999999998,6936850.0,1.0210526315789474,1.0,1.0147368421052632,-0.20000100000000032,0.11172399999999882,853613.0,1.009185328925714,1.0078662075404268,1.0083875298701117,0.990212339156676,0.9911343554926404,0.9890466668353574,0.9995349126347195,0.9994682944930112,1.0004807238875515,-0.014285714285714488,-0.014285785714285737,0.022666666666666658,0.03261614285714235,0.011450357142856962,0.021373933333333282,185118.7142857143,-94435.28571428571,-74902.3
2007-09-27,29.08,29.49,29.08,29.41,14.286552,7678122.0,1.0140990371389271,1.0,1.0113480055020634,0.5799999999999983,0.23802500000000215,741272.0,1.0109459196057868,1.0086222196170458,1.008711353583273,0.993812932493052,0.991561169436965,0.9910196310794337,1.0030324242478497,1.0003541889330796,1.0012487142649718,0.1299999999999995,0.04499992857142843,0.05699996666666666,0.11172742857142863,0.03435092857142864,0.03821393333333335,-785536.0,392214.0,-188154.36666666667
2007-09-28,29.530001,29.9,29.32,29.700001,14.427425,9920532.0,1.012529596595679,0.9928885542536894,1.0057568572381694,0.4500010000000003,0.14087299999999914,2242410.0,1.0115829797710842,1.0087263770269412,1.0084567173519616,0.9932982648049827,0.9911552523938614,0.9911737318916793,1.0035039552317486,0.99997457924601,1.0011105752805993,0.1471429999999998,0.10928578571428561,0.07533336666666664,0.07841685714285695,0.04823007142857134,0.03497550000000001,169087.57142857142,328465.5714285714,71866.06666666667
2007-10-01,29.76,29.870001,29.51,29.610001,14.383709,2383245.0,1.0036962701612901,0.9915994623655914,0.9949597110215054,0.22999900000000295,-0.043715999999999866,-7537287.0,1.0120617402893706,1.0079581188037872,1.0080105313395442,0.9962375463995151,0.9909580590348603,0.9910123379325726,1.005592764291589,0.9992620761154768,1.0003731706301893,0.11000000000000044,0.09928564285714307,0.05533333333333334,0.08258142857142861,0.038167857142857135,0.016678200000000015,-2478988.5714285714,-179851.07142857142,-173232.4
2007-10-02,30.01,30.379999,30.0,30.200001,14.670313,7753381.0,1.01232919026991,0.9996667777407531,1.0063312562479174,0.25,0.2866040000000005,5370136.0,1.0117967158709096,1.0087147648306654,1.0079418038688408,0.9961899432196227,0.9917775114424477,0.9913639308866314,1.0054840633457098,1.0003095468205199,1.0001045120254193,0.2585712857142859,0.086428642857143,0.05066666666666677,0.12491257142857139,0.05690450000000004,0.021050100000000013,652728.1428571428,97370.78571428571,91502.5
2007-10-03,30.41,30.67,30.18,30.459999,14.796616,6521112.0,1.0085498191384414,0.9924366984544558,1.001644163104242,0.3999999999999986,0.12630300000000005,-1232269.0,1.0115169877042576,1.009225737950377,1.0078783669579536,0.99575995445519,0.9922594645980702,0.9913441100256258,1.004918343310793,1.0012497245142036,1.0000547878491448,0.26571442857142863,0.12571428571428583,0.05699996666666666,0.12144328571428582,0.07425371428571419,0.027041300000000015,213625.14285714287,-38522.857142857145,51158.63333333333
2007-10-04,30.389999,30.75,30.299999,30.450001,14.791757999999998,5987634.0,1.0118460352696952,0.9970384994089667,1.0019743995384798,-0.0200010000000006,-0.004858000000002249,-533478.0,1.0120146543075559,1.009296032417939,1.0080338355754705,0.9962328560319225,0.9924483743175759,0.9913137927920626,1.0052501763939488,1.000965290058264,0.999949603675074,0.2414282857142856,0.13214271428571425,0.038333300000000035,0.12213642857142837,0.060374642857142745,0.017163933333333267,-13657.57142857143,63393.57142857143,-10699.533333333333
2007-10-05,30.450001,30.690001,30.360001,30.57,14.850049,3839135.0,1.0078817731401717,0.9970443350724356,1.0039408537293644,0.06000200000000078,0.05829100000000231,-2148499.0,1.0101331031020162,1.009659216013865,1.0080009724427625,0.9958106181851274,0.9930114786709018,0.9913971714918394,1.0037078923402487,1.001621402487484,0.9999331698771489,0.2785715714285715,0.13214292857142848,0.037666700000000004,0.11450314285714315,0.07355964285714275,0.018135499999999992,-442530.71428571426,-128706.0,-39726.73333333333
2007-10-08,30.790001,30.959999,30.76,30.860001,14.990922,4213761.0,1.0055212080051572,0.9990256252346339,1.00227346533701,0.33999999999999986,0.14087299999999914,374626.0,1.0089076989400494,1.009926809272918,1.0080166636692536,0.9956714217900752,0.9947421771415635,0.9917575105015859,1.0024115294595268,1.0027219768536881,1.0001548566517078,0.24428585714285742,0.18714292857142847,0.03633333333333333,0.10062428571428558,0.10617585714285711,0.02088819999999997,-494908.71428571426,-640222.3571428572,12075.3
2007-10-09,30.799999,31.32,30.790001,31.200001,15.156084,5602651.0,1.0168831498988036,0.9996753895998504,1.0129870783437362,0.009997999999999507,0.16516200000000048,1388890.0,1.00952963512621,1.010556307448647,1.008579435332547,0.9966409696966696,0.994969617250826,0.9922551658611289,1.0034444181888935,1.003474186710321,1.0008024496586458,0.18142828571428588,0.16428564285714284,0.04333329999999999,0.10409414285714291,0.09125549999999993,0.03060350000000002,-616840.1428571428,-223876.2857142857,71475.63333333333
2007-10-10,31.49,31.5,31.16,31.389999,15.248382,3589917.0,1.0003175611305177,0.9895204826929185,0.9968243569387107,0.6900009999999988,0.09229799999999955,-2012734.0,1.009046962407528,1.0105543513484492,1.008382047277799,0.9963439726005735,0.9962907595000443,0.9920444967978023,1.0037107961770657,1.0046517802343273,1.000523284664633,0.2471428571428567,0.17857142857142858,0.0879999999999999,0.12352471428571425,0.10305307142857144,0.038699766666666593,172381.7142857143,-1153303.4285714286,-32484.266666666666
2007-10-11,31.209999,31.65,31.08,31.549999,15.326107,3496281.0,1.014098077990967,0.9958347002830726,1.0108939445976912,-0.2800009999999986,0.07772500000000093,-93636.0,1.0092996606533935,1.0105481882621514,1.008579317907491,0.995796532963762,0.9959932380916924,0.9929508704700418,1.004362608798462,1.004923336072086,1.0017384952241606,0.17142842857142832,0.2149998571428571,0.0623333,0.09368485714285717,0.10929871428571428,0.047929499999999986,-608157.1428571428,22285.5,-197330.4
2007-10-12,31.299999,31.48,31.110001,31.469999,15.287246,3997835.0,1.0057508308546592,0.9939297761638907,1.0054313100776777,0.08999999999999986,-0.0388610000000007,501554.0,1.0088998051842817,1.0102083964442696,1.0081866270425714,0.9960098297793956,0.9958848921172928,0.9928420301430131,1.0049036297946672,1.0049109865527301,1.0013702167802796,0.12714271428571422,0.19642857142857142,0.09266663333333333,0.07008999999999992,0.09576664285714287,0.040157166666666674,-360468.14285714284,-73421.5,-233145.63333333333
2007-10-15,31.65,31.74,31.040001,31.33,15.219238,4414972.0,1.0028436018957345,0.98072672985782,0.9898894154818325,0.3500009999999989,-0.06800799999999896,417137.0,1.0076137432737158,1.0098141987906357,1.0080054565457994,0.9936795769863744,0.9949562165091485,0.9923605628538078,1.0031772035008604,1.0042136899474046,1.0007687394373088,0.18000014285714272,0.21071421428571416,0.08866666666666667,0.06106857142857182,0.0916025000000001,0.03416610000000008,-224666.0,-119161.78571428571,6394.4
2007-10-16,31.01,31.209999,30.83,30.9,15.010353,5138057.0,1.0064495001612384,0.9941954208319895,0.9964527571751047,-0.639999999999997,-0.20888500000000043,723085.0,1.007409132848154,1.0087711179750853,1.0079692134457006,0.9932725892377394,0.9945416037114334,0.9923954667332576,1.0021074754216805,1.0029076838809647,1.000673338022733,0.07999985714285732,0.1792857142857144,0.06066663333333343,0.02290057142857143,0.06870185714285729,0.028012800000000008,185560.2857142857,-128485.21428571429,-53698.066666666666
2007-10-17,30.959999,31.030001,30.48,30.99,15.054073,6190166.0,1.002261046584659,0.9844961558299792,1.0009690245791028,-0.05000100000000174,0.043720000000000425,1052109.0,1.0069433955023686,1.0079255472212088,1.0078394534600608,0.99119695075136,0.9934341862707177,0.9923573044062226,1.0019211267419794,1.0021663281007531,1.001013331149729,0.02428542857142852,0.13428564285714298,0.05699996666666666,0.009021571428571613,0.0548229285714286,0.03254666666666666,282343.5714285714,-106282.57142857143,14905.933333333332
2007-10-18,31.15,31.23,30.799999,31.0,15.058932,4858650.0,1.0025682182985554,0.9887640128410915,0.9951845906902087,0.19000099999999875,0.004858999999999725,-1331516.0,1.0048984052737615,1.0072140201999857,1.0079250607366794,0.989638182642966,0.9931395761698177,0.9924241199176034,0.999377914220047,1.0014111662044702,1.0009805770834992,0.0500001428571427,0.11571421428571428,0.08166663333333328,-0.013878857142857066,0.04510764285714292,0.03902366666666666,-106285.85714285714,-361563.0,-113343.13333333333
2007-10-19,30.940001,30.950001,30.57,30.93,15.024925,5027148.0,1.000323206195113,0.9880413384602025,0.9996767614842677,-0.20999899999999982,-0.03400700000000079,168498.0,1.004899211711561,1.0069730870595446,1.0078186720076412,0.9894268763240065,0.9928854244622901,0.9922246777069617,0.9997854005836979,1.0017480983803817,1.0010049530216045,-0.07857128571428566,0.08428578571428551,0.08299999999999995,-0.03192242857142854,0.04580114285714286,0.04064286666666668,205318.7142857143,188850.2142857143,94667.4
2007-10-22,30.24,30.75,30.16,30.75,14.937485999999998,6752578.0,1.0168650793650795,0.9973544973544974,1.0168650793650795,-0.7000010000000003,-0.0874390000000016,1725430.0,1.0052944976221485,1.007297079137771,1.008011794891239,0.989643990191353,0.9927202615775574,0.9921841145235403,1.000638419836182,1.002500514317322,1.0011980759052024,-0.13857128571428592,0.016428571428571206,0.07466666666666662,-0.055517285714286047,0.019083785714285564,0.03950939999999991,465185.28571428574,-71485.92857142857,47685.46666666667
2007-10-23,30.84,31.459999,30.709999,31.209999,15.160941,7206748.0,1.020103728923476,0.9957846627756161,1.011997373540856,0.6000000000000014,0.2234550000000013,454170.0,1.0073449116319795,1.0081223584081305,1.0082001896791732,0.989908973993028,0.9929594018862117,0.9922315976363406,1.0015764289023503,1.0032400293485089,1.0014334965282652,-0.06571414285714283,0.030714285714285694,0.08233330000000004,-0.018043571428571475,0.026023214285714222,0.043719399999999985,458416.14285714284,48974.0,76852.93333333333
2007-10-24,31.4,31.610001,31.110001,31.110001,15.11237,5984864.0,1.0066879299363058,0.9907643630573248,0.9907643630573248,0.5599999999999987,-0.04857099999999903,-1221884.0,1.007894101352061,1.0077539223128884,1.008365249147263,0.9913429215929573,0.9925112492896658,0.9923172616037672,1.001701421413135,1.0024393124569977,1.0014034197509323,-0.03571428571428571,0.0721429285714285,0.08666669999999996,-0.015266857142857202,0.02290085714285731,0.04129066666666669,224270.2857142857,-197.85714285714286,-13510.866666666667
2007-10-25,30.5,30.57,29.84,29.959999,14.553724,22237388.0,1.0022950819672132,0.9783606557377049,0.9822950491803278,-0.8999999999999986,-0.5586459999999995,16252524.0,1.0073006130386288,1.0073548729433914,1.0083952120307542,0.9890808122937738,0.9911767007657566,0.9920729716524992,0.9996788916995953,1.0008931835606378,1.0011971988771875,-0.07285714285714308,0.00357135714285712,0.06166666666666672,-0.06523271428571421,-0.021166071428571392,0.02655533333333331,2442761.5714285714,1314160.9285714286,505898.5333333333
2007-10-26,29.82,29.969999,29.6,29.799999,14.476007,21192567.0,1.0050301475519785,0.9926224010731053,0.9993292756539235,-0.6799999999999997,-0.07771700000000159,-1044821.0,1.007696198891103,1.0073197971967358,1.008200819858359,0.9902417044713632,0.9907193276113616,0.9920139262437399,0.9994446418531411,1.0006828842975604,1.000976292001597,-0.16285699999999995,-0.0692857857142857,0.042666633333333336,-0.08258085714285736,-0.03677964285714287,0.01764979999999999,2143200.1428571427,1212771.857142857,536414.7666666667
2007-10-29,30.08,30.1,29.860001,29.950001,14.548869,5826637.0,1.0006648936170215,0.9926862034574468,0.9956782247340427,0.259999999999998,0.07286200000000065,-15365930.0,1.0074242953651695,1.0061613503194657,1.0081297428856864,0.9908020174165568,0.9902201000297615,0.992131437221459,0.9995151610022603,0.9994465376111535,1.001007056835389,-0.15285714285714289,-0.0514285000000001,0.04933333333333323,-0.07286614285714295,-0.0433725,0.024288499999999935,138283.85714285713,15999.0,6187.266666666666
2007-10-30,29.9,29.91,29.35,29.690001,14.422572,8774746.0,1.0003344481605352,0.9816053511705687,0.9929766220735786,-0.17999999999999972,-0.12629699999999922,2948109.0,1.00742590136023,1.0061625565358956,1.0080817277450904,0.9898825906608949,0.9896547334924507,0.9923584207056323,0.9985579982293048,0.9991716994065013,1.0012107634308367,-0.14857157142857144,-0.11357142857142856,0.05766666666666656,-0.08605042857142843,-0.05898642857142849,0.03060373333333336,535371.1428571428,370344.9285714286,-146737.6
2007-10-31,29.51,30.469999,29.379999,30.1,14.621737,10959865.0,1.0325313114198578,0.9955946797695696,1.0199932226363944,-0.389999999999997,0.19916499999999893,2185119.0,1.0096639345109126,1.0074792160665305,1.0088970989444657,0.9896311881487624,0.9896375891700576,0.9923285357622788,0.9990048758394926,0.9998216478378372,1.001795332840354,-0.10428571428571384,-0.12142849999999987,0.03366666666666672,-0.045106999999999786,-0.050312142857142916,0.02477433333333329,601041.0,533113.1428571428,74098.2
2007-11-01,30.35,30.540001,30.049999,30.42,14.777184,6948816.0,1.0062603294892916,0.9901152883031301,1.0023064250411862,0.8399999999999999,0.15544700000000056,-4011049.0,1.0076863060203147,1.0075156088261472,1.0090942783763326,0.9888212775098358,0.9893651257514319,0.9929648956655875,0.9976204546252541,0.9995984417638022,1.002527612088306,-0.06999999999999977,-0.06785707142857131,0.045333333333333434,-0.05482242857142846,-0.03643299999999997,0.032384833333333356,-36847.42857142857,210784.35714285713,-426244.9666666667
2007-11-02,29.85,29.98,29.709999,29.98,14.563441,8800930.0,1.0043551088777218,0.9953098492462311,1.0043551088777218,-0.5,-0.2137430000000009,1852114.0,1.0073530458690885,1.0076235736105748,1.0087666366322854,0.9894706326796794,0.9904067771363184,0.9928085573071287,0.9995619897424535,1.0006317055777942,1.002436376955261,-0.22142857142857103,-0.12857142857142836,0.054999966666666705,-0.07841842857142874,-0.046842642857142965,0.025583866666666625,402295.14285714284,313282.71428571426,187221.53333333333
2007-11-05,30.0,30.01,29.559999,29.790001,14.471148,8652297.0,1.0003333333333333,0.9853333000000001,0.9930000333333333,0.14999999999999858,-0.09229299999999974,-148633.0,1.0070727960642485,1.0071867045514387,1.008427483866563,0.9904667247171502,0.9897737685054621,0.9924714466469459,1.001091273192883,1.000385082446239,1.0020162379547501,-0.07142857142857142,-0.07214285714285726,0.048333366666666676,-0.011796571428571616,-0.038514642857142914,0.01748783333333333,-1940727.2857142857,251017.14285714287,120885.36666666667
2007-11-06,29.76,30.120001,29.76,29.950001,14.548869,4017177.0,1.0120968077956989,1.0,1.0063844422043011,-0.23999999999999844,0.07772100000000037,-4635120.0,1.0080823189562085,1.0078892589236559,1.0085519651581993,0.9915206674209924,0.9908811859461778,0.9926805070345512,1.002099154128651,1.0007718979908962,1.0022406670963473,-0.008571428571428388,-0.08571421428571416,0.03533330000000004,0.010408857142857235,-0.03608600000000006,0.020402200000000016,-2453627.1428571427,-155213.5,-68868.66666666667
2007-11-07,30.120001,30.25,29.84,29.870001,14.510009,7795464.0,1.004316035713279,0.9907038183697272,0.991699867473444,0.3600009999999969,-0.03885999999999967,3778287.0,1.0086039106842455,1.0080141030247076,1.0079940786293438,0.9912374695513181,0.9910197434839374,0.9923706343135421,1.0015308173771371,1.0005229891896987,1.0014727679419533,0.005714428571428597,-0.07357135714285715,0.05400003333333328,-0.005551428571428525,-0.03920878571428573,0.015382733333333398,281261.0,209772.42857142858,28620.466666666667
2007-11-08,29.25,29.25,28.85,29.030001,14.460199,255968.0,1.0,0.9863247863247864,0.9924786666666666,-0.8700009999999985,-0.0498100000000008,-7539496.0,1.0085561323755974,1.0079910168679136,1.0075241107247128,0.9919116745733493,0.990897132617122,0.9919147938577016,1.0014596808904352,1.00000883955987,1.0008437899807734,-0.09285714285714265,-0.12071435714285705,0.0056666666666667235,0.005375285714285535,-0.04033757142857145,0.0057882333333333,-1216968.2857142857,-340798.5714285714,-247405.13333333333
2007-11-09,28.559999,28.75,27.83,27.950001,13.922235999999998,12738479.0,1.0066526963113689,0.974439810029405,0.9786415258627985,-0.6900009999999988,-0.5379630000000013,12482511.0,1.004859187360099,1.0072615609355058,1.0073282140485693,0.9888895503247542,0.9892603692367583,0.9912998357168922,0.9955522956370645,0.9972785857382785,0.9999399456015944,-0.13571442857142862,-0.12000007142857123,-0.032333399999999915,-0.0999287142857145,-0.07251785714285715,-0.01683963333333338,254087.7142857143,427564.35714285716,93931.56666666667
2007-11-12,27.719999,27.790001,27.209999,27.4,13.648275,11164727.0,1.0025253247664259,0.9816017309380133,0.9884560241145751,-0.8399999999999999,-0.2739609999999981,-1573752.0,1.0043256152568325,1.0060059606385736,1.007289182535407,0.9876733278440233,0.9882473026769295,0.9909665780026395,0.9935736669332629,0.9955970607792584,0.99972315603803,-0.37571442857142856,-0.22285721428571417,-0.06800003333333333,-0.1612727142857143,-0.10804757142857138,-0.024514466666666658,602273.0,282712.78571428574,292716.06666666665
2007-11-13,27.43,28.51,27.43,28.379999,14.136422,10459720.0,1.0393729493255561,1.0,1.0346335763762304,-0.28999900000000167,0.48814699999999966,-705007.0,1.0093281638922373,1.008340604880663,1.0081906411705952,0.988343349380276,0.9889069910299778,0.9909776854112811,0.9978991622901928,0.9987305760163231,1.0006665667089736,-0.345714285714286,-0.2835714285714285,-0.08600000000000006,-0.06100271428571423,-0.06971057142857148,-0.017796366666666685,236970.0,319632.5714285714,90211.3
2007-11-14,29.01,29.049999,28.549999,28.700001,14.29582,7537606.0,1.0013788004136503,0.9841433643571181,0.9893140641158221,1.5800000000000018,0.15939800000000126,-2922114.0,1.0094775163322827,1.0082751561982657,1.0079516072131023,0.9881733585741499,0.9893200416456501,0.9907012409413699,0.9973725952591197,0.9992319342260013,1.0002555634093597,-0.1414285714285712,-0.10642857142857132,-0.04666666666666662,-0.025046857142856944,-0.01842171428571428,-0.016693199999999978,-159241.57142857142,-1049984.4285714286,33883.13333333333
2007-11-15,28.379999,28.48,28.139999,28.139999,14.016877,7403870.0,1.003523643535012,0.9915433400825701,0.9915433400825701,-0.630001,-0.2789430000000017,-133736.0,1.008252778580756,1.0081675487684822,1.0076741941552794,0.9869652643002313,0.9892429658606119,0.9905180689638232,0.9952524378131581,0.9986757959709047,0.9999078614274961,-0.197143,-0.10285721428571419,-0.06699999999999993,-0.07599885714285724,-0.032795000000000005,-0.025829366666666628,483813.28571428574,-984906.9285714285,47207.86666666667
2007-11-16,27.610001,27.809999,27.440001,27.700001,13.797712,10792901.0,1.007243679563793,0.993842810798884,1.0032596884005909,-0.7699980000000011,-0.2191649999999985,3389031.0,1.0086710134165437,1.0086374620503944,1.0076529243694001,0.9874136917901108,0.9893255806707144,0.9904113514880383,0.9969038408027505,0.9992173290899438,0.999885155916537,-0.35857142857142826,-0.17642849999999985,-0.09466666666666666,-0.10175671428571421,-0.05365407142857137,-0.03507789999999999,428205.28571428574,354733.14285714284,231792.2
2007-11-19,27.85,28.32,27.83,28.049999,13.972048999999998,7765500.0,1.0168761220825853,0.9992818671454218,1.0071812926391381,0.23999900000000096,0.17433699999999774,-3027401.0,1.0110818879997703,1.0098190101876838,1.0080314215053143,0.9892647033359161,0.9905881889546325,0.9904198928850645,0.9990042159416751,1.0002319484160551,1.0000487501599413,-0.1999999999999998,-0.1464285714285712,-0.09800003333333329,-0.06973571428571443,-0.032180214285714444,-0.03396243333333337,1072790.2857142857,-72089.0,118391.3
2007-11-20,27.700001,28.48,27.639999,28.34,14.116502,9784577.0,1.0281588076476964,0.9978338628940844,1.023104656205608,-0.1499990000000011,0.14445300000000216,2019077.0,1.0141541896192456,1.0095066884896722,1.0084072767636107,0.992606710888013,0.9907481306063837,0.990358508661539,1.0053560917049336,1.000454193670999,1.000386002755337,-0.12285685714285728,-0.12928564285714295,-0.10333326666666665,0.02775228571428607,-0.03608821428571422,-0.03465273333333331,-421986.0,-83949.14285714286,139397.53333333333
2007-11-21,28.440001,28.440001,27.5,27.83,13.862463,9878752.0,1.0,0.9669479266192712,0.9785513017387024,0.7399999999999984,-0.25403900000000057,94175.0,1.0137934289383277,1.00905952209758,1.0083966913925935,0.9905133102710499,0.9890933190575366,0.9896060901257507,1.0039411313655233,0.998757399149393,0.9997769009153367,0.1028574285714282,-0.1364285000000002,-0.10166663333333333,0.03059828571428572,-0.06533721428571429,-0.04619729999999998,-183710.7142857143,209281.14285714287,209627.83333333334
2007-11-22,27.32,27.799999,27.27,27.559999,13.727975,6483208.0,1.0175695095168376,0.9981698389458272,1.0087847364568083,-1.1200009999999985,-0.13448799999999927,-3395544.0,1.0106786518227964,1.0100034078575169,1.0085124057767891,0.9902518586918825,0.9892976040360792,0.9896839280811759,1.0002484399484628,0.9990738011193278,0.9997065939773074,-0.015714285714285632,-0.1807142857142858,-0.1296666333333333,-0.05834957142857127,-0.05967614285714275,-0.05327106666666666,-568073.1428571428,-165551.57142857142,99564.23333333334
2007-11-23,27.530001,27.57,27.23,27.290001,13.593485,7748699.0,1.0014529240300427,0.9891027610206045,0.9912822378756907,0.21000099999999833,-0.13449000000000133,1265491.0,1.0106892409108525,1.0100833786215675,1.0083691422159686,0.9909603439295234,0.9895668512518366,0.9895230275763996,1.000529607628444,0.998951101443782,0.9992349582372412,-0.211428428571429,-0.1764285000000001,-0.12566660000000004,-0.10033357142857165,-0.0626902142857143,-0.05645870000000001,30156.14285714286,-64542.71428571428,125028.8
2007-11-26,27.5,27.65,27.4,27.620001,13.757857,6849635.0,1.0054545454545454,0.9963636363636363,1.0043636727272727,-0.030000999999998612,0.16437200000000018,-899064.0,1.0109650840422142,1.009608931311485,1.0084561736679292,0.9916489576839613,0.9893071109920963,0.9900442577932602,1.0023610837205443,0.9988067607668513,0.9997174334787557,-0.12571414285714308,-0.16142857142857153,-0.13833333333333328,-0.03700285714285708,-0.056500857142857165,-0.04871270000000004,-79176.42857142857,202318.42857142858,81155.43333333333
2007-11-27,27.23,27.780001,26.950001,27.450001,13.673179,10604589.0,1.0201983474109437,0.9897172603745868,1.0080793609988983,-0.2699999999999996,-0.08467800000000025,3754954.0,1.0128157508775215,1.0107433821470326,1.0089144685762526,0.9910595933376332,0.9892366425638721,0.9898949857780134,1.0030496083774456,0.9999767245900981,1.0001049869395489,-0.05428585714285715,-0.2064286428571427,-0.12600000000000003,-0.017790428571428762,-0.05977357142857149,-0.0445724666666667,-26901.714285714286,200651.7857142857,182217.73333333334
2007-11-28,27.469999,27.77,27.389999,27.52,13.708049,10486587.0,1.010921041533347,0.9970877319653342,1.0018202039250164,0.23999900000000096,0.03487000000000151,-118002.0,1.0119650250847732,1.0115234565422717,1.0092031350745423,0.9907461454547636,0.9900054243953399,0.9903147049825254,1.0022837385611425,1.0006439772514086,1.0001333595844126,-0.05428585714285715,-0.12714292857142848,-0.11633333333333327,-0.03771428571428537,-0.0537249999999999,-0.04486746666666666,388726.71428571426,730758.5,143214.03333333333
2007-11-29,27.85,28.040001,27.65,27.65,13.772799,9036525.0,1.0068222980251347,0.992818671454219,0.992818671454219,0.38000100000000003,0.06474999999999831,-1450062.0,1.0089169522815502,1.011535570950398,1.0093449377320949,0.9900296895347828,0.9913182002113979,0.9904498602696296,0.997957169310944,1.0016566305079386,1.0000544956098796,0.02142842857142873,-0.05071421428571427,-0.1099999999999999,-0.049100428571428774,-0.010674071428571352,-0.042871100000000044,-106864.57142857143,-264425.28571428574,139262.5
2007-11-30,27.9,28.4,27.73,28.16,14.026841,11279497.0,1.017921146953405,0.9939068100358424,1.0093189964157707,0.04999999999999716,0.2540420000000001,2242972.0,1.0114771161320364,1.0126352725351822,1.0099315357573713,0.9938809585942929,0.9921971344326714,0.9906453759888176,1.0023525542648108,1.003146842815167,1.0003759034409296,-0.07714300000000003,0.012857214285714085,-0.10133336666666667,0.02348257142857132,0.02704042857142852,-0.03326946666666668,200106.42857142858,8197.857142857143,208411.63333333333
2007-12-03,28.25,28.4,27.780001,27.85,13.872426999999998,8124826.0,1.0053097345132742,0.9833628672566371,0.9858407079646018,0.3500000000000014,-0.15441400000000094,-3154671.0,1.009725719702956,1.0102021857628762,1.0095463575956443,0.9917656769244086,0.9910087678081455,0.9901789883188888,0.9990748359087814,0.9996616379286222,0.9993417577275804,0.1328571428571428,0.058571428571428594,-0.06633333333333329,0.020635999999999655,-0.01885678571428581,-0.035501966666666655,234516.85714285713,-166778.14285714287,45741.6
2007-12-04,27.549999,27.84,27.469999,27.84,13.867446,10582983.0,1.010526352469196,0.99709618864233,1.010526352469196,-0.7000010000000003,-0.004980999999999014,2458157.0,1.0110219237656923,1.0108555823382723,1.009227111713835,0.9929075951560836,0.9919339695428036,0.9902227058477794,1.001823995136425,1.0011768013824345,0.9992927236918585,0.002856857142857296,-0.10428578571428584,-0.1096667,0.0391372857142857,-0.03059814285714297,-0.0431165,404897.71428571426,217526.92857142858,112541.16666666667
2007-12-05,27.559999,27.77,27.459999,27.74,13.817635999999998,6161484.0,1.0076197753127638,0.9963715528436702,1.006531241165865,0.010000000000001563,-0.0498100000000008,-4421499.0,1.0113312423168663,1.0111481631795403,1.0092581732263837,0.9929087260818028,0.9922788418828821,0.9904096121739908,1.0021336477705096,1.002247365745527,0.9998182862954764,0.008571285714285892,-0.058571428571428594,-0.12800003333333324,0.008539857142856988,-0.014231500000000048,-0.04315780000000006,-98307.28571428571,-88741.85714285714,5887.333333333333
2007-12-06,28.040001,28.190001,27.91,28.120001,14.006915,8996395.0,1.0053495005224857,0.9953637305505089,1.0028530669453257,0.48000199999999893,0.18927900000000086,2834911.0,1.009209978475658,1.0110128646765897,1.009359987178226,0.9937153646783631,0.9923874790079983,0.9909763813344178,1.0013870343342848,1.0022183213558653,1.0005035535543099,0.11571442857142854,0.030714285714285694,-0.08199996666666666,0.047676571428571436,0.014943071428571335,-0.018226966666666716,-229742.0,-128321.85714285714,-441366.43333333335
2007-12-07,28.25,28.620001,28.24,28.48,14.186237,6178771.0,1.0130973805309733,0.999646017699115,1.008141592920354,0.20999899999999982,0.17932200000000087,-2817624.0,1.0095208840467476,1.0107429545657605,1.0096288949441925,0.9940808340689031,0.9924134897618334,0.991210501888618,1.0022900899050475,1.0022869142330948,1.000797297463191,0.11142871428571409,0.02857142857142847,-0.05233333333333334,0.06831257142857135,0.015299142857142987,-0.009658999999999966,-615402.2857142857,-113337.78571428571,-500459.86666666664
2007-12-10,28.4,28.5,28.15,28.299999,14.096576999999998,4299894.0,1.0035211267605635,0.9911971830985915,0.9964788380281691,0.14999999999999858,-0.08966000000000207,-1878877.0,1.009049288151809,1.0089831202166795,1.0097241027156438,0.9938491928752422,0.9919394412050124,0.9911608678766561,1.002812970844183,1.0003850700775636,1.000823984572995,0.07857142857142817,0.049999928571428445,-0.05599999999999999,0.04625399999999986,-0.001423214285714458,-0.015076400000000056,-676661.5714285715,-391763.0714285714,-50891.433333333334
2007-12-11,28.5,28.58,28.110001,28.43,14.161333,6238691.0,1.0028070175438595,0.9863158245614035,0.9975438596491228,0.10000000000000142,0.0647560000000027,1938797.0,1.006890126807588,1.0091836214698122,1.009806521695088,0.9927647663788938,0.9933228624865933,0.9913178836563505,1.0011308084489479,1.0017416813568794,1.000976225825513,0.08571428571428592,0.004285642857142946,-0.04666666666666662,0.019213142857143088,0.021347857142857203,-0.008707966666666659,-720115.1428571428,-260004.35714285713,-84535.16666666667
2007-12-12,28.059999,28.139999,27.92,28.1,13.996952,7046743.0,1.0028510336012484,0.9950107268357351,1.0014255524385443,-0.44000099999999875,-0.16438100000000055,808052.0,1.0065388838201557,1.008132301761556,1.0088171791011344,0.994428746318765,0.9930972116215867,0.9912984185585562,1.003357214802368,1.0012160253555746,1.0003573034855848,-0.027142999999999824,0.052857071428571496,-0.048333366666666676,0.017789285714286,0.019212642857142827,-0.020826166666666642,-154011.85714285713,40252.5,-130437.4
2007-12-13,28.15,28.190001,27.85,27.92,13.907292000000002,3869774.0,1.0014209946714032,0.9893428063943163,0.9918294849023092,0.09000099999999733,-0.08965999999999852,-3176969.0,1.005238118420471,1.0081300210930817,1.0086558679405382,0.9933211202833343,0.993114357719709,0.9912726691615957,1.0006862337213842,1.0012551144289046,1.000008072147622,0.08571442857142841,0.04428564285714286,-0.07333333333333343,0.0056922857142860704,0.022414785714285883,-0.028996399999999943,-959029.8571428572,-277066.0714285714,-102634.73333333334
2007-12-14,27.92,28.190001,27.389999,27.6,13.747899,7689796.0,1.009670522922636,0.9810171561604584,0.9885386819484241,-0.22999999999999687,-0.15939300000000145,3820022.0,1.0055310823647385,1.0084311623408024,1.0088330484087018,0.9911276350428755,0.9920181805623391,0.9907962460587366,0.9981158681188927,1.000124757944701,0.9994808579166456,0.05142871428571435,0.03000000000000012,-0.06433333333333333,-0.009962428571428308,-0.0007112857142856603,-0.027184733333333298,218330.2857142857,60011.5,-37037.8
2007-12-17,27.299999,27.459999,26.92,26.950001,13.424126,8029269.0,1.0058608060754874,0.9860806222007554,0.9871795599699473,-0.620001000000002,-0.323773000000001,339473.0,1.0056041260151674,1.0074070522454128,1.009017297500107,0.9898014767071965,0.9917584206927798,0.9908211567987617,0.9958767956938387,0.9986319150140617,0.9992868421378661,-0.1057145714285715,0.004999928571428518,-0.09000003333333334,-0.08325557142857143,-0.017789499999999996,-0.034900733333333336,-138160.85714285713,-183951.42857142858,-20767.6
2007-12-18,26.75,27.5,26.440001,27.24,13.568578,8542259.0,1.02803738317757,0.9884112523364486,1.0183177570093458,-0.5499989999999997,0.14445200000000114,512990.0,1.0077384121075383,1.0086296480771428,1.0095486500128361,0.9881965102268155,0.9911386721478593,0.9904348652099767,0.9973305334208374,0.9998103116629424,0.9996846192980342,-0.21428571428571427,-0.0514285000000001,-0.10033333333333339,-0.08823699999999997,-0.00996221428571431,-0.032676366666666644,337641.14285714284,-138880.57142857142,150836.06666666668
2007-12-19,27.49,27.5,26.719999,26.85,13.374314000000002,9079935.0,1.000363768643143,0.9719897781011277,0.9767188068388506,0.7399999999999984,-0.19426399999999866,537676.0,1.0072873609479067,1.0081683245498578,1.0094169077771649,0.9854525952271779,0.9896508940512101,0.98981106386769,0.9945076718223634,0.9986603213332733,0.9991852506102145,-0.13000000000000003,-0.02571428571428593,-0.0876667,-0.10318042857142805,-0.028463214285714095,-0.037856499999999946,682863.0,3100.714285714286,42815.7
2007-12-20,27.120001,27.25,26.629999,26.85,13.374314000000002,14736266.0,1.004793473274577,0.981932080312239,0.9900442112815557,-0.36999899999999997,0.0,5656331.0,1.0075711403380092,1.0072306335727987,1.0095766902196508,0.9848263460487258,0.9887955562138098,0.9896646403339385,0.9934362934841395,0.9972835509665436,0.9991041020973773,-0.1971427142857145,-0.05571421428571429,-0.07099996666666672,-0.11243128571428558,-0.04660907142857124,-0.036196166666666585,1213939.2857142857,246912.07142857142,482676.6
2007-12-21,26.9,27.629999,26.860001,27.4,13.648275,10972675.0,1.0271375092936803,0.9985130483271376,1.0185873605947955,-0.2200009999999999,0.2739609999999981,-3763591.0,1.0110406368654996,1.0087897603428277,1.0102595173190612,0.9853266776903548,0.9898777120045599,0.9904670816105295,0.9958879803636042,0.999622597582986,1.0004356299217774,-0.16571414285714323,-0.09642857142857153,-0.05533330000000009,-0.04981100000000005,-0.016010857142857025,-0.00913203333333327,560847.4285714285,203417.7857142857,-58860.13333333333
2007-12-24,27.77,27.889999,27.18,27.27,13.583522,2609338.0,1.0043211739287001,0.9787540511343176,0.9819949585884048,0.870000000000001,-0.06475299999999962,-8363337.0,1.0114549481879707,1.0083465333042207,1.0103193789578038,0.9838139983674977,0.988567559325416,0.9903721589504063,0.9944830480330463,0.9975846408772152,1.000220261070905,-0.054285714285714146,0.015714357142857134,0.0016666999999999396,-0.04625285714285735,-0.02028028571428564,-0.0021584333333333205,-180062.2857142857,-569546.0714285715,-285179.63333333336
2007-12-27,27.48,27.530001,27.26,27.4,13.648275,2011920.0,1.0018195414847162,0.9919941775836972,0.9970887918486171,-0.28999999999999915,0.06475299999999962,-597418.0,1.0103333794111247,1.0079322308879317,1.0090675986964424,0.9853821442851034,0.9882548896639894,0.9901052982031964,0.9957044923045023,0.9969101802116975,0.9989687682533179,-0.06285714285714304,-0.005714214285714344,0.0016666666666666904,-0.014232000000000054,-0.012097214285714182,-0.016271566666666657,-811125.1428571428,-296397.4285714286,-281593.3333333333
2007-12-28,27.120001,27.52,27.0,27.52,13.708049,2770985.0,1.0147492251198664,0.9955751845289387,1.0147492251198664,-0.35999900000000196,0.05977400000000088,759065.0,1.0116031535603218,1.0086036397877445,1.0095132795199828,0.9867385103319866,0.9882699935195917,0.9904863588755902,0.999643015897348,0.9977599057955934,0.9998166069534526,-0.025714000000000174,-0.06571428571428584,-0.06299996666666677,0.04056042857142878,-0.021347571428571323,-0.01959236666666667,-751183.4285714285,-444672.14285714284,-158887.36666666667
2007-12-31,27.530001,27.639999,27.32,27.459999,13.678166,1304790.0,1.003995568325624,0.9923719218172204,0.9974572467323921,0.41000000000000014,-0.029883000000001658,-1466195.0,1.0081686085814723,1.0079535103445054,1.0095290103463366,0.9873043202578112,0.9877504152423134,0.9905139782667454,0.9966629430006402,0.996996738210739,1.0000137371751134,0.11142871428571409,-0.0514285000000001,-0.028333266666666763,0.015655428571428383,-0.03629078571428579,-0.011290366666666666,-1033924.1428571428,-348141.5,-203302.66666666666
2008-01-02,27.35,27.68,27.34,27.57,13.732956,1450379.0,1.0120658135283362,0.9996343692870201,1.0080438756855576,-0.1800009999999972,0.05479000000000056,145589.0,1.009840329279357,1.0085638451136318,1.0096897481451548,0.9912535475700814,0.9883530713986296,0.9907070302163498,1.0011379528358844,0.997822812329124,1.0001732100846124,-0.019999999999999574,-0.0749999999999998,-0.008666699999999968,0.05123457142857113,-0.02597292857142846,-0.002158533333333364,-1089936.5714285714,-203536.7857142857,-311417.4
2008-01-03,27.360001,27.42,27.08,27.33,13.613404999999998,3042581.0,1.0021929458262813,0.9897660456956854,0.9989034722622999,0.010000999999999038,-0.1195510000000013,1592202.0,1.0094688253581723,1.0085199828480909,1.0092003089366113,0.9923726854820024,0.9885995157653642,0.9903898361680255,1.0024035615474192,0.9979199275157793,0.9998972827387177,0.03428571428571457,-0.08142849999999997,-0.016333300000000033,0.03415585714285666,-0.039137714285714456,-0.011954799999999998,-1670526.4285714286,-228293.57142857142,-157430.63333333333
2008-01-04,27.4,27.549999,27.190001,27.41,13.653255,2581150.0,1.0054744160583942,0.992335802919708,1.0003649635036498,0.03999899999999812,0.03985000000000127,-461431.0,1.0063740977531312,1.0087073673093154,1.0084441625503013,0.9914902218523698,0.9884084497713622,0.9902065675022127,0.9998003619629697,0.9978441711632868,0.9991392929819857,0.07142857142857142,-0.04714278571428591,-0.01000003333333339,0.0007114285714285375,-0.024549785714285757,-0.015441566666666694,-1198789.2857142857,-318970.9285714286,-240114.23333333334
2008-01-07,27.0,27.07,26.690001,26.690001,13.294614,4424376.0,1.0025925925925927,0.9885185555555555,0.9885185555555555,-0.3999999999999986,-0.35864100000000043,1843226.0,1.0061271575622588,1.0087910528751147,1.0085305823033877,0.9928851510554036,0.9883495747114507,0.9909255884667556,1.0007323043868483,0.9976076762099473,0.9994715347758809,-0.10999999999999995,-0.08214285714285705,-0.04800003333333329,-0.04127257142857158,-0.04376271428571447,-0.018928300000000023,259291.14285714287,39614.42857142857,-181812.53333333333
2008-01-08,26.75,26.940001,26.6,26.75,13.324497,3730480.0,1.0071028411214953,0.994392523364486,1.0,-0.25,0.029882999999999882,-693896.0,1.0068819146532273,1.008607647032176,1.0081816933568761,0.9932277718812305,0.989304958083167,0.9907996779473776,1.0011481912656175,0.99842634178506,0.9991787102273206,-0.10428571428571434,-0.0835714285714287,-0.01900000000000001,-0.046254000000000114,-0.030243000000000082,-0.013449266666666718,245508.57142857142,-282808.28571428574,-91757.6
2008-01-09,26.540001,26.6,26.110001,26.35,13.125258,6351376.0,1.0022607007437565,0.9837980413037664,0.9928409573157138,-0.20999899999999982,-0.1992389999999986,2620896.0,1.0050978397423542,1.0083504966513381,1.0082086192473334,0.9915453228490632,0.989141916590525,0.9906228539568164,0.998018438722167,0.9988307273097575,0.999230667541988,-0.08285714285714262,-0.05428557142857139,-0.032999999999999946,-0.08325585714285719,-0.0213477142857142,-0.015607566666666628,511484.4285714286,-119849.5,-46577.433333333334
2008-01-10,26.440001,26.57,26.110001,26.110001,13.005711,6243586.0,1.0049167547308338,0.9875189112133544,0.9875189112133544,-0.10000000000000142,-0.11954700000000074,-107790.0,1.0052294378002415,1.006699023190857,1.0081906928898763,0.9908520356199394,0.9890781779388753,0.9903280297851402,0.9965986765051617,0.9966308097529009,0.9986691754915241,-0.1557142857142857,-0.022142785714285802,-0.03533330000000004,-0.09606499999999991,-0.04020478571428576,-0.025071533333333326,705542.2857142857,-164190.92857142858,-20201.633333333335
2008-01-11,26.299999,26.35,25.709999,25.719999,12.811444,7449565.0,1.0019011787795125,0.977566539070971,0.9779467672223106,-0.14000199999999907,-0.19426699999999997,1205979.0,1.003777347121838,1.0068088382005975,1.0075807872688285,0.9876994884462181,0.9894765180081498,0.9899230057416862,0.9922990895818407,0.9967185212088624,0.9976647556989712,-0.1500001428571431,-0.08500007142857134,-0.031000033333333357,-0.13164457142857142,-0.04020500000000014,-0.028724499999999983,857026.5714285715,-116455.0,-105167.46666666666
2008-01-14,25.309999,26.09,25.110001,25.68,12.791523,8243273.0,1.0308178992816237,0.9920980636941155,1.0146187678632463,-0.9899999999999984,-0.019921000000000078,793708.0,1.007866626186887,1.0086677257725296,1.0082440158604378,0.9880326338745652,0.9902026596782838,0.989756683465979,0.9945441318105471,0.9984738466789832,0.9980913744969122,-0.29285742857142844,-0.12928585714285695,-0.07200000000000001,-0.11741171428571409,-0.04162792857142872,-0.0305508666666667,742956.0,-463785.21428571426,-74777.13333333333
2008-01-15,26.0,26.32,25.66,26.09,12.995749,9050119.0,1.0123076923076924,0.9869230769230769,1.0034615384615384,0.6900009999999988,0.20422600000000024,806846.0,1.0088428085082153,1.0076084531306733,1.0084268623365231,0.9872593873036178,0.9893748045779939,0.9895601636482744,0.9949864996616741,0.9973934308123219,0.9984461367304894,-0.1999999999999998,-0.06428571428571418,-0.06166666666666672,-0.09392942857142852,-0.046609,-0.02590166666666664,924138.4285714285,-137325.42857142858,453.1333333333333
2008-01-16,25.57,26.0,25.309999,25.940001,12.921032,8891808.0,1.0168165819319515,0.9898317950723504,1.0144701212358231,-0.4299999999999997,-0.0747169999999997,-158311.0,1.0108748069852667,1.0085009822737627,1.0083900435024744,0.9874469929488744,0.990166072002139,0.9894243298161579,0.9986938661874267,0.9997130852871375,0.998617840891158,-0.20428571428571424,-0.15714285714285708,-0.0776666666666666,-0.053368857142856996,-0.047320714285714285,-0.036860299999999964,638204.5714285715,448747.85714285716,-79589.63333333333
2008-01-17,26.110001,26.51,25.75,26.200001,13.05054,10949966.0,1.0153197619563477,0.9862121414702358,1.0034469550575658,0.5400010000000002,0.1295079999999995,2058158.0,1.0120486528188168,1.009465283736022,1.0087237110839105,0.9862783669639815,0.989753069422606,0.989519305623278,0.9991862883385075,1.0001672398020625,0.9992047157942567,-0.09142842857142851,-0.09785707142857143,-0.07133329999999999,-0.03913671428571419,-0.04269535714285715,-0.027396233333333284,1031355.1428571428,638431.8571428572,94171.33333333333
2008-01-18,25.59,26.99,25.5,26.93,13.414163,7913347.0,1.0547088706525987,0.9964830011723329,1.0523642047674873,-0.5200010000000006,0.3636230000000005,-3036619.0,1.01954124852008,1.0123195441312172,1.0101964616900239,0.9880905040880624,0.9898179134685627,0.9894988660409447,1.0076896094030465,1.0028540240626067,1.0005993108708664,-0.13571442857142862,-0.10928578571428561,-0.0653333,0.04127214285714282,-0.02099185714285718,-0.0151094333333333,223138.7142857143,367311.5714285714,-88987.86666666667
2008-01-21,26.65,26.9,26.1,26.200001,13.05054,7888683.0,1.0093808630393997,0.9793621013133209,0.9831144840525329,1.0599999999999987,-0.3636230000000005,-24664.0,1.0201789782784465,1.012704208039344,1.010255164614245,0.9869252455309148,0.988888640575427,0.9889318843232664,1.0070604055229293,1.0018295410140454,0.999818752300422,0.029999857142857116,-0.0628572142857143,-0.030333300000000087,0.006404142857142858,-0.04483042857142853,-0.02556986666666662,235013.85714285713,470278.0714285714,57573.3
2008-01-22,25.360001,25.870001,24.35,24.35,12.129033,13561655.0,1.02011040930164,0.9601734637155575,0.9601734637155575,-1.2899989999999981,-0.9215070000000001,5672972.0,1.0227802969244648,1.0132788220231514,1.0107471949068834,0.9844405204801413,0.9860700044631798,0.9877588754287678,1.0045213621648217,0.9984102258733312,0.9983960988594298,-0.13428542857142847,-0.1421427857142858,-0.08933333333333332,-0.09748728571428573,-0.11456592857142857,-0.06259606666666666,873155.7142857143,865091.1428571428,152175.33333333334
2008-01-23,25.690001,26.07,24.9,25.219999,12.562389,14134573.0,1.0147917082603461,0.9692486971876724,0.9817048664186507,0.3299999999999983,0.43335599999999985,572918.0,1.0204908410642823,1.0141787336255845,1.0108036724978624,0.9811763252649353,0.9846044795697502,0.9867456314117199,0.9998193762441651,0.9971817540273562,0.9975148746427063,0.05428599999999965,-0.11928571428571441,-0.08533330000000004,-0.032733428571428594,-0.07507257142857135,-0.05412826666666669,841614.2857142857,792285.1428571428,265193.4
2008-01-24,25.9,26.200001,25.67,26.02,12.960878999999998,8312486.0,1.0115830501930503,0.9911196911196912,1.0046332046332047,0.20999899999999982,0.3984899999999989,-5822087.0,1.0203873207621907,1.0146150646352028,1.0110724032789455,0.9817758415787373,0.9845176144411776,0.9867430483457565,0.9999867571258317,0.997486628393753,0.9977866868628742,-0.014285714285714488,-0.10714285714285714,-0.08333333333333333,-0.0049814285714287875,-0.04945542857142866,-0.03785659999999999,-105376.14285714286,409381.14285714284,133753.06666666668
2008-01-25,26.25,27.49,26.23,27.49,13.693108,9481589.0,1.047238095238095,0.9992380952380953,1.047238095238095,0.3500000000000014,0.732229000000002,1169103.0,1.0247332512344969,1.0178040291098818,1.0125534392020865,0.9831195987452722,0.9852832958470733,0.9871737907016463,1.0046678962690134,1.00168088122822,0.9994431613825066,0.0971428571428571,-0.05357142857142857,-0.075,0.11029657142857145,0.02846385714285723,-0.015607500000000012,84254.42857142857,361229.5,108096.6
2008-01-29,27.5,27.5,26.309999,26.450001,13.175065,6778965.0,1.0,0.9567272363636364,0.9618182181818182,1.25,-0.5180430000000005,-2702624.0,1.0225447138121615,1.017296683315489,1.0124584047487117,0.9789074694443295,0.9825929182041556,0.9858976743525764,0.9987209338581923,0.9989536110983499,0.9981229169072824,0.19857128571428564,0.05357142857142857,-0.018666633333333373,0.017789285714285747,-0.010673714285714222,-0.027396233333333343,-595857.2857142857,217748.92857142858,-8925.933333333332
2008-01-30,26.940001,27.16,25.85,25.99,12.945937,6570142.0,1.0081662580487656,0.959539682273954,0.964736415562865,-0.5599990000000012,-0.22912799999999933,-208823.0,1.015895769154471,1.0177185088372755,1.0126832468612903,0.9736298524588468,0.9808601782734545,0.9849042368818975,0.986202678257532,0.9969461438302892,0.9972198145959675,0.19285728571428556,0.02857142857142847,-0.040333299999999996,-0.06688942857142852,-0.012808642857142847,-0.0320451666666667,-191886.42857142858,15626.142857142857,90012.26666666666
2008-01-31,25.5,26.299999,25.139999,26.01,12.955898,8452601.0,1.0313725098039215,0.9858823137254902,1.02,-1.4400009999999988,0.009960999999998776,1882459.0,1.0190374329779741,1.0196082056282103,1.013406646424,0.9745613113748711,0.9807432784528929,0.9850664088007319,0.9914720376785987,0.9992662216007641,0.9982685251976867,-0.1642857142857141,-0.06714292857142848,-0.08066666666666672,-0.013520285714285762,-0.003558071428571452,-0.02640003333333336,80559.71428571429,157786.7857142857,25426.833333333332
2008-02-01,26.379999,26.969999,26.15,26.889999,13.394236,6908195.0,1.0223654292026318,0.9912813112691928,1.0193328286327834,0.8799990000000015,0.4383379999999999,-1544406.0,1.0193595786781158,1.0210699378012902,1.0139568005282382,0.979005289596819,0.9817229050384801,0.9852397651030133,0.9999233755239167,1.0022223688443692,0.9993403008197813,0.14571400000000015,0.005714285714285846,-0.030666666666666606,0.18074328571428566,0.041627999999999964,-0.0009963333333333324,-950494.2857142857,-38669.28571428572,-37369.13333333333
2008-02-04,27.25,27.549999,26.299999,26.700001,13.299596,7305342.0,1.0110091376146788,0.9651375779816513,0.9798165504587156,0.8700009999999985,-0.09464000000000006,397147.0,1.0188192114430203,1.0196550262536515,1.0133891923428084,0.9784179868531017,0.9797971560590184,0.9844639759578533,0.999653616101069,0.9997364961726171,0.9980569272680937,0.22285700000000017,0.1385714999999999,0.016666666666666666,0.10531528571428568,0.036290928571428537,-0.008966066666666706,-975604.4285714285,-66995.07142857143,-41230.566666666666
2008-02-05,26.93,26.98,26.360001,26.4,13.150163,5040597.0,1.0018566654288898,0.9788340512439658,0.980319346453769,-0.3200000000000003,-0.14943300000000015,-2264745.0,1.0174297279052833,1.0189085243337368,1.013438955569,0.9766628954422837,0.9792193685105105,0.9846921183959478,0.9961802077897209,0.9980834824577763,0.9981769452552576,0.1471428571428573,0.0664285714285714,-0.018666666666666623,0.027040571428571525,0.01102957142857137,-0.007471700000000089,-467412.71428571426,-286394.4285714286,-134644.6
2008-02-06,25.68,26.059999,25.290001,25.440001,12.671975,6303077.0,1.014797468847352,0.9848131230529595,0.9906542445482865,-1.25,-0.4781879999999994,1262480.0,1.0127953527066056,1.0187643019705512,1.0137724220880924,0.9746021851301215,0.9788608919376969,0.9847881531539718,0.9880968005483197,0.9963823484086666,0.998197279697482,-0.08142857142857148,0.007857142857142816,-0.04800003333333329,-0.14587614285714295,-0.01778978571428575,-0.02341130000000007,-454073.14285714284,-184909.35714285713,-281106.3
2008-02-07,25.389999,25.65,24.440001,25.0,12.452804,8251456.0,1.010240291856648,0.962583771665371,0.9846396606789941,-0.2900010000000002,-0.21917099999999934,1948379.0,1.0142582515432697,1.0184014826777157,1.013209181506858,0.9754388330303693,0.9771731512373494,0.9835905105985797,0.9913570066193448,0.9950389702387685,0.9970656897002885,-0.3014287142857143,-0.05142871428571435,-0.050333366666666636,-0.1031801428571428,-0.04269542857142853,-0.03984903333333332,210355.85714285713,-192750.7142857143,-90707.3
2008-02-08,25.379999,25.690001,25.200001,25.6,12.751674,4472859.0,1.0122144212850441,0.9929078799412088,1.008668282453439,-0.00999999999999801,0.2988699999999991,-3778597.0,1.0148365605770238,1.0153661648657475,1.0134722897520694,0.9802057184114056,0.9769177854351262,0.9840623048921429,0.9976329876037126,0.9919178329306223,0.9979548004957896,-0.22285742857142818,-0.015000071428571309,-0.07966669999999994,-0.02775185714285731,-0.047320642857142915,-0.027728266666666692,-299611.85714285716,-245749.14285714287,62117.36666666667
2008-02-11,25.5,25.549999,24.559999,24.799999,12.353184,4785768.0,1.0019607450980392,0.9631372156862745,0.9725489803921569,0.12000099999999847,-0.3984899999999989,312909.0,1.0106348799047549,1.0148361564413644,1.01347699653918,0.9769564186915176,0.9757588650331943,0.9831004061622287,0.9908542705168778,0.9911631540977384,0.9971368067805744,0.0,-0.08214285714285705,-0.06600000000000002,-0.08610199999999983,-0.0498111428571428,-0.04316969999999998,-523833.28571428574,-221636.7857142857,92461.6
2008-02-12,25.049999,25.33,24.459999,25.299999,12.602242,6451520.0,1.0111776850769534,0.9764471048481879,1.0099800403185646,-0.4500010000000003,0.24905799999999978,1665752.0,1.0090366307439436,1.0141981047110298,1.0133579452044166,0.9748372463456599,0.9769212679712395,0.9824628035062036,0.9895181579005607,0.9947207667122387,0.9969778339538642,-0.19000000000000025,-0.022143000000000055,-0.06900006666666662,-0.11314199999999985,0.033800642857142904,-0.036860233333333346,-65239.28571428572,-507866.78571428574,122684.5
2008-02-13,25.18,25.190001,23.6,23.799999,11.855071,12812435.0,1.0003971803018268,0.937251787132645,0.9451945591739476,0.13000100000000003,-0.7471709999999998,6360915.0,1.0075206368421077,1.013169924142564,1.0132379989369567,0.9708535619386589,0.9746357743958802,0.9806254656833845,0.9845721591455939,0.9921128876233315,0.9952357443685828,-0.29571428571428576,-0.03642864285714279,-0.07833336666666663,-0.2063607142857141,-0.05052271428571421,-0.06076983333333329,786727.5714285715,-94438.42857142857,383588.1666666667
2008-02-14,24.01,24.5,23.629999,24.440001,12.173861,14016736.0,1.0204081632653061,0.9841732194918784,1.0179092461474384,-1.1699999999999982,0.3187899999999999,1204301.0,1.0101708508187386,1.0138002893620108,1.0135160772615222,0.9716163002597894,0.9741395978510364,0.9801100940235464,0.9899421448161182,0.9930611763029196,0.9955645900506455,-0.41714285714285687,-0.1349999999999998,-0.11133333333333333,-0.1394717142857141,-0.05621557142857129,-0.051969833333333305,1282305.5714285714,407446.4285714286,418878.56666666665
2008-02-15,23.9,24.030001,23.559999,23.91,11.909862,6715955.0,1.0054393723849373,0.9857740167364017,1.0004184100418412,-0.11000000000000298,-0.2639990000000001,-7300781.0,1.0088339798955366,1.010814666301071,1.013624291480144,0.9717535707859953,0.9731778779580583,0.9799770263915701,0.9913370256009116,0.9897169130746156,0.9956150879766301,-0.25428571428571445,-0.16785714285714295,-0.11533336666666673,-0.10887328571428563,-0.12737471428571429,-0.056784766666666604,58982.57142857143,-197545.2857142857,122445.8
2008-02-18,22.82,22.889999,22.41,22.459999,11.187599,11978351.0,1.0030674408413671,0.9820333041191937,0.9842243207712532,-1.0799999999999983,-0.7222629999999999,5262396.0,1.0078092868933535,1.0110337692183116,1.01354405897291,0.9745320754222557,0.9749854542263124,0.9796336097648866,0.9912776913283773,0.991317348973861,0.995077066552217,-0.36714271428571416,-0.33428571428571424,-0.15266666666666662,-0.18074357142857142,-0.1419618571428571,-0.0821885333333333,532413.5714285715,371384.71428571426,313240.0333333333
2008-02-19,22.65,22.879999,22.530001,22.6,11.257336,10098578.0,1.0101544812362033,0.9947020309050773,0.9977924944812363,-0.1700000000000017,0.06973699999999994,-1879773.0,1.007515009743519,1.0111757851602714,1.013796121927697,0.9747883827028083,0.9774970505571071,0.9798397256098705,0.9897240073323482,0.9936784974680305,0.9953861978497396,-0.38999985714285756,-0.3064286428571429,-0.14500000000000005,-0.213476857142857,-0.12061435714285716,-0.06790926666666662,803674.1428571428,252031.14285714287,189140.06666666668
2008-02-20,22.9,22.950001,21.9,22.0,10.958471,9481410.0,1.0021834497816595,0.9563318777292577,0.9606986899563319,0.25,-0.29886500000000105,-617168.0,1.007546824698322,1.0090908523015385,1.0136321422163692,0.9738161915660916,0.9753863051288046,0.9785710374220294,0.9880311086986591,0.9894426896077684,0.9940761541816173,-0.3714285714285716,-0.1857142857142858,-0.12833333333333338,-0.19924471428571447,-0.14267335714285714,-0.07886753333333332,670806.0,73486.35714285714,191697.66666666666
2008-02-21,22.25,22.370001,20.83,22.0,10.958471,17676739.0,1.0053933033707865,0.9361797752808988,0.9887640449438202,-0.6499999999999986,0.0,8195329.0,1.0067204844545838,1.0078785575992637,1.0137365623039367,0.9680637159136218,0.9714504811296408,0.976983761887934,0.9850002522165526,0.9872592050585568,0.9939402571025544,-0.3999998571428571,-0.2949999285714287,-0.14300003333333333,-0.2348244285714287,-0.17398321428571428,-0.07222623333333338,1603602.7142857143,769181.7142857143,377512.1
2008-02-22,21.65,22.4,21.35,22.360001,11.13779,9046176.0,1.0346420323325636,0.9861431870669747,1.0327945034642034,-0.6000000000000014,0.17931900000000134,-8630563.0,1.0116126061732607,1.009566621507684,1.014727404890661,0.9750482016185261,0.9729508817785925,0.976937904416388,0.9975145299723034,0.9910433445589487,0.9954494435109159,-0.5042857142857144,-0.4000000000000001,-0.1596667,-0.10246871428571426,-0.15441471428571418,-0.0622640333333333,-538037.0,124345.28571428571,93419.66666666667
2008-02-25,22.709999,23.07,22.299999,22.6,11.257336,8055700.0,1.0158520922876306,0.9819462783772029,0.9951563626224731,1.0599990000000012,0.11954599999999971,-990476.0,1.0109617388907355,1.010566294854737,1.0151924353409316,0.9747300671735724,0.9731731837166808,0.9770838957265957,0.9942641180401656,0.992103131428142,0.9960230966909213,-0.1857144285714288,-0.3014286428571428,-0.11966666666666666,-0.13093214285714286,-0.1352019285714285,-0.05180359999999998,-851576.5714285715,215364.5,20204.5
2008-02-26,22.66,22.92,22.4,22.870001,11.391827,8538169.0,1.0114739629302736,0.9885260370697263,1.0092674757281552,-0.04999899999999968,0.1344909999999988,482469.0,1.0118238232543548,1.0103289015749457,1.0145476374625533,0.9751232129354758,0.9734383918607357,0.9769648281724493,0.9955282702810676,0.9934326479409897,0.9958447202864184,-0.1771428571428569,-0.2157142857142857,-0.08833330000000003,-0.07400500000000017,-0.0914391428571429,-0.04665653333333335,260316.2857142857,159649.42857142858,9829.866666666667
2008-02-27,23.0,23.549999,22.99,23.549999,11.730544,8308931.0,1.023913,0.9995652173913043,1.023913,0.33999999999999986,0.3387170000000008,-229238.0,1.0148017602770167,1.011305523585185,1.0149344810522969,0.9776277719743488,0.9760799236983022,0.9773862328547236,1.0011980815994599,0.9962378864639188,0.9965264356710336,0.025714285714285672,-0.17071421428571426,-0.1,0.07756357142857137,-0.051590000000000025,-0.042173499999999996,-524202.85714285716,4105.357142857143,-24706.266666666666
2008-02-28,23.18,23.25,22.52,22.700001,11.307147,6796894.0,1.0030198446937015,0.9715271786022434,0.9792925366695427,0.17999999999999972,-0.4233969999999996,-1512037.0,1.0137825264852307,1.010648768114375,1.014474589811022,0.9743170787882297,0.9745527307455191,0.9767760789723867,0.9985552304835038,0.994139618907926,0.9953538495188243,0.07571428571428587,-0.15714278571428583,-0.07966666666666669,0.00711585714285715,-0.10318049999999993,-0.05379616666666666,-471669.14285714284,166002.5,-69830.46666666666
2008-02-29,22.379999,22.379999,21.629999,22.0,10.958471,9827429.0,1.0,0.9664879341594251,0.9830205979901965,-0.8000009999999982,-0.3486760000000011,3030535.0,1.0134706050878508,1.0105087148930865,1.0139639310791437,0.9757679439925394,0.9747920677793155,0.9761186053953597,1.0017440744883417,0.9948875915935004,0.994672970949912,-0.07428585714285672,-0.22285721428571417,-0.12433339999999997,0.0,-0.09962235714285723,-0.06973563333333335,49431.28571428572,360118.64285714284,-37417.9
2008-03-03,21.200001,21.450001,20.93,20.93,10.425489,7765801.0,1.011792452273941,0.9872641043743347,0.9872641043743347,-1.1799980000000012,-0.5329819999999987,-2061628.0,1.0143847692168728,1.0105526268357283,1.012533383799855,0.9830657052916016,0.9755647106026116,0.9758113088354264,1.0015297972641295,0.9932650247403412,0.9925029676034735,-0.1499998571428571,-0.2749998571428571,-0.14633329999999997,-0.07614028571428554,-0.15548235714285713,-0.09962246666666666,-1415848.2857142857,93877.21428571429,-4918.2
2008-03-04,20.969999,21.440001,20.559999,21.440001,10.679529,9895283.0,1.022413067353985,0.9804482584858493,1.022413067353985,-0.23000199999999893,0.2540399999999998,2129482.0,1.012637774219933,1.0121251901965969,1.0129677906103411,0.9822521440657266,0.9786501728421264,0.9758475140745108,1.0000467349626696,0.9987806324674865,0.9938129203801886,-0.0971429999999996,-0.30071435714285705,-0.18933336666666659,-0.06546585714285717,-0.08396728571428572,-0.07903369999999997,121301.0,-208368.0,66886.66666666667
2008-03-05,21.559999,22.0,20.49,21.309999,10.614772,9925513.0,1.0204082105940728,0.9503711015942068,0.9884044521523401,0.5899999999999999,-0.06475700000000018,30230.0,1.0132886482637107,1.012125193577223,1.0129777173200891,0.9777414045252986,0.9762357358494355,0.9755207686704657,0.9990821763240793,0.9966731471821225,0.9947539533280814,-0.1642857142857141,-0.17500007142857146,-0.1266667333333333,-0.09179485714285716,-0.11136350000000002,-0.050475366666666646,267116.14285714284,-292230.21428571426,-121204.73333333334
2008-03-06,21.76,21.77,20.969999,21.190001,10.554999,10369342.0,1.0004595588235292,0.9636948069852941,0.9738051930147058,0.20000100000000032,-0.059772999999999854,443829.0,1.0117151619627471,1.011769492608551,1.0124999790055285,0.9741940859418082,0.9746586494386421,0.9753356389970531,0.9940161359364437,0.9947722031087556,0.9944906308812833,-0.12857142857142836,-0.15285714285714264,-0.13100003333333324,-0.11954685714285697,-0.09677592857142857,-0.06691299999999997,261596.14285714287,260956.2142857143,-125507.7
2008-03-07,20.280001,20.559999,19.91,20.26,10.091751,11569759.0,1.01380660681427,0.981755375653088,0.9990137574450811,-1.479999000000003,-0.4632480000000001,1200417.0,1.010271391507643,1.0125365758923297,1.0125740975595692,0.9716498228363487,0.9746387974053488,0.9750234951481662,0.9904591012857409,0.9958285914426004,0.9943033159750124,-0.3885712857142859,-0.18142850000000013,-0.1873333,-0.23411328571428566,-0.07827485714285716,-0.09563759999999993,465832.5714285714,-29185.14285714286,108575.76666666666
2008-03-10,19.76,20.190001,19.379999,19.99,9.957265,11623102.0,1.021761184210526,0.9807691801619434,1.0116396761133601,-0.520000999999997,-0.13448600000000077,53343.0,1.0129487257243321,1.0133656261047814,1.0117248671919834,0.9729701087734488,0.9736435937808393,0.9744078646456279,0.9950801212062863,0.996817675844895,0.993116702004188,-0.4885714285714283,-0.2064285714285712,-0.2163333333333333,-0.19284028571428585,-0.09286221428571435,-0.12452810000000003,689458.2857142857,108894.57142857143,71383.76666666666
2008-03-11,19.530001,20.85,19.389999,20.85,10.38564,11985450.0,1.067588270988824,0.9928314391791379,1.067588270988824,-0.22999900000000295,0.42837500000000084,362348.0,1.0226041930084497,1.0180373990481504,1.0139778095582777,0.9767334666334078,0.9762507053129736,0.9756113380728113,1.0071612173489473,1.0044526459186445,0.9966423704310882,-0.40714257142857185,-0.2407142142857143,-0.2656666333333334,-0.08183299999999985,-0.040916499999999925,-0.09298083333333332,308288.71428571426,178860.0,173549.5
2008-03-12,22.35,22.65,21.75,22.049999,10.983375,10858017.0,1.0134228187919463,0.9731543624161073,0.9865771364653243,2.819999000000003,0.5977350000000001,-1127433.0,1.0228371025110221,1.0186109358639475,1.014153028249717,0.9747177892108038,0.9788917472512028,0.9760651607442165,1.0070630790762316,1.0042964381701804,0.9973703944611702,0.1642855714285716,0.007142857142857244,-0.15300003333333326,0.07969799999999998,0.0017788571428572248,-0.06541873333333334,441745.14285714284,-487051.5714285714,142929.16666666666
2008-03-13,22.0,22.07,21.200001,21.469999,10.69447,13334579.0,1.0031818181818182,0.9636364090909091,0.9759090454545455,-0.3500000000000014,-0.28890499999999975,2476562.0,1.0200897812007124,1.0163637777103227,1.0132133385289803,0.972316096440098,0.9772841202529123,0.9753236305897304,1.0004196473763114,1.0002331911694906,0.9959006959763218,0.1471429999999998,0.025000000000000102,-0.11666666666666667,0.0021344285714286165,-0.03166571428571428,-0.07538093333333329,491328.0,306314.5,162732.6
2008-03-14,22.0,22.059999,21.09,21.6,10.759224,8237905.0,1.0027272272727272,0.9586363636363636,0.9818181818181819,0.0,0.06475399999999887,-5096674.0,1.01756392644052,1.0154262873521154,1.0125587317979834,0.9734968481604062,0.9756191263428524,0.9742354656686361,0.999478751614289,0.999280463969184,0.9946502077491683,0.06285728571428553,-0.05071421428571427,-0.14599996666666673,0.020635999999999908,-0.03557942857142863,-0.08783373333333332,-241086.85714285713,13014.642857142857,44323.666666666664
2008-03-17,20.6,21.1,20.030001,20.540001,10.231226,12738177.0,1.0242718446601942,0.9723301456310678,0.997087427184466,-1.3999999999999986,-0.5279980000000002,4500272.0,1.0209656815600439,1.0163404217613954,1.013000822032834,0.9747304679669453,0.9744622769543767,0.9744752179236166,1.0028047850671118,0.9984104605017777,0.9952259036400266,-0.16571428571428573,-0.14714285714285705,-0.22166666666666662,-0.04625328571428585,-0.0829000714285714,-0.102279,338405.0,300000.5714285714,181094.5
2008-03-18,20.75,21.1,20.57,21.0,10.460358,10540124.0,1.0168674698795181,0.9913253012048193,1.0120481927710843,0.14999999999999858,0.2291319999999999,-2198053.0,1.021402947712222,1.0158371696099324,1.0135011821811881,0.9760976001886211,0.9738737115124849,0.9748915929223118,1.004666847256541,0.9975629742711408,0.9962835318506038,0.06714271428571449,-0.16071428571428573,-0.206,0.052658142857142716,-0.09072757142857148,-0.08966016666666667,-147090.7142857143,159370.92857142858,183317.56666666668
2008-03-19,22.26,22.700001,21.98,22.690001,11.302166,14493620.0,1.0197664420485175,0.9874213836477987,1.0193172057502244,1.5100000000000016,0.8418080000000003,3953496.0,1.0211179845462208,1.0170333551352764,1.013666814621227,0.9770479149723148,0.9750090118728817,0.9749785349421398,1.0057636372046643,1.0004218792054753,0.9972389638906684,0.35714285714285715,-0.06571428571428559,-0.11399999999999993,0.1921287142857143,-0.00035578571428577073,-0.0456603,410074.0,549766.1428571428,273018.1
2008-03-20,22.6,23.370001,22.200001,22.98,11.446616,25934538.0,1.0340708407079644,0.9823009292035397,1.0168141592920354,0.33999999999999986,0.14445000000000086,11440918.0,1.0163297802203837,1.0194669866144166,1.0144611662496044,0.9755435564043722,0.97613851151889,0.9756357735267454,0.9985101926765517,1.0028357050127494,0.9983114471777698,0.4385712857142861,0.015714357142857134,-0.0929999666666666,0.151568,0.034867500000000086,-0.033539599999999996,1992726.857142857,1150507.7857142857,589436.0666666667
2008-03-25,23.98,24.450001,23.76,24.33,12.11907,11220521.0,1.0195997080900752,0.9908256880733946,1.0145954962468724,1.379999999999999,0.6724540000000001,-14714017.0,1.0172121929772593,1.0200246477441406,1.0147073424764386,0.9780680314982704,0.9763929103545371,0.9755663671311514,1.0025128155024872,1.0047879472893593,0.9985090209708842,0.2328571428571427,0.19857135714285715,-0.04666663333333337,0.16224214285714286,0.12097007142857143,-0.02108679999999996,51786.28571428572,246765.7142857143,224922.06666666668
2008-03-26,24.34,24.35,23.58,24.120001,12.014467,5865589.0,1.0004108463434676,0.9687756778964667,0.9909614215283483,0.35999999999999943,-0.10460300000000089,-5354932.0,1.016816339857495,1.0184530605291038,1.0146556791846195,0.9788022127562073,0.9755591545981526,0.9757543158714912,1.0046631549416019,1.0025414011589568,0.9991227690087573,0.33428571428571424,0.24071435714285702,-0.03866666666666667,0.18857099999999985,0.09535271428571424,-0.011290566666666694,-1066998.5714285714,-287835.28571428574,35994.03333333333
2008-03-27,23.66,24.030001,23.66,23.85,11.879976,9837495.0,1.015638250211327,1.0,1.0080304311073542,-0.6799999999999997,-0.13449100000000058,3971906.0,1.0186607717058662,1.0181123490731931,1.0148043646890987,0.9847113036652981,0.9791040759128522,0.9765394123765516,1.0084077619829122,1.0039432567986004,0.9990577820350504,0.23714285714285716,0.15000007142857136,-0.04633329999999999,0.1601074285714285,0.09037171428571421,-0.024075533333333374,228512.85714285713,-6287.0,112865.83333333333
2008-03-28,23.360001,23.43,22.610001,23.18,11.546241,16829448.0,1.0029965324059704,0.967893836990846,0.9922944780695857,-0.2999989999999997,-0.333734999999999,6991953.0,1.0156214413838343,1.018293561471939,1.0148910097592367,0.9840775452881235,0.9794040066275345,0.9775608140384917,1.0077230549665006,1.0052639200168063,1.0006277793315717,0.394285857142857,0.11428578571428563,-0.06066663333333331,0.1878592857142858,0.07080299999999998,-0.010294333333333346,584467.2857142857,461436.14285714284,133900.43333333332
2008-03-31,22.799999,22.84,22.48,22.549999,11.232431,9017638.0,1.0017544299015102,0.9859649555247788,0.9890350872383811,-0.5600020000000008,-0.31381000000000014,-7811810.0,1.0134624356726902,1.017432691692456,1.0142692186471103,0.9833117816195465,0.9797046909040839,0.9776205385729216,1.0044354684618289,1.0045511578591848,0.9996653073679362,0.292857,0.1799998571428572,-0.04033336666666673,0.11029614285714295,0.08147714285714283,-0.03138100000000001,-217498.0,-182294.35714285713,-166636.6
2008-04-01,22.799999,22.809999,22.059999,22.41,11.162697,7524169.0,1.0004385965104647,0.9675438582256078,0.9828947799515254,0.0,-0.0697340000000004,-1493469.0,1.01070131488154,1.0159096497138804,1.0141025261179613,0.9804721351306619,0.9787600250514883,0.9770128666225619,0.9992322647763003,1.0024979509904823,0.9990811863649258,0.07714271428571402,0.21714278571428558,-0.03666669999999996,-0.019924142857142866,0.08610228571428571,-0.024905500000000025,-995635.8571428572,-292780.9285714286,26940.466666666667
2008-04-02,23.450001,23.65,23.16,23.540001,11.725564,10396007.0,1.0085287416405653,0.9876332201435727,1.003837952928019,0.6500020000000006,0.5628670000000007,2871838.0,1.0070524435861972,1.0116911119032905,1.0142845694779343,0.9812338909792382,0.9783887236918051,0.9771995304900413,0.9973785210100122,0.9979443568432821,0.9997349741034846,0.12142871428571413,0.28000000000000014,0.021000033333333334,0.03984971428571425,0.09570885714285714,0.01793216666666666,-2219790.1428571427,-113531.64285714286,-52744.8
2008-04-03,23.65,24.24,23.1,24.139999,12.024429,8349043.0,1.0249471458773785,0.9767441860465117,1.0207187737843553,0.19999899999999826,0.29886499999999927,-2046964.0,1.0078163632700978,1.0125142781236784,1.0147776582993069,0.9792222478325405,0.9786451396654055,0.9766009356614223,0.9982532749439385,1.0003830452232128,1.0004991834135886,-0.04714285714285741,0.09285714285714265,0.03333333333333333,-0.013520142857143012,0.07436099999999993,0.02556976666666664,-410211.14285714284,-179212.42857142858,-58317.833333333336
2008-04-04,24.25,24.280001,23.559999,23.559999,11.735525,6774138.0,1.0012371546391752,0.971546350515464,0.971546350515464,0.6000000000000014,-0.2889039999999987,-1574905.0,1.0079344073123415,1.0123753735849184,1.0147461151278907,0.979618058206683,0.9792101354814451,0.9771080847542959,0.9954796933706692,1.0000714241561355,1.000860772098893,-0.012857142857142836,0.16071428571428573,0.04500000000000005,-0.039848857142856985,0.07436107142857143,0.025901800000000048,129792.71428571429,-468602.9285714286,-90242.4
2008-04-07,22.299999,22.459999,22.01,22.01,10.963449,15220865.0,1.0071748882141205,0.9869955599549579,0.9869955599549579,-1.9500010000000003,-0.7720760000000002,8446727.0,1.006725355598455,1.0126930636521607,1.0148055012893353,0.9777602810573913,0.9812357923613447,0.9788019442434311,0.9924747117774697,1.000441236880191,1.000801822599264,-0.1942858571428572,0.02142849999999998,0.0016666333333333228,-0.13093242857142837,0.014587500000000071,0.0001659333333333753,769052.8571428572,498782.85714285716,-81862.46666666666
2008-04-08,21.99,22.33,21.549999,21.67,10.794091,12634151.0,1.015461573442474,0.9799908594815826,0.9854479308776718,-0.30999900000000125,-0.16935800000000079,-2586714.0,1.0085060757465267,1.0120637585651806,1.0141661526596657,0.9794884271274965,0.9817829862078101,0.9785968666572515,0.9914966336071964,0.9996098442868485,0.9992236035130465,-0.19571442857142887,0.09928571428571407,0.011333333333333329,-0.10745000000000005,0.04020464285714288,-0.011456633333333362,-599328.1428571428,-7430.428571428572,119599.16666666667
2008-04-09,21.610001,21.690001,20.959999,20.959999,10.440431,11672042.0,1.0037019896482189,0.9699212415584803,0.9699212415584803,-0.379998999999998,-0.35365999999999964,-962109.0,1.0087842985674853,1.0111233671200879,1.0137611492383518,0.9771964679894539,0.9802541248045002,0.9781960320966274,0.9887660842243534,0.9966007763430911,0.9983824328109135,-0.16999971428571417,0.06142864285714289,-0.03666659999999998,-0.11314285714285711,-0.0014233571428570815,-0.027230166666666673,379200.5714285714,80851.28571428571,120544.73333333334
2008-04-10,20.690001,20.690001,20.290001,20.57,10.246169,12189767.0,1.0,0.9806669898179319,0.9942000486128542,-0.9200000000000017,-0.19426200000000016,517725.0,1.008721641923133,1.0097114784023364,1.0133786838073429,0.9790712010740716,0.9797716681023668,0.977934063854901,0.9903811226045433,0.9948066936904217,0.9978801852404035,-0.30142828571428587,-0.11214278571428592,-0.06566663333333338,-0.13093257142857137,-0.07542835714285712,-0.038188599999999975,666514.0,-164560.92857142858,121719.93333333333
2008-04-11,20.5,21.059999,20.41,20.940001,10.430471,7234831.0,1.0273170243902439,0.995609756097561,1.021463463414634,-0.19000099999999875,0.18430200000000063,-4954936.0,1.0114056823159443,1.009229062951071,1.0134921512870174,0.9802107062103556,0.9807222985947969,0.9778022151451095,0.9928990526740595,0.995138786842036,0.9977985340208912,-0.4214287142857143,-0.1500000000000001,-0.08333333333333333,-0.18501328571428566,-0.07258178571428571,-0.04333576666666664,-451596.5714285714,-1335693.357142857,-35803.333333333336
2008-04-14,20.299999,20.549999,20.25,20.450001,10.186394,5697031.0,1.0123152715426242,0.9975369949525613,1.0073892614477469,-0.20000100000000032,-0.24407700000000077,-1537800.0,1.0096011288395508,1.0087087460548243,1.0138019988486484,0.9831811074826484,0.9812016776575945,0.9786692090234533,0.9909948366259727,0.9946240557849555,0.9987350915134979,-0.47857157142857126,-0.26285721428571435,-0.09600003333333333,-0.26257642857142854,-0.13804828571428576,-0.03735843333333335,-378858.85714285716,-394535.0,-36662.1
2008-04-15,20.16,20.6,19.950001,20.4,10.161489,12185447.0,1.021825396825397,0.9895833829365079,1.0119047619047619,-0.13999899999999954,-0.0249050000000004,6488416.0,1.0125423062947254,1.0102383568035336,1.0145295120761615,0.9857578263999404,0.9826879423033118,0.9794390573160229,0.996760323967301,0.9961200086689851,0.9996978969773168,-0.5842857142857143,-0.29857142857142854,-0.07399996666666671,-0.2248622857142859,-0.13235557142857143,-0.026566066666666662,773044.1428571428,451418.4285714286,78600.6
2008-04-16,20.799999,20.84,20.360001,20.709999,10.315906,8895127.0,1.0019231250924578,0.9788462489829928,0.9956730767150518,0.6399989999999995,0.15441700000000047,-3290320.0,1.0117920544202021,1.0092587050093287,1.0142005345034455,0.9845936391182312,0.9811769600878113,0.9791584621363114,0.997999969218743,0.9952373404981064,0.9999781960553409,-0.21428571428571427,-0.20428578571428574,-0.013333400000000021,-0.09250614285714295,-0.11171928571428566,-0.0036527666666666884,-903676.8571428572,-67312.0,37644.2
2008-04-17,21.35,21.389999,20.719999,20.719999,10.320885,9697556.0,1.0018734894613581,0.9704917564402811,0.9704917564402811,0.5500010000000017,0.004979000000000511,802429.0,1.0098508995657571,1.009178487656142,1.0135158819070245,0.9832366243980452,0.9813625257627708,0.9788265787347925,0.9958633728705443,0.9936800032388703,0.9982474856915505,-0.091428571428571,-0.14357149999999994,0.012666700000000001,-0.06760085714285705,-0.08752542857142855,-0.011954799999999998,-419513.5714285714,-509420.85714285716,-6590.9
2008-04-18,20.65,20.68,20.049999,20.049999,9.98715,7314581.0,1.001452784503632,0.9709442615012107,0.9709442615012107,-0.7000000000000028,-0.3337350000000008,-2382975.0,1.009529584545102,1.0091569415562935,1.0128840343706764,0.9833827701041494,0.9802896190468017,0.9795123507316926,0.9960095185766485,0.9923878014005011,0.9976654793365131,-0.13714300000000026,-0.15357135714285722,-0.030333300000000087,-0.06475442857142864,-0.08894864285714288,-0.02092073333333335,-622494.4285714285,-121646.92857142857,-87031.06666666667
2008-04-21,20.5,21.5,20.4,21.5,10.709414,9405347.0,1.048780487804878,0.9951219512195121,1.048780487804878,-0.14999999999999858,0.7222640000000009,2090766.0,1.0164982256600845,1.0126099337916088,1.0144947320033881,0.9854477645900895,0.9822594828320806,0.9805599222061666,1.0038067241755093,0.9970939233900262,1.0001646558295187,-0.027142999999999824,-0.16428564285714284,-0.04200000000000005,0.06617785714285722,-0.03237735714285707,0.005147166666666673,-397774.28571428574,134369.85714285713,-32133.166666666668
2008-04-22,21.200001,21.32,20.85,21.139999,10.530092,8100740.0,1.0056603299216826,0.9834905196466737,0.997169717114636,0.7000010000000003,-0.17932200000000087,-1304607.0,1.0134044121645758,1.0124050472402601,1.014223189440302,0.9837164450971058,0.9819635756537306,0.980617760339286,1.000336188989795,0.9966176208319274,1.0001031878185038,0.1000001428571429,-0.16071428571428573,0.030666666666666724,0.014231571428571297,-0.08539085714285718,0.014611366666666648,123701.28571428571,-163947.64285714287,-115633.96666666666
2008-04-23,21.09,22.09,21.09,22.030001,10.973414,18457486.0,1.047415836889521,1.0,1.0445709340919866,-0.11000100000000046,0.4433220000000002,10356746.0,1.018418778642704,1.0140099537411273,1.0150783445296017,0.9840683029610255,0.983624705221837,0.9812587876672212,1.0056478565104008,0.9983213465681869,1.0012008964177914,0.11285728571428574,-0.18285714285714277,0.04433333333333327,0.11243142857142858,-0.07507249999999997,0.033871633333333345,1822922.142857143,722031.6428571428,227812.8
2008-04-24,21.65,22.15,21.5,21.51,10.714396,15085919.0,1.023094688221709,0.9930715935334874,0.9935334872979216,0.5599999999999987,-0.2590179999999993,-3371567.0,1.018600105985034,1.0155712061398798,1.0135952251040312,0.9845666187605939,0.9851622225802672,0.9812667928123663,1.0030233887094238,0.9998918563383624,0.9987324036280947,0.21285714285714263,-0.1857142857142858,0.07066663333333333,0.07898671428571445,-0.07293778571428573,0.010958533333333343,414353.14285714284,593698.6428571428,103348.96666666666
2008-04-28,22.030001,22.690001,21.91,22.200001,11.058091,10834545.0,1.029959145258323,0.9945528372876606,1.0077167495362347,0.38000100000000003,0.34369499999999853,-4251374.0,1.0226052517230149,1.0171986530716086,1.0141464359862438,0.9868104170898322,0.9857020281040316,0.9819800753080847,1.0047439133981642,1.0013719413084534,0.9994370573971251,0.17571457142857128,-0.019285571428571506,-0.010666633333333427,0.10602642857142845,0.006760142857142755,0.002490533333333289,277059.71428571426,-313308.5714285714,-782.4
2008-04-29,22.41,22.41,21.870001,22.059999,10.988357,8679380.0,1.0,0.9759036590807675,0.9843819277108434,0.37999900000000153,-0.06973399999999863,-2155165.0,1.0223376103713924,1.0160942549685748,1.0140403753801832,0.9875835460384731,0.9854100852182591,0.9823889836410801,1.006728223579673,1.0012957982251087,0.9997194868056682,0.15142857142857125,0.03000000000000012,0.01366666666666667,0.09535314285714287,0.013876142857142908,0.009796233333333326,-145453.7142857143,-282483.64285714284,-155173.3
2008-04-30,21.9,22.09,21.65,21.9,10.908658,6357787.0,1.008675799086758,0.9885844748858448,1.0,-0.5100000000000016,-0.07969899999999974,-2321593.0,1.023369469597553,1.0164495270713274,1.0142386611073175,0.9901035765219923,0.9867431733130709,0.9833872540160626,1.0108790433652144,1.0034442809709314,1.000325547411729,0.17857142857142858,0.020714214285714152,-0.003333333333333381,0.13164400000000015,0.03344478571428576,0.004981133333333373,-136684.85714285713,-379589.64285714284,-62670.6
2008-05-01,21.77,21.959999,21.6,21.67,10.794091,4847056.0,1.0087275608635737,0.9921910886541112,0.9954065227377126,-0.129999999999999,-0.11456700000000097,-1510731.0,1.0176476228916524,1.0170729242758685,1.013720518314097,0.9896848818697921,0.9875663232299408,0.9840492854501641,1.0032541912127622,1.0035304576941357,1.0002695172635037,0.18142857142857136,0.07714278571428577,0.03899999999999994,0.012096714285714174,0.0391372857142857,0.01876216666666668,-651184.4285714285,-524479.3571428572,-263037.36666666664
2008-05-02,22.25,22.860001,22.23,22.860001,11.386844,7667232.0,1.027415775280899,0.9991011235955056,1.027415775280899,0.4800000000000004,0.5927530000000001,2820176.0,1.0207555436572548,1.0170799779109152,1.014072128494143,0.9919149681481967,0.9878157066226513,0.9843084795298538,1.0075750566650856,1.0039556228274404,1.0007817700138308,0.1499998571428571,0.125,0.05,0.12239314285714288,0.06831235714285709,0.030882866666666686,-61929.71428571428,30885.785714285714,-95763.06666666667
2008-05-05,23.01,23.370001,22.959999,23.25,11.581109,10489979.0,1.0156454150369403,0.9978269882659713,1.0104302477183833,0.7600000000000016,0.1942649999999997,2822747.0,1.0162169119640292,1.0173178453033664,1.0139347609270903,0.9916045379004783,0.9878364204307519,0.9846553330171262,1.0026978157545707,1.0041728361324858,1.0004855380794362,0.2742857142857145,0.19357150000000015,0.025,0.08681357142857138,0.09962249999999997,0.009298099999999998,-1138215.2857142857,342353.4285714286,-133454.7
2008-05-06,23.1,23.200001,22.719999,22.9,11.406771,6692151.0,1.0043290476190476,0.9835497402597403,0.9913419913419912,0.08999999999999986,-0.17433799999999877,-3797828.0,1.0135361061636488,1.0160681060743415,1.0129433678241264,0.990244273147086,0.9874054459538399,0.9846969600523328,1.0023847449037235,1.0027040668065736,0.9996364658144348,0.20714285714285754,0.2100000000000001,0.016666666666666666,0.09891071428571431,0.08894871428571438,-0.001328166666666656,-1199109.7142857143,-392378.28571428574,-641412.9
2008-05-07,23.17,23.17,22.299999,22.299999,11.107903,10003775.0,1.0,0.9624514026758739,0.9624514026758739,0.07000000000000028,-0.2988680000000006,3311624.0,1.0092562282696027,1.015930739996309,1.012290044221124,0.9856583539168307,0.9862343855033313,0.9837511505390821,0.9959182667808147,1.0003310900894895,0.9978983293620681,0.16285700000000045,0.16928578571428585,-0.026999999999999958,0.007116000000000154,0.05657121428571431,-0.03370556666666668,-118681.42857142857,79189.14285714286,-40558.2
2008-05-08,21.389999,22.26,21.120001,22.17,11.358957,8982878.0,1.0406732604335327,0.9873773720139023,1.0364656866042865,-1.7800010000000022,0.2510539999999999,-1020897.0,1.0150666940458217,1.018702152208607,1.013632124690793,0.9872974557644214,0.9874405009014472,0.9843712070096634,1.0033588037655925,1.0050435136726328,0.9994151381979327,-0.14571442857142866,0.0028570714285712944,-0.09833336666666667,0.05294285714285708,0.07414799999999998,-0.02185033333333332,43356.857142857145,-51048.42857142857,103909.63333333333
2008-05-09,22.360001,23.059999,22.200001,23.0,11.784217,15122409.0,1.0313058125534074,0.9928443652574076,1.0286224942476523,0.9700020000000009,0.42525999999999975,6139531.0,1.0182995531124859,1.0208345113550195,1.014154376768862,0.9879060115317875,0.9890047940268899,0.984132685851577,1.007447731515257,1.0091633874402357,1.0001015403026092,0.06571442857142884,0.12214292857142871,-0.04333329999999999,0.12507985714285702,0.12836192857142859,-0.003191966666666642,1252088.857142857,557702.0,176163.8
2008-05-12,23.5,23.9,23.33,23.700001,12.142868,10993484.0,1.0170212765957447,0.9927659574468084,1.0085106808510638,1.1399989999999995,0.35865100000000005,-4128925.0,1.019484369645653,1.0185659962686529,1.0146218682418546,0.98798813564503,0.9888365087574111,0.9849617565334423,1.0093197541028787,1.0062869726578203,1.0006420803953253,0.2471428571428572,0.21428571428571427,0.004666633333333318,0.1926824285714286,0.10238957142857139,0.019887566666666658,878061.1428571428,113438.35714285714,-194532.13333333333
2008-05-13,24.15,24.200001,23.049999,23.129999,11.850821,12297157.0,1.0020704347826088,0.9544513043478261,0.9577639337474121,0.6499999999999986,-0.29204700000000017,1303673.0,1.015863606717326,1.0183095751872904,1.0146324017378912,0.9816095900382186,0.9867622790932077,0.9839113014942106,0.9993694910266662,1.003472273845876,0.9995997086122929,0.27142857142857124,0.21071421428571416,0.04500003333333329,0.06628242857142855,0.09433778571428572,0.020612999999999992,661417.8571428572,299744.0714285714,109317.3
2008-05-14,23.0,23.030001,22.6,22.719999,11.640755,9305142.0,1.0013043913043478,0.982608695652174,0.987826043478261,-1.1499999999999986,-0.21006599999999942,-2992015.0,1.0138148890412413,1.0150159005026351,1.014661261564354,0.9794355482362475,0.9855200430683629,0.9844134627417628,0.9961403189923629,0.999419067373467,0.9997640840631841,-0.001428571428571652,0.13642857142857143,0.006666700000000011,0.00852085714285725,0.04766721428571431,0.01593526666666669,-169262.42857142858,-653738.8571428572,59365.76666666667
2008-05-15,22.870001,22.870001,22.309999,22.309999,11.430687,8116943.0,1.0,0.97551368712227,0.97551368712227,-0.12999900000000153,-0.2100679999999997,-1188199.0,1.0131964536670917,1.0133662799153702,1.0143769701763352,0.9782875406451803,0.9842659068961331,0.9840094783077193,0.99387913267526,0.9981319387894917,0.9988199418696593,-0.03285700000000042,0.08714292857142857,-0.019333333333333393,0.003416571428571404,0.05116364285714286,-0.00982923333333332,203541.7142857143,-497784.0,-75968.8
2008-05-16,22.549999,23.200001,22.309999,22.950001,11.758598,11073727.0,1.0288249236729456,0.9893569840069617,1.0177384486801972,-0.3200019999999988,0.3279109999999985,2956784.0,1.0173142999060838,1.0132852640878431,1.0145062294361873,0.98213119512105,0.9838947745189403,0.984429904906401,1.001777282104449,0.998847774442632,0.9987205976995206,-0.08857157142857172,0.03714271428571436,-0.03666669999999996,0.09295642857142841,0.05003621428571429,-0.008861033333333346,152850.2857142857,17084.428571428572,90822.8
2008-05-19,23.15,23.370001,22.629999,22.68,11.620261,7934560.0,1.009503282937365,0.9775377537796978,0.9796976241900649,0.6000009999999989,-0.13833699999999993,-3139167.0,1.0128614459780598,1.0139640700119408,1.014781767046127,0.9807255353733064,0.9840114955688639,0.9846296183485421,0.9936675589024173,0.9985131813340048,0.9989923068220073,0.25142871428571417,0.05285714285714275,-0.036666666666666715,0.03732914285714273,0.045135999999999905,-0.0038421333333333862,-149759.7142857143,-53201.42857142857,38680.73333333333
2008-05-20,22.51,22.65,22.1,22.1,11.323093,8448346.0,1.0062194580186583,0.9817858729453576,0.9817858729453576,-0.639999999999997,-0.2971679999999992,513786.0,1.0092776810445243,1.013788617078505,1.014749919372945,0.9791457507572993,0.9835258811445433,0.9844559621148888,0.9869766130020895,0.9972121722586732,0.998818650588354,0.02142842857142873,0.04357142857142878,0.007000033333333396,-0.06587485714285712,0.029602499999999945,0.011988133333333314,-953437.5714285715,149325.64285714287,-225750.63333333333
2008-05-21,21.799999,21.889999,21.549999,21.59,11.06179,6816423.0,1.0041284405563504,0.9885321095656932,0.990367017906744,-0.7100010000000019,-0.26130299999999984,-1631923.0,1.007435847324611,1.013460108485132,1.014372148276741,0.9785409153457115,0.9832645254953708,0.9847406704510259,0.9843846611529009,0.9968522076278898,0.9989826201559897,-0.24285728571428575,0.002142785714285722,-0.0063333666666666255,-0.15443971428571426,0.01912135714285717,0.008923300000000012,-596723.0,140669.07142857142,-193924.26666666666
2008-05-22,21.25,21.73,21.120001,21.49,11.010553,10745734.0,1.0225882352941176,0.9938823999999999,1.0112941176470587,-0.5499989999999997,-0.05123700000000042,3929311.0,1.010366961683398,1.0131152842003617,1.0150016897982708,0.9841739290103078,0.9828917595242631,0.9855393757324098,0.9920318302814221,0.995700660654044,1.0003617160256089,-0.4142857142857141,-0.07142857142857142,-0.012000033333333349,-0.12003828571428572,-0.026877928571428584,0.019004066666666652,-221631.85714285713,219893.0,-30876.933333333334
2008-05-23,21.6,21.73,20.98,21.0,10.759501,10538305.0,1.0060185185185184,0.9712962962962962,0.9722222222222222,0.3500000000000014,-0.2510519999999996,-207429.0,1.0110404084282794,1.0124276487347603,1.0152023070822214,0.9825578719594681,0.9809967100978578,0.9852270192816885,0.9898027129591307,0.992971515975747,0.9996291218125878,-0.1999999999999998,-0.10071428571428573,0.030333300000000087,-0.1258934285714286,-0.05868628571428568,0.01711106666666667,176166.14285714287,3451.8571428571427,-55048.73333333333
2008-05-26,20.799999,21.370001,20.75,21.15,10.836352,8716260.0,1.0274039436251896,0.9975962018075097,1.0168269719628351,-0.8000010000000017,0.07685099999999956,-1822045.0,1.0149552575175922,1.0140758555923417,1.015205204390053,0.9857125169145023,0.9820000287798413,0.985293234138687,0.9957046107934971,0.9947918717343784,0.9994745720975279,-0.29571457142857127,-0.16428578571428584,0.009999966666666657,-0.08490500000000013,-0.04074421428571436,0.013529366666666634,85616.71428571429,144579.2142857143,49380.96666666667
2008-05-27,20.92,21.58,20.92,21.33,10.928579,6788537.0,1.031548757170172,1.0,1.0195984703632885,0.12000100000000202,0.09222699999999939,-1927723.0,1.0153443765886245,1.0163293382473542,1.0158463205776378,0.9872329477706507,0.9846820714458504,0.9853753343069349,0.9959703281767958,0.9988738051406224,0.999881545728046,-0.2328569999999997,-0.16071428571428573,0.02066670000000007,-0.11857414285714286,-0.012808857142857224,0.024739499999999973,-612170.0,-229659.85714285713,36383.53333333333
2008-05-28,21.5,21.780001,21.09,21.42,10.974689,8876422.0,1.0130233023255812,0.9809302325581395,0.996279069767442,0.5799999999999983,0.04611000000000054,2087885.0,1.0158472365012268,1.0143543412396434,1.015552917427644,0.9877175875961424,0.9842215614847244,0.9850868959609893,0.9983391061164212,0.9960033325094192,0.9993606893234687,-0.23571428571428552,0.007857214285714318,0.04466666666666666,-0.09222457142857136,-0.027447714285714322,0.02710666666666667,134551.7142857143,-7604.0,-110300.83333333333
2008-05-29,21.65,21.65,21.26,21.35,10.938822,7576218.0,1.0,0.9819861431870671,0.9861431870669747,0.14999999999999858,-0.03586699999999965,-1300204.0,1.0149587424985613,1.0121182117715428,1.0154888132578954,0.9877461976306723,0.9834459741939857,0.985191559101125,0.9989615795623665,0.9929690962822281,0.9990430263351994,-0.12285714285714329,-0.050714357142857276,0.02833336666666663,-0.05489585714285715,-0.060385357142857136,0.02076386666666667,-124589.71428571429,-539013.6428571428,-43963.63333333333
2008-05-30,21.280001,21.719999,21.110001,21.68,11.107903,13088799.0,1.0206765967727165,0.9920112785708987,1.0187969446054068,-0.36999899999999997,0.16908100000000026,5512581.0,1.017322764815185,1.012379306069898,1.0161155835016074,0.988243221774273,0.9833920685599923,0.9859088765054789,1.0030229976621754,0.9937038294075382,1.0006531992740368,-0.07428542857142872,-0.15857135714285725,-0.0023333000000000936,0.006587571428571438,-0.07392607142857141,0.026233933333333327,896053.7142857143,149665.35714285713,113041.43333333333
2008-06-02,21.5,21.68,20.809999,20.9,10.708264,9433709.0,1.0083720930232558,0.9679069302325582,0.9720930232558139,0.2199990000000014,-0.3996390000000005,-3655090.0,1.015291887347919,1.0128294245156584,1.016346227118928,0.9845324403789243,0.9843531846946159,0.9858076321298572,0.997422841320569,0.9947273358009954,1.0006914913325238,0.03571428571428571,-0.1892857142857142,0.02833333333333338,-0.04318414285714286,-0.08161121428571429,0.024037133333333335,-187432.14285714287,-204532.0,70637.6
2008-06-03,20.559999,20.6,20.219999,20.379999,10.441838,12398464.0,1.0019455740245902,0.9834630342151282,0.9912451357609502,-0.9400009999999988,-0.26642599999999916,2964755.0,1.0147100381345007,1.01287522328139,1.0147850633262518,0.9862705457959002,0.9844142088776842,0.9854190015630444,1.0001404003975303,0.9949715566783304,0.9987736462643928,-0.14857157142857144,-0.17428578571428563,0.001999966666666708,-0.04538042857142851,-0.08563692857142856,-0.0089192,265737.0,220951.57142857142,99770.56666666667
2008-06-04,20.459999,20.73,20.34,20.469999,10.487951,8806877.0,1.0131965304592634,0.9941349459498996,1.0004887585771634,-0.10000000000000142,0.04611300000000007,-3591587.0,1.0126804076822256,1.0138178325999088,1.015036270010838,0.9857760806733845,0.9857442987939434,0.985773815773152,0.9978063699138627,0.9967554903536799,0.9988842809798103,-0.04857142857142855,-0.1721429999999999,-0.02466673333333335,-0.0497715714285713,-0.06733828571428571,-0.00140469999999997,12945.285714285714,49281.0,23537.9
2008-06-05,20.5,20.879999,20.440001,20.75,10.631412,7328798.0,1.018536536585366,0.9970732195121951,1.0121951219512195,0.040001000000000175,0.1434609999999985,-1478079.0,1.0108215190272534,1.0130829478079388,1.014073626667366,0.9853579691751265,0.9862954584728886,0.9856762564235584,0.9967487487121387,0.9963595384444673,0.9978050872417848,-0.06000000000000024,-0.1464285,-0.019666666666666662,-0.042452428571428565,-0.08051328571428572,-0.011400066666666693,77180.14285714286,-267494.9285714286,-370956.26666666666
2008-06-06,21.200001,21.32,20.48,20.74,10.626289,6869651.0,1.0056603299216826,0.966037690281241,0.9783018406461395,0.7000010000000003,-0.0051229999999993225,-459147.0,1.0097696658266964,1.0128084511639615,1.0134924813906985,0.9832304631355696,0.985474025365856,0.9847751263151502,0.9941805731233812,0.9962598396199012,0.9972973656867254,-0.04285699999999996,-0.13928564285714273,-0.014999966666666609,-0.04977142857142854,-0.07099799999999996,-0.0029369000000000274,-286681.5714285714,-76064.92857142857,-273875.6
2008-06-10,20.209999,20.299999,19.98,20.08,10.288131,10555511.0,1.0044532411901652,0.9886195442167018,0.9935675899835521,-0.9900020000000005,-0.33815799999999996,3685860.0,1.010405843139577,1.012682292819069,1.0126422845884266,0.9841780918540889,0.9859621447423806,0.9845773498794516,0.9952412021114636,0.997101390836915,0.9968257270349693,-0.20571442857142838,-0.16428578571428584,-0.06066673333333329,-0.09295585714285716,-0.07392585714285715,-0.02566533333333331,425613.28571428574,150511.7857142857,-9301.133333333333
2008-06-11,20.41,20.65,20.129999,20.4,10.452086,9150834.0,1.0117589416952473,0.9862811856932877,0.9995100440960313,0.20000100000000032,0.16395499999999963,-1404677.0,1.0091318924142245,1.0132273286147047,1.0130342493116016,0.9833595071572875,0.98580136446578,0.9849232674332022,0.9924859306101242,0.9977544641361498,0.9973299975811423,-0.12428585714285692,-0.09928564285714282,-0.06666666666666667,-0.09368814285714297,-0.043550285714285764,-0.017875700000000036,-562566.4285714285,166743.64285714287,15715.133333333333
2008-06-12,19.99,20.129999,19.57,19.57,10.026828,10688857.0,1.007003451725863,0.9789894947473737,0.9789894947473737,-0.4200000000000017,-0.42525799999999947,1538023.0,1.0089363722288824,1.0121141297884009,1.0129785043995716,0.9849427306594037,0.984737585519164,0.9846034347619199,0.9934711408232042,0.9954469910718867,0.9966296474060548,-0.21571428571428594,-0.09000000000000011,-0.06366666666666668,-0.09734799999999996,-0.07026607142857141,-0.02939433333333336,179306.85714285713,-4062.6428571428573,144369.0
2008-06-13,19.99,20.01,18.85,19.65,10.067817,18009251.0,1.0010005002501252,0.9429714857428716,0.9829914957478739,0.0,0.04098899999999972,7320394.0,1.0088013616896734,1.011755699912087,1.0127209357124567,0.9791582237347958,0.982714384765348,0.9829627813315454,0.9922920493927647,0.9962162248951474,0.9962158131730601,-0.08142842857142897,-0.11500000000000021,-0.05933333333333337,-0.05343157142857154,-0.049406000000000026,-0.024209133333333337,801541.0,533639.0,438739.8333333333
2008-06-16,19.709999,19.950001,19.219999,19.4,9.939732,7728846.0,1.012176662210891,0.9751395218234157,0.9842719931137489,-0.2800009999999986,-0.12808500000000045,-10280405.0,1.00865566622562,1.010668036953923,1.0122129652767897,0.9764445917167267,0.9811103361950556,0.9821640612724756,0.9899753686122771,0.9938908692630699,0.9947776871008218,-0.10714285714285714,-0.07785714285714285,-0.08466670000000001,-0.07831700000000019,-0.06404428571428575,-0.04823706666666669,-154004.42857142858,-70529.57142857143,2053.8
2008-06-17,19.530001,19.940001,18.98,19.75,10.119055,13029699.0,1.0209933424990607,0.9718381478833514,1.0112646691620755,-0.1799980000000012,0.17932300000000012,5300853.0,1.009006638499005,1.009914078763129,1.012391229525527,0.9728395814840347,0.9790987753295806,0.9812977665930549,0.9898424467852563,0.9932955977486975,0.9948055011489447,-0.13857128571428592,-0.09928564285714307,-0.11599996666666676,-0.0731938571428571,-0.05782314285714284,-0.04873513333333334,814414.4285714285,445797.28571428574,84657.33333333333
2008-06-18,19.5,19.75,19.27,19.51,9.996089,10908953.0,1.0128205128205128,0.9882051282051282,1.0005128205128206,-0.030000999999998612,-0.12296599999999991,-2120746.0,1.0100295217702666,1.0098995937984814,1.012674278365576,0.9760063583303042,0.979618410732937,0.9814529461912346,0.993015443909068,0.9935980085162246,0.9951111954546391,-0.24285728571428575,-0.14285714285714285,-0.12000000000000005,-0.09002857142857147,-0.0699,-0.04702273333333338,577043.1428571428,145180.7857142857,140560.06666666668
2008-06-19,18.99,19.07,18.68,18.68,9.570834,16288539.0,1.0042127435492365,0.9836756187467088,0.9836756187467088,-0.5100000000000016,-0.42525499999999994,5379586.0,1.0099951649644194,1.0102005040519981,1.0128147031505506,0.9753000832631624,0.9797390875586257,0.9821604200602624,0.9916023051609475,0.9934217536362056,0.9958186693236669,-0.17428557142857162,-0.19,-0.13933333333333345,-0.10247100000000005,-0.0977134285714286,-0.05123563333333336,819004.0,622308.6428571428,209492.13333333333
2008-06-20,18.799999,18.93,18.299999,18.780001,9.622067,10717654.0,1.006914947176327,0.9734042539044816,0.9989362765391636,-0.19000099999999875,0.05123299999999986,-5570885.0,1.0093031657474307,1.0092175290808276,1.0116894260419769,0.9734605215790472,0.9784100143681673,0.981694649456615,0.9915203383671093,0.9920031344886169,0.9945676889881628,-0.23000014285714293,-0.1771429999999999,-0.08633333333333333,-0.11857414285714286,-0.10613114285714291,-0.057896333333333355,223831.42857142858,-169367.5,57825.86666666667
2008-06-23,18.450001,18.799999,18.25,18.6,9.529844,9013608.0,1.0189700802726243,0.9891598379859167,1.0081300266596191,-0.34999799999999937,-0.09222299999999883,-1704046.0,1.011012684111254,1.0099745281700683,1.0112782349659508,0.974913427755982,0.9799280792076929,0.9815718318808986,0.9956832714974302,0.9945772061603172,0.9938846067352285,-0.21999985714285689,-0.2178570714285714,-0.13033333333333333,-0.0709977142857142,-0.08417285714285708,-0.07514576666666664,-239321.2857142857,-30007.214285714286,-203626.7
2008-06-24,18.4,18.459999,17.91,17.950001,9.196812,16180157.0,1.0032608152173914,0.9733695652173914,0.9755435326086958,-0.05000100000000174,-0.3330320000000011,7166549.0,1.0113355862494349,1.010068473969554,1.0108195529200057,0.9792560105380562,0.9792071171364259,0.9809252854732514,0.9946192767632617,0.9934556630780133,0.9927857017938162,-0.22714285714285712,-0.15428564285714305,-0.17000000000000004,-0.12442928571428576,-0.08893042857142865,-0.09820186666666668,-261299.14285714287,270120.9285714286,172889.1
2008-06-25,18.16,18.629999,18.030001,18.620001,9.540091,12232330.0,1.0258810022026432,0.9928414647577092,1.0253304515418502,-0.23999999999999844,0.3432790000000008,-3947827.0,1.0132933491053995,1.01097450766551,1.0116132385006735,0.9817848595286696,0.9791147256226981,0.9822049574869142,1.0004847708244191,0.995230069718348,0.9950379190536308,-0.22142842857142853,-0.16428564285714284,-0.1996666666666666,-0.05709157142857129,-0.06770428571428574,-0.07702433333333332,643354.8571428572,244675.2142857143,-2160.9
2008-06-26,19.02,19.370001,18.950001,19.0,9.734787,12938087.0,1.0184017350157728,0.9963197160883281,0.9989484752891693,0.8599999999999994,0.19469600000000042,705757.0,1.0129231194649297,1.0109648789819674,1.012183149957721,0.985282226415095,0.9790609039495648,0.9826619915014526,0.998725314556861,0.9942838806710588,0.9954086667806611,-0.07285728571428558,-0.10571428571428575,-0.13266666666666668,-0.05489542857142839,-0.06404464285714274,-0.06353226666666666,-13087.42857142857,400663.5,121098.16666666667
2008-06-27,18.110001,18.950001,18.0,18.950001,9.709169,20265656.0,1.0463832111328983,0.9939259528478215,1.0463832111328983,-0.9099989999999991,-0.025618000000001473,7327569.0,1.0177177906524133,1.01387365621134,1.0137292569954843,0.9860994870783367,0.9810529227043204,0.9832757336923043,1.0052782275025864,0.9991468357058272,0.997770984247682,-0.19857128571428564,-0.2207142857142857,-0.1586666666666666,-0.04098857142857147,-0.06550857142857147,-0.05738393333333338,1336671.857142857,956857.5,404957.1
2008-06-30,19.1,19.209999,18.65,18.719999,9.591325,11997244.0,1.005759109947644,0.9764397905759161,0.9801046596858639,0.989999000000001,-0.11784399999999984,-8268412.0,1.0179387001379,1.0139669325511598,1.0129603965379743,0.9850657973396519,0.9801829403014073,0.9828451605779361,1.0047680904938943,0.9981851978274209,0.9965165246145377,0.015714285714286142,-0.07928564285714275,-0.1149999666666666,0.002927285714285688,-0.04977185714285718,-0.07224243333333333,-613042.1428571428,102980.92857142857,30783.9
2008-07-01,18.780001,18.799999,17.700001,17.77,9.104587,11170947.0,1.0010648561733304,0.9424920158417458,0.9462193319372029,-0.3199990000000028,-0.486737999999999,-826297.0,1.0171029728517578,1.0132030692995944,1.01267911564584,0.9806497633306899,0.9770551424548686,0.9816769693133378,0.9972370984078999,0.9943787183875046,0.9954005815394421,-0.002856857142857296,-0.11642850000000012,-0.14566663333333332,-0.07392571428571415,-0.09624992857142851,-0.08385579999999997,64756.142857142855,144293.7857142857,107879.56666666667
2008-07-02,17.9,18.530001,17.5,18.299999,9.376135,16965213.0,1.0351955865921787,0.9776536312849162,1.022346312849162,-0.880001,0.27154799999999923,5794266.0,1.01942090232598,1.015216793218617,1.0136449865982906,0.9790060195162612,0.9769597236361216,0.9815392279246564,0.9992679964349774,0.9974756339662038,0.9967525962029024,-0.07857157142857167,-0.14928571428571427,-0.15366666666666676,-0.021958428571428712,-0.04647807142857146,-0.06489860000000001,1135943.5714285714,448311.14285714284,283895.56666666665
2008-07-03,18.0,18.73,17.91,18.709999,9.586202,12386485.0,1.0405555555555557,0.995,1.039444388888889,0.10000000000000142,0.21006700000000045,-4578728.0,1.024748722374289,1.0180421543118618,1.0148592237649308,0.9820960816280625,0.9806760460830594,0.9817548242724666,1.0083966901892907,1.0015079834762763,0.9983885085689738,-0.05714285714285694,-0.14214285714285704,-0.12666663333333333,0.05562714285714294,-0.034401071428571406,-0.04918626666666667,-541953.1428571428,-401626.14285714284,185668.73333333334
2008-07-04,18.950001,19.52,18.66,19.52,10.001212,12263779.0,1.030079101315087,0.9846965179579674,1.030079101315087,0.9500010000000003,0.41501000000000055,-122706.0,1.025348450818924,1.0193208999621617,1.015108919298963,0.980932517799528,0.9813586886640987,0.9814486282043989,1.0090750687283248,1.0047799197763718,0.9990146746912415,0.11285728571428574,-0.05428557142857139,-0.07666663333333332,0.06587442857142863,0.004391428571428665,-0.03364469999999997,4492.714285714285,323923.78571428574,50601.5
2008-07-07,19.42,19.42,18.83,19.200001,9.837258,8979003.0,1.0,0.96961894953656,0.9886715242018537,0.4699990000000014,-0.16395400000000038,-3284776.0,1.0227196315309564,1.017821375497943,1.0149083020150125,0.9771181225778467,0.9812001744964708,0.981392716645741,1.007606932858708,1.0031661237077845,0.9995629847572292,0.057142857142857446,-0.007857214285714065,-0.07266666666666666,0.014638714285714218,-0.020128357142857083,-0.03074143333333333,-565583.4285714285,-289335.4285714286,-51976.73333333333
2008-07-08,19.15,19.25,18.59,18.6,9.529844,7650460.0,1.0052219321148825,0.970757180156658,0.9712793733681464,-0.2700000000000031,-0.30741399999999963,-1328543.0,1.0168394488140968,1.017278619733255,1.0141689016313356,0.9738082979076805,0.9799538924930086,0.9804980825907126,0.9968778131780293,1.001078020340308,0.9980447314707396,0.14857128571428543,-0.025000000000000102,-0.054999966666666705,-0.025617857142856946,-0.03330321428571421,-0.043550266666666636,-1802170.857142857,-232749.5,-35526.666666666664
2008-07-09,19.139999,19.27,18.65,18.799999,9.632313,11630534.0,1.0067921111176652,0.9743992149633863,0.9822361537218471,-0.010000999999999038,0.10246899999999926,3980074.0,1.0169870204098141,1.0174628602738571,1.0133436800962519,0.9735167871058906,0.9792912922227713,0.9796447230894922,0.9971823123260268,1.0009752014099607,0.9967993209160247,0.005714142857142589,0.010714214285714365,-0.05933336666666674,0.005855428571428638,0.004391357142857163,-0.043208866666666644,-52387.142857142855,-332714.64285714284,161399.9
2008-07-10,18.219999,18.67,18.07,18.370001,9.412001,12324498.0,1.0246981901590664,0.9917673431266378,1.008232821527597,-0.9199999999999982,-0.22031199999999984,693964.0,1.0203632109792051,1.0187330919154813,1.0137328430240347,0.9805561195751608,0.9806029414529254,0.9800059601084421,1.0060413822675118,1.001639240337706,0.9971977793080299,-0.08000028571428532,-0.04142857142857131,-0.10933336666666663,0.043916285714285665,-0.015004714285714245,-0.052089599999999986,164793.0,114774.57142857143,114935.86666666667
2008-07-11,18.16,18.5,17.91,17.950001,9.196812,9814865.0,1.0187224669603525,0.9862334801762115,0.9884361784140969,-0.059999000000001246,-0.21518900000000052,-2509633.0,1.0180099081746585,1.0187154052503191,1.0143569252560465,0.9817818122739173,0.9803939158950892,0.9801475380080802,1.0011970773482166,1.000232536891597,0.997274212352934,0.037142857142857366,-0.020714357142857156,-0.11633333333333327,-0.025617571428571444,-0.02378800000000008,-0.058067000000000014,-1021478.2857142857,57232.642857142855,74621.56666666667
2008-07-14,17.9,18.24,17.52,17.799999,9.119955,10701524.0,1.0189944134078213,0.9787709497206705,0.9944133519553073,-0.26000000000000156,-0.0768570000000004,886659.0,1.0149297450106964,1.0198392336924926,1.0143008524772168,0.9794633765197274,0.9807797290738949,0.9797061937130727,0.9947640720719908,1.0015803811306407,0.9964614259312641,-0.014285714285714488,-0.03571428571428571,-0.1126667,-0.06660671428571442,-0.005489785714285743,-0.06626493333333337,-240708.7142857143,-391330.9285714286,-79575.83333333333
2008-07-15,17.549999,17.6,17.1,17.120001000000002,8.771554,9606294.0,1.0028490599913995,0.9743590298780075,0.9754986880626034,-0.3500009999999989,-0.3484009999999991,-1095230.0,1.0110397391073125,1.018194094963118,1.0141167513761549,0.9779865925083044,0.9794595551539161,0.9799212637012542,0.9869668701787788,0.9980209694535517,0.9965749480914904,-0.2000002857142858,-0.043571500000000034,-0.1316667,-0.17566542857142867,-0.05489550000000002,-0.06455699999999999,-379640.71428571426,-187574.0,5752.833333333333
2008-07-16,16.950001,18.09,16.889999,18.09,9.26854,14537507.0,1.067256574203152,0.9964600592058962,1.067256574203152,-0.5999979999999994,0.4969859999999997,4931213.0,1.0206478211363341,1.0216837263336453,1.01629378471544,0.981821036746781,0.9794695796623138,0.9803544978676133,0.9981933058932501,1.002900119375979,0.9991086627062304,-0.3528570000000002,-0.14785707142857138,-0.1203332666666667,-0.08124542857142865,-0.03330335714285721,-0.03910993333333336,794072.0,114244.28571428571,71301.43333333333
2008-07-17,18.799999,18.879999,18.299999,18.389999,9.422248,11426307.0,1.004255319375283,0.9734042539044816,0.9781914882016749,1.8499979999999994,0.15370799999999996,-3111200.0,1.0205097336021056,1.0186745912081012,1.0159957443459742,0.9821991901393273,0.978003744023504,0.9796634747994326,0.9991807508694684,0.9980292820237489,0.9983654203603809,-0.0500001428571427,0.04928557142857137,-0.05533333333333334,-0.015370857142857273,-0.02049435714285711,-0.03552343333333337,539406.7142857143,-631382.0714285715,87314.33333333333
2008-07-18,18.450001,18.530001,18.1,18.209999,9.330024,7326276.0,1.0043360431254176,0.9810297571257585,0.9869917622226687,-0.34999799999999937,-0.09222399999999986,-4100031.0,1.0201588667460704,1.0185729435779423,1.015522394563976,0.9831464104482376,0.9783315987770641,0.9791286927198848,0.9998601235124429,0.9985212179192349,0.9975253083694291,-0.09857114285714275,-0.04642850000000008,-0.06833329999999999,-0.04318414285714286,-0.01866435714285711,-0.043379599999999977,-614894.0,-333640.5714285714,-84.06666666666666
2008-07-21,18.6,18.870001,18.549999,18.799999,9.632313,8335920.0,1.0145161827956988,0.9973117741935483,1.010752634408602,0.1499990000000011,0.30228900000000003,1009644.0,1.0187042942655893,1.019533752622397,1.0158175896597763,0.9839384720292249,0.9822472958021928,0.9801711621836283,1.0002200967811579,1.003130739524335,0.9986070014948445,0.05428585714285715,-0.012857214285714085,-0.08666669999999996,0.03147314285714283,0.03769471428571425,-0.03313253333333333,-569796.8571428572,-202501.92857142858,48875.63333333333
2008-07-22,18.52,18.549999,18.059999,18.07,9.25829,10409372.0,1.0016198164146868,0.9751619330453565,0.9757019438444925,-0.08000000000000185,-0.37402299999999933,2073452.0,1.0162610584733511,1.017135483324005,1.0157231421672606,0.9823568224391028,0.98206931735651,0.9797225751445835,0.9984009204140716,0.9997989988811441,0.9980114799568758,0.051428571428571344,0.04428571428571436,-0.05633330000000001,0.008782571428571575,-0.008417499999999935,-0.03432803333333331,84929.57142857143,-468274.35714285716,-4871.3
2008-07-23,18.5,19.08,18.360001,18.9,9.683549,18937236.0,1.0313513513513513,0.9924324864864865,1.0216216216216216,-0.019999999999999574,0.4252589999999987,8527864.0,1.018026335322427,1.0164780401665616,1.0163762224891306,0.9843084705485049,0.9818859235341161,0.9799276185043568,1.0022878160806878,0.9985259440763394,0.9987485325410622,0.08571428571428592,0.03571428571428571,-0.06366666666666668,0.0805134285714286,0.006953357142857085,-0.02561790000000001,1176530.2857142857,467910.78571428574,326213.4
2008-07-24,18.73,19.65,18.719999,19.450001,9.965346,19972015.0,1.0491190603310196,0.9994660437800321,1.0384410571276028,0.23000000000000043,0.28179700000000096,1034779.0,1.0246363353709442,1.0178380372391282,1.0177800761093025,0.9878951868202229,0.9829408896642635,0.9806101701387787,1.0112795830899735,0.9991232266343762,1.0007302512870697,0.16857157142857154,-0.015714357142857134,-0.04199999999999993,0.17054171428571432,-0.0025618571428571713,-0.0020493999999999938,1480817.2857142857,550588.2857142857,309438.6
2008-07-25,18.18,18.51,17.6,17.75,9.094337,20796168.0,1.0181518151815183,0.9680968096809682,0.9763476347634764,-0.5500000000000007,-0.8710090000000008,824153.0,1.017621369796425,1.0191345954663797,1.0183517866070158,0.9838432940309474,0.9828321653888642,0.9814476809367153,0.9982925917414484,0.9982429488173493,1.0005087892542568,0.17571414285714276,-0.08857142857142872,-0.06033333333333329,-0.024886142857142905,-0.053065785714285774,-0.032449333333333344,894094.4285714285,844083.2142857143,92897.23333333334
2008-07-28,16.219998999999998,16.25,15.4,15.81,8.100368,36950870.0,1.0018496302003472,0.9494451880052522,0.9747226248287686,-1.9600010000000019,-0.9939689999999999,16154702.0,1.0172776999142914,1.0188937167581986,1.0180075522066643,0.9804205703310575,0.9813098802351925,0.9805912031427765,0.9977970398310332,0.9984888953502508,1.0001904769780905,-0.3685714285714288,-0.20928578571428577,-0.1163333333333334,-0.18884000000000004,-0.10210542857142865,-0.061312133333333324,3646366.1428571427,2092886.4285714286,974067.4666666667
2008-07-29,15.51,16.02,15.46,15.53,7.956905,26793084.0,1.0328820116054158,0.9967762733720181,1.0012894906511927,-0.709998999999998,-0.14346299999999967,-10157786.0,1.0213556954114338,1.0207572810787522,1.018403841176876,0.9826700726519518,0.9829082415500946,0.9814224739923988,0.9998395724636795,0.9998498479880612,0.9998579710277279,-0.42000014285714293,-0.25928564285714284,-0.1340000333333333,-0.19615985714285714,-0.119672,-0.07207166666666666,2780972.5714285714,1083039.2857142857,458779.5
2008-07-30,16.1,16.190001000000002,15.9,16.1,8.248952000000001,15916356.0,1.0055901242236025,0.9875776397515528,1.0,0.5900000000000016,0.29204700000000106,-10876728.0,1.0200805441868488,1.0193924192262191,1.0181628282236457,0.9812794820173808,0.9826089770233029,0.9814015577106129,0.9983034818338792,0.9992617893075185,0.9998408770106338,-0.35714285714285715,-0.1514285,-0.11333333333333329,-0.19762299999999985,-0.08307492857142851,-0.058237899999999954,1082919.4285714286,256561.2857142857,166913.43333333332
2008-07-31,16.48,16.620001000000002,16.08,16.25,8.325802000000001,19369869.0,1.0084952063106798,0.9757281553398057,0.9860436893203883,0.379999999999999,0.07685000000000031,3453513.0,1.0210627427434193,1.0186619006083852,1.0183055769823606,0.9813603709165879,0.9818585966778455,0.981136642263716,0.9997808740447215,0.9990908972293965,0.999919812696423,-0.2914285714285713,-0.11999999999999998,-0.0836666666666666,-0.13321257142857132,-0.062214999999999875,-0.041501066666666614,1280071.0,682500.2857142857,102711.0
2008-08-01,16.1,16.389999,15.99,16.17,8.284816000000001,8765404.0,1.018012360248447,0.993167701863354,1.0043478260869565,-0.379999999999999,-0.04098600000000019,-10604465.0,1.0191571725858615,1.0185917539541443,1.018675490751431,0.9814654016847119,0.9828869361166085,0.9817954238623451,0.9973131889683408,0.9998005025245144,1.0001001976813495,-0.34285714285714264,-0.12857142857142836,-0.08999996666666661,-0.19981899999999975,-0.059652785714285575,-0.04457503333333328,-1453118.857142857,-138294.2857142857,-65075.0
2008-08-04,16.25,16.540001,16.16,16.450001,8.428276,5750573.0,1.0178462153846155,0.9944615384615385,1.0123077538461538,0.14999999999999858,0.14345999999999925,-3014831.0,1.0146896233078038,1.0196629793393739,1.0186380285884975,0.9807504723534984,0.9843228295868608,0.9819721472115326,0.9935798599281338,1.0024297215090536,1.000239455254234,-0.35428571428571437,-0.0928570714285714,-0.07333336666666668,-0.21958142857142857,-0.024519857142857125,-0.03671893333333334,-2031634.5714285714,-275408.64285714284,-108767.83333333333
2008-08-05,16.450001,17.07,16.200001,17.01,8.715194,12884679.0,1.03768990652341,0.9848024325348065,1.0340424903317635,0.20000100000000032,0.286918,7134106.0,1.017480779213788,1.0175510745051066,1.0197856649653647,0.9831369899040469,0.9834901419674972,0.9823532427887797,1.0018219821521748,1.0000572869468116,1.0021894205116697,-0.2471427142857142,-0.03571428571428571,-0.0649999666666666,-0.05416328571428559,-0.039524714285714246,-0.01605393333333331,-1130212.7142857143,-118059.14285714286,-109849.26666666666
2008-08-06,17.620001000000002,18.030001,17.52,17.99,9.217304,15546581.0,1.0232690111652092,0.9943245746694338,1.0209988069807712,1.1700000000000017,0.5021100000000001,2661902.0,1.020540690780197,1.0189091953472442,1.0196985985974503,0.9895483308560727,0.9849844505935651,0.9824026797858372,1.0084328653167467,1.0031149525738898,1.0020450323596337,0.20000028571428632,-0.08428557142857127,-0.017999966666666603,0.15956228571428582,-0.014638857142857096,-0.010759566666666665,-3057755.5714285714,294305.28571428574,110475.03333333334
2008-08-07,17.85,18.15,17.57,17.99,9.217304,12857747.0,1.0168067226890756,0.984313725490196,1.0078431372549017,0.2299989999999994,0.0,-2688834.0,1.0182442209350058,1.01979995817322,1.0196454315198937,0.9877679668729554,0.9852190197624535,0.9820024800992329,1.009369100545848,1.0046043365047637,1.0023415210918247,0.3342857142857145,-0.04285721428571421,-0.03899999999999994,0.18005700000000008,-0.008051428571428534,-0.017249433333333345,-1990762.4285714286,395105.0714285714,-2678.0
2008-08-08,17.5,17.639999,17.32,17.35,8.889396000000001,10588773.0,1.007999942857143,0.9897142857142858,0.9914285714285715,-0.3500000000000014,-0.327907999999999,-2268974.0,1.0185884807397971,1.0193345124633229,1.018365989244035,0.9880732020104886,0.9846763420139347,0.9818620911947816,1.0081446107499297,1.0032240462919044,1.0005096997683471,0.1999999999999998,-0.07857142857142867,-0.020333366666666682,0.09149200000000006,-0.05306549999999989,-0.027325766666666595,-761083.2857142857,160918.07142857142,-322562.76666666666
2008-08-11,17.709999,17.870001000000002,17.530001000000002,17.780001000000002,9.109711,7046648.0,1.009034557257739,0.9898363630624712,1.0039526823236977,0.20999899999999982,0.22031499999999937,-3542125.0,1.0186655308750914,1.0198641368092554,1.0184751708210384,0.9900886602565837,0.9857245155865859,0.9823086436110001,1.010703038321831,1.0052419561832762,1.001304633856275,0.17571414285714276,-0.05785721428571427,-0.04633336666666672,0.11198699999999993,-0.0106127857142857,-0.016053799999999955,-1760460.142857143,-240194.57142857142,-165019.86666666667
2008-08-12,17.879998999999998,17.950001,17.35,17.469998999999998,8.950878999999999,10996033.0,1.0039151008901064,0.9703579961050335,0.9770693499479502,0.16999999999999815,-0.15883200000000208,3949385.0,1.0166516366810427,1.017904404633452,1.0185701789782642,0.9868301308625379,0.984147766273625,0.9832375096197764,1.0068061131591157,1.002059651063728,1.0023329677899666,0.25428557142857094,-0.04428578571428586,-0.03000006666666669,0.0951518571428568,-0.05233357142857147,-0.005123600000000058,318661.28571428574,-567228.7857142857,-5830.466666666666
2008-08-13,17.17,17.26,16.879998999999998,16.99,8.70495,13510193.0,1.0052417006406522,0.9831100174723353,0.9895165987186952,-0.7099989999999963,-0.2459289999999985,2514160.0,1.0148509917176194,1.0147703075127115,1.0175717161132134,0.9852084850069375,0.9829794786802181,0.983419389159357,1.003550233855193,0.9985650468916634,1.0012386439856178,0.13142857142857167,-0.11142857142857134,-0.024333333333333228,0.039524857142857125,-0.09002828571428571,-0.022372833333333318,1108517.142857143,-461558.71428571426,-115167.33333333333
2008-08-14,16.950001,17.07,16.559998999999998,16.719998999999998,8.56661,15357366.0,1.0070795866029743,0.9769910338058385,0.9864305612725331,-0.2199990000000014,-0.13833999999999946,1847173.0,1.0104780888718428,1.0139794340428154,1.0164558504814607,0.9840925709027992,0.983614780403423,0.9828190902862183,0.9967485297038745,0.9992852559280246,0.9994715163984059,0.07142857142857142,-0.08785707142857138,-0.03499996666666665,-0.02122628571428566,-0.037694785714285625,-0.03398639999999998,353241.0,-388485.85714285716,99029.36666666667
2008-08-15,16.969998999999998,16.98,16.700001,16.9,8.658833999999999,6946601.0,1.0005893341537617,0.9840896867465934,0.99587513234385,0.019997999999997518,0.09222399999999809,-8410765.0,1.0072381350130646,1.013889412896631,1.01547285824275,0.9826304440566791,0.986089387456376,0.9827988625791726,0.9931594333271713,1.000796149321959,0.9983313840993645,-0.09285742857142917,0.05357142857142857,-0.06600006666666675,-0.0797814285714288,0.039890428571428514,-0.0447459333333334,-1228568.5714285714,-2143162.0714285714,-177239.26666666666
2008-08-18,16.67,16.93,16.610001,16.77,8.592231,7273613.0,1.015596880623875,0.9964007798440311,1.0059988002399518,-0.29999899999999613,-0.06660299999999886,327012.0,1.0070653004323218,1.0126547606836636,1.0159927542635456,0.984357166107227,0.9860625664900912,0.9836915902560882,0.9928959566107499,1.001132528578299,0.9989089599673012,-0.16857142857142854,0.08285714285714299,-0.09166666666666666,-0.08929614285714292,0.04538042857142858,-0.041500900000000014,-797733.4285714285,-1394247.9285714286,-56846.333333333336
2008-08-19,16.5,16.549999,16.15,16.15,8.274567,10901998.0,1.0030302424242423,0.9787878787878787,0.9787878787878787,-0.1700000000000017,-0.3176640000000006,3628385.0,1.0063553432276215,1.0124719119837093,1.0159196979405243,0.9827962508320259,0.9854347264212573,0.9839592802104622,0.9910901433763654,0.9996173770631475,0.9991592434812923,-0.14285714285714285,0.02857142857142847,-0.08833333333333329,-0.08783271428571458,0.001829642857142742,-0.04184256666666671,44746.42857142857,-358168.4285714286,108384.6
2008-08-20,16.0,16.15,15.88,16.030001000000002,8.213086,12169045.0,1.009375,0.9925,1.0018750625000001,-0.5,-0.06148099999999879,1267047.0,1.0064039779050875,1.0125347543900893,1.016005794236602,0.98317677039453,0.9866327153255569,0.9845626397116827,0.9907933405444085,1.0007481894331198,0.9998138737738974,-0.2442855714285714,-0.034285714285714315,-0.10466663333333331,-0.12808928571428574,-0.008051142857142908,-0.04730756666666665,731771.0,-514344.5714285714,17950.366666666665
2008-08-21,16.030001000000002,16.040001,15.49,15.59,7.987647,13228114.0,1.000623830279237,0.9663131025381719,0.9725514053305423,0.030001000000002165,-0.2254390000000006,1059069.0,1.005933796389249,1.0112927165351457,1.015203315573941,0.9825989284564071,0.9847145296594725,0.9837141650254004,0.9901479198847788,0.9984770165219471,0.9986244932339955,-0.26428542857142795,-0.004999928571428518,-0.07299993333333331,-0.13760457142857124,-0.021226357142857224,-0.04747846666666667,318868.71428571426,318765.0,30120.533333333333
2008-08-22,15.41,15.83,15.32,15.67,8.028636,18648564.0,1.027255029201817,0.9941596365996106,1.0168721609344582,-0.620001000000002,0.04098900000000061,5420450.0,1.0090785576122725,1.0119647746649458,1.0154877343153232,0.9841774454745892,0.9846929652407633,0.9839783702395138,0.9940558573441736,0.9988030455996834,0.9995723593180076,-0.25142857142857167,-0.05999999999999999,-0.09166666666666666,-0.09661628571428567,-0.028545714285714268,-0.038939199999999966,734053.0,921285.0714285715,294456.63333333336
2008-08-25,15.98,16.200001,15.91,15.91,8.151602,14417057.0,1.0137672715894868,0.9956195244055068,0.9956195244055068,0.5700000000000003,0.12296599999999991,-4231507.0,1.0100339411817743,1.0102560150268085,1.0153134962547121,0.9868386584173988,0.9854656146600991,0.984539989395675,0.9953685663631697,0.996058548033522,0.9996125650663475,-0.1385715714285714,-0.03357149999999999,-0.06399999999999993,-0.05928685714285718,-0.04025657142857142,-0.03227843333333329,-134329.85714285713,109455.57142857143,123851.1
2008-08-26,15.6,16.24,15.44,16.120001000000002,8.259198,17436669.0,1.0410256410256409,0.9897435897435898,1.0333333974358976,-0.3800000000000008,0.10759599999999914,3019612.0,1.0158105564491855,1.011524345731125,1.0165860489558536,0.9876463588455413,0.9851384014511103,0.9850528080578612,1.000719747090605,0.9969395902088882,1.001540388712124,-0.1957141428571426,-0.14428578571428588,-0.06499996666666667,-0.057090857142857034,-0.06843614285714292,-0.01707853333333335,1498581.142857143,135006.2857142857,261012.5
2008-08-27,16.139999,16.18,15.8,16.08,8.238703,11989344.0,1.0024783768573964,0.9789343853119199,0.9962825896085866,0.5399989999999999,-0.020495000000000374,-5447325.0,1.0139364844825458,1.0105008924574337,1.014426775710995,0.9851511596266683,0.9847541628669477,0.9844686189280619,0.99933171700041,0.99611383680558,0.9991745892256386,-0.07571442857142888,-0.12214292857142871,-0.027000066666666694,-0.050504000000000104,-0.0699000714285715,-0.034327900000000015,673675.8571428572,-62028.78571428572,-84938.76666666666
2008-08-28,16.110001,16.370001000000002,15.93,16.200001,8.300187,12078224.0,1.0161390430702022,0.9888267542627712,1.005586591831993,-0.02999799999999908,0.061484000000000094,88880.0,1.0158091702891114,1.0110822567583666,1.0148228998341589,0.9865852846945099,0.984690767763268,0.9849827022733383,1.0031601045781406,0.997125123977253,1.000087759346649,-0.05571414285714279,-0.09928564285714282,-0.08966659999999997,0.0036599999999999966,-0.04208635714285729,-0.03740203333333335,168032.2857142857,106389.35714285714,21730.566666666666
2008-08-29,16.48,16.65,16.4,16.610001,8.510254,16312242.0,1.0103155339805825,0.9951456310679611,1.0078884101941747,0.36999899999999997,0.21006700000000045,4234018.0,1.0159435322863375,1.0111737550957123,1.0150222161959979,0.9869632319899331,0.9850700011922315,0.985453231404745,1.0040191542487371,0.9974062473965727,1.0007843142790327,0.06857142857142863,-0.08785707142857138,-0.0656667,0.04245257142857132,-0.042818357142857214,-0.02732566666666667,591885.2857142857,661828.1428571428,299532.2
2008-09-01,16.450001,16.709999,16.379998999999998,16.65,8.530746,6847768.0,1.0158053485832614,0.9957445595292059,1.0121579931818847,-0.02999900000000011,0.020492000000000843,-9464474.0,1.0181123206154838,1.0120230585023664,1.0150651883889166,0.991167725845795,0.9868833271511009,0.9854009909159335,1.0096772382275,0.9999125790561395,1.0008311595714754,0.059999999999999734,-0.10214271428571411,-0.07166663333333337,0.07758557142857152,-0.030009499999999863,-0.03671889999999998,-911478.0,-296304.64285714284,-49605.066666666666
2008-09-02,16.75,17.190001000000002,16.73,16.969998999999998,8.694699,10216768.0,1.0262687164179105,0.9988059701492538,1.0131342686567162,0.2999989999999997,0.16395299999999935,3369000.0,1.0179714187892115,1.0135249882007418,1.015886818389024,0.9918314877814584,0.9880044666280238,0.9861891254860634,1.0091432536163942,1.001599555480284,1.002078903731883,0.19142857142857142,-0.03000000000000012,-0.05899999999999998,0.09515185714285705,-0.0007322142857143023,-0.018786366666666686,-1204542.2857142857,-235244.64285714287,-6420.133333333333
2008-09-03,17.190001000000002,17.280001000000002,16.75,16.799999,8.607599,17476356.0,1.0052356017896682,0.9744036664104905,0.9773122758980641,0.4400010000000023,-0.08709999999999951,7259588.0,1.016752608817809,1.0133932749997916,1.0150162934036344,0.9888006509250274,0.9878196546712132,0.9855881648168636,1.0065279324010452,1.0009482493821076,1.0006019255410976,0.172857285714286,0.017142857142857286,-0.04366663333333325,0.06514242857142857,0.0029277857142856944,-0.03586499999999996,437042.71428571426,151356.42857142858,-48696.0
2008-09-04,16.879998999999998,17.02,16.66,16.92,8.669084,15533509.0,1.0082938985956102,0.9869668831141519,1.0023697276285386,-0.31000200000000433,0.061484999999999346,-1942847.0,1.0120766456135188,1.0139436010313523,1.0136554546791208,0.9884039785493934,0.9880251686974673,0.9851715261280009,1.002104550999994,1.0014121490452996,0.9993995478911287,0.18285699999999977,-0.006428571428571418,-0.06166670000000008,0.05855514285714288,0.0007321428571429271,-0.043208733333333346,-271880.0,613350.5714285715,-147950.2
2008-09-05,16.360001,16.41,16.200001,16.26,8.330927,10530000.0,1.0030561734073244,0.9902200494975519,0.9938874698112794,-0.5199979999999975,-0.33815699999999893,-5003509.0,1.0121591879777943,1.01304783623017,1.0131522666199813,0.9900162162901981,0.9875836879584331,0.9859089674552203,1.0017623910289501,1.0005470540146801,0.9999842090593888,0.03142885714285727,-0.022142785714285802,-0.06066663333333331,0.013174857142857377,-0.018664571428571364,-0.025446999999999952,-208477.7142857143,232599.07142857142,-342205.6
2008-09-08,17.799999,17.959999,17.530001000000002,17.6,9.017485,26073800.0,1.0089887645499307,0.9848315721815492,0.9887641004923653,1.4399979999999992,0.6865579999999998,15543800.0,1.0111377196177556,1.0134734449534333,1.0133902377649673,0.9894454759928807,0.9880153803436953,0.9870885135944303,0.999359177980432,1.0012596412792862,1.0004522582481754,0.2414282857142856,0.0928570714285714,0.05266666666666673,0.10247114285714305,0.053065571428571524,0.0305705666666667,1999368.0,1083700.142857143,-362569.0
2008-09-09,17.75,17.75,17.110001,17.41,8.920139,12679107.0,1.0,0.9639437183098591,0.9808450704225352,-0.04999899999999968,-0.09734599999999993,-13394693.0,1.0096640719062437,1.0128038020962906,1.0122941707114534,0.9849880598845804,0.9859756459372567,0.9859940950923582,0.9954958437273406,0.9997574989880388,0.9997707775738868,0.18142857142857136,0.125,0.07466666666666667,0.058555000000000135,0.05050378571428572,0.03210780000000003,-519019.28571428574,36433.0,-470465.9
2008-09-10,16.83,17.610001,16.65,17.610001,9.02261,11260112.0,1.0463458704694,0.9893048128342247,1.0463458704694,-0.9200000000000017,0.10247099999999953,-1418995.0,1.0140270036042636,1.0160696621098737,1.0136526955863132,0.9840680960710115,0.9876179109584032,0.9860516675284473,1.0003798261969856,1.005028532212243,1.0013156399228669,0.05428557142857114,0.05714278571428544,0.024333333333333228,0.07026628571428566,0.07392592857142859,0.025788599999999978,630334.8571428572,-140571.57142857142,-155208.13333333333
2008-09-11,17.4,17.42,16.799999,16.85,8.63322,10723695.0,1.0011494252873565,0.9655171839080461,0.9683908045977013,0.5700000000000003,-0.38939000000000057,-536417.0,1.0104385334427557,1.0142049761159837,1.0134078362188692,0.9793125551794104,0.9855720214804344,0.9857113018140553,0.9939879027599835,1.001565578188189,1.0007272104321108,0.09285714285714265,0.14214285714285704,0.030666666666666606,-0.008782714285714326,0.043184571428571364,0.010247266666666614,72418.14285714286,-566062.0714285715,-288205.8
2008-09-12,17.049999,17.27,16.77,17.25,8.838161,9569831.0,1.012903285214269,0.9835777702978165,1.011730264617611,-0.3500009999999989,0.20494099999999982,-1153864.0,1.0115339167891273,1.0141432628034681,1.01323753371773,0.9806231414490284,0.9847118961870279,0.9853916374285375,0.9989047582913473,1.0027163453461962,1.0009732917164658,-0.020000285714286088,0.07642849999999994,0.03166663333333328,0.03293742857142844,0.049039928571428505,0.018444833333333282,-1129503.5714285714,-346230.4285714286,26814.233333333334
2008-09-15,16.799999,17.09,16.33,16.870001000000002,8.643467,13709554.0,1.0172619653132122,0.972023867382373,1.004166785962309,-0.25,-0.19469400000000014,4139723.0,1.0128150691773563,1.0124458573954374,1.0132180587153499,0.9784884249159173,0.9834462017326553,0.9846437150592319,0.9991614809104572,1.0006330159552257,1.0007019261203376,-0.011428571428571186,0.08571421428571428,0.01833329999999999,-0.003659571428571492,0.027447785714285695,0.007173033333333301,-260565.0,-266222.5,265299.36666666664
2008-09-16,16.299999,16.370001000000002,15.82,16.360001,8.382163,34666919.0,1.0042946014904666,0.970552206782344,1.0036811045203131,-0.5,-0.2613039999999991,20957365.0,1.0129919874749478,1.012575587726371,1.0121048818809184,0.975678733099459,0.9828474746948285,0.9841687075341498,1.0005605715831765,1.0011614813060632,0.9996898799266226,-0.008571714285714396,0.011428571428571439,-0.005000066666666688,0.007319428571428485,0.01024714285714293,-0.011101033333333336,3448131.285714286,1619826.7857142857,726074.6666666666
2008-09-17,16.690001000000002,16.85,16.0,16.0,8.197714999999999,14396382.0,1.0095865182991899,0.958657821530388,0.958657821530388,0.3900020000000026,-0.1844480000000015,-20270537.0,1.0130773808676992,1.0121075502427272,1.0116487987853844,0.9719396258635787,0.9806925509282297,0.9829798157628483,0.9962596745886082,0.9978094262845201,0.9976118470782765,-0.1585711428571425,0.04142857142857156,-0.03099999999999999,-0.11711000000000027,-0.007319428571428611,-0.03398630000000005,-1668202.5714285714,165582.7142857143,-38339.96666666667
2008-09-18,15.21,15.62,15.07,15.45,7.915918,21901327.0,1.026955950032873,0.9907955292570677,1.0157790927021695,-1.4800010000000015,-0.2817969999999992,7504945.0,1.0169282308723953,1.0132961513893195,1.011987106363511,0.9757755988560372,0.9803818293703087,0.9831958758884107,1.0012502491999844,0.9983730464636625,0.9978763789265187,-0.3628571428571427,-0.09071428571428568,-0.08800000000000002,-0.143460142857143,-0.042452571428571444,-0.04337953333333336,1317460.0,399220.35714285716,301452.6666666667
2008-09-19,16.35,17.709999,16.25,17.709999,9.073845,23312773.0,1.0831803669724769,0.9938837920489296,1.0831803669724769,1.1400000000000006,1.1579270000000008,1411446.0,1.0221903018014062,1.018108652702835,1.0144931205006888,0.9764297387438521,0.9802489174074319,0.9833348594328989,1.0065123201289954,1.0034460731629904,1.0009347721113155,-0.06857142857142813,-0.007142928571428493,-0.03833333333333329,0.007319285714285735,0.038792785714285696,0.006148299999999966,1721808.7142857143,1176071.7857142857,424133.3333333333
2008-09-22,19.49,20.1,18.41,19.15,9.811638,19066831.0,1.0312981015905593,0.9445869676757312,0.982555156490508,3.139999999999997,0.7377929999999999,-4245942.0,1.0264972555590066,1.0184678945008812,1.0152352386451162,0.9734397078535215,0.976376131516466,0.9818265462533408,1.008535798970825,1.0012618508654043,1.0002215212502092,0.29857142857142854,0.1957142857142856,0.05933336666666662,0.16834542857142867,0.07978135714285717,0.02339756666666665,1191876.5714285714,632147.3571428572,400672.76666666666
2008-09-23,18.35,18.83,17.9,18.040001,9.242924,7609335.0,1.0261580381471387,0.9754768392370571,0.9831063215258855,-1.139999999999997,-0.5687139999999999,-11457496.0,1.0283907916922739,1.0199623542407006,1.0159766698870172,0.9722824319876987,0.9764527867183636,0.9819971743577416,1.0044466642434358,1.0016757112673915,1.0004227536361403,0.1857144285714288,0.08285707142857136,0.015666700000000113,0.05782328571428584,0.04538035714285714,0.009734833333333389,-280070.85714285716,-704787.2142857143,-112889.93333333333
2008-09-24,18.290001,18.73,18.0,18.639999,9.550338,11901726.0,1.0240568056830615,0.9841442873622588,1.0191360295715675,-0.059999000000001246,0.30741399999999963,4292391.0,1.0293614831736808,1.0210882761755185,1.0166038400550976,0.9740139205562538,0.9762511727360855,0.982031650020739,1.006585127616187,1.002873304263322,1.001410067997903,0.21285742857142864,0.10071442857142873,0.03733336666666662,0.12955300000000008,0.0629467142857143,0.028179599999999992,-258261.14285714287,-259413.07142857142,-53615.566666666666
2008-09-25,18.41,19.059999,18.34,18.52,9.488853,10013728.0,1.035306844106464,0.9961977186311787,1.0059750135795762,0.11999899999999997,-0.061484999999999346,-1887998.0,1.0337918035473947,1.0233918955111714,1.0175447486385472,0.9776775651060873,0.9766781491027732,0.9826718728482504,1.0069128289103673,1.0037367002467719,1.0020615497414709,0.3014287142857143,0.1464285,0.04866663333333333,0.15809857142857148,0.08270899999999999,0.03074143333333333,-3521884.4285714286,-36876.57142857143,-178121.26666666666
2008-09-26,18.85,19.110001,18.25,19.0,9.734787,11419729.0,1.0137931564986737,0.9681697612732095,1.0079575596816976,0.4400000000000013,0.2459340000000001,1406001.0,1.0343927518616067,1.023735066364653,1.0179848760500443,0.979036413640776,0.9754880197521774,0.9821412086658043,1.0139556486462686,1.0051076616174384,1.0024642973193993,0.3085712857142856,0.07500007142857155,0.06266670000000012,0.21958171428571457,0.05123585714285715,0.035865100000000066,-425236.14285714284,-1046719.3571428572,149104.26666666666
2008-09-29,19.0,19.48,18.629999,18.790001,9.627193,6954015.0,1.0252631578947369,0.9805262631578948,0.9889474210526316,0.14999999999999858,-0.10759400000000063,-4465714.0,1.0341509244133016,1.0255395776428484,1.0183070852924063,0.9775693756266085,0.9766724872413227,0.9816120581095997,1.0101225526963347,1.0056864009481596,1.0018959180131553,0.5414285714285713,0.08928571428571429,0.0776666666666666,0.2444678571428572,0.0505038571428571,0.03449873333333334,-2135330.285714286,-408935.14285714284,-10653.266666666666
2008-09-30,17.299999,18.77,17.299999,18.75,9.606697,14266711.0,1.084971160980992,1.0,1.0838150915500053,-1.7000010000000003,-0.020495999999999626,7312696.0,1.0344067521288038,1.028298526965105,1.021038449244298,0.9784431196196186,0.9774364291817353,0.9823191288166704,1.0102132276359816,1.0083627738824885,1.005396825105226,0.13571414285714262,0.03357135714285724,0.02666663333333332,0.0761217142857143,0.041720500000000015,0.04440433333333337,-1292294.5714285714,214757.07142857142,112157.1
2008-10-01,19.0,19.299999,18.700001,19.299999,9.888494,11067406.0,1.0157894210526315,0.9842105789473684,1.0157894210526315,1.7000010000000003,0.2817969999999992,-3199305.0,1.0321912263376711,1.029344240948339,1.0212522632793857,0.9841036355155667,0.9787716716845442,0.9820428147815827,1.014960979716285,1.011748389343555,1.0058606370569805,-0.06999999999999977,0.1142857142857144,0.1,0.010979428571428482,0.08966242857142857,0.05584693333333331,-1142775.0,24550.785714285714,-36721.3
2008-10-02,19.450001,19.629999,18.57,18.98,9.724538,9597236.0,1.009254395411085,0.9547557349739982,0.975835425406919,0.4500010000000003,-0.16395599999999888,-1470170.0,1.0297764202325206,1.0290836059623971,1.0215399487837806,0.9811434777637011,0.9767129548757,0.9816575691961102,1.0139222802707184,1.009184472257077,1.0059701043928597,0.15714299999999984,0.17142871428571432,0.11399999999999993,0.06880200000000006,0.06331264285714296,0.05789636666666669,283985.85714285716,1957.5,-121029.26666666666
2008-10-03,18.41,18.860001,18.219999,18.709999,9.586202,5483979.0,1.0244432916892994,0.9896794676806084,1.0162954372623574,-1.0400010000000002,-0.13833600000000068,-4113257.0,1.0298316325191261,1.0295965578464035,1.02144622420003,0.9819342178091798,0.9779740691827168,0.9815082302321436,1.0135164813694026,1.010050804492795,1.0059508802704564,0.017142714285714282,0.11500007142857147,0.1,0.005123428571428589,0.06733821428571433,0.05191886666666665,-916821.0,-587541.0714285715,-438819.5
2008-10-06,18.5,18.540001,17.83,18.049999,9.248046,3730907.0,1.0021622162162163,0.9637837837837837,0.9756756216216216,0.08999999999999986,-0.3381559999999997,-1753072.0,1.0250966856776622,1.0294442446125285,1.021059389020921,0.9773036556881234,0.9774906103971054,0.980447038878086,1.0091879968039805,1.008050412857174,1.0052860835109936,0.012857142857142836,0.1571429285714286,0.08399999999999999,-0.03440100000000003,0.061848785714285724,0.03654813333333333,-897545.8571428572,-2209715.1428571427,-356205.0
2008-10-07,17.5,18.879999,17.5,18.15,9.299283,8157272.0,1.0788570857142858,1.0,1.0371428571428571,-1.0,0.05123700000000042,4426365.0,1.0343915327084638,1.0343921422850353,1.0223204371772092,0.9818508326490935,0.9804436231449347,0.9807889192199664,1.0133573250127177,1.013656486829493,1.0054130655012254,-0.19285714285714306,0.057857071428571265,0.06333333333333334,-0.06221485714285713,0.07868342857142872,0.03466950000000004,-466065.28571428574,-445650.71428571426,-309313.23333333334
2008-10-08,17.4,17.6,16.9,17.0,8.710073,9597547.0,1.0114942528735633,0.9712643678160919,0.9770114942528736,-0.10000000000000142,-0.5892100000000013,1440275.0,1.0324245462768677,1.0332877353450847,1.0226209663777481,0.9805277047431217,0.9790485401848651,0.9805332519701054,1.0116521926127522,1.0108873726545435,1.004770695656035,-0.2285714285714288,0.15642857142857128,0.042000033333333305,-0.13101714285714294,0.05672535714285714,0.015712333333333342,377647.4285714286,-878841.4285714285,-79726.56666666667
2008-10-09,17.0,17.17,16.58,16.65,8.530746,7598533.0,1.01,0.9752941176470588,0.9794117647058823,-0.3999999999999986,-0.1793269999999989,-1999014.0,1.0217143804224402,1.028060566275622,1.0224163316087413,0.9769982929784157,0.9777207062990171,0.980082164082915,0.9967374316350204,1.003475329635501,1.003898201418498,-0.04285699999999996,0.046428571428571326,0.029666633333333317,-0.15370728571428569,-0.038792785714285696,0.007685300000000043,-952596.8571428572,-1122445.7142857143,-149323.03333333333
2008-10-10,16.030001000000002,16.200001,15.3,15.3,7.839065,12341367.0,1.0106051147470296,0.9544603272326682,0.9544603272326682,-0.9699989999999978,-0.6916810000000009,4742834.0,1.0209737652359256,1.0265824957867984,1.0224259843009562,0.9727482570191729,0.9784259462673698,0.9787259872884053,0.9879761325178827,1.0014685561170837,1.0021172653197812,-0.4242855714285711,-0.24714278571428544,-0.014999966666666609,-0.2927755714285714,-0.14089807142857147,-0.022372966666666667,181994.42857142858,-480390.28571428574,-132362.5
2008-10-13,16.5,17.299999,16.17,17.299999,8.863779,13619362.0,1.048484787878788,0.9800000000000001,1.048484787878788,0.46999899999999784,1.0247139999999995,1277995.0,1.026578107017026,1.0281772636247735,1.0235152989441405,0.9763545805943158,0.9787490291790085,0.9782011686374318,0.9983546128710069,1.0061384465708627,1.0033281584763445,-0.4214287142857143,-0.13214285714285726,0.0016666333333333228,-0.12296557142857166,-0.027081785714285798,0.011101099999999952,574589.4285714285,429287.64285714284,225719.8
2008-10-14,18.700001,18.99,18.08,18.25,9.350517,17425243.0,1.0155079670851352,0.9668448680831621,0.9759357766879264,2.2000010000000003,0.4867380000000008,3805881.0,1.0253016320735742,1.0275666322963501,1.0231566072997145,0.9730924949375377,0.9775133563733587,0.9771357985685621,0.9925889470746597,1.0030527142220311,1.0020882087440517,0.04142871428571431,0.029285714285714297,0.06500003333333335,-0.033669285714285735,-0.014272928571428574,0.0218606,1705894.857142857,394536.9285714286,240282.5
2008-10-15,18.32,18.49,17.950001,18.200001,9.324901,8106279.0,1.0092794759825328,0.9798035480349345,0.9934498362445415,-0.38000100000000003,-0.025615999999999417,-9318964.0,1.0263183834687621,1.025707534573212,1.0232914031061435,0.9753810326877022,0.9763423441879128,0.9773157946227101,0.9951281205922197,1.0021580586981,1.0026261274222674,-0.025714285714285672,-0.006428571428571418,0.03766663333333327,0.010979285714285731,-0.01171085714285715,0.02391006666666667,625053.1428571428,-136246.35714285713,-312335.9
2008-10-16,17.6,17.6,17.190001000000002,17.33,8.879147999999999,7683060.0,1.0,0.9767046022727274,0.9846590909090908,-0.7199999999999989,-0.4457530000000016,-423219.0,1.0150530855095785,1.0247223091090212,1.023014939819623,0.9720531187266632,0.9769519756878784,0.9769737185946628,0.9876304397016815,1.0004938823571996,1.0020357728649527,0.014285714285714488,-0.08928571428571429,0.024000033333333448,-0.06001928571428599,-0.061117071428571555,0.007002133333333304,-67744.57142857143,-266904.9285714286,-261681.63333333333
2008-10-17,17.75,17.93,16.77,16.85,8.63322,7326457.0,1.0101408450704226,0.9447887323943662,0.9492957746478874,0.14999999999999858,-0.24592799999999926,-356603.0,1.0148597415377012,1.0236421439072845,1.0232510955417264,0.968270885094988,0.9743992949190549,0.9754593413578899,0.9836710511866835,0.9976616218997177,1.000549383026173,0.050000000000000204,-0.08928571428571429,0.04633329999999999,-0.010978999999999977,-0.07099807142857147,0.010076433333333294,-324441.4285714286,26603.0,-106784.76666666666
2008-10-20,17.18,17.73,16.9,17.73,9.084093,6713208.0,1.0320139697322468,0.9837019790454016,1.0320139697322468,-0.5700000000000003,0.45087299999999964,-613249.0,1.0180045943565934,1.019859487389517,1.0240186023811368,0.9694720081518943,0.973235150565155,0.9754216882533516,0.9911856519047356,0.993961541769878,1.001991045334169,0.025714285714285672,-0.008571357142857141,-0.020666633333333333,0.07904957142857125,-0.037328857142857226,0.0022202666666666223,-126475.0,-539535.9285714285,-645353.0666666667
2008-10-21,18.200001,18.85,17.73,18.85,9.657931,12621353.0,1.0357142288069106,0.974175770649683,1.0357142288069106,1.0200010000000006,0.5738380000000003,5908145.0,1.0215916106508622,1.0212826879433938,1.0252090766747004,0.9722885000686106,0.9725183785438917,0.9757627566646792,1.0027933521296273,0.9953847423237551,1.0038200172803147,0.3099999999999997,-0.057142785714285695,0.015000033333333345,0.25983799999999996,-0.01646878571428572,0.02459306666666663,39998.0,110996.21428571429,-1925.1333333333334
2008-10-22,18.370001,19.25,18.370001,19.0,9.734787,10815200.0,1.0479041345724478,1.0,1.0342949899676108,0.16999999999999815,0.07685600000000115,-1806153.0,1.021508660178528,1.024043383597777,1.0252610188114688,0.9751456429257536,0.9757501117600347,0.9761192629035382,1.0007662381423164,0.9995604255066616,1.0034183212635885,0.2671429999999998,-0.07714285714285728,0.05133336666666667,0.1244297142857145,0.0007320714285714251,0.02373923333333335,-400594.5714285714,86997.42857142857,-14830.4
2008-10-23,18.200001,18.469999,17.91,18.01,9.227553,10552667.0,1.0148350541299422,0.9840658799963802,0.9895603851889899,-0.16999999999999815,-0.5072340000000004,-262533.0,1.0214125297563574,1.0233570809149657,1.025717206439555,0.9776057874847847,0.9753491412111612,0.9767375527731494,1.0027126107853255,0.9976507789299924,1.0041239739499648,-0.07142857142857142,-0.014999928571428558,0.026666700000000057,-0.017566285714285663,-0.025617785714285697,0.019811100000000022,-981796.5714285715,362049.14285714284,-5700.933333333333
2008-10-24,18.5,18.5,17.120001000000002,17.549999,8.991866,11140465.0,1.0,0.9254054594594596,0.9486485945945946,0.2999989999999997,-0.23568700000000042,587798.0,1.0200868903302813,1.0232026368995217,1.0252870969324126,0.9698346319740025,0.9726078323308524,0.9747984757452042,0.9963124334067616,0.9957202769994906,1.0020212516158642,0.025714285714285672,0.0,0.048333366666666676,-0.047576428571428665,-0.018298571428571466,0.005123500000000014,433455.14285714284,529254.1428571428,52354.46666666667
2008-10-27,17.549999,17.59,16.82,17.0,8.710073,6742985.0,1.0022792593891316,0.9584046130145079,0.968661023855329,-0.9500010000000003,-0.2817930000000004,-4397480.0,1.020412498814443,1.0177327921620107,1.0247876734016101,0.9672203477942569,0.9696367332604601,0.9743445005996086,0.9940269952562242,0.9908287174789528,1.0008377262122983,-0.007143000000000248,0.00357135714285712,0.025,-0.024153571428571347,-0.04208642857142867,0.0022202000000000055,-134296.42857142858,-101020.5,-232218.96666666667
2008-10-28,16.700001,16.950001,16.15,16.93,8.674208,7443737.0,1.0149700589838289,0.9670658103553406,1.0137723943848864,-0.8499979999999994,-0.03586499999999937,700752.0,1.0211023865163582,1.0179810640270297,1.0251435219847223,0.9704027875029676,0.9693368362989778,0.9742282873853753,1.0032379409329384,0.9934544960598108,1.0011741025411172,-0.1499998571428571,-0.049999928571428445,0.013333400000000021,0.005855428571428638,-0.0025617857142856693,0.00973483333333333,16754.285714285714,-153843.57142857142,-907439.4
2008-10-29,17.65,17.950001,17.0,17.24,8.833039,9624748.0,1.016997223796034,0.963172804532578,0.976770538243626,0.9499989999999983,0.15883099999999928,2181011.0,1.0189571370968993,1.0184808657267463,1.0253905455012835,0.9674700482868499,0.968471028219372,0.9743787868187815,0.9953460221488496,0.9932658370267926,1.0017778597648919,0.06714285714285698,0.046428571428571326,0.03199996666666654,-0.03586485714285713,0.02159235714285706,0.02117746666666669,415934.28571428574,144729.64285714287,-159054.46666666667
2008-10-30,17.34,17.66,17.02,17.559998999999998,8.996992,8990407.0,1.0184544405997693,0.9815455594002307,1.0126873702422143,-0.3099999999999987,0.16395300000000113,-634341.0,1.0164914530673077,1.0190415318590849,1.0251071618535135,0.9685228752512139,0.9704056876599123,0.9740704544902203,0.9920564709253217,0.9974249115274745,1.00167480234956,-0.12285728571428578,0.09357135714285698,0.07099999999999997,-0.09441985714285701,0.08270907142857149,0.036035800000000034,-518706.5714285714,-239354.2857142857,-430364.0
2008-10-31,17.389999,17.540001,16.969998999999998,17.360001,8.894521000000001,10740762.0,1.0086257624281636,0.9758481872253125,0.998274985524726,0.04999899999999968,-0.10247099999999953,1750355.0,1.0108802570466957,1.0161944586126117,1.022622008368703,0.9650726162834012,0.9701091296045774,0.9734692676627663,0.9869107560049095,0.9938384970736128,0.9988446229679684,-0.14000028571428555,0.06357135714285711,0.03466663333333327,-0.12003799999999996,0.002195857142857273,-0.005977466666666645,-10634.0,-205614.2857142857,-419067.0333333333
2008-11-03,17.549999,18.5,17.549999,18.5,9.478607,8639753.0,1.0541311141955052,1.0,1.0541311141955052,0.16000000000000014,0.5840859999999992,-2101009.0,1.0164939799132047,1.018953254834781,1.0233831087888678,0.9673489191410614,0.9724773533129231,0.975316368740242,0.996135145862983,0.9994238783241542,1.0012304882248015,-0.09285742857142866,-0.08214300000000005,-0.06466669999999995,0.03586485714285713,0.009149285714285733,-0.011101033333333336,-273273.4285714286,-627535.0,-347569.26666666666
2008-11-04,18.4,18.969999,18.200001,18.799999,9.632313,8262059.0,1.0309782065217392,0.9891304891304349,1.0217390760869567,0.8500009999999989,0.15370599999999968,-377694.0,1.0209194379877389,1.02050316415901,1.0235437810680212,0.9764524948083435,0.973143563391173,0.9757714904033546,1.0065766432190348,1.001444538312898,1.0025182467101705,-0.014285714285714488,0.005714285714285593,0.001666666666666572,0.09149242857142857,0.021957999999999953,0.012979633333333318,-411200.85714285716,11127.142857142857,21757.466666666667
2008-11-05,19.209999,19.35,18.969999,19.0,9.734787,14370328.0,1.0072879233361751,0.9875065063772258,0.989068245136296,0.8099990000000012,0.10247400000000084,6108269.0,1.021634961408745,1.021023730111594,1.022984818323125,0.9806099081458746,0.9739151279700657,0.9758835643705202,1.0094919605448873,1.0017594779005556,1.001515987228995,0.23714285714285716,0.11499992857142846,0.03066659999999999,0.14638771428571445,0.061117071428571555,0.006148300000000025,1089620.4285714286,477662.0,82286.73333333334
2008-11-06,17.5,17.700001,16.950001,16.950001,9.036398,15845899.0,1.0114286285714287,0.9685714857142858,0.9685714857142858,-1.7099989999999998,-0.6983890000000006,1475571.0,1.021129042778402,1.0211157146473802,1.0221888778052906,0.980825004625724,0.9756138960643457,0.974962689939957,1.0030346878776586,1.0031363144052985,1.0002692029668185,0.11428557142857139,-0.017857142857142856,-0.030333333333333337,0.05174142857142857,0.028798428571428607,-0.01508183333333335,1200308.857142857,608531.5714285715,194405.7
2008-11-07,16.42,16.57,15.98,16.290001,8.684536999999999,15909514.0,1.0091352009744214,0.9732034104750303,0.9920828867235079,-1.0799999999999983,-0.3518610000000013,63615.0,1.0200058966610288,1.0194815168789642,1.0220336126211487,0.9822579483317886,0.9748639983093191,0.9751304782466844,1.0052221662319274,1.0002840941903886,0.9997400472015455,-0.17571428571428527,-0.054285714285714146,-0.08099999999999999,-0.02121457142857151,-0.028539714285714318,-0.0350083333333334,897823.7142857143,656879.0,149659.5
2008-11-10,16.299999,16.389999,15.7,15.9,8.476619,15802833.0,1.0055214727313786,0.9631902431405057,0.9754601825435695,-0.12000100000000202,-0.20791799999999938,-106681.0,1.0181583298226875,1.0173248914449975,1.0213755564490368,0.9796357602946849,0.9740793177729493,0.9745526109127715,0.9999039965606924,0.9959802337430071,0.9992904725845768,-0.14857157142857144,-0.13571442857142862,-0.09000003333333334,-0.07433900000000015,-0.08437942857142858,-0.03835246666666669,973203.7142857143,227248.57142857142,294960.6
2008-11-11,15.62,15.88,15.5,15.68,8.359336,8352164.0,1.0166453265044815,0.9923175416133163,1.0038412291933418,-0.6799990000000005,-0.1172829999999987,-7450669.0,1.0193039818335898,1.0150921194401428,1.019098028633153,0.981988525207257,0.9735305707453291,0.9742965289665487,1.0006991742276374,0.9938049651162736,0.9966246771726881,-0.25285700000000005,-0.19642864285714282,-0.055999966666666685,-0.07645500000000004,-0.0982465,-0.04157869999999999,-341228.28571428574,-175931.14285714287,-197151.56666666668
2008-11-12,15.56,15.83,15.4,15.4,8.210061,8171216.0,1.0173521850899743,0.9897172236503856,0.9897172236503856,-0.05999999999999872,-0.14927500000000116,-180948.0,1.0140498491042285,1.0152719145087166,1.0191501207677311,0.9805195571573121,0.9739342381491867,0.9744800837899825,0.991497189864049,0.9938161678635161,0.9957556039259466,-0.2842855714285713,-0.18857149999999998,-0.11466666666666665,-0.18122085714285724,-0.07267800000000005,-0.05594776666666667,-66933.85714285714,-170103.64285714287,-96539.66666666667
2008-11-13,15.25,15.25,14.05,14.05,7.490348,15626221.0,1.0,0.9213114754098362,0.9213114754098362,-0.3100000000000005,-0.7197129999999996,7455005.0,1.0096243910296943,1.0152719145087166,1.018841640920695,0.9708311266257981,0.9736418107170708,0.9733652751378439,0.9771503897673176,0.9918635164931761,0.9939381389260438,-0.4499999999999998,-0.23214285714285715,-0.14000003333333336,-0.30599499999999996,-0.1072512857142857,-0.07447300000000003,1052023.142857143,320411.14285714284,200966.16666666666
2008-11-14,14.67,14.89,13.78,13.78,7.346405,13313727.0,1.0149965916837083,0.9393319700068166,0.9393319700068166,-0.5800000000000001,-0.14394300000000015,-2312494.0,1.0107256293650562,1.0161802953869006,1.0185267509205087,0.9639490500014538,0.9722794790736641,0.9716870252153841,0.9700452076059634,0.9897685840754253,0.9913726900175258,-0.6485712857142857,-0.20571421428571426,-0.12466666666666668,-0.3411974285714287,-0.09740485714285711,-0.07465990000000002,-150943.0,469338.71428571426,260991.6
2008-11-17,13.88,13.88,13.04,13.24,7.058517999999999,11422035.0,1.0,0.9394812680115273,0.9538904899135446,-0.7899999999999991,-0.28788700000000045,-1891692.0,1.0090929681405663,1.0151110054594843,1.018454677046635,0.9597933046153455,0.9703091546205347,0.970876941356309,0.9679479224915718,0.9854913051846151,0.9906465189605899,-0.517142857142857,-0.20142864285714282,-0.15399999999999997,-0.2825542857142858,-0.11540642857142862,-0.0729842666666667,-631980.5714285715,284164.14285714284,256370.93333333332
2008-11-18,13.0,13.75,12.65,13.04,6.951895,17289861.0,1.0576923076923077,0.9730769230769231,1.003076923076923,-0.8800000000000008,-0.10662299999999902,5867826.0,1.016029697671693,1.0180177971663609,1.0177491844459021,0.9597752349870444,0.9710165916594165,0.969979505458873,0.9695184991134882,0.9873703326727078,0.9895109878250586,-0.4885714285714288,-0.332142857142857,-0.15,-0.2475202857142855,-0.1343674285714285,-0.07824626666666669,197192.42857142858,547508.0714285715,304419.63333333336
2008-11-19,13.35,14.02,12.86,13.82,7.36773,17000827.0,1.050187265917603,0.9632958801498127,1.0352059925093633,0.34999999999999964,0.4158349999999995,-289034.0,1.0224105252697249,1.0202844275462062,1.0190389515473701,0.9597903259883739,0.9697130431415294,0.9697138892033303,0.9780536148228874,0.9889788056917899,0.9914508044336084,-0.4214284285714286,-0.28500000000000003,-0.13499999999999995,-0.1584127142857142,-0.11637585714285718,-0.04474476666666665,171142.0,572172.8571428572,246776.0
2008-11-20,13.2,13.37,13.0,13.0,6.93057,17121179.0,1.012878787878788,0.9848484848484849,0.9848484848484849,-0.15000000000000036,-0.43715999999999955,120352.0,1.0218724483231973,1.0205882150783938,1.0191349111433299,0.9587233178791124,0.9703559215431846,0.9700323681100447,0.9753403656307649,0.9880197699292014,0.9916320284383618,-0.3457142857142857,-0.2992856428571429,-0.12666666666666668,-0.20410942857142864,-0.14028221428571433,-0.05333920000000001,1252716.4285714286,455744.0714285714,317421.5333333333
2008-11-21,12.5,13.59,12.3,13.36,7.122492,16255803.0,1.0872,0.9840000000000001,1.0688,-0.6999999999999993,0.19192199999999993,-865376.0,1.0318507075960581,1.0229502783501432,1.0216880739850955,0.9579065716433429,0.9692130644003275,0.9710170238689556,0.9866379051092812,0.9890675474866651,0.9954433508639394,-0.4371428571428572,-0.36071421428571426,-0.11766670000000007,-0.1553669999999999,-0.16829392857142858,-0.023885766666666648,1154941.0,544003.5714285715,130481.2
2008-11-24,13.32,13.54,12.73,12.9,6.877259,13021611.0,1.0165165165165164,0.9557057057057057,0.9684684684684685,0.8200000000000003,-0.2452330000000007,-3234192.0,1.0342102099555606,1.0219173004926272,1.0206224649396864,0.9628200331141814,0.9668255798699897,0.9702072140591458,0.9933746184033715,0.9852625040853445,0.992776140216929,-0.2757142857142857,-0.3628571428571427,-0.106,-0.08758414285714292,-0.19678957142857145,-0.06621733333333332,-372087.14285714284,339968.0,-19925.033333333333
2008-11-25,13.66,14.55,13.51,14.55,7.756907000000001,20900492.0,1.0651537335285506,0.9890190336749634,1.0651537335285506,0.33999999999999986,0.8796480000000013,7878881.0,1.0413755159333953,1.0260505726492255,1.0222773238211336,0.9699181850667739,0.9669336175341138,0.9709463529122059,1.0113491560493335,0.9906971818276483,0.9957500721116163,-0.14428571428571427,-0.39642849999999996,-0.16800003333333333,0.058643142857143005,-0.14127714285714285,-0.053120333333333304,1083823.5714285714,466440.28571428574,115841.63333333333
2008-11-26,14.3,14.37,13.96,14.05,7.490348,11802673.0,1.0048951048951047,0.9762237762237762,0.9825174825174825,0.6400000000000006,-0.2665590000000009,-9097819.0,1.0420748166326959,1.025583892386631,1.0221311781182194,0.9751671148113809,0.9674802097133631,0.9708270271851673,1.0154387264213247,0.9916933244564482,0.9953856603207144,0.05999999999999999,-0.2285714285714285,-0.13399999999999998,0.061690000000000085,-0.11043214285714287,-0.06115176666666668,54376.857142857145,-288801.85714285716,123213.13333333333
2008-11-27,14.5,14.58,13.81,14.0,7.463691000000001,11452873.0,1.0055172413793103,0.9524137931034483,0.9655172413793104,0.1999999999999993,-0.026656999999999265,-349800.0,1.034621235730839,1.025325466701266,1.0223150861641963,0.9722152391008844,0.9659952370439645,0.9700173335461914,1.01007305760738,0.989795778360434,0.9947475986697217,0.21428571428571427,-0.13714285714285726,-0.10333333333333337,0.07311371428571434,-0.08720328571428558,-0.047181899999999936,-833855.4285714285,-318331.5,125660.43333333333
2008-11-28,13.87,14.8,13.63,14.8,7.890186999999999,16656816.0,1.0670511896178805,0.9826964671953858,1.0670511896178805,-0.6300000000000008,0.42649599999999843,5203943.0,1.0370303676880215,1.0297204464788732,1.0242120976491116,0.9749867515359664,0.9673885387621702,0.9712809247062253,1.014622371480025,0.9963379931514563,0.9986727791687215,0.07428571428571422,-0.17357135714285718,-0.12933333333333336,0.07463671428571418,-0.04188800000000002,-0.024767766666666684,-49144.42857142857,60998.78571428572,311011.9666666667
2008-12-01,14.8,14.8,14.25,14.38,7.666278,9504738.0,1.0,0.9628378378378378,0.9716216216216216,0.9300000000000015,-0.22390899999999903,-7152078.0,1.0351905408481945,1.0285314945856958,1.0231449653247033,0.9718423733915882,0.9652828456353504,0.9705854533326398,1.0127328195904735,0.994036592610619,0.9966597008983673,0.2285714285714288,-0.05857142857142846,-0.0793333333333333,0.10510114285714282,-0.0495041428571429,-0.04726049999999997,-1088063.0,82326.71428571429,93051.0
2008-12-02,13.86,14.3,13.76,13.95,7.437036,10122444.0,1.0317460317460319,0.9927849927849928,1.0064935064935066,-0.9400000000000013,-0.22924200000000017,617706.0,1.027268545383342,1.0295596264897,1.0230126920893408,0.9730973723608728,0.965501972002108,0.9712057607371501,1.0038318919466886,0.995234898527985,0.9956856768212539,0.1942857142857142,-0.12142857142857151,-0.14466670000000004,0.0449348571428571,-0.0552160714285714,-0.07402983333333332,-876194.1428571428,139373.42857142858,-83296.96666666666
2008-12-03,14.25,14.39,13.85,14.16,7.548989999999999,11187902.0,1.0098245614035088,0.9719298245614035,0.9936842105263158,0.39000000000000057,0.111953999999999,1065458.0,1.0263125517957696,1.0302613808756649,1.0217433729837095,0.9754151036259726,0.969117568370077,0.9702700882225302,1.0074341408120955,1.0004043796077335,0.9943319841732107,0.1328571428571428,-0.07142857142857142,-0.13733336666666662,0.09596157142857134,0.004188714285714212,-0.07285990000000006,-261958.42857142858,-317022.78571428574,12423.4
2008-12-04,14.5,14.66,14.21,14.42,7.687603999999999,10135439.0,1.0110344827586206,0.9800000000000001,0.9944827586206897,0.25,0.13861400000000046,-1052463.0,1.018581230257208,1.0299783730953016,1.0216166872713321,0.9741266702438349,0.9720224276553046,0.9701345588893175,0.9973382872538296,1.0043437216515816,0.9944960632876007,0.11999999999999998,-0.012142857142857138,-0.12333336666666668,-0.009900428571428779,0.024371357142857115,-0.05133163333333336,-1537864.7142857143,-227020.57142857142,-13907.6
2008-12-05,13.91,14.84,13.91,14.6,7.783563000000001,10915245.0,1.0668583752695902,1.0,1.0496046010064701,-0.5899999999999999,0.09595900000000146,779806.0,1.0274331260249918,1.0347539713288436,1.0238452997803185,0.9775232736404382,0.9763451942259096,0.9726210435740023,1.006922161323685,1.011180443872505,0.9978612635013299,-0.05571428571428579,0.002142857142857097,-0.153,0.04188785714285727,0.05178892857142868,-0.04027676666666664,-126775.42857142857,-36199.28571428572,-7507.333333333333
2008-12-08,14.75,15.1,14.68,14.93,7.959496000000001,10054331.0,1.023728813559322,0.9952542372881356,1.0122033898305085,0.8399999999999999,0.17593299999999967,-860914.0,1.030034779193565,1.0323280074622019,1.0245602849193247,0.9836433370953938,0.9779292880981391,0.9738493643831233,1.0135916111024275,1.0118323343549038,0.9993126757005025,0.03571428571428571,0.125,-0.0933333,0.07082928571428569,0.07197150000000001,-0.025019233333333297,-199791.7142857143,-516823.5714285714,110378.2
2008-12-09,14.7,14.75,14.05,14.1,7.517002000000001,14771814.0,1.0034013605442178,0.9557823129251701,0.9591836734693878,-0.05000000000000071,-0.44249399999999994,4717483.0,1.020941946468756,1.0289861570783887,1.0241746616380043,0.9797984579139343,0.9773926047249503,0.9734732478021175,0.9981819659383573,1.0064021687091913,0.9974930516699859,0.11857142857142858,0.0964285714285714,-0.06666670000000004,-0.05331214285714265,0.010662285714285766,-0.03857353333333332,-269286.0,-159215.2142857143,244269.23333333334
2008-12-10,14.13,14.39,13.9,14.15,7.543658,12478967.0,1.0184005661712667,0.9837225760792639,1.0014154281670204,-0.5699999999999985,0.026655999999999125,-2292847.0,1.023570598778937,1.0293805698135658,1.0242214397171787,0.9827819919484237,0.977312182670006,0.974158240187007,1.0024382240162713,1.0075855218033725,0.9983145480007657,-0.09571428571428571,0.06642857142857153,-0.11733333333333326,-0.017517142857142915,0.043791999999999956,-0.04297936666666666,424889.85714285716,-331586.5714285714,95140.63333333333
2008-12-11,14.25,14.54,14.04,14.42,7.687603999999999,11066752.0,1.0203508771929823,0.9852631578947367,1.0119298245614035,0.11999999999999922,0.14394599999999969,-1412215.0,1.0219427195570727,1.0246056324702073,1.024284654270286,0.9817074441069585,0.9774024082339158,0.9742821601368239,1.0032148408831139,1.003523366414901,0.998289296478072,0.05571428571428579,0.125,-0.103,0.03579542857142849,0.0403651428571428,-0.043646266666666704,134901.14285714287,-370646.5,69211.5
2008-12-12,14.15,14.58,14.15,14.56,7.762238000000001,6228748.0,1.0303886925795054,1.0,1.0289752650176678,-0.09999999999999964,0.07463400000000142,-4838004.0,1.024880452582215,1.0255965021889923,1.0250100852753306,0.9857174691696152,0.9805662863977939,0.975087220562647,1.008256420096164,1.0078452804541296,0.9993126391278367,-0.014285714285714235,0.05928571428571429,-0.10799996666666664,0.03046400000000027,0.0632127857142858,-0.03774276666666667,-708450.5714285715,-485204.5,-150400.46666666667
2008-12-15,14.83,15.1,14.7,15.0,7.996811,6645959.0,1.0182063385030344,0.9912339851652057,1.0114632501685772,0.6799999999999997,0.23457299999999925,417211.0,1.0259050034028456,1.0222431168300268,1.0238125927522483,0.9873223241932161,0.9807244972185255,0.9747950200681538,1.010682204603005,1.0040102459284175,0.9978903769936058,0.04714285714285715,0.08357142857142856,-0.09066663333333332,0.04417242857142867,0.017135999999999946,-0.049393200000000005,-498497.14285714284,-1018180.9285714285,-66459.8
2008-12-16,14.85,14.97,14.31,14.36,7.655614999999999,9997320.0,1.0080808080808081,0.9636363636363637,0.967003367003367,0.019999999999999574,-0.34119600000000094,3351361.0,1.0175082080901625,1.0224706670575772,1.0230493461375505,0.9821275189984109,0.9798253963194246,0.973945215885018,0.9988820283168474,1.0029020948202663,0.9960658533574861,0.1342857142857142,0.03928571428571421,-0.1183333333333333,-0.018278285714285962,0.011804785714285655,-0.06588993333333336,-131132.14285714287,-128953.78571428571,57842.03333333333
2008-12-17,14.1,14.5,13.48,13.7,7.303756,18688644.0,1.0283687943262412,0.9560283687943263,0.9716312056737588,-0.75,-0.35185899999999926,8691324.0,1.0181710624854365,1.0241029208395007,1.0237520418372195,0.9765238234992951,0.9800835802973443,0.9728959446322547,0.9930860020087404,1.003338806555584,0.9954846187087348,-0.0928571428571429,-0.0285714285714286,-0.1703333,-0.09367714285714294,-0.01142392857142863,-0.08103436666666669,1233473.2857142857,516840.78571428574,143943.86666666667
2008-12-18,14.0,14.27,13.81,14.27,7.607634,24943175.0,1.0192857142857144,0.9864285714285714,1.0192857142857144,-0.09999999999999964,0.3038780000000001,6254531.0,1.0204402558770789,1.0206911011729174,1.0240139446943624,0.9809018604283525,0.9803501591711434,0.9734911808227309,1.0016720078396442,0.9999269868890005,0.9971750929944492,-0.0999999999999999,0.009285714285714342,-0.11666666666666667,0.012947428571428483,-0.020182357142857082,-0.04762546666666667,1453051.5714285714,591882.7857142857,303242.5333333333
2008-12-19,14.15,14.64,14.02,14.64,7.804888,19908777.0,1.0346289752650177,0.9908127208480565,1.0346289752650177,0.15000000000000036,0.19725400000000004,-5034398.0,1.022758600033329,1.023164599406133,1.0248637371707154,0.9819147382524658,0.9823483651004448,0.9740781578351652,1.0064168002822151,1.0044275121492432,0.9985932959458329,0.0028571428571427964,-0.04642857142857145,-0.07566666666666672,0.03731857142857147,0.009900714285714278,-0.029321633333333295,1061401.4285714286,743145.6428571428,133308.76666666666
2008-12-22,14.6,14.98,14.6,14.86,7.922175999999999,4408811.0,1.026027397260274,1.0,1.0178082191780822,0.4499999999999993,0.11728799999999939,-15499966.0,1.0235695314715136,1.0227561255142932,1.0255472679883453,0.9840200014103605,0.9828637227586595,0.9753051497304815,1.0072565709417407,1.0052357059124273,1.0000048971669833,0.04999999999999995,0.05285714285714287,-0.056666633333333334,0.033510285714285715,0.0346528571428571,-0.018481433333333335,-951134.4285714285,-408116.64285714284,-379800.73333333334
2008-12-23,14.81,14.87,14.5,14.87,7.927505,4147699.0,1.0040513166779201,0.9790681971640783,1.0040513166779201,0.21000000000000085,0.005329000000000583,-261112.0,1.0198070491998585,1.022343750891037,1.0251274676607933,0.9810297438623717,0.9833736065159934,0.974863504915507,1.0036960068932053,1.0059762134946848,1.000011900083136,0.0942857142857143,0.040000000000000036,-0.026999999999999958,0.02360957142857131,0.027036785714285787,-0.014394366666666691,-297292.71428571426,-502871.64285714284,-140148.83333333334
2008-12-24,14.84,15.0,14.55,14.87,7.927505,2704435.0,1.0107816711590296,0.9804582210242588,1.002021563342318,0.02999999999999936,0.0,-1443264.0,1.0187463824364293,1.0223256929196374,1.0249084505297619,0.9794903489850935,0.9834063365891547,0.974554871494636,1.002347194489454,1.0065146995462295,1.0004220447395336,0.0014285714285713982,0.024285714285714275,-0.02400000000000002,-0.009900857142857156,0.017135785714285756,-0.009418533333333319,-563074.8571428572,-530786.0,-182226.03333333333
2008-12-29,14.98,15.3,14.72,15.3,8.156748,4119483.0,1.0213618157543392,0.9826435246995995,1.0213618157543392,0.14000000000000057,0.2292430000000003,1415048.0,1.0206436692469336,1.0190759386685482,1.0256205110549064,0.982205657708413,0.9821665883534119,0.9765992731376282,1.0101126871681643,1.0044973577425058,1.0037570560843505,0.018571428571428683,0.07642857142857144,-0.008999999999999985,0.07159042857142874,0.026656071428571387,0.022213333333333345,-839691.0,-485411.5714285714,-383557.93333333335
2008-12-30,15.29,15.3,15.13,15.25,8.130092,2750793.0,1.0006540222367561,0.9895356442119033,0.9973839110529759,0.3099999999999987,-0.0266560000000009,-1368690.0,1.0166844160912931,1.0174277392883648,1.0251424254066748,0.9869924113394954,0.9817581174193953,0.9782727289444645,1.013791645079481,1.0034388235441107,1.0056921207858889,0.16999999999999993,0.038571428571428513,0.020666666666666642,0.11804799999999993,0.01218542857142849,0.026122899999999987,-2276835.8571428573,-521681.28571428574,-352097.8
2008-12-31,15.3,15.4,15.2,15.29,8.151417,2950865.0,1.0065359477124183,0.9934640522875816,0.9993464052287581,0.010000000000001563,0.021325000000000927,200072.0,1.0148630208665363,1.0176516383718077,1.025360290330422,0.9879974800336397,0.9844496702309963,0.9800721550869994,1.0109431723570588,1.0063075900983516,1.0072073179630627,0.1857142857142858,0.04285714285714296,0.04733333333333333,0.07768328571428576,0.04531535714285712,0.036429966666666695,-3141758.5714285714,-844353.5,-282372.3333333333
2009-01-02,15.29,15.48,15.0,15.18,8.092774,2413777.0,1.012426422498365,0.9810333551340746,0.9928057553956835,-0.010000000000001563,-0.058643,-537088.0,1.0116912276141574,1.0172249138237432,1.0238514274906239,0.9866004277887852,0.9842575830206254,0.9803373694889046,1.0049684266614396,1.0056926134718274,1.0068649457070216,0.16285714285714267,0.08285714285714274,0.07633333333333331,0.04112657142857147,0.039222571428571475,0.0380293,-2499285.714285714,-718942.1428571428,-495869.4666666667
2009-01-05,15.4,15.41,14.88,15.07,8.034130000000001,2853413.0,1.0006493506493506,0.9662337662337662,0.9785714285714285,0.11000000000000121,-0.05864399999999925,439636.0,1.0080657923840255,1.0158176619277695,1.0222001636483489,0.9817766801078947,0.9828983407591275,0.9804352990250363,0.999363170860489,1.003309870901115,1.0049771269090904,0.1142857142857144,0.08214285714285717,0.06833333333333336,0.015993428571428808,0.024751857142857263,0.022213333333333373,-222199.7142857143,-586667.0714285715,-471580.4666666667
2009-01-06,15.3,15.41,15.1,15.4,8.210061,3128244.0,1.00718954248366,0.9869281045751633,1.0065359477124183,-0.09999999999999964,0.1759309999999985,274831.0,1.008514110356274,1.0141605797780664,1.022010522135178,0.9828995240237638,0.9819646339430678,0.9805046196825924,0.9997181181511315,1.0017070625221685,1.0057000423378881,0.07000000000000003,0.08214285714285717,0.07000000000000005,0.0403651428571428,0.031987357142857054,0.04264969999999998,-145636.42857142858,-221464.57142857142,-466431.1666666667
2009-01-07,15.45,15.71,15.26,15.35,8.183404,4198861.0,1.0168284789644013,0.9877022653721683,0.993527508090615,0.14999999999999858,-0.026657000000000153,1070617.0,1.0093779400427558,1.0140621612395926,1.0196648047673247,0.9839343875020367,0.9817123682435651,0.9806280285283313,0.9985046816866027,1.0004259380880283,1.0031909592742418,0.08714285714285706,0.04428571428571423,0.09833333333333331,0.036556999999999916,0.013328071428571382,0.03536373333333331,213489.42857142858,-174792.7142857143,-401898.06666666665
2009-01-08,15.25,15.3,15.0,15.22,8.1141,3169821.0,1.0032786885245901,0.9836065573770492,0.998032786885246,-0.1999999999999993,-0.06930399999999892,-1029040.0,1.0067946361527917,1.0137191526998628,1.0192235438342605,0.9840719635988152,0.9831388106536141,0.981558056917376,0.9951719632767322,1.0026423252224483,1.0041764365548012,0.038571428571428513,0.0285714285714286,0.06433333333333333,-0.0060925714285713995,0.03274892857142867,0.041228033333333365,-135666.0,-487678.5,-328393.0
2009-01-09,15.25,15.4,15.0,15.2,8.103436,2863737.0,1.0098360655737706,0.9836065573770492,0.9967213114754098,0.0,-0.010664000000000229,-306084.0,1.008106356629508,1.0123953863604005,1.0173796215691011,0.9832249511938361,0.9851086812666657,0.981377641040779,0.9950773061942227,1.004434475636852,1.0018953558196964,-0.005714285714285593,0.08214285714285717,0.053,-0.003807999999999875,0.057120000000000025,0.011550966666666647,16134.857142857143,-1130350.5,-601225.1666666666
2009-01-12,15.13,15.16,14.98,15.08,8.03946,2639772.0,1.0019828155981494,0.9900859220092532,0.9966953073364176,-0.11999999999999922,-0.06397600000000025,-223965.0,1.0074559091846125,1.0111594650255744,1.0172825452592025,0.9827423611540749,0.9853699205938573,0.9818397125669615,0.9946985779238885,1.0028208751404735,1.0023679499803275,-0.024285714285714275,0.08071428571428577,0.02766666666666667,-0.015993857142857188,0.030844714285714288,0.018303733333333336,-44441.857142857145,-1593100.2142857143,-305430.0333333333
2009-01-13,14.97,15.03,14.66,14.85,7.916844,4614420.0,1.0040080160320641,0.9792919171676686,0.9919839679358716,-0.16000000000000014,-0.12261599999999984,1974648.0,1.0062532796894266,1.008972253651792,1.0172322377476277,0.9824935843017312,0.984547006045258,0.9827356500357688,0.9945811797153439,0.9997748031883917,1.0032501741988797,-0.0457142857142855,0.058571428571428594,0.015666666666666686,-0.02513285714285716,0.007996857142857155,0.015105099999999982,314377.5714285714,-1092454.0714285714,-227948.43333333332
2009-01-14,15.01,15.41,14.92,15.33,8.172744,6863804.0,1.0266489007328448,0.9940039973351099,1.021319120586276,0.03999999999999915,0.2558999999999996,2249384.0,1.0099675011299258,1.0090166467569757,1.015885494784793,0.9864607601733516,0.9841187201406231,0.9831125677070929,1.000687992860322,1.0000255818604056,1.0017257718978263,-0.05571428571428579,0.029285714285714297,0.03800000000000002,0.019801999999999813,0.017897714285714312,0.009418566666666687,572913.0,175356.64285714287,-326433.73333333334
2009-01-15,15.0,15.15,14.43,14.57,7.767569,7440577.0,1.01,0.962,0.9713333333333334,-0.009999999999999787,-0.40517499999999984,576773.0,1.0103689950608314,1.009441552708553,1.0162188281181266,0.9828996023768998,0.9828995632003318,0.9830846397791649,0.9956590479490242,0.9976885830500779,1.0017161622882165,-0.04285714285714296,0.013571428571428536,0.006666666666666643,-0.06321314285714282,-0.011424000000000005,0.00337636666666666,616047.5714285715,235205.57142857142,-68805.36666666667
2009-01-16,14.86,14.9,14.15,14.3,7.623626,5673820.0,1.002691790040377,0.9522207267833109,0.9623149394347241,-0.14000000000000057,-0.14394300000000015,-1766757.0,1.0083494680716851,1.0088637040572206,1.0152503533946047,0.97783081114992,0.9808825993259784,0.981732497579109,0.9912001095696112,0.9948523956281069,1.0002435433862573,-0.08428571428571427,0.0014285714285713982,0.03333333333333333,-0.07996828571428567,-0.021705642857142875,0.006219666666666661,210708.42857142858,212098.92857142858,-148287.46666666667
2009-01-19,14.3,14.58,14.3,14.43,7.692933,4964259.0,1.0195804195804195,1.0,1.009090909090909,-0.5599999999999987,0.06930700000000023,-709561.0,1.0106782867939466,1.008736461473369,1.0155755486671683,0.9801727315246274,0.9821223475617212,0.9826681700937289,0.9927798413132773,0.9939759022950048,1.000757100005077,-0.13571428571428562,-0.04857142857142855,0.0016666666666666904,-0.06016671428571436,-0.03312964285714288,0.004798100000000035,256348.2857142857,60341.142857142855,-207454.76666666666
2009-01-20,14.1,14.17,13.64,13.7,7.303756,9494339.0,1.0049645390070923,0.9673758865248228,0.9716312056737588,-0.20000000000000107,-0.3891770000000001,4530080.0,1.0099823544272781,1.009044355528393,1.0153732172087842,0.9778540642600236,0.9805395077269299,0.9822473663112229,0.9891955404844701,0.9921364233393464,0.9999953815735126,-0.16428571428571434,-0.08499999999999996,-0.013333333333333345,-0.11424000000000005,-0.059023999999999965,-0.012794933333333317,947228.8571428572,481681.85714285716,-21370.0
2009-01-21,13.5,13.6,13.06,13.17,7.0212,10437712.0,1.0074074074074073,0.9674074074074075,0.9755555555555555,-0.5999999999999996,-0.2825559999999996,943373.0,1.010757296114315,1.0091066026494637,1.0133915182800446,0.97461427645976,0.9786783188069174,0.9811609465581365,0.9861755759443469,0.9904370769341176,0.9975270800584821,-0.23285714285714296,-0.12857142857142861,-0.01366666666666667,-0.14546571428571425,-0.08072978571428571,-0.025412100000000017,1113991.4285714286,534774.7857142857,-15917.766666666666
2009-01-22,13.69,13.7,13.0,13.0,6.93057,10041504.0,1.0007304601899196,0.9495982468955442,0.9495982468955442,0.1899999999999995,-0.09062999999999999,-396208.0,1.0102890738511516,1.008271176770289,1.0126249065010646,0.9703723235637423,0.9764329539327367,0.9796390802117168,0.9801204729385858,0.9873508263269649,0.99544024196065,-0.18285714285714302,-0.11428571428571425,-0.03533333333333335,-0.1408962857142857,-0.08301457142857142,-0.03429753333333334,775297.7142857143,544837.6428571428,-427.56666666666666
2009-01-23,12.95,12.95,11.97,12.06,6.429436,15281493.0,1.0,0.9243243243243244,0.9312741312741314,-0.7400000000000002,-0.5011340000000004,5239989.0,1.0064820880321736,1.0082247945810496,1.0125115278162573,0.9604180845622015,0.9734394223677765,0.9785904805916885,0.9672569030368509,0.9839724479485864,0.9945099238874747,-0.2942857142857144,-0.17500000000000007,-0.058333333333333334,-0.249044,-0.11462100000000008,-0.036252200000000026,1202527.0,887720.0,16989.3
2009-01-27,12.47,12.53,12.21,12.4,6.610697999999999,9663323.0,1.0048115477145148,0.9791499599037691,0.9943865276663993,-0.47999999999999865,0.18126199999999937,-5618170.0,1.0057408805628187,1.008054937811825,1.0120585605343657,0.9628680788341685,0.972883840605534,0.9784380600525054,0.9705502165130032,0.9831046322310136,0.9942756272041209,-0.3614285714285713,-0.20214285714285715,-0.05533333333333334,-0.1652672857142858,-0.1142402142857143,-0.03109866666666668,317535.14285714284,466791.35714285716,-93854.8
2009-01-28,12.5,13.26,12.27,13.21,7.042525,9481572.0,1.0608,0.9815999999999999,1.0568,0.02999999999999936,0.43182700000000107,-181751.0,1.0140420534141934,1.0111957607429394,1.0134068646279328,0.967065117865124,0.972447964507522,0.9783159547893475,0.9840480823080426,0.9876240959388269,0.9957712997187406,-0.3371428571428571,-0.21071428571428566,-0.058333333333333334,-0.08301442857142849,-0.08149135714285707,-0.021502633333333302,543964.5714285715,377336.5,-52839.333333333336
2009-01-29,13.55,13.64,13.1,13.27,7.074514999999999,5405846.0,1.0066420664206641,0.9667896678966789,0.9793357933579335,1.0500000000000007,0.03198999999999863,-4075726.0,1.012193717248514,1.0114360020212303,1.012615310422638,0.9623207847075067,0.971246758116067,0.9772089437192368,0.9797973514890461,0.9862885964011617,0.9941166506634161,-0.10714285714285714,-0.12142857142857137,-0.019999999999999987,-0.08834542857142871,-0.07425607142857153,-0.022924100000000062,63083.857142857145,159716.07142857142,-27430.066666666666
2009-01-30,13.05,13.29,12.84,13.27,7.074514999999999,9668345.0,1.018390804597701,0.9839080459770114,1.0168582375478927,-0.5,0.0,4262499.0,1.0141117551900296,1.0120470548086538,1.0126214592924603,0.9646825217721051,0.9712682930160643,0.976964745746297,0.9862583560424939,0.987726948263482,0.9942964835760599,-0.14999999999999986,-0.15714285714285708,-0.059333333333333314,-0.032748714285714416,-0.07349435714285724,-0.030743200000000036,24858.0,486043.4285714286,100746.2
2009-02-02,13.12,13.37,13.01,13.26,7.069181,4152438.0,1.0190548780487805,0.9916158536585367,1.0106707317073171,0.06999999999999851,-0.005333999999998618,-5515907.0,1.0157756795673687,1.0132664878408417,1.012987261624726,0.968140871236552,0.971377573848156,0.9778973954137028,0.9912748097784598,0.9887251928614035,0.9957520623995251,-0.054285714285714395,-0.14357142857142868,-0.05766666666666668,0.006854428571428579,-0.06930564285714283,-0.01954779999999996,-897896.2857142857,108047.57142857143,-194829.4
2009-02-03,13.7,14.1,13.6,13.7,7.303756,12717014.0,1.0291970802919708,0.9927007299270073,1.0,0.5800000000000001,0.23457499999999953,8564576.0,1.0198423395819474,1.0150657067165494,1.013014871156917,0.9742983688124754,0.9723353461881088,0.9791198074514589,0.9984750602219535,0.9892977665802697,0.9966976888770664,0.0014285714285713982,-0.09071428571428582,-0.013333333333333345,0.05331228571428565,-0.04379200000000002,0.0,382215.71428571426,578756.7142857143,-199054.33333333334
2009-02-04,13.79,13.87,13.24,13.28,7.079842,5978906.0,1.0058013052936912,0.9601160261058739,0.9630166787527193,0.08999999999999986,-0.22391399999999972,-6738108.0,1.020671097481046,1.0135765927566098,1.012565390857183,0.9794114690669824,0.969914776814592,0.9782427226073689,1.0030097098617516,0.9851333064493014,0.9948220543592998,0.11999999999999998,-0.08714285714285719,-0.007000000000000029,0.09291514285714289,-0.07806442857142855,-0.01759306666666666,-1328941.0,-63207.0,-632142.3
2009-02-05,13.14,13.25,12.34,12.34,6.578711,11534778.0,1.0083713850837137,0.939117199391172,0.939117199391172,-0.6499999999999986,-0.501131,5555872.0,1.021179645676646,1.0134602631197323,1.0116901378511396,0.9736925032794685,0.9682802910568186,0.9765195385588061,0.9951140915367194,0.9828321540248612,0.9916383284968383,0.09571428571428571,-0.1328571428571428,-0.03366666666666666,-0.0045695714285713,-0.08491842857142855,-0.04087256666666666,267350.71428571426,292442.9285714286,-279133.3
2009-02-06,12.58,12.85,12.27,12.3,6.557386,8301419.0,1.021462639109698,0.9753577106518283,0.9777424483306837,-0.5600000000000005,-0.02132500000000004,-3233359.0,1.015560022692317,1.0148010380532553,1.0115379792461203,0.9728007476583012,0.9699329327617126,0.9756981289138671,0.9838201555839599,0.9839341189460012,0.990302802801925,0.011428571428571439,-0.1628571428571428,-0.06733333333333331,-0.06930557142857145,-0.07615999999999998,-0.04549299999999998,-168593.2857142857,187685.64285714287,129753.6
2009-02-09,12.61,12.68,12.44,12.46,6.642684,5839226.0,1.0055511498810468,0.9865186360031721,0.9881046788263285,0.02999999999999936,0.08529799999999987,-2462193.0,1.0154041774723717,1.0137989473604427,1.0115879736862246,0.9756191716735145,0.9689699781905106,0.9759464768751702,0.9850728535080162,0.9824351024985312,0.9897712482068719,-0.13428571428571448,-0.1207142857142858,-0.07333333333333338,-0.06169014285714271,-0.07501778571428572,-0.042827366666666665,61911.42857142857,62497.642857142855,56384.23333333333
2009-02-10,12.38,12.45,12.08,12.45,6.637353,6321656.0,1.0056542810985458,0.9757673667205169,1.0056542810985458,-0.22999999999999865,-0.005330999999999975,482430.0,1.0135846741153496,1.0138482146526895,1.0114170606842083,0.9744562174940153,0.9695693696330602,0.9757901150650454,0.9834722883009667,0.9848653221717302,0.9898923387987463,-0.09571428571428571,-0.12285714285714278,-0.08199999999999998,-0.06245171428571413,-0.047600214285714273,-0.04300506666666667,-478098.4285714286,-226620.2142857143,120574.03333333334
2009-02-11,12.09,12.28,12.02,12.02,6.408112,9137171.0,1.0157154673283706,0.9942100909842845,0.9942100909842845,-0.2900000000000009,-0.22924100000000003,2815515.0,1.0131076154410052,1.0144416475041869,1.0112288490700094,0.974826822826265,0.9714838470314086,0.976175667274535,0.9811207681976761,0.9861977889880681,0.988987281306411,-0.14714285714285705,-0.10071428571428573,-0.09633333333333335,-0.09443842857142862,-0.04379200000000002,-0.058287866666666674,712104.7142857143,-92895.78571428571,167256.26666666666
2009-02-12,12.2,12.32,11.83,11.89,6.338807,12130609.0,1.0098360655737706,0.969672131147541,0.9745901639344263,0.10999999999999943,-0.06930499999999995,2993438.0,1.0103417561955481,1.0150920478887477,1.0115349171812433,0.9715370230006269,0.9729176959065511,0.9755135501723894,0.97749079161688,0.9879829259194167,0.9882274897357928,-0.21428571428571427,-0.10642857142857144,-0.103,-0.1378498571428571,-0.04226878571428573,-0.05970949999999998,-83772.14285714286,149221.7857142857,312660.5333333333
2009-02-13,12.3,12.96,12.25,12.96,6.909244999999999,11696443.0,1.053658536585366,0.9959349593495934,1.053658536585366,0.10000000000000142,0.5704379999999993,-434166.0,1.0171785035229302,1.0189248005019882,1.0131056701436747,0.9766540134640155,0.9780327412654989,0.9755959137411233,0.9904396284501154,0.9967246691559335,0.9900378941143464,-0.21285714285714263,-0.046428571428571326,-0.1,-0.02437100000000011,0.034272071428571395,-0.04140573333333337,816791.0,-256075.0,291519.26666666666
2009-02-16,12.73,13.0,12.66,12.98,6.919909,5083922.0,1.021209740769835,0.9945011783189316,1.0196386488609583,0.4299999999999997,0.010664000000000229,-6612521.0,1.0190125543352333,1.0200961000059396,1.0133984474193904,0.9845660104536954,0.979129256866582,0.9760448411806185,1.0019426926600847,0.9985283920984019,0.9909323238965222,-0.058571428571428594,0.018571428571428555,-0.08533333333333329,0.04874257142857135,0.022086500000000026,-0.039095500000000026,-921550.8571428572,-327100.0714285714,89004.83333333333
2009-02-17,12.86,12.93,12.4,12.42,6.621362,6647457.0,1.005443234836703,0.9642301710730949,0.9657853810264386,0.129999999999999,-0.29854699999999923,1563535.0,1.0167240680105196,1.0161420453514183,1.013558243558969,0.9829763619424478,0.9778885548003745,0.9759780546752628,1.0002345401880497,0.9920273478860048,0.9905061223116892,0.03999999999999991,0.025714285714285672,-0.0846666666666667,0.009139428571428607,-0.030083071428571424,-0.04709226666666669,-236280.2857142857,-202436.7857142857,126468.13333333333
2009-02-18,12.15,12.47,12.1,12.4,6.610697999999999,5790119.0,1.0263374485596708,0.9958847736625513,1.0205761316872428,-0.7099999999999991,-0.010664000000001117,-857338.0,1.0196935392503232,1.0175488583613475,1.014196507094836,0.9843143816080734,0.9799667766407939,0.9762766103115089,1.0048733191681802,0.9949730863380982,0.9909741284441833,-0.06571428571428559,-0.10000000000000002,-0.10500000000000001,-0.0045694285714286765,-0.033129785714285695,-0.05331210000000001,-7015.285714285715,27448.071428571428,88729.16666666667
2009-02-19,12.4,12.73,12.33,12.6,6.7173240000000005,5689777.0,1.0266129032258065,0.9943548387096774,1.0161290322580645,0.25,0.10662600000000122,-100342.0,1.022687628125646,1.0181361511204978,1.0145226545702162,0.9869697347493821,0.9807129761216987,0.9764983627560927,1.0063697121909687,0.9949210002459676,0.9917275125830983,0.0028571428571427964,-0.04642857142857145,-0.10166666666666663,0.011424428571428637,-0.02551364285714275,-0.0488693333333333,-90268.42857142857,-284183.4285714286,49697.2
2009-02-20,12.45,12.59,12.29,12.45,6.637353,6169636.0,1.0112449799196788,0.98714859437751,1.0,0.049999999999998934,-0.07997100000000046,479859.0,1.0220489870672615,1.0175783012541333,1.014788197616719,0.9859609495198429,0.9803938861730538,0.976616430656108,1.0071968420503568,0.9941588051240163,0.9917930863535901,0.051428571428571344,-0.047857142857142855,-0.09333333333333335,0.03274871428571429,-0.030844857142857167,-0.049224900000000016,-423933.5714285714,144085.57142857142,99993.83333333333
2009-02-23,12.26,12.58,12.06,12.46,6.642684,6713437.0,1.0261011419249593,0.9836867862969005,1.0163132137030997,-0.1899999999999995,0.005330999999999975,543801.0,1.0243725694031456,1.0173571627993467,1.0153303668284255,0.9879630431126084,0.9797500330566178,0.9766191049534363,1.0131572777315958,0.9953240346742378,0.9924461497611798,0.008571428571428643,-0.10285714285714283,-0.09966666666666667,0.04341099999999999,-0.047219428571428565,-0.04869173333333334,-773881.7142857143,-428826.9285714286,128323.33333333333
2009-02-24,12.2,12.66,12.19,12.63,6.733316,5021598.0,1.0377049180327869,0.9991803278688525,1.0352459016393445,-0.0600000000000005,0.09063200000000027,-1691839.0,1.0220934810384914,1.0196359922807108,1.0165211035762465,0.9884266671867883,0.9825403403254018,0.976922251815423,1.0105269013107354,1.0004832648804254,0.9937311695712775,-0.014285714285714488,-0.11357142857142856,-0.09766666666666672,-0.025132714285714158,-0.024751857142857134,-0.043538133333333326,-953549.2857142857,-68379.14285714286,79394.2
2009-02-25,12.86,12.93,12.38,12.5,6.66401,6045351.0,1.005443234836703,0.9626749611197513,0.9720062208398135,0.6600000000000001,-0.06930600000000009,1023753.0,1.019841123048044,1.0194268386916385,1.0165689442030679,0.9838800647297626,0.984223037591729,0.9763683532804924,1.0037222687362863,1.0028324806981854,0.9930652446680754,0.01857142857142843,-0.02000000000000008,-0.07033333333333337,-0.036556999999999916,0.0060927857142857155,-0.04176113333333333,137347.0,-392101.9285714286,47697.7
2009-02-26,12.48,13.05,12.36,13.05,6.957226,17901925.0,1.0456730769230769,0.9903846153846153,1.0456730769230769,-0.379999999999999,0.29321600000000014,11856574.0,1.0255882433460974,1.0211561556783084,1.017203083409409,0.9876164139171227,0.9852963879297852,0.976247707215476,1.0151347967215203,1.0076846684547849,0.9938770432126354,-0.054285714285714146,-0.0071428571428571175,-0.08433333333333332,0.04798057142857142,0.028560000000000012,-0.04051726666666665,1607781.142857143,685750.4285714285,367937.36666666664
2009-02-27,13.0,13.52,12.88,13.31,7.095836,16477059.0,1.04,0.9907692307692308,1.0238461538461539,0.5199999999999996,0.1386099999999999,-1424866.0,1.0275400364090017,1.0236167878296623,1.018203083409409,0.9868856220752198,0.9856000018416466,0.9772066815744503,1.0156019427442218,1.0102376309562011,0.9956274705630628,0.12142857142857137,0.027857142857142896,-0.06666666666666667,0.06930542857142871,0.032368000000000015,-0.02239109999999999,1526705.7142857143,759845.2142857143,301216.06666666665
2009-03-02,13.11,13.15,12.82,13.1,6.983882,9441878.0,1.0030511060259344,0.9778794813119757,0.9992372234935164,0.10999999999999943,-0.11195399999999989,-7035181.0,1.0241740653804485,1.0234308467530473,1.0182150606089275,0.9845319995898337,0.9857508671696078,0.9780619733920726,1.0131888272064293,1.0097792696986991,0.9968582133650226,0.1014285714285713,0.052142857142857046,-0.058333333333333334,0.038079714285714265,0.02475207142857145,-0.02132479999999998,536014.4285714285,222873.0,125601.93333333333
2009-03-03,12.71,13.08,12.58,12.96,6.909244999999999,7012238.0,1.029110936270653,0.989771833202203,1.0196695515342251,-0.3999999999999986,-0.07463700000000095,-2429640.0,1.0267263448591593,1.0243876659632103,1.018532744498602,0.9849067479933613,0.9854338487566021,0.9777210344988128,1.0159987631398901,1.0115978025951233,0.9972108347797998,0.037142857142857366,0.04428571428571436,-0.053,0.038841714285714195,0.03579521428571424,-0.026122933333333355,120371.71428571429,-151780.92857142858,68265.96666666666
2009-03-04,12.64,12.85,12.45,12.45,6.637353,6632546.0,1.0166139240506329,0.9849683544303797,0.9849683544303797,-0.07000000000000028,-0.27189199999999936,-379692.0,1.0253710280199697,1.0248717987115576,1.0189210573333867,0.9850898291552869,0.9865264361339477,0.9783074500956646,1.01152092610093,1.0123391019162629,0.9976554064050204,0.054285714285714395,0.03142857142857152,-0.048666666666666636,-0.0007615714285714249,0.021324714285714284,-0.022213433333333327,-11555.857142857143,-392718.78571428574,-95393.1
2009-03-05,12.71,12.75,12.37,12.65,6.743979,5507276.0,1.003147128245476,0.9732494099134539,0.995279307631786,0.07000000000000028,0.10662600000000033,-1125270.0,1.0204342009074965,1.021263840972994,1.018779048027989,0.9813854123045157,0.984906039745652,0.9785021835125327,1.0058114126712787,1.0081691569910072,0.9983128648075614,0.07285714285714308,0.029285714285714297,-0.026333333333333306,0.001523285714285727,-0.011804714285714215,-0.009240699999999998,69382.57142857143,-442083.35714285716,-164347.86666666667
2009-03-06,12.33,12.57,12.31,12.36,6.589372999999999,5242354.0,1.0194647201946472,0.9983779399837794,1.0024330900243308,-0.3800000000000008,-0.15460600000000113,-264922.0,1.0224372702443458,1.021139196646195,1.0194035233614798,0.9864858378565197,0.9851829512931412,0.9801281732821406,1.010158108269067,1.0069401885026765,1.0000740262451877,-0.07571428571428562,-0.0285714285714286,-0.045333333333333316,-0.010662428571428708,-0.023609714285714314,-0.01137323333333337,-114713.85714285714,11316.57142857143,-159971.66666666666
2009-03-09,12.48,12.66,12.38,12.53,6.680005,3935227.0,1.0144230769230769,0.9919871794871795,1.0040064102564101,0.15000000000000036,0.09063200000000116,-1307127.0,1.01797298453006,1.0217806139380787,1.019884292592249,0.9867147755854575,0.9871655947512901,0.9823836017875691,1.004205727316686,1.0096702620191031,1.002498435544597,0.0,-0.027142857142857073,-0.015666666666666627,-0.03960299999999999,0.004188785714285714,0.008352300000000016,-1995242.5714285714,-193730.7142857143,-378208.86666666664
2009-03-10,12.5,12.78,12.43,12.74,6.79196,4850298.0,1.0224,0.9944,1.0192,0.019999999999999574,0.11195500000000003,915071.0,1.0154586988157743,1.0214993676123878,1.0204705743350986,0.9872334569041387,0.9870595394896793,0.9828919364574434,1.0035419910529497,1.0095719668985859,1.0033255512890504,-0.07142857142857142,0.024999999999999974,0.0009999999999999788,-0.04341085714285712,0.012947285714285797,0.006042066666666705,-1660965.857142857,-67130.07142857143,-160434.16666666666
2009-03-11,13.0,13.25,12.94,13.15,7.010538,7405067.0,1.0192307692307692,0.9953846153846153,1.0115384615384615,0.5,0.21857799999999994,2554769.0,1.017770079273608,1.0209720723270281,1.0190849333094576,0.9897341903430872,0.9871330949664605,0.9833514236369306,1.005299310773656,1.0092440689900428,1.0018168333403323,-0.015714285714285632,0.04285714285714283,0.016666666666666666,0.003808000000000002,0.020943857142857132,-0.001066233333333333,-290973.0,122520.71428571429,-69216.83333333333
2009-03-12,13.2,13.3,12.83,12.86,6.855933,5461957.0,1.0075757575757578,0.971969696969697,0.9742424242424242,0.1999999999999993,-0.1546050000000001,-1943110.0,1.014693625174337,1.020709985016748,1.0191160563479607,0.9871910280241579,0.9860488880087596,0.9835240912726978,0.9988097211605418,1.0074042421502158,1.0016470543698153,0.06999999999999977,0.05357142857142857,-0.011666666666666714,-0.007615999999999877,0.01561285714285716,-0.007286066666666624,-221468.7142857143,-50548.5,1870.3666666666666
2009-03-13,13.18,13.5,13.1,13.49,7.1917990000000005,8317267.0,1.024279210925645,0.9939301972685888,1.0235204855842186,-0.019999999999999574,0.3358660000000002,2855310.0,1.0157886661564817,1.0205798470882257,1.0193123365588923,0.9884712912867591,0.9867805602210229,0.9838581629824171,1.004317168468233,1.0079190472845816,1.0018691293043596,0.07714285714285703,0.06571428571428571,0.0043333333333333,0.07920657142857149,0.039222500000000035,0.003909466666666717,240674.42857142858,114559.28571428571,-45035.933333333334
2009-03-16,13.54,14.11,13.4,14.05,7.490348,13386604.0,1.0420974889217134,0.9896602658788775,1.0376661742983753,0.35999999999999943,0.2985489999999995,5069337.0,1.0213530033959441,1.0208936021517203,1.02008042358799,0.9908156992818196,0.9861005557931677,0.9837929767230952,1.0103724351348886,1.0080919239030837,1.0027689773907282,0.11857142857142833,0.09571428571428571,0.013999999999999997,0.1066241428571428,0.05407371428571427,0.014038899999999988,1125618.2857142857,597500.4285714285,307805.5333333333
2009-03-17,14.05,14.45,13.92,14.43,7.692933,6703322.0,1.0284697508896796,0.990747330960854,1.0270462633451956,0.5100000000000016,0.20258500000000002,-6683282.0,1.0226394363523774,1.0225383532983616,1.0200561792745804,0.9897256122785445,0.9881057250675321,0.9837278634242234,1.013888602752155,1.0120233555106108,1.0036705195022346,0.2457142857142858,0.08500000000000009,0.011666666666666714,0.1576514285714287,0.07349449999999999,0.01297256666666667,208709.7142857143,46997.92857142857,-200456.4
2009-03-18,14.7,14.81,14.44,14.8,7.890186999999999,8453765.0,1.007482993197279,0.9823129251700681,1.0068027210884354,0.6499999999999986,0.19725399999999915,1750443.0,1.0216479958201206,1.0198104901750902,1.0201122355380332,0.9883435759475285,0.987529175766493,0.9844677600596966,1.0142880757281587,1.0092469015224224,1.0051300542467587,0.317142857142857,0.1585714285714285,0.030333333333333337,0.17288314285714268,0.06664007142857134,0.027011499999999966,645505.4285714285,-674868.5714285715,82495.3
2009-03-19,14.95,14.99,14.58,14.76,7.868863,20441206.0,1.002675585284281,0.9752508361204014,0.9872909698996656,0.25,-0.02132399999999901,11987441.0,1.0188302222893035,1.0171444605525388,1.0199223755447189,0.985607981107586,0.9864207190058624,0.9856722146173376,1.0097296428566822,1.006635816954816,1.0067358465970417,0.3499999999999999,0.13928571428571423,0.06033333333333329,0.15384328571428568,0.05521621428571428,0.04300506666666667,2227272.5714285714,283153.35714285716,296880.93333333335
2009-03-20,14.6,14.61,14.18,14.55,7.756907000000001,8575227.0,1.0006849315068493,0.9712328767123287,0.9965753424657535,-0.34999999999999964,-0.11195599999999928,-11865979.0,1.0161808169001723,1.01697544808689,1.0192297852912904,0.9821577327258308,0.985945961534459,0.9855347201526875,1.007592054417724,1.00644568259569,1.0073636097348773,0.2285714285714285,0.10642857142857144,0.06733333333333331,0.10662414285714293,0.05521607142857147,0.039984033333333356,167165.7142857143,-61903.642857142855,9126.933333333332
2009-03-23,14.4,15.25,14.28,15.25,8.130092,6715579.0,1.0590277777777777,0.9916666666666666,1.0590277777777777,-0.1999999999999993,0.37318499999999855,-1859648.0,1.0235311055004608,1.0191123653373988,1.0210123395545148,0.9849715855396836,0.9860813067819206,0.9857063211748041,1.0197042477799172,1.0092569844702297,1.0097277130332591,0.17142857142857157,0.12071428571428568,0.059666666666666694,0.18202271428571418,0.08720335714285714,0.04958026666666664,179088.85714285713,-21189.928571428572,29211.766666666666
2009-03-24,15.79,15.89,15.27,15.5,8.263373,10787798.0,1.006333122229259,0.9670677644078531,0.9816339455351489,1.3899999999999988,0.1332810000000002,4072219.0,1.020967378543834,1.018378022350158,1.0210349675922052,0.981134095131007,0.9848026932088831,0.9854163344310486,1.013720456344336,1.0090188124062844,1.0089270351811457,0.3728571428571428,0.2249999999999999,0.11366666666666661,0.15308199999999988,0.11614428571428569,0.054200666666666654,352933.0,296803.71428571426,148871.4
2009-03-25,15.5,16.27,15.4,16.200001,8.636558,8695123.0,1.0496774193548386,0.9935483870967742,1.0451613548387098,-0.28999999999999915,0.3731850000000012,-2092675.0,1.0220502257485662,1.0217016145722553,1.0221670326597543,0.981689541019278,0.9862526201505488,0.9853942776347983,1.0147911964215266,1.0125818157782076,1.01062541064296,0.28000000000000014,0.19928571428571423,0.11366666666666667,0.16374428571428584,0.1351842142857143,0.07428153333333336,-670211.5714285715,227703.35714285713,-14734.933333333332
2009-03-26,16.290001,16.82,16.1,16.799999,8.956429,12924668.0,1.0325352343440617,0.9883363420296906,1.0313074259479786,0.7900010000000002,0.31987099999999913,4229545.0,1.0226310090991924,1.0226352227257849,1.022923671618764,0.9813451140291118,0.9855353631538282,0.9860164179975366,1.0153999339362099,1.0146442683441825,1.0125159860434119,0.3200001428571428,0.2828572142857143,0.1363333666666667,0.18049942857142856,0.16907542857142863,0.08725406666666666,888763.7142857143,548736.7142857143,26468.633333333335
2009-03-27,16.99,17.08,16.379998999999998,16.549999,8.82315,16402140.0,1.0052972336668629,0.9640964685108887,0.9741023543260743,0.6999989999999983,-0.13327899999999993,3477472.0,1.0223187577377044,1.0219833767789124,1.0213116281881471,0.9787427630778005,0.9835431695126645,0.9849551349695798,1.0107284529701583,1.0125082643491585,1.0098641133014354,0.327142857142857,0.322142857142857,0.15633333333333327,0.1332804285714287,0.15308178571428568,0.06379683333333336,1135482.142857143,890493.7857142857,156856.56666666668
2009-03-30,16.299999,16.49,15.71,15.85,8.449966,8013126.0,1.0116565037826075,0.963803740110659,0.9723926976928036,-0.6900009999999988,-0.3731840000000002,-8389014.0,1.023601746094608,1.021215984191956,1.0209931869552396,0.9771074636478373,0.9813577223777116,0.9839318870293039,1.0086001283691781,1.0091648856129303,1.0082892482624968,0.19285700000000006,0.27142849999999996,0.11899996666666664,0.08301471428571425,0.11842899999999996,0.05100190000000001,-1775440.0,225916.2857142857,97640.13333333333
2009-03-31,15.54,16.040001,15.53,15.75,8.396651,9039625.0,1.0321750965250966,0.9993564993564994,1.0135135135135136,-0.7599990000000005,-0.05331499999999956,1026499.0,1.028100341097215,1.0221405789986935,1.0218842490115194,0.981125124025576,0.9816414283757035,0.9851027646387507,1.0110198670902866,1.0093059607540054,1.009880186012066,0.1342857142857142,0.18142857142857136,0.08933333333333332,0.09139199999999992,0.09900807142857142,0.059176299999999994,66342.57142857143,116754.14285714286,79738.93333333333
2009-04-01,15.77,16.15,15.63,15.88,8.465958,5315845.0,1.0240963855421685,0.991122384273938,1.0069752694990488,0.23000000000000043,0.06930700000000023,-3723780.0,1.0231101422064135,1.0233206238534371,1.021809546910936,0.9810473693980433,0.9830094774688635,0.984944018325797,1.0035837944790396,1.0116440211294786,1.0094268239391262,0.1957142857142856,0.18357142857142858,0.12066666666666664,0.047980857142857304,0.11500178571428574,0.06184200000000004,-199962.0,-10436.57142857143,-15809.133333333333
2009-04-02,16.200001,16.5,16.049999,16.34,8.711194,4599578.0,1.0185184556470088,0.9907406178555174,1.0086419130467954,0.43000100000000074,0.24523600000000023,-716267.0,1.024850904123235,1.0229091413335347,1.0215397319916426,0.9844292056048525,0.9827816503679297,0.9848235442973249,1.007442075552132,1.0105812659482338,1.0091772532987506,0.0585715714285716,0.2157143571428572,0.1266667,0.06397442857142874,0.10852821428571431,0.06646233333333335,-884031.4285714285,-265549.21428571426,-36339.96666666667
2009-04-03,16.9,17.4,16.799999,17.4,9.2763,14942336.0,1.029585798816568,0.9940827810650888,1.029585798816568,0.6999989999999983,0.5651060000000001,10342758.0,1.0219806726177676,1.022015449183167,1.022151092621539,0.984505547600326,0.9830975443098019,0.9850546838535776,1.0052169961203974,1.010004096270962,1.0101634465926361,0.1999999999999998,0.23999999999999996,0.14833333333333332,0.09139171428571428,0.12756800000000007,0.08796490000000003,892459.0,111123.71428571429,292423.3333333333
2009-04-06,17.389999,17.639999,17.17,17.200001,9.169677,5391596.0,1.014376079032552,0.9873491079556705,0.9890742949438928,0.48999900000000096,-0.1066230000000008,-9550740.0,1.0193865075732664,1.0210087583362293,1.021760257191792,0.9843645141611803,0.982854814095146,0.9851767612422032,0.9991836916912423,1.0072918128137263,1.009255482633996,0.15714257142857133,0.23857135714285707,0.17099996666666667,0.030464000000000015,0.10548171428571429,0.0842331,-1076153.142857143,-93694.71428571429,-44061.36666666667
2009-04-07,17.01,17.120001000000002,16.77,17.0,9.063054,6311829.0,1.0064668430335098,0.9858906525573191,0.9994121105232215,-0.379998999999998,-0.1066230000000008,920233.0,1.0195535946256444,1.0209361761816742,1.0207189880251495,0.9874779690249561,0.9831103660513784,0.9847337720651521,1.0027993711479777,1.0067639120590681,1.0080610229301252,0.002857142857143304,0.16500000000000017,0.1603333333333334,0.03427199999999989,0.08377621428571429,0.0776579333333333,-1441473.0,-152995.42857142858,43007.7
2009-04-08,16.6,16.870001000000002,16.15,16.299999,8.689867999999999,6812806.0,1.0162651204819277,0.9728915662650601,0.9819276506024095,-0.41000000000000014,-0.37318600000000046,500977.0,1.0202119684398332,1.0219068572672205,1.021079717546657,0.9887762299041561,0.9829418467759966,0.9850743255699957,1.0041615072779213,1.0063808178235496,1.0083917372555449,0.042857285714285966,0.11785714285714301,0.12466666666666673,0.034271714285714135,0.05864321428571419,0.06752859999999995,-171474.2857142857,-973457.1428571428,25581.833333333332
2009-04-09,16.35,16.76,16.17,16.620001000000002,8.860468,4507396.0,1.0250764525993883,0.9889908256880734,1.0165138226299695,-0.25,0.1706000000000003,-2305410.0,1.0191978764504461,1.0236491087738304,1.020393163402534,0.9872954193800954,0.9842102717028356,0.9850278659134444,1.0045901228659864,1.0078049949781367,1.0074197621124414,0.11571428571428603,0.12500000000000014,0.12900000000000003,0.06625957142857127,0.07882578571428558,0.06344139999999995,-647461.2857142857,-290559.35714285716,-446484.3
2009-04-14,17.41,17.450001,17.16,17.32,9.233652,6717185.0,1.002297587593337,0.9856404365307294,0.9948305571510626,1.0599999999999987,0.3731840000000002,2209789.0,1.0160837624577561,1.0195969523320847,1.019136416322312,0.9865122839882084,0.9837798266931258,0.9848569061054945,1.0028551639591312,1.0032194792190854,1.0064525755559384,0.23428571428571437,0.215,0.147,0.10967057142857126,0.07882571428571428,0.0712605333333333,200191.42857142858,114.71428571428571,-325329.13333333336
2009-04-15,17.059998999999998,17.24,16.959999,16.99,9.057725,4822750.0,1.0105510557181159,0.9941383349436306,0.9958968930771919,-0.35000100000000245,-0.17592699999999972,-1894435.0,1.0149455624679142,1.0198982332955746,1.0193864146453846,0.9869976721436532,0.9857134388742528,0.9853988678932162,1.0010344468206165,1.0042382611863743,1.0063412312087274,0.12285685714285677,0.09071421428571418,0.13166663333333328,0.0495044285714284,0.056739428571428566,0.06912809999999997,31881.714285714286,-426074.85714285716,-153970.93333333332
2009-04-16,17.049999,17.200001,16.690001000000002,16.809998999999998,8.961761,7820256.0,1.0087977717769954,0.978885746562214,0.9859237528401027,-0.00999999999999801,-0.09596400000000038,2997506.0,1.0119758443194038,1.0169782584685856,1.0187093091622628,0.984826667214671,0.9846661074074985,0.9850359983385498,0.9947970116811214,1.0000070039007596,1.0052163712522568,0.02142842857142873,0.11071421428571426,0.1446666333333333,-0.044934142857143096,0.023228785714285598,0.0684172,-1017440.0,-62490.5,26933.933333333334
2009-04-17,17.0,17.299999,16.700001,16.700001,8.903117,7947389.0,1.017647,0.982353,0.982353,-0.04999899999999968,-0.05864399999999925,127133.0,1.012443118743325,1.0159148131582956,1.0187437450272416,0.984112937506718,0.9842387258339491,0.9849488198575372,0.9938368266891369,0.9965102591901897,1.0051291927712442,-0.05571414285714279,0.05071421428571427,0.14533333333333331,-0.03808000000000002,-0.003808000000000002,0.07552546666666667,365113.28571428574,-355519.9285714286,43828.1
2009-04-20,16.809998999999998,17.059998999999998,16.6,17.049999,9.089708,6025224.0,1.014872100825229,0.987507494795211,1.01427721679222,-0.1900010000000023,0.18659099999999995,-1922165.0,1.0136438698564276,1.0165987322410361,1.0191345774465668,0.984343914969274,0.9859109419971152,0.9854240893535958,0.9959604132989937,0.9993798922234857,1.0057624564099252,-0.02857157142857198,-0.012857214285714338,0.13666663333333323,0.0038077142857143747,0.019039857142857133,0.07819096666666665,-40943.57142857143,-741208.2857142857,17264.933333333334
2009-04-21,16.530001000000002,16.639999,16.32,16.370001000000002,8.727186999999999,6491926.0,1.0066544460584121,0.9872957660438132,0.9903206297446685,-0.27999799999999553,-0.362521000000001,466702.0,1.012270916367354,1.0162414424035935,1.0187075683086921,0.9864016577948103,0.9875889438494833,0.985054683555597,0.9971594103193164,1.0006604587986188,1.0053587077339365,-0.009999857142857036,0.016428714285714463,0.1400000333333334,0.0053312857142857285,0.019801499999999934,0.07126046666666666,-45840.0,-108657.14285714286,41652.4
2009-04-22,16.59,16.68,16.219998999999998,16.35,8.716525,4569563.0,1.0054249547920433,0.9776973477998793,0.9855334538878844,0.05999899999999769,-0.010661999999998173,-1922363.0,1.0094635595377333,1.0143307179940897,1.0184076309043244,0.9847883038107825,0.9860418615954388,0.9845783558326869,0.9927336433561614,0.9986618831110741,1.0047429425216523,0.034285714285714065,0.07500000000000005,0.13699999999999998,-0.020563285714285482,0.02284814285714289,0.06788400000000001,8881.0,-319290.14285714284,21144.533333333333
2009-04-23,16.4,17.09,16.309998999999998,17.030001000000002,9.079046,7378169.0,1.0420731707317075,0.9945121341463414,1.0384146951219515,-0.19000000000000128,0.3625209999999992,2808606.0,1.0151457857003574,1.0156147740790569,1.019063403262048,0.9860556891844413,0.9862839865863249,0.984582093637565,0.9989599487805741,1.0009075563698526,1.0053834323590507,-0.14428571428571452,0.04499999999999993,0.12999999999999995,-0.022086571428571337,0.043791999999999956,0.07623619999999999,94426.28571428571,147308.85714285713,84262.36666666667
2009-04-24,17.200001,17.370001000000002,16.77,16.91,9.015071,13162791.0,1.0098837203555977,0.9749999433139568,0.983139477724449,0.8000010000000017,-0.06397499999999923,5784622.0,1.0150504520771406,1.0149980072725273,1.018751834966209,0.9833216332373451,0.9851596526904992,0.9839026045685431,0.9971374608730396,0.9990859538468281,1.0044367995652503,0.020000285714286088,0.07142857142857142,0.14000003333333336,-0.006093428571428409,0.021705499999999996,0.06681776666666668,1191434.4285714286,611658.0714285715,191924.13333333333
2009-04-27,16.85,17.190001000000002,16.379998999999998,16.85,8.983087,5345153.0,1.0201781008902078,0.9721067655786348,1.0,-0.3500009999999989,-0.031984000000001345,-7817638.0,1.0166762133790281,1.014326028849216,1.0191719130766907,0.982353207382548,0.9835899372986096,0.9839071735221743,0.9991483533244534,0.9969726825027874,1.0052953854238362,-0.028571285714285466,-0.0035714285714283684,0.12166666666666674,0.003046571428571454,-0.02094378571428582,0.0709051333333333,-353586.14285714284,-685513.0714285715,-3893.4666666666667
2009-04-28,16.879998999999998,17.15,16.52,16.629998999999998,8.8658,5159306.0,1.0159953208528034,0.9786730437602515,0.9851895725823206,0.029998999999996556,-0.11728699999999925,-185847.0,1.0164402592151431,1.0144416889792338,1.018895783407596,0.9818274993482984,0.9829702184275082,0.983398601738563,0.9995535779790705,0.9966952023341038,1.0040176883237728,-0.01714300000000029,-0.03642857142857154,0.12333329999999994,-0.005330999999999975,-0.021705499999999996,0.05580003333333332,-398297.5714285714,-16592.14285714286,-105265.36666666667
2009-04-29,15.8,16.040001,15.4,15.4,8.210061,18694184.0,1.0151899367088608,0.9746835443037974,0.9746835443037974,-1.0799989999999973,-0.6557390000000005,13534878.0,1.016485664341376,1.015064767098902,1.017998865000501,0.9799955064209536,0.9821697106951138,0.9828993776860603,0.993897339052153,0.9949288761755735,1.0019182673239537,-0.14428557142857099,-0.0864285714285715,0.07533333333333339,-0.1256638571428572,-0.06092807142857141,0.02399043333333332,1809851.4285714286,884453.9285714285,176919.33333333334
2009-04-30,15.75,16.0,15.67,15.9,8.476619,9520146.0,1.0158730158730158,0.9949206349206349,1.0095238095238095,-0.05000000000000071,0.26655799999999985,-9174038.0,1.0178026028863196,1.0150367596268366,1.0175789738332788,0.9810847734033565,0.9837432155990834,0.983038487818053,0.9966406504491732,0.9969000303842448,1.0013341855299074,-0.11142871428571459,-0.06071428571428582,0.05666666666666664,-0.03579542857142849,-0.015232071428571383,0.026122866666666647,432602.85714285716,193381.42857142858,93894.13333333333
2009-05-01,15.8,16.02,15.74,16.0,8.529933999999999,4132405.0,1.0139240506329112,0.9962025316455696,1.0126582278481011,0.05000000000000071,0.05331499999999956,-5387741.0,1.0190167594350148,1.0142401594863741,1.0177936757477999,0.9837283710955981,0.9842583374531904,0.9835014747005697,1.0005156181577757,0.9966246307569684,1.001529369088563,-0.11285714285714274,-0.039285714285714333,0.036666666666666715,-0.02665585714285739,-0.023609571428571435,0.021324899999999994,-62451.142857142855,-26785.071428571428,-144045.33333333334
2009-05-04,16.1,16.629998999999998,16.049999,16.620001000000002,8.860468,5825656.0,1.0329191925465837,0.9968943478260869,1.032298198757764,0.3000000000000007,0.3305340000000001,1693251.0,1.0177090482657116,1.0164274169830345,1.0188017959898765,0.9840686873355617,0.9850621882600016,0.9842229250907591,0.9996418329628917,0.9993008908717329,1.0030296100504996,-0.04285714285714245,-0.09357142857142849,0.03833333333333341,-0.03122542857142869,-0.026656000000000013,0.033053499999999965,-221787.57142857142,-63680.642857142855,-487185.0
2009-05-05,16.950001,17.049999,16.549999,16.549999,8.82315,6888916.0,1.0058995866725908,0.9764010633391703,0.9764010633391703,0.8500009999999989,-0.037317999999999074,1063260.0,1.0171398863109962,1.0160951691940685,1.0189756178287346,0.9842688473391636,0.9837952402882543,0.9843951979783206,0.9986792023364233,0.9979083316047312,1.0023571340796136,-0.03571428571428571,-0.007856999999999812,0.0783333666666667,-0.02741728571428581,-0.01675535714285711,0.0355414333333333,-896267.8571428572,147583.2857142857,-56210.36666666667
2009-05-06,16.68,16.84,16.5,16.639999,8.871129,4958949.0,1.0095923261390887,0.9892086330935252,0.9976018585131894,-0.2700010000000006,0.04797899999999977,-1929967.0,1.015627632775122,1.0161519230770752,1.0173277694407783,0.9867119712698623,0.9845325893262052,0.9843132635258826,0.9983366106954502,0.9987424820099519,1.0003096034374606,-0.02428571428571453,-0.026428499999999997,0.07599999999999998,-0.015993999999999935,-0.0064737142857142415,0.024701233333333347,-55172.0,-204379.07142857142,-58554.333333333336
2009-05-07,16.58,16.75,16.440001000000002,16.629998999999998,9.117854,18067982.0,1.0102533172496986,0.9915561519903501,1.003015621230398,-0.10000000000000142,0.24672499999999964,13109033.0,1.0148073465461072,1.015623802880625,1.0174584426081263,0.9885524153027335,0.985189957325516,0.985129543111966,1.000883189073747,1.000218383526409,1.0010223259606357,-0.04285699999999996,-0.03000000000000012,0.026333333333333306,0.03600771428571419,0.015338357142857108,0.028482699999999993,1844096.5714285714,722899.5,242672.8
2009-05-08,16.530001000000002,16.620001000000002,16.32,16.49,9.041096,9668698.0,1.005444645768624,0.9872957660438132,0.9975800969401029,-0.04999899999999613,-0.07675799999999988,-8399284.0,1.0134151621260732,1.0149504132337246,1.0159840168219192,0.9903541612655928,0.9851748338432732,0.9849211224102005,1.004154125164648,0.9990257321084004,0.999436284030682,0.10428585714285735,-0.019999857142856823,0.03433336666666674,0.11871928571428571,-0.003472285714285737,0.013484599999999958,-1289355.142857143,260248.14285714287,32452.5
2009-05-11,16.5,16.59,16.139999,16.219998999999998,8.893058,6203344.0,1.0054545454545454,0.9781817575757575,0.9830302424242423,-0.030001000000002165,-0.14803799999999967,-3465354.0,1.011926809209149,1.014864706047734,1.0150813271922687,0.9879628930734675,0.9845238332384121,0.984582636261736,1.0003693298647096,0.9985049901569415,0.9978270445798907,0.10714285714285714,-0.002142928571428726,0.006999966666666661,0.05949128571428578,0.011847928571428643,-0.002112366666666669,-473828.85714285716,-20613.0,-224044.13333333333
2009-05-12,16.1,16.200001,15.9,15.97,8.755989999999999,5829493.0,1.0062112422360248,0.9875776397515528,0.9919254658385093,-0.3999999999999986,-0.13706800000000108,-373851.0,1.0108249794381652,1.01492086943659,1.015111794144574,0.9867307656600366,0.9852295683778174,0.9853653419697582,0.9974075067204823,0.9989615624391289,0.9984211482969718,0.04285714285714296,-0.034999999999999885,-0.029666666666666567,0.03229371428571426,0.0028189285714284346,-0.0022386666666667073,242441.14285714287,89995.0,-352421.56666666665
2009-05-13,15.92,16.09,15.69,15.71,8.613441,4975783.0,1.010678391959799,0.9855527638190954,0.9868090452261307,-0.1800000000000015,-0.14254899999999893,-853710.0,1.0076477222114817,1.0126783852385965,1.015079190417147,0.9851105393733235,0.9845896133544426,0.9860903094267061,0.9909090562159631,0.9952754445894275,0.9989016932147495,-0.02571428571428593,-0.03428571428571419,-0.012666633333333325,-0.035289571428571316,-0.0332575,0.005449166666666668,-121410.42857142857,-171599.0,-101244.76666666666
2009-05-14,15.58,15.6,15.28,15.37,8.427025,5810525.0,1.0012836970474968,0.9807445442875481,0.9865211810012836,-0.33999999999999986,-0.18641599999999947,834742.0,1.0069883094078969,1.0120640978594464,1.014049477101227,0.9857310366516632,0.9849999419954134,0.9854699109244077,0.9923547873105508,0.9955169948234871,0.9980019487976751,-0.1957144285714286,-0.11571435714285716,0.001333333333333364,-0.05658928571428566,-0.042003285714285736,0.0010124666666666707,-154055.85714285713,-525161.8571428572,-107636.66666666667
2009-05-15,15.6,15.66,15.2,15.27,8.372198,5917070.0,1.0038461538461538,0.9743589743589743,0.9788461538461538,0.019999999999999574,-0.05482700000000129,106545.0,1.0061674276517631,1.0108975302134426,1.0133744693780264,0.9836096568324416,0.9851608140511521,0.9849111305939089,0.9896754009295458,0.994006005812498,0.9970643116092454,-0.1542857142857143,-0.08928571428571441,-0.0056666666666666645,-0.07127585714285724,-0.04363492857142859,-0.00312533333333338,136874.42857142858,40851.21428571428,20040.833333333332
2009-05-18,15.1,15.38,14.98,15.3,8.388647,4923871.0,1.018543046357616,0.9920529801324504,1.0132450331125828,-0.5,0.01644900000000149,-993199.0,1.00735167466718,1.0110795106066435,1.0133752890683803,0.9836806322813131,0.9861165237920232,0.98495487600314,0.9911367454841437,0.9960099672789452,0.9972177489447717,-0.21142857142857124,-0.12714278571428558,-0.036666700000000024,-0.1041724285714284,-0.03408235714285711,-0.010751566666666672,-1877730.142857143,-16816.785714285714,10809.766666666666
2009-05-19,15.59,15.66,15.43,15.57,8.536681,5587459.0,1.0044900577293137,0.9897370109044259,0.9987171263630533,0.4900000000000002,0.1480339999999991,663588.0,1.0072153049472785,1.0103152335366758,1.0125387643654717,0.984029381547115,0.9871917714063538,0.9848100169977846,0.9912991782588508,0.9977266517117493,0.9961887931963211,-0.13428585714285748,-0.01500000000000006,-0.043666666666666624,-0.07205928571428569,0.02333000000000001,-0.024653966666666704,-583034.1428571428,-936194.6428571428,-311829.23333333334
2009-05-20,15.7,15.7,15.39,15.55,8.525714,5420506.0,1.0,0.9802547770700638,0.9904458598726116,0.10999999999999943,-0.01096699999999906,-166953.0,1.0064360841680577,1.0091814466886033,1.0120595617310533,0.9843255271891588,0.986144210131313,0.9845735393015976,0.9923585521800465,0.996363941022378,0.9962345120272784,-0.1142857142857144,-0.003571428571428622,-0.05633330000000001,-0.052477714285714176,0.0035067857142858016,-0.021465433333333315,-111834.0,-292831.4285714286,963.6666666666666
2009-05-21,15.35,15.73,15.3,15.63,8.569577,8278667.0,1.024755700325733,0.9967426710097721,1.018241042345277,-0.34999999999999964,0.043862999999999985,2858161.0,1.0090852924665874,1.0099551359523762,1.0126691903074607,0.9856348173689042,0.9861827915144704,0.9849352732500128,0.9961179202524418,0.9967627134864622,0.9968621430880137,-0.1071428571428574,-0.032142857142857216,-0.055333333333333394,-0.02663042857142831,0.0028316428571429748,-0.01644923333333329,349882.0,296161.5714285714,65561.26666666666
2009-05-22,15.37,15.57,15.33,15.41,8.448957,5662584.0,1.0130123617436566,0.9973975276512688,1.0026024723487315,0.019999999999999574,-0.12062000000000062,-2616083.0,1.0094187167214241,1.008533219466453,1.012560765016185,0.9873269264877862,0.9862187329305547,0.9857521386295531,0.9983741241270991,0.9946415901715311,0.997551303812891,-0.07857142857142867,-0.0521428571428573,-0.04100000000000007,-0.023497714285714264,-0.029393642857142792,-0.008030366666666625,98114.42857142857,-11648.0,-38340.73333333333
2009-05-25,15.18,15.55,15.09,15.2,8.333817,9375079.0,1.0243741765480896,0.9940711462450593,1.0013175230566536,-0.1899999999999995,-0.11514000000000024,3712495.0,1.0127173566500802,1.0098528330289887,1.0125373558144752,0.9892307267674306,0.987480881709547,0.9859214826481193,1.0004878872778662,0.9964213372942086,0.9970447604937804,-0.0571428571428572,-0.1264286428571429,-0.039000000000000055,-0.01331542857142866,-0.03495235714285716,-0.01755503333333331,509222.0,177583.07142857142,162256.1
2009-05-26,15.18,15.57,15.01,15.57,8.536681,7449940.0,1.0256916996047432,0.9888010540184453,1.0256916996047432,0.0,0.20286399999999993,-1925139.0,1.0158381489013073,1.0110027882765353,1.0133171595481885,0.9912938810044979,0.9874517689184698,0.9860268365643764,1.0071801081005218,0.9984277545150338,0.9980734652422364,-0.05999999999999999,-0.10714285714285714,-0.07433333333333335,0.023497571428571513,-0.023889142857142862,-0.023232366666666653,218981.42857142858,177927.92857142858,24425.166666666668
2009-05-27,15.57,15.57,15.57,15.57,8.536681,146000.0,1.0,1.0,1.0,0.39000000000000057,0.0,-7303940.0,1.0131891422787909,1.0102704084729854,1.0129654576909182,0.9924291695570051,0.988054900919159,0.9862222253995888,1.00528796051301,0.9982123529985769,0.9982102354729967,0.06714285714285724,-0.072142857142857,-0.049666633333333245,0.02114771428571416,-0.04151235714285712,-0.017368133333333327,-682553.0,-1280141.5714285714,-155891.66666666666
2009-05-28,15.07,15.47,14.9,15.38,8.432508,63475920.0,1.026542800265428,0.9887193098871931,1.0205706702057067,-0.5,-0.1041729999999994,63329920.0,1.0163395340696644,1.0117774195084714,1.0135569586405324,0.9922837836974002,0.9881565826222577,0.9865500108437548,1.0084098953476748,0.9998545368032629,0.9993651327185168,-0.07428571428571422,-0.10428578571428584,-0.06599996666666665,-0.014881857142857058,-0.04347057142857137,-0.017641766666666628,8269780.142857143,3843373.0,1855188.8
2009-05-29,15.67,16.0,15.53,15.9,8.717609,30973976.0,1.021059349074665,0.9910657306955967,1.0146777281429484,0.5999999999999996,0.28510099999999916,-32501944.0,1.019348012508902,1.01289204833848,1.013670703609688,0.9938282056439051,0.9890768664165318,0.9868404352002746,1.0118715908148659,1.002115071497456,1.000442623656615,-0.004285714285714194,-0.05928571428571429,-0.044333333333333336,0.02741357142857126,-0.012532071428571458,-0.006183600000000015,3650495.714285714,1769330.857142857,767552.9
2009-06-01,16.0,16.190001000000002,15.67,16.190001000000002,8.876615,17310996.0,1.0118750625000001,0.979375,1.0118750625000001,0.33000000000000007,0.15900599999999976,-13662980.0,1.0175079213909404,1.0132966069287639,1.0135708023321803,0.9913471097853661,0.9884909635771352,0.9865693520404343,1.0109621651226832,1.0035400426875625,1.0003625518468744,0.0928571428571429,-0.007142857142857244,-0.02699996666666659,0.04386257142857123,0.008616071428571459,-0.007103100000000021,1290332.7142857143,820107.3571428572,376192.4
2009-06-02,16.23,16.24,15.91,15.98,8.761474,16760344.0,1.0006161429451632,0.9802834257547751,0.984596426370918,0.23000000000000043,-0.1151409999999995,-550652.0,1.0157370329911555,1.01257787485629,1.0133695255617388,0.9889022380858671,0.9881145822868266,0.986335607364133,1.0083898728401386,1.003381998483619,1.0001717450677494,0.12285714285714303,0.02214285714285718,-0.01000003333333339,0.04464528571428567,0.010573785714285704,0.001142900000000028,1585394.2857142857,841754.3571428572,342280.6
2009-06-03,15.72,16.42,15.68,16.360001,8.969818,21481824.0,1.044529262086514,0.9974554707379134,1.0407125318066157,-0.5099999999999998,0.2083440000000003,4721480.0,1.0186163309252163,1.0156668437876484,1.0146730024715545,0.9893857130134176,0.9893082198904242,0.9869942114620675,1.0140177312329903,1.0072528092554283,1.0020110476650406,0.07714285714285728,0.01000000000000004,-0.028999999999999974,0.09085728571428575,0.038770928571428546,0.008443099999999978,1729535.0,1119378.5,563742.0333333333
2009-06-04,16.280001000000002,16.84,16.129998999999998,16.84,9.232992,21367923.0,1.0343979708600755,0.9907861185020809,1.0343979708600755,0.5600010000000015,0.26317399999999935,-113901.0,1.0198600839616923,1.0178491164314998,1.0144171624758334,0.989669293653937,0.9904815873292174,0.9868700109405921,1.0152614842694663,1.0112207961849942,1.0018771568563112,0.15714300000000034,0.04857150000000018,-0.003999966666666547,0.09947299999999995,0.061485285714285735,0.0051315333333333156,1988283.2857142857,1103632.357142857,466325.13333333336
2009-06-05,16.74,16.75,16.17,16.299999,8.936924000000001,12853705.0,1.0005973715651135,0.9659498207885306,0.9737155913978496,0.45999899999999627,-0.2960679999999982,-8514218.0,1.0199454227567084,1.0165672825177496,1.0141076175161505,0.9848049823380128,0.988617075947509,0.9865683401897446,1.0115065687548734,1.0083972646339416,1.0015630273120912,0.16714285714285687,0.11714285714285706,-0.01533336666666673,0.05717757142857164,0.039162642857142896,-0.0026048999999999842,1815386.4285714286,566416.7142857143,-10302.866666666667
2009-06-09,16.52,16.790001,16.23,16.41,8.997233999999999,13425203.0,1.0163438861985472,0.9824455205811139,0.9933414043583535,-0.21999999999999886,0.06030999999999764,571498.0,1.0184884350328685,1.0174139845512664,1.0139798103597617,0.9839087267228587,0.9880962552101297,0.9869129653564939,1.0076166736338228,1.0080132844907488,1.0013410741240363,0.20714285714285705,0.0664285714285714,-0.011000000000000062,0.08067514285714264,0.03289664285714279,0.00047156666666664884,-7150102.428571428,559838.8571428572,269335.0
2009-06-10,16.559998999999998,16.83,16.530001000000002,16.82,9.222028,10626780.0,1.0163044091971263,0.99818852646066,1.0157005444263616,0.03999899999999812,0.22479400000000105,-2798423.0,1.0178091579075057,1.0185785852082039,1.0139901133045728,0.9849262689750106,0.9893772373094578,0.9875634814465075,1.0077627902457391,1.0098171905303024,1.0023581065188378,0.12714271428571397,0.061428499999999886,-0.010666666666666677,0.0720598571428572,0.04973671428571423,0.011874266666666659,-2906742.285714286,371876.71428571426,182249.13333333333
2009-06-11,16.799999,17.0,16.629998999999998,16.879998999999998,9.254924,11976667.0,1.0119048221371918,0.989880951778628,1.0047619050453513,0.240000000000002,0.032896000000000925,1349887.0,1.0178134092842475,1.0176606653375937,1.013880609485517,0.9864271192291002,0.9888871145072332,0.9880700616956685,1.0067466248950752,1.008854395008879,1.0033607185435565,0.11428557142857139,0.10357135714285715,0.03333329999999997,0.05404414285714308,0.04895335714285715,0.034828766666666705,-762047.0,264142.85714285716,-223917.23333333334
2009-06-12,16.9,17.33,16.879998999999998,17.299999,9.485201,18037680.0,1.0254437869822486,0.9988165088757396,1.023668579881657,0.1000009999999989,0.23027699999999918,6061013.0,1.0213602155752597,1.0185486242832076,1.014199635189158,0.9890747025320952,0.9889884703089812,0.9881999241608387,1.0123283611108949,1.0103591169755168,1.0038322108888178,0.09571428571428545,0.10928571428571424,0.03833333333333329,0.10338957142857146,0.07401742857142857,0.033619400000000015,182476.57142857142,883935.4285714285,283917.8
2009-06-15,17.16,17.370001000000002,17.1,17.299999,9.485201,15980430.0,1.0122378205128206,0.9965034965034966,1.00815844988345,0.26000000000000156,0.0,-2057250.0,1.0167471524933034,1.0176817417092598,1.0141434275184884,0.9889387062128928,0.9891622096131553,0.9882099563227696,1.007677777979014,1.0108477546060022,1.003682218289996,0.20571428571428566,0.14142857142857146,0.045333333333333316,0.07362614285714285,0.08224171428571429,0.031842233333333365,-785913.4285714285,471810.78571428574,394934.1666666667
2009-06-16,17.059998999999998,17.190001000000002,16.700001,16.799999,9.21106,13149776.0,1.0076202818065818,0.9788981230303708,0.9847596708534392,-0.10000100000000245,-0.2741410000000002,-2830654.0,1.0129217683428042,1.0163909261522481,1.0133001304938216,0.9872404211455057,0.9884548573997213,0.9876100821629125,1.0005865922637802,1.0079240382666232,1.0020976006931852,0.11142828571428508,0.1342856428571427,0.03199996666666654,-0.0031331428571428027,0.04816992857142858,0.011686400000000022,-1174021.0,407131.14285714284,244137.33333333334
2009-06-17,16.75,16.9,16.299999,16.450001,9.019166,10476159.0,1.008955223880597,0.9731342686567164,0.9820896119402985,-0.3099989999999977,-0.19189399999999956,-2673617.0,1.0141157472450162,1.0170305850008623,1.0134019850674219,0.9882667708409608,0.9865358765894868,0.9875011890068307,1.0017828809127016,1.0066447248337875,1.0022872189798897,0.001428571428571652,0.08428571428571427,-0.006666700000000011,0.011748857142857005,0.03446321428571432,0.006533866666666673,-339649.4285714286,737868.5,119574.76666666666
2009-06-18,16.639999,16.639999,16.24,16.35,8.964338,15534449.0,1.0,0.9759615971130767,0.982572174433424,-0.11000100000000046,-0.05482800000000054,5058290.0,1.0117809063595093,1.0151346706961888,1.0130822408627855,0.9873404960598126,0.9856246113913356,0.9870596211408156,1.0002444194948545,1.0039305465643387,1.0017862295105642,0.017142714285714282,0.11214278571428567,-0.0013333666666666725,-0.00469942857142845,0.037987857142857094,0.0031069666666666625,301320.85714285716,-3424390.785714286,352516.6666666667
2009-06-19,16.43,16.73,16.41,16.549999,9.073993,10397094.0,1.0182592818015825,0.9987827145465612,1.0073036518563603,-0.20999899999999982,0.10965500000000006,-5137355.0,1.0120601738744317,1.0149346658909688,1.0133491063478484,0.9874253800720841,0.9861758245235475,0.987300506559356,0.9990448634134257,1.0034038268295824,1.0019291638647627,-0.018571285714285426,0.05428571428571427,-0.004999999999999952,-0.021147857142857163,0.025456000000000017,-0.0014620333333333236,-32812.28571428572,-1469777.2857142857,-255696.26666666666
2009-06-22,16.57,16.700001,16.469998999999998,16.58,9.090441,8709063.0,1.0078455642727822,0.9939649366324682,1.00060350030175,0.14000000000000057,0.016448000000000462,-1688031.0,1.0114802798938018,1.0146468445890247,1.0134291369646538,0.9880088064797757,0.987217962854438,0.9875228122456445,0.9984508055929113,1.0025987152439932,1.0020299439768177,-0.032856999999999914,0.04071428571428574,0.0013332999999999373,-0.023497571428571513,0.015273285714285783,0.0016448333333333547,-466800.5714285714,-614423.7857142857,-31987.833333333332
2009-06-23,16.190001000000002,16.23,15.99,16.030001000000002,8.788889,9507253.0,1.0024705989826683,0.9876466344875456,0.9901173570032515,-0.379998999999998,-0.30155200000000093,798190.0,1.0081983958938616,1.0147793057345607,1.0133296720822578,0.9864131101386052,0.98774390633535,0.9878383081427041,0.993657773753139,1.0029930674320169,1.0022661811294513,-0.10142842857142804,-0.0028570714285712944,-0.010333299999999924,-0.09947314285714295,0.0019582142857142515,-0.0034723000000000206,-1218632.4285714286,-518077.9285714286,110130.3
2009-06-24,16.15,16.23,15.95,16.0,8.77244,11938655.0,1.0049535603715172,0.9876160990712075,0.9907120743034057,-0.04000100000000373,-0.016448999999999714,2431402.0,1.007157787302247,1.0119524698977753,1.0132877493534407,0.9851434819339924,0.9870410940734426,0.987839590120026,0.9911654343845614,0.9994216061817877,1.002225734744948,-0.14428571428571452,0.030714285714285566,0.001666666666666572,-0.10182300000000007,-0.014098428571428607,0.000548333333333358,-577396.4285714285,-681654.9285714285,203638.73333333334
2009-06-25,15.95,16.09,15.95,16.049999,8.799854,10572978.0,1.0087774294670846,1.0,1.0062695297805644,-0.1999999999999993,0.02741400000000027,-1365677.0,1.0073230941108904,1.0101224312268473,1.0132243839370172,0.9881580357867966,0.9876992284661511,0.9883211646593895,0.9942382713741507,0.9974124318189654,1.002874417563429,-0.1585712857142855,-0.023571500000000207,0.0009999999999999788,-0.05874371428571428,-0.03093842857142854,0.0062137666666666645,-368114.0,-771067.5,186573.16666666666
2009-06-26,16.15,16.43,16.129998999999998,16.4,8.991750999999999,14533878.0,1.0173374613003097,0.9987615479876161,1.0154798761609907,0.1999999999999993,0.1918969999999991,3960900.0,1.0085205565994206,1.0113181519222185,1.0137595094121108,0.9918190756912109,0.9900429232660858,0.9889217314493917,0.9990083091199639,1.0003955950163328,1.003839707402086,-0.08571428571428592,-0.042142857142857135,0.01899999999999995,-0.003916428571428757,0.0039162142857141246,0.01882419999999995,579674.1428571428,120012.35714285714,290778.43333333335
2009-06-29,16.4,16.51,16.1,16.209999,8.887578,9918894.0,1.0067073170731708,0.9817073170731709,0.9884145731707318,0.25,-0.1041729999999994,-4614984.0,1.0094787447527307,1.0106298255561201,1.013854881519678,0.9926398928283671,0.9899901944440899,0.9891666762065315,0.9998429375110078,1.0000436785029312,1.004158654712905,-0.03428557142857157,-0.008571428571428643,0.02666666666666663,-0.01096571428571431,-0.00783257142857138,0.017179333333333345,-802222.1428571428,-250450.64285714287,133394.13333333333
2009-06-30,16.41,16.5,16.34,16.49,9.041096,10660775.0,1.0054844606946984,0.9957343083485679,1.0048750761730652,0.010000000000001563,0.15351800000000004,741881.0,1.0076537703088901,1.009856972091661,1.0134195953309142,0.9922044062286537,0.989814893150369,0.9892893871470689,0.9994959981276799,0.9992704307705528,1.0038796561482546,-0.0028571428571427964,-0.01071421428571411,0.04366666666666668,-0.004699571428571454,-0.012923714285714307,0.021748299999999963,37668.71428571428,2428.214285714286,191230.13333333333
2009-07-01,16.48,16.48,16.15,16.25,8.909507000000001,7455015.0,1.0,0.9799757281553397,0.9860436893203883,0.07000000000000028,-0.13158899999999818,-3205760.0,1.0065329754127783,1.00900662765329,1.013269926739937,0.9902059478747782,0.9891073771772769,0.9889640110554326,0.9974160251303426,0.9979334153616268,1.0034572082468325,-0.012857142857142836,-0.022857071428571376,0.029666666666666685,-0.025847714285714116,-0.024672642857142817,0.012427533333333388,-179149.7142857143,-322975.14285714284,62251.86666666667
2009-07-02,16.450001,16.48,16.129998999999998,16.129998999999998,8.843716,6002272.0,1.0018236473055533,0.9805469920640125,0.9805469920640125,-0.02999900000000011,-0.06579100000000082,-1452743.0,1.0064405537446193,1.0073194748192404,1.0133307149834554,0.9891917132428449,0.987802411690725,0.9889737515552309,0.9960488301390227,0.9948533019460808,1.0031272459865457,0.03714285714285686,-0.03214278571428559,0.02500003333333337,0.007832428571428756,-0.0458203571428571,0.010600066666666663,-500711.5714285714,-859672.0,19392.2
2009-07-03,15.95,16.190001000000002,15.9,16.15,8.854681,5963139.0,1.0150470846394986,0.9968652037617556,1.0125391849529781,-0.500001000000001,0.010964999999998781,-39133.0,1.007882485782902,1.0075201365425746,1.013007094460581,0.9905130139129232,0.9878282479234578,0.988977835980297,0.9991669888032472,0.9951662115939044,1.0029371840734693,-0.02857142857142847,-0.0864285714285715,0.019999999999999987,0.011748714285714255,-0.0450371428571429,0.009503466666666623,-853645.1428571428,-715520.7857142857,-77184.26666666666
2009-07-06,16.02,16.129998999999998,15.94,15.98,8.761474,5304805.0,1.006866354556804,0.9950062421972534,0.9975031210986268,0.07000000000000028,-0.0932069999999996,-658334.0,1.0076094750814335,1.007466284596162,1.0128022275543525,0.9897996199411023,0.9889788278639494,0.9888981264651631,0.9979146447058277,0.9960764580399892,1.0027672056984658,0.01000000000000004,-0.07428564285714272,0.021666666666666678,-0.005482857142857155,-0.03211328571428572,0.010417233333333324,-752596.1428571428,-560355.0714285715,-11925.966666666667
2009-07-07,16.02,16.09,15.88,15.9,8.717609,5297312.0,1.0043695380774034,0.9912609238451936,0.9925093632958802,0.0,-0.043865000000000265,-7493.0,1.0057569146210183,1.0071387356102195,1.0121354062719963,0.9887281022064706,0.9902735889488407,0.9888044523851677,0.9946331428679548,0.9968207259939593,1.0024736003731067,-0.01857142857142843,-0.05214285714285717,0.027999999999999994,-0.03916314285714278,-0.021539785714285768,0.012793066666666656,-1319509.4285714286,-369917.64285714284,-135925.56666666668
2009-07-08,15.9,16.309998999999998,15.82,16.299999,8.936924000000001,13181905.0,1.0257861006289306,0.9949685534591195,1.0251571698113207,-0.11999999999999922,0.2193150000000017,7884593.0,1.008482455128984,1.0089805999408574,1.0121385529728026,0.9906225645473203,0.9916312286878437,0.9890100356998567,0.9998820852451817,0.9998625113780948,1.0024557827133258,-0.07142857142857117,-0.05285707142857137,0.02400000000000002,0.00704942857142881,-0.0019581428571427495,0.013341433333333381,466144.4285714286,-168038.85714285713,191065.5
2009-07-09,16.17,16.389999,15.77,15.85,8.690199,11848797.0,1.0136053803339515,0.9752628324056895,0.9802102659245515,0.27000000000000135,-0.24672500000000142,-1333108.0,1.0096425865060203,1.0086481784074552,1.012592065650601,0.987698067984052,0.9899512371063528,0.9881854634467131,0.9963585409239654,0.9979272695258227,1.001796124910811,-0.034285714285714065,-0.01857142857142843,0.02000000000000005,-0.05012814285714283,-0.02741385714285714,0.005117266666666668,169717.42857142858,103693.07142857143,390093.23333333334
2009-07-10,15.71,16.08,15.68,16.030001000000002,8.788889,10009412.0,1.0235518777848502,0.9980903882877148,1.0203692552514323,-0.46000000000000085,0.0986899999999995,-1839385.0,1.0130071404752845,1.0097700579440314,1.0124923682345817,0.9902858765743913,0.9902459122245847,0.9884978327267304,1.001262193199829,0.9993391091650857,1.0017894110790018,-0.10999999999999995,-0.06142857142857139,0.021333333333333353,-0.01723114285714316,-0.021539428571428636,0.011879366666666632,364913.85714285716,92882.07142857143,-1782216.9333333333
2009-07-13,16.01,16.07,15.69,15.75,8.635369,10034130.0,1.0037476577139288,0.9800124921923796,0.9837601499063084,0.3000000000000007,-0.15351999999999855,24718.0,1.0132819991050526,1.0098612764248358,1.0119153118558903,0.9902095194498723,0.9897006163463588,0.9881293914432898,1.0017212157487283,0.9988850229438755,1.0007588251377804,-0.06285728571428553,-0.012857214285714338,0.011333333333333388,-0.02976385714285712,-0.010965714285714181,-0.002741333333333292,575979.7142857143,37634.07142857143,-697994.8666666667
2009-07-14,16.01,16.379998999999998,15.97,16.379998999999998,8.980785000000001,12756205.0,1.0231104934415989,0.9975015615240475,1.0231104934415989,0.0,0.34541600000000017,2722075.0,1.0144339146482095,1.011158200215556,1.0122898262206104,0.9903004277016283,0.9904067208072757,0.9887336101607581,1.0032314026756741,1.0011991957394606,1.0011333395025004,0.008571428571428896,-0.009999999999999787,0.0003333333333333854,0.018014857142857364,0.014881785714285809,0.0034723333333333884,970438.0,58396.42857142857,-151826.36666666667
2009-07-15,16.379998999999998,16.51,16.25,16.5,9.046579,9447482.0,1.0079365694710973,0.9920635526290327,1.0073260688233254,0.3699989999999964,0.06579399999999858,-3308723.0,1.0145868024931086,1.011098138787271,1.0125338404381414,0.9898800434775967,0.9898398317093494,0.9891262810565667,1.0046346809220597,1.0012746628139437,1.001890994250914,0.05142842857142834,0.030714214285714192,0.0049999666666665854,0.040729285714285676,0.01762321428571426,0.009503499999999991,591811.0,-80392.57142857143,-243762.06666666668
2009-07-16,16.690001000000002,16.809998999999998,16.530001000000002,16.65,9.128819,8847058.0,1.0071898138292499,0.9904134217846962,0.99760329553006,0.31000200000000433,0.08224000000000053,-600424.0,1.0149896990290868,1.0103733068250524,1.0112891921628995,0.9897589717546685,0.9892435369805694,0.9888915460914595,1.0053623855269425,0.9999977641974487,1.000454019708362,0.09571442857142896,0.038571500000000265,0.032333366666666724,0.05874428571428579,0.009790571428571506,0.005300033333333331,507106.5714285714,-406201.4285714286,-421158.86666666664
2009-07-17,16.74,16.82,16.68,16.76,9.189132,7404783.0,1.0047789725209082,0.9964157706093191,1.0011947431302273,0.04999899999999613,0.06031300000000073,-1442275.0,1.0119886807279408,1.0102355679284625,1.0103018922182605,0.9899657170618399,0.9902941408045801,0.9890792011617008,1.0019391817153578,1.0009106334802698,0.9993472454507004,0.11999999999999973,0.024285714285714275,0.015333299999999876,0.03602971428571422,0.021539571428571515,-0.001461999999999956,-825303.1428571428,-179579.35714285713,-465438.0
2009-07-20,16.790001,16.99,16.58,16.870001000000002,9.249443,8985008.0,1.0119117920243124,0.987492496277993,1.0047647406334284,0.05000100000000174,0.06031099999999867,1580225.0,1.0117467395408493,1.0106946630234348,1.0106790395669003,0.9917128119007403,0.9897054399423961,0.9897972903446829,1.005446963816626,1.0009027523702956,1.0003822170918866,0.08857157142857121,0.027142928571428575,0.001666700000000058,0.07989199999999995,0.01488192857142856,0.01041729999999994,-409112.71428571426,-119697.64285714286,-128956.56666666667
2009-07-21,16.85,16.959999,16.700001,16.77,9.194613,5031272.0,1.006528130563798,0.9910979821958457,0.9952522255192877,0.059999000000001246,-0.054829999999999046,-3953736.0,1.0093147756521277,1.0111609580637062,1.010351847712409,0.9907138967447591,0.9904998866595751,0.9900857057318407,1.0018588167120337,1.0015605049559313,1.0004459111305843,0.16285714285714295,0.0264285714285715,0.011000000000000062,0.05796057142857158,0.020364714285714212,0.006579300000000051,-711162.8571428572,-173124.5,-279797.7
2009-07-22,16.6,16.91,16.6,16.9,9.265889,9320700.0,1.0186746987951807,1.0,1.0180722891566263,-0.25,0.07127599999999923,4289428.0,1.0114472100923064,1.0123646045986796,1.0104308573656773,0.9935692550029905,0.9918893872264315,0.990146088183152,1.0067605508906505,1.0042408833196894,1.0005249692882598,0.08428571428571427,0.010714214285714365,0.0013333666666667909,0.09007428571428555,0.030155214285714216,0.0014620333333333236,-101918.57142857143,237030.57142857142,-43536.0
2009-07-23,16.9,16.91,16.620001000000002,16.77,9.194613,9472469.0,1.0005917159763316,0.9834320118343197,0.9923076923076923,0.29999999999999716,-0.07127599999999923,151769.0,1.0082302418829827,1.0113320782655961,1.010053753826982,0.9915593193330293,0.9909298735173289,0.9899311235183416,1.002360150728664,1.002795776702169,1.0001098288636712,0.12714285714285672,0.06785714285714281,0.00333336666666663,0.030546857142857067,0.024280857142857215,-0.0020103666666666815,-469105.14285714284,250666.42857142858,-83473.26666666666
2009-07-24,17.0,17.0,16.809998999999998,16.950001,9.293303,8710051.0,1.0,0.9888234705882352,0.9970588823529412,0.10000000000000142,0.0986899999999995,-762418.0,1.0070964462442544,1.0108416243686815,1.0092056275942405,0.9910964504700585,0.9904882469738274,0.9895980222420915,1.0008934098043232,1.0027640453631914,0.9992228389460472,0.08857157142857172,0.07000000000000003,0.003333333333333381,0.03524628571428577,0.037987785714285724,-0.006396600000000004,-105347.28571428571,243231.85714285713,-310920.9666666667
2009-07-27,17.030001000000002,17.25,17.0,17.08,9.364579,11783202.0,1.0129183198521243,0.9982383442020936,1.0029359364101034,0.030001000000002165,0.071276000000001,3073151.0,1.0079148042475221,1.0114522516383044,1.0092283109055504,0.9922142965296866,0.9909866341421776,0.9896558504987113,1.0016552156443295,1.0035088005856359,0.9990487551636025,0.04857142857142855,0.07214292857142876,-0.004333299999999932,0.03368000000000012,0.04621214285714296,-0.004020733333333304,419449.14285714284,463277.85714285716,-139907.6
2009-07-28,17.09,17.290001,17.059998999999998,17.129998999999998,9.391995,9640045.0,1.011702808660035,0.9982445289643065,1.002340491515506,0.05999899999999769,0.027415999999998775,-2143157.0,1.008903923695969,1.0104463022119547,1.009364395133999,0.9924755477232562,0.991220632392548,0.9903007306965093,1.0018188939850836,1.0018790378502207,0.9996347825190046,0.050000000000000204,0.08499999999999996,0.0010000333333334056,0.028980428571428414,0.03250507142857132,0.006031166666666661,319323.14285714284,-252990.0,-116991.03333333334
2009-07-29,17.1,17.440001000000002,17.08,17.120001000000002,9.38651,8606713.0,1.0198830994152048,0.998830409356725,1.001169649122807,0.010000000000001563,-0.005485000000000184,-1033332.0,1.0100426818946677,1.0108947107177586,1.0097286576518192,0.9940952495916465,0.9929040307461935,0.9911572687198428,1.0013053094835662,1.0033761366500962,1.0002707837584215,0.044285571428571605,0.0664285714285714,0.011666666666666714,0.019581000000000008,0.049736499999999975,0.012244799999999974,-54042.142857142855,-231577.42857142858,-62314.86666666667
2009-07-30,17.32,17.84,17.200001,17.74,9.726441,11467382.0,1.0300230946882216,0.9930716512702078,1.0242494226327943,0.21999999999999886,0.339931,2860669.0,1.013399105341014,1.0113569404965708,1.0107294274747598,0.9943772023165554,0.9925455495306573,0.9917276038584141,1.0054477662140673,1.0036532914630505,1.0016600253650672,0.06714285714285698,0.11499999999999996,0.022666700000000026,0.07597542857142844,0.06696800000000001,0.025403433333333326,919444.2857142857,104140.71428571429,-135568.9
2009-07-31,18.309999,18.83,18.040001,18.530001,10.159583,30576596.0,1.0283998377061625,0.9852540680095067,1.0120154020762098,0.989999000000001,0.43314200000000014,19109214.0,1.0147884108997256,1.0131178104960161,1.0110674460049125,0.9922706406036277,0.9929199478033092,0.9912766489738455,1.0045824966311505,1.0056715237609006,1.0018170837057288,0.2442855714285714,0.16428564285714284,0.06266663333333339,0.12767057142857144,0.1088724285714285,0.03618633333333333,3036556.5714285714,1467319.0,672650.0666666667
2009-08-03,18.75,19.32,18.719999,19.0,10.417274,11349678.0,1.0304,0.9983999466666668,1.0133333333333334,0.44000099999999875,0.2576910000000012,-19226918.0,1.0190467371888212,1.0136384895359019,1.0118192605291532,0.9944089170082487,0.9929841181706391,0.9914244826416521,1.0075861596348135,1.0049731551817387,1.0022414114734484,0.2642857142857145,0.1957142857142856,0.07266666666666666,0.1746658571428572,0.10260635714285714,0.04422776666666669,268172.71428571426,-100466.21428571429,88020.5
2009-08-04,19.389999,19.780001,19.120001,19.57,10.729789,23735626.0,1.0201135647299413,0.986075398972429,1.0092831876886637,0.6399989999999995,0.31251499999999943,12385948.0,1.0219201035788128,1.0145082749115335,1.0124073593873955,0.9940163353488478,0.9925563929094532,0.9913721081244815,1.0093324889684883,1.0051129493864057,1.0028802724962955,0.3414284285714285,0.2150000000000001,0.1066665999999999,0.20521228571428576,0.12022928571428577,0.0646966666666667,2146510.714285714,1020581.7142857143,474279.1
2009-08-05,19.700001,19.73,19.1,19.23,10.543376,13186037.0,1.0015227918008736,0.9695430979927362,0.976142082429336,0.3100020000000008,-0.18641299999999994,-10549589.0,1.0202921710000628,1.0141034876237924,1.0122930004350408,0.9899170144617969,0.9910656554957418,0.9907696747551992,1.0055047955426644,1.003580005593497,1.002394606100493,0.3814285714285712,0.21499999999999986,0.11833336666666673,0.16839957142857134,0.10103978571428573,0.05903120000000003,200405.0,309927.0714285714,41579.4
2009-08-06,19.219999,19.57,19.15,19.469999,10.674964,9016681.0,1.0182102506873179,0.9963580122975031,1.013007284755842,-0.48000199999999893,0.13158799999999893,-4169356.0,1.0212218055753888,1.0150628646356787,1.0126074278090484,0.9896475120808249,0.9910615299020405,0.9906482751651159,1.0070286231484267,1.004423758566755,1.0026191979330024,0.30428557142857166,0.17714278571428593,0.10899996666666674,0.18328128571428565,0.10613085714285704,0.06250366666666665,-89052.0,115135.57142857143,-51876.566666666666
2009-08-07,19.48,19.48,19.219999,19.379999,10.625619,5871123.0,1.0,0.9866529260780288,0.9948664784394251,0.26000099999999904,-0.04934499999999886,-3145558.0,1.0183813628017881,1.014212022348228,1.0120295124323715,0.9879078716124398,0.9910015606020431,0.9902446544347964,1.0061281701936577,1.003716739838612,1.0019320846756168,0.33999999999999986,0.19214278571428572,0.11100000000000006,0.17701557142857155,0.09829828571428578,0.05446226666666672,-390798.5714285714,-222420.35714285713,-288758.5
2009-08-10,19.57,19.610001,19.290001,19.290001,10.576273,6056494.0,1.0020439959121104,0.9856924374041901,0.9856924374041901,0.08999999999999986,-0.04934599999999989,185371.0,1.0143843486909152,1.0138917270159644,1.0118740683936696,0.9868536982030086,0.990615450259782,0.9903774917791637,1.0006200294467142,1.0030338978303908,1.001841346816732,0.32142857142857145,0.1942857142857142,0.10566666666666673,0.12140457142857157,0.09869000000000001,0.056289833333333365,-772984.0,73230.14285714286,-128746.66666666667
2009-08-11,19.379999,19.700001,19.34,19.690001,10.795585,7903810.0,1.016511971956242,0.9979360680049569,1.0159959760575838,-0.19000099999999875,0.2193120000000004,1847316.0,1.0126860821552122,1.013737246527469,1.0122416521023876,0.988665412488073,0.9904680265458504,0.99045088376771,1.0011886828726249,1.0028855897518878,1.0022120434795494,0.15285714285714289,0.19857135714285715,0.09899996666666672,0.09085742857142876,0.1092640000000001,0.05848296666666671,-3238969.4285714286,-101206.42857142857,-91898.83333333333
2009-08-12,19.4,19.65,19.379999,19.6,10.74624,8711125.0,1.0128865979381443,0.9989690206185569,1.0103092783505156,0.02000099999999705,-0.04934500000000064,807315.0,1.010184167574947,1.0146154523818842,1.0126712053669924,0.9887467087669144,0.9915778128875816,0.9910839935164838,1.0007566750179366,1.0041714173263752,1.0030208964472203,0.09285714285714265,0.17857142857142858,0.09733333333333327,0.04699514285714278,0.11083049999999998,0.06122443333333329,-376936.14285714284,-54381.71428571428,41870.333333333336
2009-08-13,19.82,20.200001,19.82,20.200001,11.075206,9081446.0,1.019172603430878,1.0,1.019172603430878,0.4200000000000017,0.3289659999999994,370321.0,1.0100497445322236,1.0159849240555183,1.0132495039045033,0.9907359374851389,0.9923761364169934,0.9917324271143501,1.0021694486953958,1.005750968831942,1.0043084168261158,0.06142871428571439,0.20142857142857146,0.1123333,0.04934528571428563,0.1272787857142857,0.07438299999999996,-2093454.2857142857,26528.214285714286,102639.13333333333
2009-08-14,20.49,20.860001,20.360001,20.74,11.371277,11446567.0,1.0180576378721329,0.9936554904831626,1.012201073694485,0.6699999999999982,0.29607099999999953,2365121.0,1.0124118653995464,1.0163520181998045,1.0133498556789244,0.9941805649837712,0.992048789722784,0.9916254366717303,1.0073207331618457,1.006412764352255,1.0042971464508326,0.11285699999999974,0.24714278571428544,0.1513333333333333,0.11827157142857127,0.1433355714285713,0.08388653333333333,-248495.7142857143,-24045.35714285714,182780.93333333332
2009-08-17,20.58,20.66,20.15,20.25,11.10262,6396868.0,1.0038872691933918,0.9791059280855199,0.9839650145772596,0.08999999999999986,-0.26865699999999926,-5049699.0,1.0103657251861284,1.0157937653807585,1.0132505528334774,0.9917159815249164,0.9906817468028707,0.9910954262013392,1.0031718374220482,1.0051002302852374,1.0038458762334537,0.1942858571428567,0.24928571428571417,0.15199999999999997,0.06109371428571438,0.12218750000000002,0.0780382,-374259.0,-231655.5,36402.1
2009-08-18,20.0,20.549999,20.0,20.370001,11.16841,8242167.0,1.02749995,1.0,1.0185000499999999,-0.5799999999999983,0.0657899999999998,1845299.0,1.0142942894718427,1.0163378261368154,1.0140215665642305,0.9936227063709122,0.9907652889916759,0.9913867287398327,1.0065480619307017,1.0063381160621796,1.0047122324569244,0.07428571428571422,0.20714285714285705,0.13266666666666668,0.07754157142857133,0.12727857142857144,0.08169336666666667,338720.5714285714,-26039.0,98161.83333333333
2009-08-19,20.5,20.57,19.66,19.799999,10.855892,9500184.0,1.0034146341463415,0.9590243902439024,0.9658536097560976,0.5,-0.31251799999999896,1258017.0,1.0144900949338758,1.0144372218123954,1.013275851014811,0.9898129853480141,0.9883333417755112,0.9901885899659922,1.00371394369526,1.002166986570987,1.0027354471217502,0.1328571428571428,0.22714285714285712,0.15333333333333332,0.03994557142857147,0.08067507142857153,0.06396559999999998,491955.71428571426,-140514.14285714287,-122724.03333333334
2009-08-20,20.280001,20.280001,19.559999,19.620001,10.757205,6619713.0,1.0,0.9644969445514329,0.9674556229065274,-0.2199990000000014,-0.09868699999999997,-2880471.0,1.0121312417972697,1.0124086619762411,1.0128223383370125,0.9850359677117962,0.9868506900999346,0.9898297270375169,0.9967796075308233,0.998984145201724,1.0023102923544829,0.12857171428571387,0.14071442857142838,0.13700003333333324,-0.005482857142857155,0.0426872857142858,0.06890020000000004,-183442.42857142858,-1711205.9285714286,-174302.8
2009-08-21,19.52,19.65,18.73,19.030001,10.433722,14045803.0,1.0066598360655736,0.9595286885245902,0.9748975922131147,-0.760000999999999,-0.3234830000000013,7426090.0,1.0112417043869024,1.0107129359809248,1.0122592702797033,0.9794016345555155,0.9840741716612149,0.9885443370454129,0.9917207952254803,0.9962387351217085,1.0007945702532057,0.017142857142857286,0.05499999999999997,0.12699999999999995,-0.044645428571428676,0.001174857142857049,0.05482776666666667,762096.8571428572,192580.35714285713,134546.36666666667
2009-08-24,19.33,20.0,19.33,19.809999,10.861376,8346564.0,1.0346611484738748,1.0,1.0248318158303158,-0.19000000000000128,0.4276540000000004,-5699239.0,1.0134543536787592,1.0117520491054914,1.0132897199717015,0.9794016345555155,0.9850687860203271,0.9892105873056669,0.9925292541396856,0.9973493514175408,1.0021636257840059,-0.07000000000000028,-0.004285642857142946,0.11066666666666655,-0.03054714285714282,0.009399071428571406,0.07420023333333331,-104983.14285714286,-1099218.7142857143,-56252.2
2009-08-25,19.6,19.959999,19.6,19.799999,10.855892,6407476.0,1.0183672959183672,1.0,1.0102040306122448,0.2700000000000031,-0.005483999999999156,-1939088.0,1.013498590542507,1.0129552279710268,1.0131316133875938,0.9803079930579207,0.987244279020846,0.9892938685881986,0.9922439622707941,0.99978234771632,1.0017334103563607,-0.12714285714285672,-0.007142928571428493,0.11966666666666666,-0.07362642857142834,0.022322571428571462,0.06250356666666666,-719870.1428571428,-484182.9285714286,-211624.3
2009-08-26,19.799999,20.1,19.799999,19.969999,10.949101,5784506.0,1.0151515664217963,1.0,1.0085858590194878,0.19999899999999826,0.09320899999999988,-622970.0,1.0151077758608504,1.0127367505234894,1.0133721132859506,0.9832928604742752,0.9875044209995958,0.9895584168338976,0.9957612257625412,0.9994665315922947,1.0017754033628994,-0.11142871428571409,0.04142857142857131,0.11400000000000006,-0.021931285714285615,0.019581214285714386,0.06341740000000004,-87480.28571428571,-230869.64285714287,-122099.2
2009-08-27,20.1,20.450001,19.969999,20.32,11.140998,8831188.0,1.0174129850746267,0.993532288557214,1.0109452736318407,0.30000100000000174,0.1918969999999991,3046682.0,1.0136667808715114,1.013980535171677,1.0137128856607964,0.9823689016967343,0.9879958040338233,0.989662379059648,0.9946819719956613,1.0006150169631816,1.0022201359662923,0.014285714285714488,0.04428571428571436,0.11366663333333331,-0.0039159999999999985,0.036812785714285666,0.06707263333333333,84145.85714285714,211433.2142857143,-529.0
2009-08-28,20.450001,20.49,20.209999,20.459999,11.217758,18328941.0,1.0019559412246482,0.988263961454085,1.0004888997315942,0.3500009999999989,0.07676000000000016,9497753.0,1.0134583961684125,1.0139742455511442,1.0136187846175877,0.986545983298189,0.9881794843231015,0.9893906520878069,0.9996298705635892,1.0016719071294247,1.0021966078530045,-0.00714271428571424,0.0628572142857143,0.12366670000000006,0.05169514285714273,0.0458203571428571,0.06762086666666664,1261251.0,876603.3571428572,364138.6
2009-08-31,20.620001,21.58,20.620001,21.290001,11.672828,14348976.0,1.0465566902736814,1.0,1.0324927239334276,0.16999999999999815,0.455070000000001,-3979965.0,1.0201093519217956,1.0161202968595326,1.0147736145592334,0.99161784836227,0.9883269080370332,0.9898075688785404,1.0089208849960036,1.0028502462634135,1.0031208739630044,0.04857142857142855,0.08857157142857121,0.12766666666666662,0.13080328571428573,0.06266021428571429,0.08077950000000005,1104180.4285714286,460369.0,178798.93333333332
2009-09-01,21.450001,22.030001,21.35,22.0,12.062109,11175749.0,1.0270396257790384,0.9953379489352938,1.0256409778255955,0.8300000000000018,0.38928099999999866,-3173227.0,1.0230207504522904,1.0171312274195965,1.0154573310664081,0.9967334569923704,0.9880675457739428,0.9899489011031887,1.016169940083501,1.0039453676544905,1.0041338323732145,0.2757144285714287,0.146428642857143,0.15333336666666664,0.2326267142857143,0.0939906428571428,0.09558319999999997,-410007.71428571426,176044.57142857142,204815.9
2009-09-02,21.5,21.559999,21.18,21.18,11.612517,20023362.0,1.0027906511627906,0.9851162790697674,0.9851162790697674,0.04999899999999968,-0.4495919999999991,8847613.0,1.0184678222649928,1.0159610879718761,1.014927862811995,0.9946072111451942,0.9870044228503548,0.9894527770721809,1.0104962919748512,1.0015127730572684,1.0030352987036526,0.3100000000000002,0.11999999999999998,0.16333333333333327,0.10730585714285722,0.038379357142857194,0.07822093333333337,1668114.0,781565.4285714285,356755.4
2009-09-03,21.120001,21.459999,20.969999,21.15,11.596067,8539742.0,1.0160983893892808,0.992897632912044,1.0014204071297155,-0.37999900000000153,-0.016450000000000742,-11483620.0,1.0181436927608376,1.0158211416516723,1.01544475192576,0.9935925872754863,0.9869502901667034,0.9897682977747718,1.0092414886202041,1.0007427254454992,1.0033390558643867,0.2171429999999996,0.04500007142857143,0.1406667,0.10573928571428556,0.016056428571428607,0.08004846666666664,304609.4285714286,-207630.35714285713,-31090.9
2009-09-04,21.51,21.75,21.17,21.17,11.607033,8499418.0,1.0111576011157601,0.9841933984193398,0.9841933984193398,0.3899990000000031,0.01096599999999981,-40324.0,1.0175731262885466,1.0163404510746985,1.015816671962952,0.9913345013353919,0.9873136809048335,0.9896139620358085,1.0057568513916115,1.0007590385770764,1.0029102063999333,0.24428585714285742,0.06642857142857166,0.15033333333333337,0.09399028571428555,0.03602949999999997,0.07712433333333332,387844.5714285714,150182.14285714287,-7021.1
2009-09-07,21.4,21.549999,21.18,21.35,11.705724,7011599.0,1.0070092990654207,0.9897196261682244,0.9976635514018692,-0.11000000000000298,0.09869100000000053,-1487819.0,1.0160868854300886,1.0148768331508,1.0156197046033952,0.990789835279822,0.9865793684882782,0.9893300047680129,1.0038594625016155,0.9992707172486385,1.0027344602329922,0.1857142857142853,0.0999999999999999,0.1456666333333332,0.0806751428571429,0.03837957142857145,0.07803816666666664,-259941.2857142857,-87897.71428571429,-159053.43333333332
2009-09-08,21.4,21.950001,21.379999,21.950001,12.034692,7327102.0,1.0257009813084113,0.9990653738317758,1.0257009813084113,0.0,0.3289679999999997,315503.0,1.0194790340134834,1.0164687150909477,1.016086310358341,0.9923328941909207,0.989439438744555,0.9893573662635953,1.0074611884411608,1.0035455295023752,1.003513143226089,0.13571414285714262,0.06428571428571418,0.14366666666666664,0.11670485714285712,0.08419999999999993,0.0880899,-1571691.2857142857,-155220.14285714287,-77098.1
2009-09-09,22.190001,22.200001,21.82,22.200001,12.171762,10663120.0,1.0004506534271902,0.9833257781286265,1.0004506534271902,0.7900010000000002,0.13706999999999958,3336018.0,1.0128924573211275,1.0165009046214615,1.0154385621587407,0.9899508624950102,0.9907843554286401,0.9888405452226586,1.0028837497974126,1.0059023173967083,1.003489176702902,0.22428571428571434,0.13642857142857143,0.16966669999999992,0.07127628571428549,0.10103978571428561,0.09284173333333333,-526550.8571428572,288814.78571428574,68546.9
2009-09-10,22.200001,22.4,21.9,22.309999,12.23207,7304131.0,1.0090089635581547,0.9864864420501602,1.0049548646416728,0.010000000000001563,0.060308000000000916,-3358989.0,1.0103166484324297,1.01666869944236,1.0147380911210717,0.9886863615114198,0.9927099092518951,0.9886210382486571,0.999928590771138,1.0080492654273194,1.0028460247698645,0.10714285714285714,0.19142864285714292,0.1626667,0.024280142857142955,0.12845342857142864,0.0835209666666667,-553088.2857142857,-481548.0,-138775.03333333333
2009-09-11,22.4,22.68,22.25,22.68,12.434935,8909712.0,1.0125,0.9933035714285715,1.0125,0.19999899999999826,0.20286499999999918,1605581.0,1.0117036982663168,1.0150857602656547,1.0142080965308662,0.9898559747055345,0.9922315929253644,0.9888893550292926,1.0038405509040282,1.0071684214394399,1.0028621780339908,0.12857142857142836,0.2192857142857143,0.13633336666666657,0.11748828571428557,0.11239707142857139,0.07584506666666666,-1587664.2857142857,40224.857142857145,-722229.4666666667
2009-09-14,22.51,22.610001,21.76,22.01,12.067586,8402639.0,1.0044425144380276,0.9666814749000444,0.977787649933363,0.11000000000000298,-0.36734899999999904,-507073.0,1.0100385732732806,1.014091133017059,1.0133428470121337,0.986110809275249,0.9898516982753677,0.9878320726370718,1.0004644427331209,1.0048529656766625,1.0016773219206585,0.19857128571428614,0.20785714285714288,0.12533333333333338,0.06735985714285724,0.0865495714285714,0.05501039999999999,-19586.14285714286,142511.64285714287,-98234.63333333333
2009-09-15,22.1,22.35,21.790001,22.09,12.11145,10387343.0,1.01131221719457,0.9859728959276017,0.9995475113122171,-0.41000000000000014,0.04386399999999924,1984704.0,1.0100606612845393,1.013816893786543,1.0130494687609548,0.9863650232050007,0.9888497622701964,0.987828655868911,1.0026578874321035,1.0042073694118574,1.0013527993747768,0.08428571428571427,0.16428578571428584,0.09033336666666673,0.07205957142857145,0.0830249285714285,0.046055366666666646,269703.5714285714,328774.0714285714,-444942.76666666666
2009-09-16,22.280001,22.91,22.27,22.83,12.517177,11814430.0,1.0282764349965694,0.9995511221027324,1.0246857708848398,0.1800009999999972,0.4057270000000006,1427087.0,1.0130988235604177,1.0145928544952532,1.0139412568674782,0.987769522624216,0.9892796789520191,0.9888289233392442,1.0065182045010992,1.0051888335013575,1.0029709223232937,0.1257144285714286,0.15571435714285695,0.08599999999999994,0.11592185714285717,0.09829850000000004,0.06579336666666666,686118.7142857143,213088.7142857143,-45720.23333333333
2009-09-17,22.9,23.0,22.65,22.85,12.528142,16835880.0,1.0043668122270744,0.9890829694323144,0.997816593886463,0.619999,0.010965000000000558,5021450.0,1.0100510851202267,1.014765059566855,1.0134798089188033,0.9863434648528644,0.9893381795218925,0.9885864219104046,1.0025347205836779,1.0049979545124195,1.002464565960981,0.21428571428571427,0.17499992857142846,0.1226666999999999,0.07049285714285729,0.0935988571428572,0.06177260000000005,1358396.857142857,-106647.21428571429,260639.96666666667
2009-09-18,22.799999,23.18,22.620001,23.18,12.709071,14703245.0,1.016666711257312,0.9921053505309364,1.016666711257312,-0.1000009999999989,0.180928999999999,-2132635.0,1.012367664810244,1.0126300610656858,1.0140353659607135,0.9875976894817659,0.988774275988388,0.988768169392168,1.0048513002736954,1.003867525035554,1.0031912403882441,0.08714257142857156,0.15571414285714294,0.1106666333333333,0.07675842857142864,0.07401735714285707,0.06944839999999998,577160.7142857143,25304.928571428572,294404.06666666665
2009-09-21,22.950001,23.26,22.82,23.15,12.692623,7712770.0,1.0135075811107808,0.9943354686564065,1.0087145529971873,0.15000200000000063,-0.016448000000000462,-6990475.0,1.0130103244606192,1.0116634864465244,1.014417485467336,0.9887189789969438,0.9887026702541819,0.9890562704339086,1.0053883986101975,1.0026584946906678,1.003958644241344,0.10714285714285714,0.10714285714285714,0.1126667,0.06579328571428558,0.04503671428571427,0.07054499999999995,58377.0,-247355.64285714287,55209.2
2009-09-22,23.030001,23.41,23.01,23.33,12.791314,7039834.0,1.0165001729700316,0.999131524136712,1.0130264432033675,0.0799999999999983,0.09869100000000053,-672936.0,1.0135817777420524,1.0126427380041845,1.0144170921677957,0.9895515436695355,0.989703759187535,0.9890961189716339,1.0054636047821073,1.0046520778430676,1.00385965981287,0.09000014285714286,0.10928578571428561,0.12166673333333324,0.05091128571428578,0.08419978571428567,0.06652429999999997,-267125.4285714286,-927394.8571428572,-28799.2
2009-09-23,23.33,23.58,23.299999,23.58,12.928382,6127647.0,1.0107158165452208,0.9987140591513074,1.0107158165452208,0.2999989999999997,0.1370679999999993,-912187.0,1.0144779637573655,1.0122582685153232,1.0143447327880315,0.9941276271340015,0.9901192182046252,0.9890876202560589,1.010167628583801,1.0053160356584612,1.003873211086027,0.11714285714285667,0.15785707142857142,0.13099999999999998,0.12297085714285697,0.09516535714285711,0.07273806666666663,-324998.85714285716,-172292.5,-86115.93333333333
2009-09-24,23.25,23.59,23.190001,23.49,12.879036,8302048.0,1.0146236559139785,0.9974193978494623,1.0103225806451612,-0.0799999999999983,-0.04934599999999989,2174401.0,1.0149510264315666,1.012505843858053,1.014193101204135,0.9957628416942673,0.9910639324496341,0.9890016001843743,1.0117069242027932,1.0071824058174481,1.003578210326503,0.1642857142857141,0.12428571428571418,0.11433333333333333,0.10965514285714281,0.09085735714285713,0.060127666666666656,-297899.28571428574,-14097.857142857143,-25979.933333333334
2009-09-25,23.4,24.299999,23.34,23.790001,13.043523,15319119.0,1.0384614957264957,0.9974358974358974,1.0166667094017094,0.14999999999999858,0.16448700000000116,7017071.0,1.0164060351072706,1.0147524293338441,1.0148732297992804,0.9954606667418623,0.9916150946830392,0.9891276137494655,1.0105613439909173,1.0085397742460083,1.0037270648500771,0.15999985714285714,0.14285714285714285,0.097,0.07519228571428574,0.09555707142857146,0.05574153333333338,500669.85714285716,593394.2857142857,129085.06666666667
2009-09-28,23.940001,24.440001,23.719999,24.33,13.33959,8656141.0,1.0208855463289246,0.990810276073088,1.0162906843654684,0.5400010000000002,0.29606699999999897,-6662978.0,1.0187658542646776,1.0144084696924522,1.0154398390371313,0.9957074248334015,0.9910254448431328,0.9895177586823843,1.0132004997736324,1.0078676101786552,1.0048045871763507,0.14857157142857144,0.18142864285714286,0.11200003333333335,0.11592114285714265,0.09320699999999997,0.07456566666666666,-1168534.142857143,94931.35714285714,75309.1
2009-09-29,24.620001,24.99,24.58,24.73,13.558903,10561333.0,1.0150283909411701,0.9983752640789901,1.0044678714675925,0.6799999999999997,0.21931300000000142,1905192.0,1.0185318085052288,1.0154497366577364,1.015024120401837,0.9966031267688378,0.9921004081253019,0.9894636008183507,1.011457808375101,1.0081545543243982,1.0043368478919372,0.2600002857142855,0.17357142857142854,0.15400003333333329,0.12140457142857157,0.09908150000000011,0.07968310000000003,-591701.7142857143,-7270.5,77305.53333333334
2009-09-30,24.530001,24.77,24.299999,24.389999,13.372488,12313515.0,1.0097838968697963,0.9906236448991584,0.9942926215127346,-0.08999999999999986,-0.18641500000000022,1752182.0,1.0179998536136596,1.0155050890371393,1.0152364291592855,0.996072866232088,0.9923959226145159,0.9905169093068592,1.0093975324487505,1.007392965529474,1.0052848149504918,0.22571428571428548,0.16642857142857131,0.13433336666666662,0.09712357142857161,0.0814584285714286,0.08388653333333333,657249.2857142857,357813.14285714284,93777.7
2009-10-01,24.299999,24.639999,24.07,24.1,13.21349,6994717.0,1.013991770123118,0.9905350201866264,0.9917695881386662,-0.23000199999999893,-0.15899800000000042,-5318798.0,1.0176415103498149,1.0156116440459335,1.015702821496723,0.9948447942392187,0.992198168954377,0.9913848451613657,1.0063608388680791,1.005912221825093,1.0060952804582297,0.18142828571428588,0.13571421428571437,0.13399993333333338,0.06031085714285719,0.05561107142857148,0.08187616666666665,-6445.285714285715,-136785.35714285713,12500.133333333333
2009-10-02,23.5,23.82,23.290001,23.610001,12.944833,8787861.0,1.0136170212765958,0.9910638723404256,1.0046808936170213,-0.7999989999999997,-0.26865700000000103,1793144.0,1.0180559681685828,1.0162669659629742,1.0159347276704236,0.9937519104090926,0.9939397687715471,0.9924360179552268,1.0054987070211934,1.0078331678024972,1.0070880571716934,0.02428571428571453,0.0707142857142856,0.13266666666666668,0.002350142857142856,0.06266049999999991,0.08370369999999999,380030.5714285714,27515.85714285714,-175264.73333333334
2009-10-05,23.549999,23.65,23.1,23.1,12.665213,5423925.0,1.0042463271442177,0.9808917613966779,0.9808917613966779,0.04999899999999968,-0.27961999999999954,-3363936.0,1.0165734926300456,1.015762259530806,1.0149209002927684,0.9913908194872663,0.9935768305907667,0.9917990766684495,1.00129430427141,1.0065006142371016,1.0056233886905719,0.04285699999999996,0.10357135714285702,0.14066663333333337,-0.030546142857142806,0.0395545,0.06012789999999999,-411160.4285714286,-354529.85714285716,-97421.3
2009-10-06,23.33,23.52,23.07,23.299999,12.774862,6831451.0,1.008144020574368,0.9888555507929705,0.9987140591513074,-0.2199990000000014,0.109649000000001,1407526.0,1.01224242475117,1.0143242299292203,1.0145801244479684,0.9901650556811339,0.9928128612114981,0.9914275950282151,0.998729639949924,1.0046454919704206,1.005240389641874,-0.01000000000000004,0.07499992857142855,0.12433333333333323,-0.03838014285714283,0.018406071428571456,0.06396566666666666,-1212524.0,-355927.0714285714,14132.5
2009-10-07,23.74,24.1,23.6,23.85,13.076418,8023679.0,1.0151642796967146,0.9941027801179445,1.0046335299073295,0.41000000000000014,0.3015559999999997,1192228.0,1.0114251009465687,1.0150954776056234,1.0145805482237988,0.9906354134018277,0.9931714191176146,0.9912310210321466,0.99706433217019,1.005132415971911,1.0051086453381355,-0.028571571428571474,0.05999999999999999,0.13133336666666662,-0.037595999999999866,0.039162571428571394,0.07091056666666666,-90351.71428571429,-629442.9285714285,74639.1
2009-10-08,24.0,24.75,23.870001,24.74,13.564384,9422658.0,1.03125,0.9945833749999999,1.0308333333333333,0.26000000000000156,0.4879660000000001,1398979.0,1.0137424736692586,1.0161371410872437,1.0150417820546447,0.990093714961972,0.9933484208654049,0.9912660572469062,1.0008308267224386,1.0061443175487699,1.0057715806615186,-0.08857157142857121,0.08571435714285716,0.12999999999999995,0.0007829999999999464,0.06109378571428576,0.08077953333333336,-162667.85714285713,-377184.78571428574,19715.666666666668
2009-10-09,24.99,25.08,24.610001,24.620001,13.498592000000002,9553387.0,1.0036014405762306,0.9847939575830333,0.9851941176470588,0.9899999999999984,-0.0657919999999983,130729.0,1.0128592656273205,1.01542955962049,1.0150966320330308,0.9892609024882396,0.9926668843601638,0.9911503904512046,0.9995310404559136,1.004464286452332,1.005261754592034,0.06571414285714283,0.14571421428571416,0.15133329999999995,0.018014857142857364,0.05756921428571449,0.07602780000000008,-394304.0,131472.64285714287,-292518.4666666667
2009-10-12,24.85,24.940001,24.209999,24.209999,13.273796,4792916.0,1.0036217706237422,0.9742454325955734,0.9742454325955734,-0.13999999999999702,-0.22479600000000133,-4760471.0,1.0113778371274098,1.0145096737386123,1.0136654680446995,0.9869338185466608,0.9908893063929397,0.990291904871057,0.9970275896640431,1.001694214266061,1.0033201782141057,0.07857157142857167,0.12999992857142878,0.14099996666666675,0.008615142857142948,0.03446300000000007,0.0533656,-314543.0,-160494.14285714287,-318535.3333333333
2009-10-13,24.379999,24.809999,24.32,24.639999,13.509557999999998,7219827.0,1.0176374084346762,0.9975390072821577,1.0106644795186415,-0.4700009999999999,0.23576199999999758,2426911.0,1.0119521781499927,1.0150040731592878,1.0133520607998876,0.9878588378240512,0.9908053741165718,0.990365273482619,0.9978823876499888,1.001690547335591,1.002820961603874,0.12571414285714308,0.0749999285714288,0.09766660000000003,0.0806749999999999,0.04151257142857138,0.04824829999999996,-224004.85714285713,78012.85714285714,-131864.06666666668
2009-10-14,24.6,24.860001,24.5,24.799999,13.597282,6568234.0,1.0105691463414634,0.9959349593495934,1.0081300406504063,0.2200009999999999,0.08772400000000147,-651593.0,1.0128554380353136,1.0147144653326794,1.0136113439725098,0.990007866103039,0.9906993427951526,0.9907258961586133,1.0017735704005213,1.0015339373359657,1.003588086989895,0.1500001428571431,0.09642857142857153,0.10333333333333337,0.13315271428571432,0.05130328571428576,0.06615883333333332,163472.7142857143,-123843.85714285714,-448504.26666666666
2009-10-15,25.1,25.25,24.780001,24.91,13.657592,7092688.0,1.0059760956175299,0.9872510358565736,0.9924302788844621,0.5,0.06030999999999942,524454.0,1.012545734470051,1.0123940796106106,1.0132739341801182,0.9897786496835536,0.9899718526823439,0.9905376762567643,1.0008758875052577,0.9998027637275909,1.0032884160483866,0.2528571428571433,0.12142857142857164,0.13266663333333342,0.12610428571428553,0.04386207142857135,0.06871749999999999,37319.57142857143,-587602.2142857143,-48235.13333333333
2009-10-16,24.76,25.049999,24.469999,24.559999,13.465694,6272924.0,1.0117123990306947,0.988287520193861,0.9919224151857835,-0.33999999999999986,-0.19189800000000012,-819764.0,1.0120526086606196,1.0117388548035942,1.0132924274439492,0.9889478982658275,0.9897916558338277,0.9906741469825816,0.9990600139736084,0.998062173071899,1.0035460499406015,0.14571428571428616,0.05857135714285734,0.10833333333333334,0.055610857142856976,0.009007428571428555,0.06195536666666666,-250107.85714285713,-170229.7857142857,-74216.46666666666
2009-10-19,24.33,24.370001,23.700001,23.73,13.010625,9552315.0,1.0016441019317714,0.974106083025072,0.9753390875462393,-0.43000000000000327,-0.45506899999999995,3279391.0,1.0078231946508727,1.0107828341600655,1.0131135875394943,0.9860225708408378,0.9880581429014048,0.9901536955444765,0.9911322645754522,0.9959815456489454,1.0028019011454137,0.047142857142856896,-0.020714357142857156,0.09766666666666665,-0.07910842857142875,-0.0391627142857144,0.04349669999999997,18522.428571428572,-72072.71428571429,84690.53333333334
2009-10-20,23.9,24.129999,23.790001,23.790001,13.043523,13684305.0,1.009623389121339,0.9953975313807532,0.9953975313807532,-0.4299999999999997,0.032898000000001204,4131990.0,1.0086834730144596,1.0107713693208902,1.0125776677999252,0.9875373670976548,0.9883991347929472,0.9900314341294424,0.9925898951088369,0.9960604677823753,1.0017917861478252,-0.1557142857142857,-0.04500007142857143,0.08333333333333333,-0.06500985714285738,-0.02349750000000001,0.033627700000000024,590131.1428571428,97913.57142857143,211906.76666666666
2009-10-21,23.700001,24.0,23.629999,23.84,13.070938,8559478.0,1.0126581851199077,0.9970463292385515,1.0059071305524416,-0.19999899999999826,0.027414999999999523,-5124827.0,1.0099743893710547,1.0106761132492323,1.0129845855230157,0.9907946380466518,0.9888642282966563,0.9904887858331066,0.997112994816961,0.997070292240502,1.0019736687186669,-0.1642855714285716,-0.04285699999999996,0.05033333333333338,-0.02897971428571441,-0.01018228571428573,0.029972533333333353,538080.2857142857,111768.64285714286,-70121.4
2009-10-22,23.620001,23.85,23.530001,23.530001,12.900971,7851165.0,1.009737467834993,0.9961896699326982,0.9961896699326982,-0.08000000000000185,-0.16996699999999976,-708313.0,1.0088458264282427,1.0103990022891176,1.0130088689989105,0.9906018755681576,0.9892303566961044,0.9908122267625246,0.995045164876112,0.9964637762630505,1.001681495561701,-0.1085711428571433,0.00857149999999989,0.04733333333333327,-0.08694099999999974,-0.0031329999999999253,0.0222967,90191.14285714286,-66906.85714285714,18234.466666666667
2009-10-23,23.889999,24.02,23.780001,23.85,13.076418,10275036.0,1.0054416494533969,0.9953956465213749,0.9983257010600964,0.26999800000000107,0.17544700000000013,2423871.0,1.0081133268728046,1.010484382454059,1.012773590647357,0.990524830878412,0.9902663484907255,0.9908819625989512,0.9936445449346393,0.9977090576675803,1.0012090189303708,-0.10142871428571455,0.024285714285714275,0.04966663333333336,-0.0744091428571428,0.029371785714285763,0.0213827666666667,529543.1428571428,346507.9285714286,45510.8
2009-10-26,23.690001,23.91,23.469999,23.799999,13.049005,6267228.0,1.0092865762226013,0.990713297141693,1.0046432247934478,-0.1999980000000008,-0.02741300000000102,-4007808.0,1.0085862526735292,1.01056599357179,1.0129350593735096,0.9910194396334291,0.9903990446584914,0.9916830233403396,0.9953892514930658,0.9981325694991617,1.0021042047590403,-0.20142842857142895,0.025714357142857174,0.03933336666666657,-0.086941,0.019581642857142763,0.03271396666666663,-117922.85714285714,-40301.642857142855,-71180.36666666667
2009-10-27,23.5,23.959999,23.469999,23.75,13.021589,12848881.0,1.0195744255319148,0.9987233617021277,1.0106382978723405,-0.19000099999999875,-0.027415999999998775,6581653.0,1.0097093993165607,1.01088100398859,1.0132104663180876,0.99251027413461,0.9907290862002187,0.9921080388661571,0.9980629490197167,0.9985614814966626,1.0024738976443779,-0.18000000000000022,-0.017142857142857033,0.04666666666666662,-0.06344357142857124,-0.0039163571428571286,0.0303379666666667,939422.4285714285,344657.28571428574,82051.26666666666
2009-10-28,23.889999,23.91,22.93,23.35,12.802281,10058831.0,1.0008372122577318,0.9598158626963526,0.9773964410798008,0.38999899999999954,-0.21930799999999984,-2790050.0,1.0095941293631265,1.0087086620069994,1.0122958255601264,0.9904688140876502,0.988245692464244,0.9907835302192777,0.9983568566673683,0.9947445606214103,1.0008975866508765,-0.06285728571428553,-0.007857214285714318,0.05366660000000003,-0.02976342857142836,-0.05443592857142855,0.009503466666666682,72359.42857142857,45440.92857142857,-58519.96666666667
2009-10-29,22.700001,23.09,22.65,22.85,12.528142,20224440.0,1.0171805719303713,0.997797312872365,1.0066078851714588,-1.1899979999999992,-0.2741389999999999,10165609.0,1.0106737269072739,1.0096785999608666,1.0127229508835698,0.9908116400150233,0.9891745035563391,0.9910740083339461,0.9999583357803264,0.9962741154445817,1.0011906296937096,-0.17142842857142832,-0.163571357142857,-0.006666633333333275,-0.07362585714285709,-0.06931785714285724,0.0,934305.0,762218.0714285715,112952.0
2009-10-30,23.5,23.549999,22.709999,23.059999,12.643279,23564673.0,1.0021276170212765,0.9663829361702128,0.9812765531914894,0.7999989999999997,0.11513699999999893,3340233.0,1.0091693600360407,1.0095718747035476,1.0122383144090352,0.9864311552909749,0.9886128966688134,0.990216594521922,0.9964396818716189,0.99677633834429,1.0000109577581824,-0.028571571428571474,-0.09642857142857153,0.023333366666666678,-0.06109414285714289,-0.04503692857142865,-0.002193066666666669,2143599.285714286,1340839.7857142857,295380.93333333335
2009-11-02,22.5,22.780001,22.360001,22.59,12.385588,11319227.0,1.0124444888888888,0.9937778222222222,1.004,-1.0,-0.25769099999999945,-12245446.0,1.0095560773294545,1.0092009518788487,1.0122028780016388,0.9860866056180496,0.9883442405931036,0.9901980063074493,0.9975554433098048,0.9963003040929584,0.9998538059916093,-0.16000014285714265,-0.13428564285714298,-0.015000033333333345,-0.07362614285714285,-0.0802835714285713,-0.01023449999999997,495437.4285714286,292814.28571428574,120215.23333333334
2009-11-03,22.83,22.93,22.389999,22.58,12.380105,6043334.0,1.0043802014892687,0.9807270696452037,0.9890494962768287,0.3299999999999983,-0.005482999999999905,-5275893.0,1.0094044419060075,1.0087588843894062,1.01179887895228,0.9839910946357396,0.9872579627570758,0.9895845244910656,0.9962302711979094,0.9949374080662743,0.9990545744273915,-0.15142842857142874,-0.12642857142857164,-0.006666700000000011,-0.09947328571428571,-0.08694121428571425,-0.01370696666666665,-604528.8571428572,-37492.857142857145,-33216.666666666664
2009-11-04,22.629999,22.879999,22.620001,22.73,12.462346,10511517.0,1.0110472828567072,0.9995581970639944,1.0044189573318143,-0.20000099999999676,0.08224099999999979,4468183.0,1.0096559714251656,1.0091211120493475,1.0118099278293295,0.9852546517674969,0.9881370457004629,0.9896126624214884,0.9961982329891047,0.9957937422410852,0.9988446791202779,-0.15142885714285675,-0.17642864285714285,-0.02333336666666656,-0.08380842857142845,-0.08537471428571422,-0.0155345333333333,606327.0,244202.07142857142,146129.0
2009-11-05,22.27,22.280001,21.99,22.07,12.406133,19483229.0,1.0004490794791199,0.9874270318814549,0.9910193084867535,-0.35999900000000196,-0.056212999999999624,8971712.0,1.0069237791319092,1.0083165892242347,1.0113374419481675,0.9836408903645436,0.9880755822495768,0.9892795835558882,0.9933955202197351,0.995729234619726,0.9982012367149976,-0.17571428571428577,-0.177857142857143,-0.032666666666666684,-0.08792228571428572,-0.07568292857142847,-0.015763433333333292,947764.0,943593.2142857143,372706.0333333333
2009-11-06,22.35,22.4,22.1,22.4,12.591635,8190121.0,1.0022371364653242,0.9888143176733781,1.0022371364653242,0.08000000000000185,0.1855019999999996,-11293108.0,1.0071237683044223,1.0083589488337743,1.0101299633061285,0.987783526789833,0.9891261704387416,0.9889921975638043,0.9969441909890956,0.9976505238282319,0.9977202509504514,-0.21999985714285689,-0.1414285714285712,-0.034999999999999906,-0.030092285714285794,-0.02992785714285708,-0.015062933333333342,-266958.5714285714,-97299.57142857143,-237633.26666666666
2009-11-09,22.58,23.1,22.51,22.66,12.737789,9661849.0,1.0230292294065546,0.9968999114260408,1.0035429583702393,0.22999999999999687,0.14615399999999923,1471728.0,1.00795929080102,1.009316508854147,1.0102014194087163,0.9876553265832152,0.9892334832991193,0.9891951854089027,0.9965063443032071,0.9982323400417666,0.9972953267506104,-0.01714300000000029,-0.0942857142857143,-0.04533336666666668,0.029949571428571225,-0.021838142857142934,-0.020060033333333335,-1508941.5714285714,-287318.28571428574,33523.6
2009-11-10,23.01,23.09,22.709999,22.799999,12.816485,7389770.0,1.003476749239461,0.9869621468926553,0.990873489787049,0.43000000000000327,0.07869600000000077,-2272079.0,1.0081520239750463,1.0086606920055436,1.0098163646853258,0.9905952138292785,0.9885131845601267,0.9888147481693582,0.9978773352454298,0.9971585085585245,0.9968421806945923,-0.06999999999999977,-0.04928578571428562,-0.053666699999999894,0.024743714285714345,-0.018175214285714274,-0.02474726666666669,-2310700.4285714286,-83550.57142857143,-105718.76666666666
2009-11-11,22.969999,23.07,22.75,22.950001,12.900805,9679194.0,1.0043535482957573,0.990422333061486,0.9991293861179532,-0.040001000000000175,0.08431999999999995,2289424.0,1.0069961753188845,1.0082761263241697,1.0096353530661912,0.9901158582348877,0.9881012319264686,0.9888080377747691,0.9971815332622803,0.9973684882860425,0.9970034061814329,0.06714271428571449,-0.04642871428571408,-0.052000066666666574,0.07360242857142854,-1.1857142857150751e-05,-0.015722766666666683,-234290.42857142858,130573.5,-87810.7
2009-11-12,23.049999,23.16,22.82,22.940001,12.895185,7286906.0,1.0047722778643071,0.9900217349250211,0.9952278522875424,0.0799999999999983,-0.0056200000000004025,-2392288.0,1.0070521862296045,1.008228314067806,1.009328036657564,0.9914436675605758,0.9877173810981577,0.9887909282660489,0.998064155549525,0.9971472133737173,0.9971186816530621,0.03142842857142877,-0.05999999999999999,-0.041666666666666664,0.07358285714285705,-0.012945214285714332,-0.010610166666666683,177653.14285714287,-213437.85714285713,9739.633333333333
2009-11-13,22.75,22.780001,22.389999,22.48,12.636606,9517830.0,1.0013187252747253,0.9841757802197802,0.9881318681318682,-0.2999989999999997,-0.2585789999999992,2230924.0,1.0056623922893213,1.0076591818572436,1.008918093457502,0.9892461794399738,0.9872504156037353,0.9885613251953608,0.9957374285209614,0.995967830755033,0.9965670474702237,0.01714299999999978,-0.06714292857142848,-0.025,0.024894285714285758,-0.029457071428571346,-0.01027423333333329,-141955.2857142857,232185.85714285713,24332.3
2009-11-16,22.52,22.629999,22.07,22.18,12.467968,9576134.0,1.0048845026642985,0.9800177619893429,0.9849023090586145,-0.23000000000000043,-0.16863799999999962,58304.0,1.0062960241729182,1.0066099016524137,1.008939365974838,0.9881877123125292,0.9859143013385364,0.9885321918817829,0.9948635714597988,0.994129545839767,0.9967007323922883,0.03571428571428571,-0.07000000000000003,-0.034333300000000004,0.008833571428571472,-0.039544357142857124,-0.006574833333333293,-1415299.2857142857,-233767.64285714287,138406.96666666667
2009-11-17,22.219999,22.24,21.77,21.889999,12.30495,11666277.0,1.0009001350540114,0.9797480188905499,0.9851485141831013,-0.3000009999999982,-0.163018000000001,2090143.0,1.0061050239713023,1.0066143961378624,1.0086979031241592,0.9868925267721252,0.9873380267809791,0.9882286074850356,0.9924223397051953,0.9946832653471455,0.9962485475600148,-0.018571571428571434,-0.11928571428571415,-0.03700003333333323,-0.04095500000000004,-0.03552364285714292,-0.01566373333333336,496593.71428571426,114817.57142857143,161160.86666666667
2009-11-18,22.0,22.26,21.91,22.16,12.456727,11230185.0,1.011818181818182,0.995909090909091,1.0072727272727273,-0.2199990000000014,0.15177700000000094,-436092.0,1.0045034457443918,1.006231368272706,1.0085863665282082,0.9867509809839895,0.9872031537836025,0.9882888178447404,0.9929551638341223,0.9947307540686647,0.996336520805528,-0.08285714285714262,-0.05000007142857145,-0.05799999999999995,-0.04015171428571408,-0.005101071428571429,-0.02065636666666665,224048.0,-642446.7857142857,106883.53333333334
2009-11-19,22.26,22.370001,22.1,22.25,12.507316,7997096.0,1.0049416442048515,0.9928122192273136,0.999550763701707,0.26000000000000156,0.05058899999999866,-3233089.0,1.0047127164537333,1.0064323702143898,1.0077094213350366,0.9875867056032263,0.9890909597162524,0.9882297793189843,0.9941947743933592,0.9960360548193945,0.9952937684844738,-0.10714285714285714,-0.08857142857142845,-0.05799999999999995,-0.0441670000000001,-0.009711642857142877,-0.035235600000000034,86760.85714285714,-1111969.7857142857,-47518.73333333333
2009-11-20,21.92,21.98,21.6,21.75,12.226252,8963229.0,1.0027372262773722,0.9854014598540146,0.9922445255474451,-0.33999999999999986,-0.28106399999999887,966133.0,1.0044818133082498,1.0057389943135673,1.0076806141917414,0.9868694380021591,0.9884926481185233,0.9882500293946835,0.9932112228832866,0.9951963780727835,0.9955287820811534,-0.1499998571428571,-0.04142857142857131,-0.10233333333333322,-0.09636471428571422,-0.011381142857142836,-0.042411333333333384,-102280.71428571429,-168285.57142857142,-19671.933333333334
2009-11-23,21.690001,21.98,21.5,21.9,12.310574,5744229.0,1.0133701699691025,0.9912401571581302,1.009681834500607,-0.22999900000000295,0.08432200000000023,-3219000.0,1.0057100836089348,1.0063811349192695,1.0080055608365865,0.9870434983211747,0.9892435829408752,0.9888165202134355,0.995276077485153,0.9966701165173389,0.9967099954779878,-0.1942854285714287,-0.08142849999999997,-0.10533330000000009,-0.08351585714285699,-0.004966499999999969,-0.0321074,-220382.42857142858,-21364.64285714286,31710.433333333334
2009-11-24,22.0,22.280001,21.85,21.889999,12.30495,8244239.0,1.0127273181818182,0.9931818181818183,0.9949999545454545,0.30999900000000125,-0.0056240000000009616,2500010.0,1.0073398825956623,1.006501137442492,1.0078418911614913,0.9883300751728943,0.9887881273064342,0.9886712805767576,0.9962572326870938,0.9959973306040276,0.9961878446455482,-0.10714285714285714,-0.044999928571428684,-0.07933330000000005,-0.04737942857142866,-0.01124257142857145,-0.04015359999999995,-181941.57142857142,-161948.42857142858,34147.066666666666
2009-11-25,22.0,22.26,21.719999,22.200001,12.479213,14031250.0,1.011818181818182,0.9872726818181818,1.0090909545454545,0.0,0.17426299999999983,5787011.0,1.0083304081890743,1.0073132161809963,1.007883525677382,0.9893664922912998,0.9887771023019145,0.9883825379923772,0.9997127534709281,0.9972881624653633,0.9962198751087166,-0.07428571428571422,-0.019285714285714257,-0.08666666666666671,0.0016064285714284057,0.005219999999999939,-0.037268966666666674,636445.1428571428,-389427.0714285714,248767.2
2009-11-26,22.309999,22.34,21.860001,21.98,12.355545,7066399.0,1.0013447333637262,0.9798297615342788,0.9852084708744272,0.30999900000000125,-0.12366800000000033,-6964851.0,1.0083939222333191,1.0072494731023107,1.0077291469355885,0.9893781698118326,0.9881353482919789,0.9881351621816339,0.9997213187125462,0.9960718292088707,0.9959791481750487,0.012857142857142836,-0.0028572142857142984,-0.09300003333333334,0.0072278571428570715,-0.016863571428571485,-0.04340156666666666,-657125.4285714285,-80265.85714285714,-876.3
2009-11-27,21.52,21.559999,21.1,21.190001,11.911466,11328708.0,1.0018586895910782,0.9804832713754648,0.9846654739776951,-0.7899990000000017,-0.44407899999999856,4262309.0,1.0069711376294472,1.0057372916869196,1.007400689954268,0.9871744813070288,0.9869627311455093,0.987875020554354,0.9964917110989701,0.9947234374665462,0.9957372501347791,-0.06857142857142863,-0.07571428571428562,-0.10800000000000007,-0.07789442857142857,-0.05902307142857133,-0.05180759999999995,14074.714285714286,119061.35714285714,168526.13333333333
2009-11-30,21.65,22.219999,21.629999,22.15,12.451104,20317205.0,1.026327898383372,0.9990761662817553,1.023094688221709,0.129999999999999,0.5396380000000001,8988497.0,1.0100263167978072,1.0073695166257701,1.0082234831693213,0.9880693308862349,0.9878280182447305,0.9887073566629103,0.9998551288875417,0.9970249516404506,0.9973291034906281,-0.08714285714285756,-0.09714285714285735,-0.08933333333333332,-0.008030285714285514,-0.026098642857142806,-0.018650699999999947,1760015.5714285714,923388.2142857143,358829.6666666667
2009-12-01,22.0,22.049999,21.75,21.969999,12.349921,8030721.0,1.0022726818181817,0.9886363636363636,0.9986363181818182,0.3500000000000014,-0.10118300000000069,-12286484.0,1.0099599533036372,1.0072208833059435,1.0079784595925494,0.988531459997999,0.987700449000079,0.988481984404764,1.0007682421210236,0.9969897325021552,0.9974370630506636,0.011428571428571186,-0.06928564285714296,-0.06333333333333328,0.01766699999999994,-0.03934885714285714,-0.023120066666666675,-133215.42857142858,-117748.07142857143,-188452.8
2009-12-02,22.200001,22.4,22.110001,22.110001,12.428619,6947407.0,1.0090089635581547,0.995945946128561,0.995945946128561,0.20000100000000032,0.07869799999999927,-1083314.0,1.009336923816359,1.0075235037126469,1.0078568188738244,0.9892037155652034,0.988123606943189,0.9884453049677642,0.9988059723535885,0.9970410249193707,0.9971050235698675,0.07285714285714308,-0.060714142857142814,-0.05,0.01686357142857123,-0.033326142857142874,-0.021410633333333352,171882.57142857142,-24249.928571428572,-53735.7
2009-12-03,22.1,22.280001,22.030001,22.200001,12.479213,5766260.0,1.0081448416289591,0.996832624434389,1.0045249321266967,-0.1000009999999989,0.05059400000000025,-1181147.0,1.0086822843088077,1.008011083452235,1.0078037313336232,0.9897252593155706,0.9890276672442325,0.9884667367844872,1.0001666834366232,0.9982119580618585,0.9973828656430008,0.014285714285714488,-0.046428571428571326,-0.050666699999999905,0.024894714285714263,-0.011242357142857198,-0.014058600000000017,-353997.0,-267969.28571428574,-69496.83333333333
2009-12-04,22.030001,22.08,21.799999,21.98,12.355545,4323426.0,1.0022695868238953,0.9895596010186292,0.9977303223908162,-0.06999900000000281,-0.12366800000000033,-1442834.0,1.0073181993096239,1.007824303749349,1.00769799591264,0.9900519620584917,0.9897092271748958,0.9882722019343958,0.9985437359859605,0.9991282447284443,0.9973630196873581,0.004285857142856945,-0.03499992857142864,-0.06199993333333336,-0.01766685714285719,-0.008030214285714392,-0.024029100000000032,-1386832.0,-375193.4285714286,-198387.0
2009-12-07,22.25,22.280001,21.82,21.950001,12.338682,5265335.0,1.0013483595505617,0.9806741573033708,0.9865168988764045,0.2199990000000014,-0.016862999999998962,941909.0,1.0073187173363147,1.007856319784817,1.0074333886902385,0.990172590025505,0.9897753799186687,0.9879375639397849,0.9987306542719571,0.9992259864922517,0.9967588088234567,-0.008571285714285892,0.0021429285714284724,-0.04800003333333329,-0.002408999999999852,0.00240942857142861,-0.023677433333333296,-257294.85714285713,-457210.14285714284,-33396.433333333334
2009-12-08,21.959999,22.08,21.75,21.93,12.327435,6360242.0,1.0054645266604976,0.9904372035718216,0.9986339252565539,-0.2900010000000002,-0.011247000000000895,1094907.0,1.0078338369176603,1.0074024872735536,1.006963058727858,0.9915945803392702,0.9893845308231494,0.9876613586687747,1.0007261473117943,0.9986089292053821,0.9963586630695971,0.06285700000000004,-0.0028572142857142984,-0.05133336666666667,0.05942414285714267,-0.00923514285714295,-0.0231384666666667,-709780.8571428572,-347853.0714285714,-216287.96666666667
2009-12-09,21.6,21.610001,21.41,21.51,12.091345,8913633.0,1.0004630092592592,0.9912037037037037,0.9958333333333333,-0.3599989999999984,-0.23608999999999902,2553391.0,1.004138852757073,1.00708258477744,1.0069505852945755,0.9904699428281198,0.9892696368571773,0.9887076200356865,0.9968316680420263,0.998343398464784,0.9969732261447148,-0.007142857142856737,-0.04714285714285715,-0.07633329999999994,-0.05139414285714291,-0.029712214285714213,-0.023697866666666675,-1629081.7142857143,65466.92857142857,-38173.26666666667
2009-12-10,21.780001,21.809999,21.459999,21.5,12.085724,9392631.0,1.0013773185777173,0.9853075305184789,0.9871441236389292,0.1800009999999972,-0.005620999999999654,478998.0,1.0040109437227207,1.006985448513179,1.0064238101828205,0.9899943952398507,0.9892629276189248,0.9882912939572236,0.9951899259644706,0.9979790840427472,0.9963244340936306,-0.03142842857142877,-0.009999928571428793,-0.030666666666666724,-0.037742428571428475,-0.01003771428571427,-0.014747266666666667,194558.57142857142,30671.571428571428,-361060.3
2009-12-11,21.66,21.68,21.299999,21.299999,11.973298,6334525.0,1.0009233610341643,0.9833794552169898,0.9833794552169898,-0.12000099999999847,-0.11242600000000103,-3058106.0,1.002855857647865,1.006096390732112,1.0063836683165832,0.9881991822524833,0.9887014489088434,0.9888578445921162,0.9933947129771035,0.996100342665346,0.9963945308278139,-0.07714300000000003,-0.0021429285714284724,-0.06133333333333333,-0.06504585714285709,-0.02409114285714293,-0.022332699999999997,-87554.57142857143,42164.0,-574338.2666666667
2009-12-14,21.48,21.48,20.969999,21.16,11.894599,9211091.0,1.0,0.9762569366852887,0.9851024208566108,-0.17999999999999972,-0.0786990000000003,2876566.0,1.001692308843728,1.0051872965762678,1.005968852020287,0.9852597982883261,0.9874925288019484,0.9882738150742184,0.9906200685099483,0.9953933759732856,0.9957646115230343,-0.08857142857142872,-0.03714285714285711,-0.03399999999999999,-0.08351628571428574,-0.02931078571428574,-0.016366300000000025,492118.71428571426,69060.85714285714,-70271.2
2009-12-15,21.27,21.540001,21.209999,21.43,12.046371,7806157.0,1.0126939821344616,0.9971790785143395,1.007522331922896,-0.21000000000000085,0.15177200000000113,-1404934.0,1.003181508173809,1.0052498537417163,1.0062459780417934,0.9863482950734276,0.9882001285659596,0.9888222153698563,0.9920189270145311,0.9952813315002457,0.9963803727112365,-0.1085715714285713,-0.05214285714285717,-0.051999999999999956,-0.0441677142857141,-0.030917285714285647,-0.011124466666666659,497533.0,-444649.5,58760.76666666667
2009-12-16,21.440001,21.58,21.34,21.5,12.085724,9492605.0,1.0065298037999157,0.9953357744712792,1.0027984606903704,0.17000099999999918,0.03935300000000019,1686448.0,1.0039217144951451,1.00562021591573,1.006095395406567,0.9884428118117002,0.9893077009186025,0.9886814679500991,0.9943448644165261,0.9965377593442417,0.9963263561565218,-0.11571414285714303,-0.06214271428571446,-0.03966660000000009,-0.03613685714285708,-0.019272928571428465,-0.012554066666666645,603895.7142857143,173300.42857142858,-33963.73333333333
2009-12-17,21.75,21.76,21.25,21.58,12.130693,21203113.0,1.0004597701149427,0.9770114942528736,0.9921839080459769,0.30999900000000125,0.04496900000000004,11710508.0,1.0032067492743517,1.0055202930960059,1.0060957517610944,0.9865248533375647,0.9890597168384174,0.9883342833624797,0.9934234333864439,0.997074790349119,0.9963651761418292,-0.029999857142857116,0.01642857142857146,-0.01733333333333332,-0.028105999999999805,0.015659071428571432,-0.009181333333333323,2120410.1428571427,705314.6428571428,57329.46666666667
2009-12-18,21.32,21.530001,21.219999,21.34,11.995781,11768372.0,1.0098499530956848,0.9953095215759851,1.0009380863039399,-0.4299999999999997,-0.1349120000000017,-9434741.0,1.004547741250984,1.0043432970040282,1.0063495123154398,0.9871113987478907,0.9887906707880053,0.9885507901592333,0.9941526838108162,0.9954921759264211,0.9963218744697832,-0.04000000000000016,-0.023571428571428448,-0.03433333333333337,-0.013652000000000188,-0.03252307142857155,-0.019861800000000034,407819.85714285716,-610630.9285714285,119275.03333333334
2009-12-21,21.370001,21.469999,20.950001,20.950001,11.776553,5528170.0,1.0046793633748545,0.980346280751227,0.980346280751227,0.050000999999998186,-0.2192279999999993,-6240202.0,1.005019461936289,1.004515202829505,1.0057378501143832,0.9864026487811403,0.9881985220104955,0.9879990024700728,0.9931815633982872,0.9941857446813789,0.9955486518824828,-0.058571428571428594,-0.044999928571428684,-0.040333299999999996,-0.04416728571428585,-0.04095485714285717,-0.032041199999999985,-552065.8571428572,-178753.64285714287,-137789.3
2009-12-22,21.16,21.48,21.09,21.469999,12.06886,6825703.0,1.0151228733459357,0.9966918714555766,1.0146502362948961,-0.21000099999999833,0.292307000000001,1297533.0,1.0070479636951135,1.0049519106714893,1.0061260542512656,0.98830442252951,0.9882518023909966,0.9883233266221703,0.9976488178379882,0.9955217654075457,0.9963412100994109,-0.07142857142857142,-0.07428578571428572,-0.06166666666666672,0.013651714285714434,-0.02569707142857133,-0.024920833333333312,70168.28571428571,-8693.142857142857,-18802.233333333334
2009-12-23,21.48,21.790001,21.33,21.709999,12.20377,4014843.0,1.0144320763500931,0.9930167597765363,1.0107075884543761,0.3200000000000003,0.13490999999999964,-2810860.0,1.009109688887984,1.005400998865856,1.0064620051864102,0.9906986829711167,0.9879792406297214,0.9884098075126718,1.0013066989233832,0.9959633837166658,0.9967271501772916,0.0,-0.04428571428571436,-0.04966663333333336,0.04416728571428585,-0.019674499999999946,-0.023234499999999988,-742321.1428571428,-125101.21428571429,-188811.7
2009-12-24,21.799999,22.58,21.709999,22.389999,12.586014,6370206.0,1.0357798640265992,0.9958715594436495,1.0270642214249643,0.31999899999999926,0.38224400000000003,2355363.0,1.0124076720154322,1.0077945900946206,1.00749559139182,0.9905118945324468,0.9884300948029372,0.9886048016632928,1.0040983974236786,0.9980586622191049,0.9977883624818724,0.07571414285714287,-0.01642871428571421,-0.041666666666666664,0.07709185714285713,0.01646207142857151,-0.010305699999999973,-205135.85714285713,146198.57142857142,-30556.666666666668
2009-12-29,22.620001,22.790001,22.549999,22.700001,12.760273,5678564.0,1.0075154727004654,0.9969053051766001,1.0035366930355132,0.8200019999999988,0.17425899999999928,-691642.0,1.0125484818583679,1.0082350981767565,1.0077021496393446,0.9907361132046356,0.9895894625081679,0.9890291191618534,1.0042038591872706,0.9992743618018983,0.9983018566453272,0.16857142857142854,0.026428642857142748,-0.004333300000000051,0.0963641428571427,0.030113642857142815,0.00412223333333331,-544863.0,29516.35714285714,-127975.53333333334
2009-12-30,22.719999,22.93,22.719999,22.74,12.782759,2806023.0,1.0092430021673855,1.0,1.000880325742972,0.09999800000000292,0.022486000000000672,-2872541.0,1.0138032292944312,1.0085049892843914,1.0078474329561142,0.994020185454225,0.9902725193958949,0.9896951937622087,1.0054462045725556,0.9994348189794996,0.9988344572014725,0.13857128571428592,0.054285714285714395,0.006666633333333394,0.09315228571428566,0.032523142857142924,0.01049303333333332,-2628155.714285714,-253872.7857142857,-225670.36666666667
2009-12-31,22.82,22.91,22.719999,22.879999,12.861456,1895633.0,1.0039439088518842,0.9956178352322524,1.0026292287467136,0.1000009999999989,0.07869700000000002,-910390.0,1.012959508688174,1.0087536249695788,1.00794889208271,0.9940642302622632,0.9905878145050769,0.9902241876402654,1.0056877963500948,0.9999202400804553,0.9994171476869262,0.21428571428571427,0.08714285714285706,0.020000033333333295,0.12366785714285733,0.05500792857142857,0.01855020000000002,-1410391.2857142857,-501285.71428571426,-325688.13333333336
2010-01-04,22.790001,22.889999,22.74,22.889999,12.867078,3022350.0,1.0043878014748662,0.9978060115047822,1.0043878014748662,-0.02999900000000011,0.005621999999998906,1126717.0,1.0129178569881756,1.0089686594622322,1.0077012127379328,0.996558477512771,0.9914805631469558,0.9902874183267886,1.0091222993106146,1.0011519313544508,0.9993209834936642,0.2028571428571431,0.07214285714285726,0.026333366666666674,0.15578928571428566,0.055810999999999895,0.013678366666666619,-357974.28571428574,-455020.0714285714,-273594.5
2010-01-05,22.950001,23.09,22.870001,23.0,12.928914,5566262.0,1.0061001740261362,0.9965141613719319,1.0021786055695596,0.16000000000000014,0.061836000000001334,2543912.0,1.0116288999424898,1.009338431818802,1.0077398303986422,0.9965330903579647,0.9924187564437373,0.9904108163982758,1.0073406377784235,1.002494727808206,0.9994085782225925,0.2557144285714286,0.09214292857142858,0.02300003333333329,0.12286485714285712,0.06825828571428579,0.014053266666666708,-179920.14285714287,-54875.92857142857,-81027.8
2010-01-06,22.780001,22.84,22.549999,22.66,12.737789,4149526.0,1.002633845362869,0.989903336703102,0.9947321775797991,-0.1700000000000017,-0.19112500000000132,-1416736.0,1.0099434383728865,1.0095265636304354,1.0077363843681588,0.9960883156331883,0.9933934993021525,0.990560878959912,1.0050584362249126,1.003182567574148,0.9994914999570044,0.1857144285714283,0.09285721428571415,0.028666699999999896,0.07628842857142841,0.06022785714285713,0.017051233333333294,19240.428571428572,-361540.35714285716,-160456.76666666666
2010-01-07,22.6,22.790001,22.1,22.120001,12.434242,6715353.0,1.0084071238938053,0.9778761061946902,0.9787611061946901,-0.1800009999999972,-0.303547,2565827.0,1.0060330469253445,1.0092203594703884,1.0075709494989822,0.9935175365976228,0.9920147155650347,0.9901154105944641,0.9981579911920163,1.0011281943078474,0.9984608090134739,0.1142858571428574,0.09500000000000013,0.030333300000000087,-0.021681714285714446,0.02770507142857134,0.004122266666666619,49306.71428571428,-77914.57142857143,32370.8
2010-01-08,22.299999,22.469999,22.17,22.25,12.507316,3209145.0,1.0076233187275032,0.9941704481690785,0.9977578922761386,-0.30000100000000174,0.07307400000000008,-3506208.0,1.0060484535006358,1.0092984676795018,1.0074008161838384,0.9931268427394054,0.9919314779720204,0.9901483649273727,0.9973324482263913,1.000768153706831,0.9985527402711634,-0.04571457142857126,0.06142842857142864,0.009999966666666657,-0.036136714285714334,0.030113714285714188,0.00674553333333332,-352774.14285714284,-448818.5714285714,-167836.46666666667
2010-01-11,22.360001,22.450001,22.290001,22.389999,12.586014,3634464.0,1.0040250445427081,0.9968694098001158,1.0013415920688018,0.06000200000000078,0.07869800000000104,425319.0,1.0053030309828246,1.0095531301386278,1.0071410449413225,0.9926796155679932,0.9933499005111092,0.9904682558601038,0.9973983434157956,1.0014222739941756,0.9982944281886081,-0.05142828571428585,0.043571500000000034,0.012000033333333349,-0.028106428571428563,0.03252292857142854,0.0035600333333333603,118348.71428571429,-1254903.5,-346559.5333333333
2010-01-12,22.42,22.450001,22.17,22.26,12.512939,4878441.0,1.0013381355932203,0.9888492417484389,0.9928635147190009,0.059999000000001246,-0.07307500000000111,1243977.0,1.0049307776601584,1.008945143174166,1.007140825015639,0.9917126736417342,0.9928884519519986,0.9907689052005758,0.9960032414118366,1.0008455188809655,0.9985495963167607,-0.05714285714285694,0.07857142857142867,0.0036667000000000153,-0.04978814285714301,0.036939857142857156,0.005246466666666668,426115.4285714286,-492137.9285714286,-72931.93333333333
2010-01-13,22.02,22.33,21.9,22.299999,12.535424,6805724.0,1.014078110808356,0.994550408719346,1.0127156675749318,-0.40000000000000213,0.02248500000000142,1927283.0,1.0063151075649426,1.009616482276559,1.007548139056215,0.9912475875295291,0.9939030325211501,0.9912378097787051,0.9971929365689889,1.0031576179398018,0.9994846027700018,-0.11000014285714295,0.04642850000000008,0.016666666666666666,-0.047379142857142655,0.0542050714285715,0.0207986,540482.0,91253.85714285714,-150766.13333333333
2010-01-14,22.42,22.459999,22.27,22.4,12.591635,5073731.0,1.0017840767172166,0.9933095450490632,0.999107939339875,0.40000000000000213,0.056210999999999345,-1731993.0,1.005698522235097,1.0086637110887935,1.006730011667343,0.9907897851976906,0.9936614377778276,0.9910455890709488,0.9967542699647483,1.002047453871586,0.9986850444739408,-0.07571442857142838,0.09000000000000011,0.02566666666666677,-0.04818271428571436,0.03734107142857138,0.0046843666666666435,-70361.57142857143,-125140.85714285714,-508115.8
2010-01-15,22.5,22.549999,22.059999,22.43,12.608498,10488851.0,1.0022221777777778,0.9804444000000001,0.9968888888888888,0.0799999999999983,0.01686300000000074,5415120.0,1.005639712580084,1.007791575476485,1.0067283281993296,0.9894385085258189,0.9927634120795037,0.9907725236164033,0.9970623715803324,1.0010604039026225,0.9986267968308431,-0.04000014285714266,0.07285714285714283,0.016666666666666666,-0.01847014285714264,0.028909142857142887,0.008619233333333358,905617.8571428572,462429.14285714284,81937.66666666667
2010-01-18,22.67,23.18,22.5,23.17,13.024475,16201166.0,1.0224966916629907,0.992501102779003,1.0220555800617557,0.1700000000000017,0.4159769999999998,5712315.0,1.0076525079756817,1.006842777450513,1.0071779191361574,0.9915277937521493,0.992522665174886,0.9906576955047514,1.0032472964184846,1.0007026438052504,0.9994971179619496,0.01000000000000004,0.06214292857142872,0.01566663333333338,0.08431900000000019,0.03131864285714287,0.01986186666666671,1355116.142857143,702211.4285714285,308458.63333333336
2010-01-19,23.15,23.41,22.860001,23.200001,13.04134,12738930.0,1.0112311015118791,0.9874730453563716,1.0021598704103671,0.4799999999999969,0.01686499999999924,-3462236.0,1.0081679055163069,1.0071081795084713,1.0072807944655884,0.9905710219217626,0.9918489323305841,0.9903457095354843,1.0038761504376603,1.0006042993320257,0.9994182825714053,0.12142871428571413,0.037857071428571434,0.034999999999999906,0.07628914285714293,0.020076214285714298,0.018737566666666674,1361397.857142857,504311.85714285716,232422.33333333334
2010-01-20,23.48,23.52,23.139999,23.27,13.080687,8366038.0,1.0017035775127767,0.9855195485519591,0.9910562180579215,0.33000000000000185,0.039346999999999355,-4372892.0,1.0078362673691739,1.0065696491759992,1.0072619274885508,0.988949613172026,0.9908146143700096,0.9902110411199285,1.0024068112932487,0.9999025773545221,0.9991958124269755,0.15999985714285714,0.05428578571428565,0.04833330000000006,0.07066757142857126,0.021280571428571347,0.0241714,675939.1428571428,397143.9285714286,134753.73333333334
2010-01-21,23.0,23.360001,22.93,23.26,13.075065,9205464.0,1.0156522173913043,0.9969565217391304,1.011304347826087,-0.4800000000000004,-0.005621999999998906,839426.0,1.0098811361974716,1.007405956928815,1.007738722749909,0.990107796027839,0.9909102348347866,0.9907537866011205,1.0050412160228324,1.0005222287173345,1.0000220607252983,0.08285714285714262,0.012857142857142836,0.025,0.08030371428571444,0.01525778571428571,0.0245461,618146.1428571428,522130.78571428574,131337.63333333333
2010-01-22,22.51,22.809999,22.469999,22.65,12.732167,9460160.0,1.0133273656152821,0.9982229675699689,1.0062194580186583,-0.48999999999999844,-0.3428979999999999,254696.0,1.0097738868841752,1.008044497224559,1.0080008173817352,0.9906324472922138,0.9909400174108713,0.9910133120677255,1.004113186086222,1.0006530613276055,1.0002749118173684,0.07000000000000028,-0.02000007142857133,0.018333366666666726,0.02810614285714281,-0.009636499999999921,0.013491066666666699,379205.14285714284,459843.5714285714,103330.6
2010-01-25,22.200001,22.4,22.02,22.290001,12.529803,6239757.0,1.0090089635581547,0.9918918472120789,1.004054053871439,-0.30999900000000125,-0.2023640000000011,-3220403.0,1.010806013575738,1.0082522679054173,1.0082856825250317,0.9904299190297875,0.990609852113739,0.9910362501846712,1.0048197738764455,1.0007870219205968,1.0005489358353052,-0.03142842857142877,-0.05357142857142857,0.020000033333333295,-0.008833142857142968,-0.028507928571428667,0.01461526666666663,166575.14285714287,48106.78571428572,-89129.2
2010-01-27,22.01,22.17,21.799999,21.959999,12.344299,9162507.0,1.0072694229895502,0.9904588368923216,0.9977282598818717,-0.19000099999999875,-0.1855039999999999,2922750.0,1.011527048605991,1.0085833805930375,1.0084820860054262,0.9918605528715476,0.9906495306986833,0.9912079603971328,1.0049396840183,1.0010010277993164,1.0009017403767366,-0.06999999999999977,-0.05500007142857122,0.007666633333333432,-0.03774271428571448,-0.028106428571428563,0.008619166666666622,-189477.7142857143,358070.0714285714,-7670.8
2010-01-28,22.110001,22.25,21.870001,22.15,12.451104,10671821.0,1.0063319309664436,0.9891451836659798,1.0018090908272685,0.1000009999999989,0.10680500000000137,1509314.0,1.009217797077913,1.0084351525267974,1.0086623716698353,0.9913811358554014,0.9914544648037754,0.9914001513454324,1.0020473284133733,1.002647312415929,1.001516061563746,-0.07999985714285732,-0.03499992857142864,0.015000033333333345,-0.08191014285714283,0.0012044285714286776,0.015926866666666702,-789906.4285714285,282604.85714285716,144576.53333333333
2010-01-29,21.9,21.93,21.68,21.73,12.21501,9292943.0,1.0013698630136987,0.9899543378995435,0.9922374429223745,-0.21000100000000188,-0.23609400000000136,-1378878.0,1.00780904872103,1.0079884771186685,1.008708033770292,0.9917356062187118,0.9911533140702371,0.9918567313859075,1.0006298387722314,1.0022529946049459,1.0017538956326046,-0.17857142857142858,-0.02857135714285722,0.013999999999999938,-0.11804714285714292,-0.020878999999999998,0.010680366666666666,-492283.85714285716,434557.0,2728.4
2010-02-01,21.700001,21.98,21.639999,21.799999,12.254359,9027689.0,1.0129031791288858,0.9972349310029985,1.0046082025526173,-0.19999899999999826,0.039348999999999634,-265254.0,1.0094089918090456,1.0086226295891099,1.0087150070034394,0.9934092322831459,0.991179422727586,0.9918585931355295,1.0025658365571881,1.0024863239252184,1.0016567579869287,-0.25428557142857144,-0.04714285714285715,0.01433336666666669,-0.11804685714285716,-0.023689642857142954,0.006932933333333283,94521.57142857143,385230.35714285716,40717.73333333333
2010-02-02,21.950001,21.959999,21.68,21.889999,12.30495,11632086.0,1.0004554897286793,0.9876992716310127,0.9972664238147415,0.25,0.05059100000000072,2604397.0,1.007238030714385,1.0085595834559282,1.0085125298677318,0.9920867679819863,0.9910972820049126,0.9916040430408539,1.0005604188412816,1.002800817432057,1.001472356757741,-0.1499998571428571,-0.03357135714285724,0.017000000000000053,-0.11001642857142865,-0.01485635714285711,0.007307533333333301,346660.28571428574,482403.21428571426,71316.03333333334
2010-02-03,22.040001,22.07,21.35,21.77,12.237497,9111244.0,1.0013611160906934,0.9686932409848802,0.9877495014632712,0.08999999999999986,-0.06745300000000043,-2520842.0,1.0055285664965865,1.007651226690381,1.00854257473359,0.9878682356126879,0.9892503414524507,0.9913267679319209,0.9979218536190835,1.0010175198526527,1.0013245432049842,-0.06714271428571449,0.0014286428571429002,0.009666700000000005,-0.07066714285714301,-0.021280500000000098,0.0035601333333332855,-49845.142857142855,164680.0,-403062.3
2010-02-04,21.549999,21.74,21.309999,21.42,12.040751,6351439.0,1.0088167521492692,0.9888631085319308,0.993967563525177,-0.4900020000000005,-0.1967459999999992,-2759805.0,1.0055011077238887,1.0081535606498133,1.0085081347020428,0.9874355586583808,0.9889327388440842,0.9911118874971191,0.9964809264267602,1.0006503501516029,1.0010921924456921,-0.09285742857142866,-0.06214292857142872,0.007666633333333313,-0.0698645714285713,-0.03934885714285714,0.0014990000000000355,15954.57142857143,91264.85714285714,-180564.43333333332
2010-02-05,20.75,20.98,20.57,20.9,11.748446,7421239.0,1.0110843373493976,0.9913253012048193,1.0072289156626506,-0.7999989999999997,-0.2923050000000007,1069800.0,1.0060460954895811,1.0087865720477862,1.0087216338345277,0.9875593392744522,0.9897099460729999,0.991477854845572,0.9978381629668716,1.0013889234925857,1.001988280276073,-0.18000000000000022,-0.125,-0.020666699999999948,-0.08512185714285714,-0.061432285714285814,-0.0009369000000000109,-248752.57142857142,-219115.14285714287,63102.3
2010-02-08,21.0,21.07,20.700001,20.969999,11.787795,7160151.0,1.0033333333333334,0.9857143333333334,0.9985713809523811,0.25,0.039348999999999634,-261088.0,1.0056177243991369,1.0074177607385248,1.0083286491674408,0.9870692177983598,0.9892251768268806,0.9911119369081639,0.9973756329847447,0.999711480699059,1.0014523184313224,-0.1585715714285715,-0.11928571428571441,-0.005333333333333338,-0.09475842857142881,-0.08833428571428582,-0.009368833333333389,-501667.14285714284,-645786.7857142857,11148.266666666666
2010-02-09,20.809999,20.870001,20.389999,20.57,11.562945,7659891.0,1.002883325462918,0.9798173945130895,0.9884671306327308,-0.19000099999999875,-0.22485,499740.0,1.0058339333204538,1.006821491020742,1.007943690804535,0.9856210830288664,0.988678344623789,0.990671958066049,0.996837016943367,0.9987334278577994,1.0007109698372676,-0.1557144285714282,-0.16714292857142837,-0.02233336666666664,-0.0931521428571429,-0.10559964285714292,-0.021360833333333377,-233293.14285714287,-362788.5,121501.6
2010-02-10,20.76,20.860001,20.129999,20.200001,11.354958,11921823.0,1.0048170038535644,0.9696531310211947,0.9730250963391136,-0.04999899999999968,-0.20798699999999926,4261932.0,1.0046787654239793,1.0070438786165126,1.0069115954654337,0.9816808258886087,0.9875450290858773,0.9897980104519672,0.9923251446271524,0.9974454905921701,0.9989096656677392,-0.13428585714285696,-0.1942857142857142,-0.03466663333333327,-0.12848585714285704,-0.1232663571428571,-0.04103520000000002,413447.71428571426,253984.64285714287,185053.9
2010-02-11,20.299999,20.879999,20.219999,20.75,11.664128,7128384.0,1.0285714299788882,0.9960591131063603,1.0221675380378097,-0.4600010000000019,0.30916999999999994,-4793439.0,1.0086953283168663,1.0079666795156257,1.0076134607080478,0.9828750889565155,0.9874809284692508,0.989769804049626,0.9958824466590191,0.9982214327501503,0.9995306938344825,-0.23571457142857152,-0.1928572142857143,-0.07733339999999995,-0.091546,-0.10078121428571432,-0.03653816666666666,-643386.0,-148362.85714285713,48327.333333333336
2010-02-12,20.969999,20.98,20.370001,20.59,11.574186,10030666.0,1.000476919431422,0.9713877907194939,0.9818789214057664,0.6700000000000017,-0.08994200000000063,2902282.0,1.008569014508399,1.0070487905024927,1.0073212579501825,0.9832600246328889,0.9855641301227883,0.9888160637402758,0.9950437923650899,0.9964828229920867,0.9988973136899089,-0.1528574285714284,-0.11000007142857145,-0.058333333333333334,-0.09475871428571432,-0.08271292857142866,-0.04028576666666671,131346.0,40750.42857142857,240821.43333333332
2010-02-15,20.5,20.75,20.370001,20.5,11.523596,4102970.0,1.0121951219512195,0.9936585853658536,1.0,-0.4699990000000014,-0.05058999999999969,-5927696.0,1.0090516387658204,1.0072763732448544,1.007596298386827,0.9839450927520207,0.9856903257052008,0.9887507554113958,0.9959055690043502,0.9961932477155554,0.9988096727316851,-0.1499998571428571,-0.12142864285714287,-0.07733333333333334,-0.07387928571428581,-0.07187192857142856,-0.04459533333333336,-321209.85714285716,-152627.64285714287,73577.9
2010-02-16,20.870001,21.469999,20.780001,21.1,11.860871,9206815.0,1.028749303845266,0.9956875900485103,1.0110205552936966,0.37000099999999847,0.337275,5103845.0,1.0115752054080873,1.0088106504488341,1.0084083484658404,0.984568276872548,0.9860638080735001,0.9886801413628533,0.9964472318087855,0.9971426973878285,0.9990307645256461,0.01714299999999978,-0.08142850000000022,-0.06400000000000006,0.016060714285714286,-0.034530571428571424,-0.03354023333333333,255082.2857142857,3164.8571428571427,206148.83333333334
2010-02-17,21.610001,22.09,21.549999,22.07,12.406133,11559240.0,1.0222118916144427,0.9972234152140946,1.021286394202388,0.740000000000002,0.545262000000001,2352425.0,1.0142721423053886,1.0099449333522628,1.0089454057187839,0.9862124314269424,0.9866408246126511,0.9887037831575921,0.9996922337016435,0.9985339333431941,0.9996676908134071,0.08714300000000007,-0.03571428571428571,-0.04466666666666666,0.0883340000000002,-0.0032122142857143082,-0.017426033333333337,628441.2857142857,63387.07142857143,199765.93333333332
2010-02-18,22.32,22.33,21.91,22.049999,12.394892,8921601.0,1.000448028673835,0.9816308243727598,0.9879031810035842,0.7099989999999998,-0.011241000000000057,-2637639.0,1.013924242764091,1.0098790880422726,1.0088725451624827,0.9864714928354668,0.9860462879321666,0.9884280327465808,0.9996116694689084,0.9982243432061377,0.9994400575942,0.21571442857142845,0.03000000000000012,-0.01533336666666661,0.11884957142857162,0.012848714285714356,-0.011429899999999963,180244.2857142857,-26524.428571428572,159069.16666666666
2010-02-19,22.1,22.26,21.799999,21.959999,12.344299,7108880.0,1.0072398190045249,0.986425294117647,0.9936651131221719,-0.21999999999999886,-0.050593000000001,-1812721.0,1.0142703592142284,1.009474562319104,1.0088336349995068,0.9888675161349598,0.9852741710117842,0.9887130056773459,1.0025602432950595,0.9974426939611059,0.999936857825116,0.19142857142857142,0.02857135714285722,-0.016666666666666666,0.1413344285714285,0.006424285714285739,-0.002998099999999996,-687563.2857142857,-137057.7857142857,13117.566666666668
2010-02-22,22.35,22.65,22.309999,22.540001,12.670336,6030937.0,1.0134228187919463,0.9982102460850112,1.008501163310962,0.25,0.32603700000000124,-1077943.0,1.0121062719018081,1.0104008001093372,1.0090269516683215,0.9891748208461957,0.9860249549013557,0.9888476656078772,1.000607904048367,0.9982451753536931,1.0002949668596102,0.292857285714286,0.02857135714285722,0.001666700000000058,0.14374400000000012,0.026099000000000063,0.005434000000000042,-156778.14285714287,-400082.0714285714,94059.73333333334
2010-02-23,22.450001,22.780001,22.41,22.73,12.777138,8581664.0,1.0146993311937937,0.998218218342173,1.0124721152573668,0.1000009999999989,0.10680200000000006,2550727.0,1.0141380450107182,1.0113535297595586,1.0093827612233577,0.9930077390780071,0.9881338818554479,0.9888926258926123,1.0049783603128815,1.0000110763389856,1.000665984299229,0.211428857142857,0.029285714285714297,0.0029999999999999953,0.17185028571428593,0.03854578571428581,0.00637080000000001,-207000.2857142857,-37827.142857142855,164906.66666666666
2010-02-24,22.5,22.700001,22.309999,22.52,12.659092,10143299.0,1.0088889333333333,0.9915555111111112,1.000888888888889,0.04999899999999968,-0.11804600000000143,1561635.0,1.0136657323510203,1.0113586855584205,1.0096344544813614,0.9927072998987582,0.9883261963253893,0.9889828348713681,1.0051053444398657,1.0005054567221079,1.0009334967715586,0.2857142857142857,0.06785721428571431,0.0026666666666666098,0.16221371428571427,0.044167214285714226,0.004871766666666666,862904.1428571428,270847.14285714284,175495.26666666666
2010-02-25,22.75,22.75,22.07,22.25,12.507316,8216091.0,1.0,0.9701098901098901,0.978021978021978,0.25,-0.1517759999999999,-1927208.0,1.0095586889445536,1.0105669471763206,1.009165184121083,0.9890533427646695,0.9868108098186087,0.9881681509177195,1.0003912619724773,0.9984192468906313,0.9997770404531269,0.26857128571428596,0.14285714285714285,0.02433333333333335,0.0923492857142857,0.054204999999999996,-0.0009369333333333785,-141532.0,56775.142857142855,47012.23333333333
2010-02-26,22.84,23.139999,22.58,23.139999,13.007611,14955203.0,1.0131348073555166,0.98861646234676,1.0131348073555166,0.08999999999999986,0.5002950000000013,6739112.0,1.00826196262185,1.0112670524636194,1.0095435418090262,0.987823778069336,0.9870181047481392,0.9880117148276427,0.9992267495657813,0.9994594916337124,1.000244602720315,0.17571414285714276,0.13142857142857142,0.013999999999999938,0.0859254285714286,0.0871297142857144,0.013865866666666686,485137.5714285714,556789.4285714285,329382.4
2010-03-01,23.290001,23.59,23.26,23.59,13.260565,7776154.0,1.0128810213447392,0.998711850634957,1.0128810213447392,0.4500010000000003,0.252953999999999,-7179049.0,1.010038104431979,1.0119811735980353,1.0098988365945916,0.9902639246782213,0.988367708756844,0.9886206298488079,1.0027950124716605,1.0012033409702845,1.0007776738021765,0.1385715714285714,0.1771429999999999,0.026333366666666674,0.12366757142857132,0.12125857142857147,0.02173556666666663,-163635.2857142857,8304.5,-90423.23333333334
2010-03-02,23.790001,23.860001,23.610001,23.83,13.395478,9892631.0,1.0029424126547957,0.9924337960305256,1.0016813366254167,0.5,0.13491300000000095,2116477.0,1.0094241892391607,1.0118472742266946,1.0092470272943186,0.9911222820943469,0.9899948991146534,0.9886183862905253,1.0039401872578384,1.0032502152764489,1.0000985323542984,0.2414287142857141,0.21642864285714275,0.03733336666666662,0.15016842857142873,0.14575142857142862,0.012366766666666666,397678.71428571426,-144942.2857142857,-210284.5
2010-03-03,23.85,23.940001,23.75,23.879999,13.423585999999998,8682666.0,1.0037736268343815,0.9958071278825995,1.001257819706499,0.059999000000001246,0.0281079999999978,-1209965.0,1.0080457332452228,1.0100760025735156,1.0089984448050686,0.9907789794940024,0.9899769001700991,0.9888961890413995,1.0029054238857722,1.0017566639670696,1.0000684639975028,0.21428571428571427,0.2535715000000001,0.023333333333333428,0.10760714285714254,0.12567557142857133,0.012741533333333284,378818.4285714286,111020.14285714286,-135208.8
2010-03-04,23.799999,23.809999,23.59,23.67,13.305537,9409477.0,1.000420168084881,0.9911765122343072,0.9945378569133554,-0.05000100000000174,-0.11804899999999918,726811.0,1.0060058528010924,1.0100719489059053,1.0089556644908053,0.9897730214785929,0.9913903802783001,0.9890847544974779,1.0003433869794849,1.002660873646183,1.0001845186260174,0.19285685714285705,0.202142857142857,0.010666633333333309,0.07548557142857122,0.12366792857142858,0.007495,118259.0,-44370.642857142855,34781.3
2010-03-05,23.700001,23.98,23.57,23.83,13.395478,6299051.0,1.0118143032989746,0.9945147259698428,1.005485189641975,-0.09999799999999937,0.08994100000000138,-3110426.0,1.006423762796184,1.010044747573602,1.008827734021061,0.9901957664584119,0.991451533178585,0.9890033613051682,1.0010000013727827,1.003052672906324,0.999990546686547,0.17142871428571432,0.2285715,0.023333366666666678,0.1051980000000002,0.13370585714285724,0.010680433333333343,-549178.2857142857,156862.92857142858,-96880.43333333333
2010-03-08,23.98,24.040001,23.629999,23.799999,13.378613,6757691.0,1.0025021267723102,0.9854044620517098,0.9924937030859049,0.2799990000000001,-0.016865000000001018,458640.0,1.0067812094779427,1.0081699492112484,1.0084668927262952,0.9923807053072432,0.9907170240359563,0.988576077787893,1.0030673906676295,1.0017293263200533,0.9995330215221219,0.17571428571428577,0.22214278571428586,0.04899999999999996,0.12447100000000003,0.10841014285714287,0.021548199999999972,-208342.85714285713,-174937.42857142858,-90082.3
2010-03-09,23.75,23.959999,23.66,23.82,13.389857999999998,8621979.0,1.0088420631578947,0.9962105263157894,1.0029473684210526,-0.23000000000000043,0.01124499999999884,1864288.0,1.0061679603068538,1.007214961464352,1.00846132937962,0.9934655715885331,0.9906446748289346,0.9887200337580168,1.0016120422484203,1.0004193959071008,0.9994961320071091,0.13000000000000003,0.15285707142857138,0.05166663333333332,0.05460671428571397,0.07026607142857129,0.028668499999999972,-904746.2857142857,-209804.35714285713,79407.4
2010-03-10,23.969999,24.049999,23.73,23.940001,13.457311,6923480.0,1.0033375053540885,0.9899875256565509,0.9987485189298505,0.2199990000000014,0.0674530000000022,-1698499.0,1.004804600879618,1.0074213526557985,1.0083302654584378,0.9922192394487608,0.9912415820634911,0.988704323383491,0.9995931133320077,1.001194062901834,0.9995301406420416,0.0971425714285716,0.1178570714285715,0.0653333,0.028106571428571567,0.07588707142857144,0.03710040000000004,-121810.57142857143,-142722.92857142858,-74634.23333333334
2010-03-11,24.02,24.24,23.91,24.059999,13.524767,7088981.0,1.0091590341382182,0.9954204829308909,1.001665237302248,0.050000999999998186,0.06745599999999996,165501.0,1.005692689662964,1.0075584394510624,1.0084245022308305,0.9926459090059557,0.9918840955501514,0.9889135000256547,0.9995908134286979,1.0017655003432682,0.9995253455245409,0.032856999999999914,0.137142857142857,0.0636666333333333,0.018469857142857142,0.08431914285714294,0.03578876666666666,-400521.4285714286,-1421.357142857143,-119428.0
2010-03-12,24.219999,24.280001,24.139999,24.26,13.637192,4821681.0,1.002477374173302,0.9966969445374461,1.0016515690194703,0.19999900000000181,0.112425,-2267300.0,1.0055075107113813,1.006776621978302,1.0084614192694838,0.9927730256709337,0.9917760025824681,0.9891382535802514,0.999647063330551,1.0012762436081615,0.9998391497277775,0.052856999999999994,0.13357135714285714,0.07733330000000009,0.030515142857143168,0.06906114285714285,0.047406066666666705,-551569.2857142857,-86375.42857142857,-149042.06666666668
2010-03-15,24.290001,24.389999,23.99,24.02,13.50228,6925486.0,1.0041168380355356,0.9876491977089666,0.9888842738211496,0.07000199999999879,-0.13491199999999992,2103805.0,1.0060356064186176,1.0060207296098551,1.0081685412330388,0.9922691235958851,0.9910210725372391,0.988818729137117,0.998839408603093,0.999591397791289,0.9993150187700619,0.07000028571428578,0.13142857142857142,0.08633333333333333,0.028106142857143062,0.05179585714285714,0.04159736666666672,-354855.85714285716,-118298.42857142857,-70073.43333333333
2010-03-16,24.040001,24.23,23.83,24.15,13.575359,8230011.0,1.0079034522502723,0.9912645178342546,1.0045756653670688,-0.25,0.0730789999999999,1304525.0,1.0054769134116601,1.005950338103922,1.0084168066504253,0.991804808147944,0.991000287303178,0.9889375706772251,0.9987094765638206,0.9998547389683017,0.9995586601551394,0.04857142857142855,0.11000007142857145,0.06966666666666667,0.025697285714285707,0.06544764285714295,0.042346966666666694,275851.4285714286,-136663.42857142858,-113402.5
2010-03-17,24.379999,24.67,24.280001,24.610001,13.833939,12370444.0,1.011895037403406,0.9958983591426726,1.0094340446855636,0.33999800000000135,0.25858000000000025,4140433.0,1.0068187577875312,1.0067999836327368,1.008767937360849,0.9933039363037958,0.9928423208055195,0.9898444079491515,1.001129525363772,1.0020984580157006,1.0002814782625493,0.05714271428571444,0.11642850000000012,0.07799993333333338,0.0650465714285716,0.09475878571428582,0.05321473333333338,801821.8571428572,296739.5,108640.0
2010-03-18,24.950001,24.950001,24.700001,24.879999,13.985709,10622257.0,1.0,0.9899799603214445,0.9971943087296871,0.5700019999999988,0.15176999999999907,-1748187.0,1.0055556059078319,1.0058617831073426,1.00847404562254,0.9924138554474607,0.992939713517997,0.9898816363421353,1.000307659693577,1.0009598509709987,1.0003890364360328,0.17142871428571432,0.15071435714285716,0.11333340000000001,0.08512157142857164,0.0698641428571428,0.06483193333333333,285754.0,-309496.14285714284,142360.6
2010-03-19,24.93,25.110001,24.82,25.110001,14.115003,7890534.0,1.0072202567188127,0.9955876454071401,1.0072202567188127,-0.0200010000000006,0.1292939999999998,-2731723.0,1.006110284674221,1.0054574427769194,1.0083452429348538,0.993213872554688,0.9927165560017244,0.9900237144822127,1.001517907949143,1.0005555106405752,1.0003887478045717,0.13714299999999977,0.11714278571428569,0.13933333333333334,0.09395599999999986,0.06103128571428572,0.07888523333333335,138150.57142857142,8170.0,15643.166666666666
2010-03-22,24.9,25.110001,24.639999,24.700001,13.884529999999998,6996191.0,1.0084337751004018,0.9895581927710844,0.9919679116465864,-0.030000000000001137,-0.2304730000000017,-894343.0,1.006006676240247,1.0058496829516057,1.0085152576604228,0.9923764025318584,0.9925111557689071,0.9901518431301377,1.0001325757126198,0.9998616945706588,1.000168632161045,0.12571428571428558,0.07928564285714275,0.12999999999999995,0.05139471428571391,0.03493228571428553,0.06989116666666663,-13255.714285714286,-206888.57142857142,-5465.333333333333
2010-03-23,24.950001,25.459999,24.91,25.450001,14.306121,11522279.0,1.0204408007839358,0.9983967535712724,1.020040079357111,0.05000100000000174,0.42159100000000116,4526088.0,1.0085728800417664,1.007040195376574,1.00910050683779,0.9926192323938337,0.9926961290323838,0.9907711550987437,1.0027595057608543,1.0012032845457024,1.001221063785191,0.10428599999999985,0.07857149999999992,0.13800006666666664,0.0955612857142855,0.06303821428571434,0.0914392,957228.2857142857,202829.5,128746.26666666666
2010-03-24,25.559999,25.719999,25.370001,25.370001,14.261157,5246331.0,1.0062597811525735,0.9925665881285831,0.9925665881285831,0.6099980000000009,-0.04496399999999845,-6275948.0,1.0088790147727715,1.0074573105956948,1.0091485994144238,0.9933217167394932,0.9927954201676892,0.9915349370023235,1.003285550661916,1.0010624796325047,1.0018724468448401,0.18142828571428588,0.12571428571428583,0.15999996666666666,0.10841100000000001,0.06825857142857153,0.09687330000000002,-239879.2857142857,-297367.5714285714,-222516.4
2010-03-25,25.120001,25.450001,25.1,25.35,14.249912,6115500.0,1.0131369421521919,0.9992037818788304,1.0091560107820061,-0.4399980000000028,-0.011245000000000616,869169.0,1.0096266561873317,1.007551784799496,1.0086341164868673,0.9944558973172898,0.993130352732617,0.991639759294739,1.0039398857211927,1.0013246811425067,1.0014387292696467,0.15428571428571405,0.1014285714285713,0.16066673333333328,0.09636471428571422,0.06103099999999996,0.08619280000000001,-302073.0,-13110.785714285714,-33762.8
2010-03-26,25.299999,25.5,25.07,25.450001,14.306121,16650381.0,1.0079051781780703,0.9909091300754597,1.0059289330406693,0.1799980000000012,0.056208999999999065,10534881.0,1.009056676297998,1.0079377170427644,1.0088817251117554,0.9937431503076878,0.9935235433057418,0.9922904706066046,1.0034391554862079,1.00228434042499,1.0022403963241435,0.13142857142857117,0.0942856428571428,0.14433333333333329,0.06745457142857118,0.0662505714285714,0.0910645,611419.5714285715,706620.7142857143,220657.16666666666
2010-03-29,25.5,25.57,25.299999,25.43,14.29488,5984953.0,1.0027450980392156,0.9921568235294117,0.9972549019607843,0.20000100000000032,-0.011241000000000057,-10665428.0,1.009448833160743,1.0075022195342875,1.0085667243146887,0.9940541307659689,0.9932339931067149,0.9922404118787232,1.0034478116620789,1.001877735677828,1.0021488930561697,0.07857128571428566,0.125,0.16666666666666666,0.044167285714285597,0.06464442857142862,0.09237613333333332,-662472.0,-188359.0,62732.76666666667
2010-03-30,25.450001,25.65,25.24,25.450001,14.306121,7195705.0,1.0078585065674457,0.9917484875540868,1.0,-0.04999899999999968,0.011241000000000057,1210752.0,1.009540011710548,1.0078251481923843,1.0078703644054279,0.9935056796441041,0.993359776099396,0.9921091084622425,1.0024163464165343,1.0019671271828385,1.0017815412130464,0.07428585714285722,0.1057144285714285,0.15266666666666673,0.02730257142857135,0.06062928571428561,0.08150833333333332,-99261.28571428571,19444.64285714286,-67037.0
2010-03-31,25.309999,25.540001,25.309999,25.360001,14.255535,10860830.0,1.0090873966450966,1.0,1.0019755828516628,-0.14000199999999907,-0.05058599999999913,3665125.0,1.0096333862169329,1.00782003122859,1.007432881239783,0.994997366391092,0.9936868844614751,0.9922016612884392,1.0038460137315453,1.0019892947220825,1.0011378475013555,0.058571285714286096,0.09214278571428583,0.12333326666666669,0.053000714285714574,0.05219771428571424,0.06164673333333332,552091.2857142857,269417.78571428574,-23280.333333333332
2010-04-01,25.42,25.42,25.059999,25.290001,14.216183,6395389.0,1.0,0.9858378835562549,0.9948859559402045,0.11000100000000046,-0.03935200000000094,-4465441.0,1.0067132718192278,1.007643075930497,1.0074179469506552,0.9932032421032323,0.992911237248533,0.9923418965945559,1.00025256752913,1.0015060366449922,1.0013706066659094,0.06714271428571449,0.08571435714285716,0.10333333333333337,-0.012848285714285725,0.04135649999999989,0.06070969999999996,-732412.8571428572,112407.71428571429,-84207.06666666667
2010-04-06,25.290001,25.48,25.18,25.450001,14.306121,4013158.0,1.0075128110908338,0.9956504153558554,1.006326611058655,-0.12999900000000153,0.08993800000000007,-2382231.0,1.006892276096122,1.007885645434447,1.0074270466868656,0.9936437888499855,0.9934827527947393,0.9926494006358293,1.002218285090569,1.0027519178762425,1.0017926565971256,-0.03857114285714301,0.07142857142857142,0.10633336666666662,0.00642342857142835,0.057417214285714176,0.06539406666666665,-176167.57142857142,-208023.42857142858,-103190.73333333334
2010-04-07,25.58,25.639999,25.459999,25.51,14.339849,6383363.0,1.002345543393276,0.9953087959343238,0.9972634870992965,0.2899989999999981,0.03372799999999998,2370205.0,1.0053506477019911,1.0074886519446615,1.0070578041735765,0.9930873622864846,0.993771629801887,0.9925526856308065,1.000519353135896,1.0022296194285445,1.00141806739007,0.06571414285714283,0.10999992857142844,0.10766666666666656,0.012848142857142721,0.054606428571428466,0.055650433333333284,38266.142857142855,-131903.42857142858,11747.533333333333
2010-04-08,25.379999,25.48,25.18,25.18,14.15435,5829173.0,1.0039401498794385,0.9921198184444372,0.9921198184444372,-0.20000099999999676,-0.1854989999999983,-554190.0,1.0047842150879007,1.0069204456929495,1.0066991647964314,0.9932603177677671,0.9935017340377276,0.9923494056342153,0.9985466224792915,1.0009928889827497,1.000739657496306,0.011428571428571692,0.07142857142857142,0.09766660000000003,-0.02168157142857119,0.0228865,0.04590706666666667,-1545886.857142857,-467233.64285714284,-91749.7
2010-04-09,25.370001,25.379999,25.059999,25.15,14.137484,4080170.0,1.0003940874893935,0.9877807651643373,0.9913283014848916,-0.00999800000000306,-0.01686600000000027,-1749003.0,1.0044483564379263,1.0069485947993349,1.0064160032683,0.9926351665727564,0.9933446486693626,0.9922235807693228,0.9976999652684497,1.0005738884652644,1.0004209712495058,-0.018571285714285932,0.029999999999999867,0.09566669999999995,-0.022485142857142648,0.010841071428571476,0.049279733333333374,-272111.85714285716,-467291.9285714286,-202104.3
2010-04-12,25.299999,25.41,25.24,25.360001,14.255535,5584006.0,1.0043478657845006,0.9976284979299801,1.0023716206470996,-0.07000199999999879,0.11805099999999946,1503836.0,1.003946836326077,1.0067434240183124,1.0065609321277835,0.993475168055027,0.9934904238495655,0.9931408676966592,0.9980387682180353,1.000227557317285,1.0012326260036766,-0.021428857142857232,0.026428499999999997,0.08499996666666666,-0.0072265714285713045,0.010038000000000023,0.05827396666666669,-230242.7142857143,-164752.0,-87736.16666666667
2010-04-13,25.360001,25.57,25.25,25.42,14.289259,6249741.0,1.0082807173390884,0.9956624213066868,1.0023658910739002,0.06000200000000078,0.03372399999999942,665735.0,1.0038315964252187,1.0067324913210756,1.0063991291272358,0.9928555139559823,0.993926440173537,0.9933757329953233,0.9980945265354978,1.0009702701335217,1.0008736621276229,0.007143142857142745,0.03285721428571442,0.08400003333333335,0.004817714285714203,0.02890921428571439,0.04272159999999996,-658727.0,-53317.857142857145,-290182.06666666665
2010-04-14,25.59,25.940001,25.57,25.91,14.564701,6730633.0,1.0136772567409145,0.9992184447049629,1.012504884720594,0.2299989999999994,0.27544199999999996,480892.0,1.0057854902453494,1.0062493810322886,1.0064256703071084,0.994767022691512,0.9939851323973722,0.9933926194643237,1.0006115163612679,1.0004320419451989,1.0008611242401513,0.024285714285714022,0.045714214285714254,0.07666663333333332,0.049788285714285764,0.018470000000000018,0.043471199999999995,47892.0,-342260.4285714286,-34850.7
2010-04-15,25.99,26.23,25.92,26.040001,14.63778,5066224.0,1.009234320892651,0.9973066564063102,1.0019238553289727,0.3999999999999986,0.0730789999999999,-1664409.0,1.0060314202170375,1.0064618481565797,1.0066354005817035,0.9950036285558627,0.9943237087029241,0.9935550481435165,0.9999825512570275,1.0011004181737981,1.0008692081969364,0.09999985714285689,0.030714357142856943,0.07333329999999995,0.04737985714285716,0.026901642857142756,0.04141006666666662,150438.0,-12864.785714285714,-160880.23333333334
2010-04-16,25.92,25.969999,25.57,25.690001,14.441033,9857128.0,1.001928973765432,0.9864969135802468,0.9911265817901234,-0.06999999999999673,-0.19674700000000023,4790904.0,1.0059719102702027,1.005661278986097,1.0065739121460717,0.9937447882195658,0.9934160752530252,0.9932447076667714,0.999105850498574,0.9998126018172352,1.0005315002663906,0.04857142857142906,0.057142785714285944,0.069,0.014454857142857134,0.013651499999999928,0.03391490000000002,496252.14285714284,267259.14285714284,39148.73333333333
2010-04-19,25.299999,25.42,25.02,25.08,14.098134,6677015.0,1.0047431227171195,0.9889328454123655,0.9913043870080784,-0.620001000000002,-0.3428989999999992,-3180113.0,1.0060866206755856,1.0054354178817433,1.006718010633813,0.9932895063578414,0.9932749120628043,0.9931699187727066,0.9989893602933799,0.9987679913863357,1.0004237179362145,-0.011428571428571692,0.0,0.05,-0.008030857142857275,-0.014856214285714233,0.02641990000000002,121120.28571428571,-712383.2857142857,-91082.06666666667
2010-04-20,25.25,25.360001,25.110001,25.129999,14.126241,7316750.0,1.0043564752475247,0.9944554851485149,0.9952474851485149,-0.04999899999999968,0.028107000000000326,639735.0,1.0066526760696044,1.0055505162537652,1.0064694163654315,0.9942430377841525,0.9934391021784544,0.9931679440786624,0.9995492436738976,0.9986246044711737,1.000082461119766,-0.01714299999999978,-0.017857142857142856,0.05166663333333332,-0.0016061428571429051,-0.012045642857142777,0.024358766666666653,462368.5714285714,95128.35714285714,33923.3
2010-04-21,25.209999,25.57,25.16,25.4,14.278017000000002,7572762.0,1.0142800878334028,0.9980166996436612,1.0075367317547295,-0.040001000000000175,0.1517760000000017,256012.0,1.0080715649337333,1.006009200629905,1.0068620150674679,0.9942984951718213,0.9938868316134241,0.993588351998394,1.0002871166892733,0.9991629424536542,1.0005838954087267,-0.012857142857142836,-0.017143000000000037,0.040999966666666644,0.003211714285714556,-0.0020074285714283746,0.029980133333333412,284108.0,26932.64285714286,27169.033333333333
2010-04-22,25.280001,25.309999,25.07,25.25,14.193697,8479823.0,1.0011866296998961,0.9916929987463213,0.9988132516292227,0.07000199999999879,-0.08432000000000173,907061.0,1.00705812384242,1.0054448601338195,1.0066068339522014,0.9937314348060546,0.9932934743810184,0.9934377677460784,0.9997795967686052,0.9989370616520514,1.0004460915156657,-0.011428571428571692,-0.0021427142857144738,0.051000033333333285,-0.01365171428571418,-0.004416999999999989,0.02679463333333339,318583.14285714284,-170071.92857142858,-4738.533333333334
2010-04-23,25.139999,25.25,25.07,25.200001,14.165594,8154095.0,1.004375537166887,0.9972156323474795,1.0023867144943006,-0.14000199999999907,-0.028102999999999767,-325728.0,1.0057293067604163,1.0057573985028827,1.0066414350126278,0.9934453187549857,0.9941061707232487,0.993678704635776,0.9983341438791346,0.999472830120201,1.0005673647011475,-0.06428585714285719,-0.020000071428571582,0.03899999999999994,-0.05701528571428557,-0.0036134999999999045,0.023609433333333325,203351.7142857143,125621.85714285714,41020.5
2010-04-27,25.129999,25.469999,25.120001,25.17,14.148731,6788109.0,1.0135296463800099,0.9996021488102724,1.0015917628966082,-0.00999999999999801,-0.01686300000000074,-1365986.0,1.0063429246871818,1.0061871724521096,1.006787122087354,0.993773246241266,0.9943884373985643,0.9938180934984221,0.9982867021030825,0.999134626680055,1.0005649155542928,-0.12285728571428527,-0.01142871428571419,0.03699996666666673,-0.0698641428571428,-0.01124214285714282,0.020798799999999968,245983.57142857142,198210.7857142857,-10029.066666666668
2010-04-28,24.75,24.889999,24.58,24.85,13.968848,10105798.0,1.0056565252525251,0.9931313131313131,1.004040404040404,-0.37999900000000153,-0.17988300000000024,3317689.0,1.0068754320424806,1.0064236711563417,1.0068930937899951,0.994721017605704,0.9942329029126349,0.9936992391182177,1.0001315338531227,0.9996186921758484,1.0006445433883238,-0.1671428571428574,-0.059285714285714164,0.017666699999999955,-0.06745499999999995,-0.026500071428571408,0.011055199999999961,35524.28571428572,265888.21428571426,176137.23333333334
2010-04-29,24.6,24.690001,24.16,24.200001,13.603467000000002,18254265.0,1.0036585772357722,0.9821138211382113,0.9837398780487805,-0.14999999999999858,-0.3653809999999975,8148467.0,1.0067204969737167,1.0064035588246512,1.006877818430003,0.9937468712808248,0.9935181888193331,0.9935147265658592,0.99905088971608,0.99902012500473,1.000473063529245,-0.09999985714285689,-0.05571421428571429,0.010333300000000042,-0.070666714285714,-0.039348785714285635,0.0033729000000000415,1653892.857142857,887506.5714285715,377625.9666666667
2010-04-30,24.32,24.450001,24.049999,24.200001,13.603467000000002,17951695.0,1.0053454358552631,0.9888979851973684,0.9950658305921053,-0.28000000000000114,0.0,-302570.0,1.0068617770605366,1.0067572265650706,1.0067925512168359,0.9929529427163754,0.993597990250264,0.9934358421446295,0.9990249390651644,0.999287091369531,1.0001560690367461,-0.1328571428571428,-0.0750000714285713,0.009333300000000004,-0.07468199999999976,-0.03814407142857133,0.0009369333333333785,1519277.857142857,990823.2142857143,324056.13333333336
2010-05-03,24.02,24.809999,24.01,24.74,13.907013,8892061.0,1.032889217318901,0.9995836802664447,1.0299750208159866,-0.3000000000000007,0.3035459999999972,-9059634.0,1.0095202241298935,1.0087958945318134,1.007492357214019,0.9931767970910588,0.99373764613144,0.9935586861820888,1.0022304089310583,1.0012587628101657,1.0008407682410936,-0.16999985714285717,-0.09142850000000001,-0.011999966666666731,-0.05300057142857183,-0.024894428571428633,0.0024357999999999437,188471.2857142857,236289.64285714287,-115946.1
2010-05-04,24.950001,24.99,24.610001,24.66,13.862043,7624967.0,1.0016031662684102,0.9863727460371645,0.9883767138927169,0.9300010000000007,-0.04496999999999929,-1267094.0,1.009579729353967,1.0083189265981936,1.0075457960896328,0.9924167609897506,0.9930740978979026,0.993438445705946,1.0007394749687004,1.0002595358686526,1.0005468484131945,-0.047142857142856896,-0.029285714285714297,0.0,-0.047379142857142904,-0.030515428571428544,-0.004122200000000002,-122122.28571428571,98230.42857142857,-99909.66666666667
2010-05-05,24.290001,24.5,23.959999,24.110001,13.552874,12453840.0,1.008645491616077,0.98641408042758,0.9925895433269023,-0.6600000000000001,-0.3091690000000007,4828873.0,1.0101897228467085,1.0079595148035623,1.0075933039195417,0.9908736821440506,0.9921595004495182,0.9931326602066274,0.9993398790876434,0.998837011483389,1.0000591579667977,-0.12142828571428563,-0.0928570714285714,-0.021333299999999986,-0.08753142857142875,-0.07227335714285717,-0.01873763333333335,614249.2857142857,408800.5,152110.2
2010-05-06,23.32,23.4,22.33,22.450001,12.897923,27707807.0,1.0034305317324184,0.9575471698113207,0.9626930102915952,-0.9700009999999999,-0.6549509999999987,15253967.0,1.0087469921827668,1.007544958434974,1.0074265291406088,0.9848658280013433,0.9893195371213047,0.9920656261079687,0.9937829144297845,0.9960348082664334,0.9990833279216312,-0.2585712857142859,-0.1907142857142856,-0.05266666666666661,-0.17868685714285704,-0.12427549999999991,-0.03288689999999992,2988528.285714286,1617255.9285714286,690387.2
2010-05-07,21.6,22.27,21.35,21.9,12.581938,25670141.0,1.0310185185185183,0.9884259259259259,1.0138888888888888,-1.7199999999999989,-0.3159850000000013,-2037666.0,1.0123701340779085,1.0096227830601947,1.0077791197317616,0.984193629829145,0.9894573237174246,0.9917332651864571,0.9951898408367109,0.9976606873449168,0.9988782882393572,-0.4499999999999998,-0.3085714285714286,-0.11166669999999997,-0.19813000000000006,-0.1327925,-0.05747276666666667,2223477.5714285714,1129500.9285714286,471595.4
2010-05-10,22.5,22.799999,22.32,22.780001,13.087514,10843672.0,1.0133332888888889,0.992,1.0124444888888888,0.8999999999999986,0.5055760000000014,-14826469.0,1.0137522357426396,1.0102363663581782,1.0080149033229722,0.9856059410951149,0.9896764061879698,0.9917143789155042,0.999290499528155,0.9991706946221175,0.9995408849313674,-0.3000000000000002,-0.19999992857142854,-0.1019999666666667,-0.07370757142857164,-0.07218714285714281,-0.03912143333333334,-1058656.142857143,297618.35714285716,186578.03333333333
2010-05-11,23.26,23.280001,22.370001,22.52,12.938139,11510809.0,1.0008598882201203,0.9617369303525364,0.9681857265692174,0.7600000000000016,-0.14937500000000092,667137.0,1.0131114432233335,1.009986610141935,1.007605668191903,0.981725790402996,0.9873393665596856,0.9904654838646277,0.9954504846677423,0.9972377118664533,0.9981752087909411,-0.15142857142857125,-0.14214285714285704,-0.06200003333333323,-0.09504685714285747,-0.08486442857142862,-0.043725766666666686,-920126.5714285715,299575.64285714284,179843.63333333333
2010-05-12,22.84,23.09,22.530001,22.74,13.064532,9694899.0,1.0109457092819614,0.9864273642732049,0.9956217162872153,-0.4200000000000017,0.1263930000000002,-1815910.0,1.0099766563609134,1.0097484402454036,1.0077070192286994,0.9798463166896761,0.9865115568903675,0.9903160916712194,0.9905428697350607,0.9963866393330595,0.9978316348991592,-0.16857142857142854,-0.16928564285714284,-0.08199996666666666,-0.12035442857142849,-0.08667750000000016,-0.04138629999999998,114691.14285714286,151581.2142857143,-231849.4
2010-05-13,23.200001,23.290001,22.91,23.290001,13.380518,7761181.0,1.003879310177616,0.9874999574353467,1.003879310177616,0.36000100000000046,0.31598600000000054,-1933718.0,1.0103018197765141,1.0099407745652407,1.0077448262999793,0.9800073468894164,0.9862120539395836,0.9901608628014171,0.9927575263471891,0.9967485006579447,0.998052448506387,-0.25,-0.14857142857142844,-0.07666663333333332,-0.06878928571428565,-0.058084214285714274,-0.030478733333333292,19459.14285714286,-51331.57142857143,59207.6
2010-05-14,22.92,23.01,22.73,22.809999,13.104746,6053345.0,1.0039267015706805,0.9917102966841186,0.9952006544502617,-0.2800009999999986,-0.2757719999999999,-1707836.0,1.009627706912886,1.0099087148797974,1.0076137661334206,0.980763949211779,0.9858188156779149,0.9901595897724181,0.9931305422219546,0.9962352106547991,0.9978924703213957,-0.19571442857142834,-0.158571357142857,-0.08433336666666662,-0.06401828571428554,-0.07577485714285714,-0.040045833333333294,-914356.4285714285,-150053.57142857142,-38078.666666666664
2010-05-17,22.68,22.68,22.030001,22.15,12.725567,7955489.0,1.0,0.9713404320987654,0.9766313932980599,-0.240000000000002,-0.3791790000000006,1902144.0,1.0091376309511122,1.0089423115669394,1.0073108529119172,0.9827344152528426,0.983800121627093,0.989204270842377,0.9951217397943068,0.9944523271120457,0.9970476640029422,-0.09142857142857151,-0.1749999285714287,-0.08766663333333338,-0.0246222857142858,-0.10165457142857141,-0.05099893333333334,-2821759.714285714,83384.28571428571,-96844.7
2010-05-18,22.200001,22.299999,21.639999,21.73,12.484269,16598204.0,1.004504414211513,0.97477468582096,0.9788287847374422,-0.4799989999999994,-0.24129800000000046,8642715.0,1.0053499017643972,1.0088600179211529,1.0074610000523012,0.9807842380949904,0.9824889339620677,0.9888354975845338,0.9901131534869573,0.9926514971618341,0.9965124249628502,0.08571442857142841,-0.1821427857142857,-0.10733330000000005,-0.013952714285714254,-0.10604135714285715,-0.05773046666666666,-1295991.0,463743.28571428574,340093.8333333333
2010-05-19,21.33,21.629999,21.219999,21.25,12.208505,11030971.0,1.0140646507266762,0.9948428973277076,0.996249413970933,-0.870001000000002,-0.2757639999999988,-5567233.0,1.0054543820269382,1.0096033088847889,1.0076793947068292,0.9811903662846628,0.9833981536898888,0.988808580316929,0.9877995713558209,0.9935450354419878,0.9961765183932594,-0.1671428571428574,-0.2335714285714288,-0.1320000333333334,-0.1255727142857143,-0.09964014285714295,-0.06992053333333328,26757.0,-515949.5714285714,233927.1
2010-05-20,21.299999,21.450001,20.629999,20.629999,11.852302,12772425.0,1.0070423477484671,0.9685445994621878,0.9685445994621878,-0.030000999999998612,-0.3562030000000007,1741454.0,1.0063375905309877,1.0097245168771605,1.0078359548520024,0.9821628904431845,0.9819443404230902,0.9879164404345244,0.9878508389119594,0.991650661789851,0.9952192221386891,-0.28000014285714314,-0.2157143571428572,-0.14266669999999995,-0.15511957142857138,-0.12508321428571442,-0.08291823333333331,180230.85714285713,-369947.85714285716,212968.73333333334
2010-05-21,20.1,21.23,19.950001,21.0,12.064872,19892144.0,1.0562189054726367,0.9925373631840796,1.044776119402985,-1.1999989999999983,0.21256999999999948,7119719.0,1.0128051899867985,1.011390923173856,1.0095785800384423,0.9830357474304522,0.9814410320600642,0.9879303585925125,0.9948728964999265,0.9927078831174937,0.9969744321706407,-0.3914285714285712,-0.27999999999999986,-0.17599996666666667,-0.14280857142857148,-0.1315815,-0.06964926666666672,1456749.2857142857,785720.2142857143,468765.7
2010-05-24,21.42,21.9,21.219999,21.9,12.581938,15312156.0,1.022408963585434,0.9906628851540616,1.022408963585434,1.3200000000000003,0.5170659999999998,-4579988.0,1.0154522833307724,1.0128770515536434,1.0103124092416436,0.9834875942474115,0.9817474705684139,0.9880264292588367,0.9975199898439006,0.995138758095545,0.9980104542406588,-0.25428585714285695,-0.25214292857142845,-0.1316666999999999,-0.1140828571428573,-0.09143607142857148,-0.05185153333333338,1078710.7142857143,549084.9285714285,374399.5333333333
2010-05-25,21.5,21.52,21.200001,21.34,12.260206,11855404.0,1.0009302325581395,0.9860465581395349,0.9925581395348837,0.0799999999999983,-0.321731999999999,-3456752.0,1.0150242163289809,1.0123259616209335,1.0101984881340982,0.9826784887410424,0.9817212189764106,0.9876403645991552,0.9971424877131323,0.9951365149675436,0.9976833382035849,-0.2028571428571431,-0.19928578571428573,-0.12666663333333333,-0.12064857142857147,-0.0923334285714285,-0.06651096666666666,828865.5714285715,-42745.42857142857,209046.6
2010-05-26,21.950001,21.950001,21.42,21.870001,12.5647,12069911.0,1.0,0.9758541696649582,0.9963553532412139,0.4500010000000003,0.30449400000000004,214507.0,1.015024216328981,1.0120809236400465,1.0099224642227953,0.9833233083933557,0.9830288618230991,0.986980089544431,0.99996019627644,0.9975409680353735,0.9974829869424954,-0.10428557142857134,-0.09785707142857143,-0.11366666666666667,-0.02298099999999995,-0.023801642857142875,-0.057485299999999975,587774.5714285715,-1116992.5714285714,194005.66666666666
2010-05-27,21.620001,22.09,21.35,22.09,12.691098,12362503.0,1.0217390831758058,0.9875115176914193,1.0217390831758058,-0.33000000000000185,0.126398,292592.0,1.0174863118953084,1.0114181068298527,1.010191191770625,0.9851428558034213,0.9829635469492057,0.9865898586439793,1.006090238910492,0.9981016961987247,0.9977907935576691,-0.08285714285714312,0.0014286428571426463,-0.13233330000000004,0.02954700000000012,0.007797142857142931,-0.06245343333333331,-605100.1428571428,-950545.5714285715,187729.0
2010-05-28,22.450001,22.690001,22.33,22.52,12.938139,12910763.0,1.0106904226863953,0.9946547441133743,1.0031179954067708,0.8300000000000018,0.2470409999999994,548260.0,1.0170042793181255,1.011229330672532,1.010239728497083,0.9851159767728023,0.9831531715287325,0.9865014615675481,1.0070714648298973,0.997435518092859,0.9978305982269291,0.16000014285714315,-0.00357135714285712,-0.11799996666666661,0.10423342857142844,-0.010669642857142923,-0.05665469999999999,268541.71428571426,147649.35714285713,261484.63333333333
2010-05-31,22.43,22.6,22.309999,22.309999,12.817491,6341050.0,1.0075791350869372,0.9946499777084263,0.9946499777084263,-0.0200010000000006,-0.1206479999999992,-6569713.0,1.0170809632236213,1.0117092768773044,1.0104280672077999,0.9888453165222649,0.9855041034827247,0.9867732303718209,1.01080080457936,0.9993258217456598,0.9979480447575392,0.1614287142857143,-0.05928571428571442,-0.1163333333333334,0.13788414285714293,-0.008617714285714229,-0.054118066666666624,-918767.8571428572,-369268.5,-117202.6
2010-06-01,22.309999,22.370001,21.98,22.299999,12.811747,6275368.0,1.0026894667274524,0.9852084708744272,0.9995517704864083,-0.12000099999999847,-0.005743999999999971,-65682.0,1.0094339005457378,1.011119545266268,1.0103596120081444,0.9877983319066003,0.9854170396685262,0.9866490845538896,1.0043401833055634,0.9996065399027448,0.9982229575401502,0.31571414285714283,-0.03785721428571419,-0.09966666666666661,0.10669642857142872,-0.018056071428571383,-0.04287956666666665,-1945253.7142857143,-244252.2142857143,-13388.233333333334
2010-06-02,21.99,22.35,21.940001,22.09,12.691098,5971468.0,1.0163710777626196,0.9977262846748522,1.0045475216007276,-0.3199990000000028,-0.12064900000000023,-303900.0,1.0085713454281928,1.0120118143794827,1.0107600987586476,0.988807388980999,0.9861474916142052,0.9867581112047674,1.0017885487363196,0.9996542692901099,0.998532958755224,0.08142857142857096,-0.086428642857143,-0.10866666666666672,0.015594285714285862,-0.04924428571428573,-0.0478381,-1334384.0,-127836.64285714286,-44842.73333333333
2010-06-03,22.5,22.950001,22.41,22.75,13.070277,6200856.0,1.0200000444444444,0.996,1.011111111111111,0.5100000000000016,0.3791790000000006,229388.0,1.0112956042690935,1.0131599102990372,1.0109507639790156,0.9902293092467797,0.986453898993911,0.9866908878833122,1.0044389732472092,1.0007907304801706,0.99865210473377,0.14285714285714285,-0.03000000000000012,-0.09033329999999999,0.11572442857142866,-0.002462071428571403,-0.04025800000000004,-807792.5714285715,10536.5,-45730.2
2010-06-04,22.75,22.77,22.459999,22.639999,13.007084,6975884.0,1.0008791208791208,0.9872527032967033,0.9951647912087912,0.25,-0.06319300000000005,775028.0,1.0114211929661108,1.013222704647546,1.0109405136849896,0.9918576711941718,0.9875904897937637,0.9865428780349916,1.004268892956863,1.0021145446166515,0.9985304893864223,0.11428557142857139,0.00500000000000002,-0.08433336666666662,0.06319771428571437,0.02010835714285721,-0.03955376666666665,-727718.1428571428,-69971.78571428571,-50131.3
2010-06-07,22.030001,22.120001,21.690001,22.02,12.65088,8072520.0,1.0040853379897714,0.9845665009275306,0.9995460281640478,-0.7199990000000014,-0.35620399999999997,1096636.0,1.0088992293681058,1.0131927706317072,1.0109308403790858,0.9914369545136162,0.9882899051585188,0.9861212403209932,1.001098456526612,1.0035943477185518,0.9984357998420806,0.058571428571428594,-0.012142857142857264,-0.10366660000000003,-0.005745428571428489,0.011900785714285813,-0.05049046666666666,-612854.7142857143,-608977.4285714285,-2719.1666666666665
2010-06-08,22.0,22.35,21.85,22.309999,12.817491,9505098.0,1.0159090909090909,0.9931818181818183,1.0140908636363637,-0.030000999999998612,0.16661099999999962,1432578.0,1.0096447533999195,1.0133245163590225,1.0110101551967219,0.991226536523394,0.9881712566480981,0.9859072293000448,1.0026660091308395,1.0048687369803684,0.9988524365334057,-0.06428585714285719,0.04785714285714298,-0.10433330000000005,-0.017235428571428457,0.04349899999999999,-0.044374666666666646,-486523.5714285714,-108990.92857142857,90566.3
2010-06-09,22.389999,22.469999,22.040001,22.26,12.788764,6377944.0,1.003573023830863,0.9843681100655699,0.9941938809376455,0.38999899999999954,-0.028726999999999947,-3127154.0,1.009072451791909,1.013076707507765,1.010940705149333,0.9897576982887001,0.9893015074054825,0.9856151225311865,1.0026008524492993,1.0067008285143297,0.9985242190966471,-0.005714428571428597,0.07785714285714285,-0.07866670000000002,-0.004103857142857136,0.0668901428571429,-0.0393361333333333,5270.571428571428,-456748.64285714284,-124261.8
2010-06-10,22.120001,22.690001,22.120001,22.620001,12.995588,9779121.0,1.0257685340972633,1.0,1.022603977278301,-0.26999800000000107,0.20682399999999923,3401177.0,1.0123694614161676,1.0109016809809526,1.0116777037113829,0.9918707738780679,0.9898345528923339,0.9862113284932462,1.0058940248481412,1.005117104076852,0.9998196890709645,-0.027142571428571825,0.1442857857142855,-0.08266663333333343,0.026262999999999894,0.06647971428571431,-0.020262633333333408,500536.14285714284,-722358.7857142857,-282504.8
2010-06-11,22.85,23.040001,22.82,23.040001,13.23689,10178911.0,1.0083151422319474,0.9986870897155361,1.0083151422319474,0.729999000000003,0.24130200000000102,399790.0,1.0112186134832144,1.0098949794557037,1.011776693923939,0.9920080317410226,0.9904077103610108,0.9865376319771852,1.0064322563668868,1.004110402551603,1.0002613327922925,0.12285714285714329,0.10214285714285712,-0.04899999999999996,0.07797028571428578,0.046782285714285825,-0.012219233333333376,601063.2857142857,-366660.35714285716,-259092.8
2010-06-15,23.17,23.17,23.01,23.01,13.219655,6752118.0,1.0,0.9930945187742771,0.9930945187742771,0.3200000000000003,-0.01723500000000122,-3426793.0,1.0083614642768652,1.0098285342729796,1.0106803866799756,0.9915929629944908,0.9909111361206353,0.986321326594113,1.0038584574616247,1.0041487153544169,0.9990319827242355,0.09571428571428596,0.11928571428571441,-0.028333333333333263,0.021339714285714097,0.06853207142857139,-0.02291193333333332,78751.71428571429,-364520.4285714286,-71331.43333333333
2010-06-16,23.34,23.4,23.040001,23.18,13.317323000000002,10786889.0,1.0025706940874035,0.9871465724078835,0.9931448157669237,0.16999999999999815,0.09766800000000231,4034771.0,1.0086031175923342,1.0100121552792225,1.0107126376072755,0.9915778014389451,0.9917177363165585,0.9863471208064702,1.003569889541358,1.0039193912491104,0.9991909194533758,0.08428571428571427,0.09928564285714282,-0.05366670000000002,0.04431985714285729,0.05375878571428583,-0.01815733333333327,544429.2857142857,-91644.42857142857,105397.4
2010-06-17,23.120001,23.299999,22.860001,22.950001,13.185181,9498024.0,1.0077853802860994,0.9887543257459203,0.9926470591415633,-0.2199990000000014,-0.13214200000000176,-1288865.0,1.0091316950632383,1.0090154622156722,1.0106839672296095,0.9921760621272865,0.9918065083204514,0.9864251289837483,1.0025843225381459,1.0018413895323788,0.9991928366471978,0.1557142857142857,0.10714285714285714,-0.039000000000000055,0.07632871428571418,0.03529164285714285,-0.012256433333333306,203643.42857142858,-204605.64285714287,-98527.2
2010-06-18,23.049999,23.219999,22.940001,23.139999,13.294341,5019065.0,1.0073752714696431,0.9952278522875424,1.0039045554839285,-0.07000199999999879,0.10915999999999926,-4478959.0,1.0079125780004599,1.0087786657001898,1.0108154585541838,0.9924683527138186,0.9918474446186062,0.9876811517329556,1.0011291356592267,1.001897572395033,1.0005665548202756,0.1499998571428571,0.04285699999999996,-0.009000033333333353,0.06812142857142842,0.025442999999999976,0.013213933333333294,-640861.8571428572,-563692.7142857143,-756291.4
2010-06-21,23.4,23.66,23.370001,23.59,13.552871,6867898.0,1.011111111111111,0.9987179914529914,1.008119658119658,0.3500009999999989,0.25853000000000037,1848833.0,1.0089894476119239,1.0090309497019165,1.01015187830727,0.9945183357691645,0.9921380170289323,0.9880242205838579,1.0031185323995142,1.0028596924244066,1.0003742471279677,0.144285857142857,0.0692857142857142,0.05999999999999991,0.10915814285714275,0.05252714285714281,0.03236443333333335,69993.42857142857,37632.0,-626741.4333333333
2010-06-22,23.469999,23.68,23.219999,23.219999,13.340302,5902236.0,1.0089476356603166,0.9893481035086538,0.9893481035086538,0.06999900000000281,-0.21256900000000023,-965662.0,1.0065864621209315,1.0094779617685496,1.0100056898663177,0.9929966362704007,0.9924337050742341,0.9879358240341463,0.9983676932895645,1.002130859068853,0.9996043676152933,0.19285685714285755,0.08285714285714287,0.032333300000000044,0.049244857142857104,0.0377539285714285,0.00842626666666663,-553840.7142857143,-26652.285714285714,-164714.53333333333
2010-06-23,23.08,23.09,22.809999,22.879999,13.144964000000002,7712627.0,1.0004332755632583,0.9883015164644715,0.9913344454072792,-0.3899990000000031,-0.1953379999999978,1810391.0,1.0054604811682617,1.0083395473257382,1.0099914694444223,0.9915129829488201,0.9917605073449213,0.9888213102378774,0.995941879457469,1.0011870679121782,1.000375991576562,0.03285714285714241,0.07785714285714285,-0.0060000000000001085,-0.01313228571428558,0.0324190000000001,0.006894166666666734,-352326.28571428574,124368.5,-126606.06666666667
2010-06-24,23.15,23.200001,22.809999,22.83,13.116238,8151103.0,1.0021598704103671,0.9853131317494601,0.9861771058315335,0.07000000000000028,-0.028726000000002472,438476.0,1.0057690340840284,1.0070652491804468,1.0096986081487025,0.990401356230989,0.9909971596127399,0.9887841691537527,0.9949536776085057,0.9994060675350653,1.0000611712280394,-0.002857142857143304,0.046428571428571326,0.01033333333333329,-0.014773857142857187,0.0032829285714284545,0.001723533333333312,199855.0,139303.35714285713,-51459.86666666667
2010-06-25,22.6,22.66,22.32,22.469999,12.909412,10144978.0,1.002654867256637,0.9876106194690265,0.9942477433628318,-0.5499999999999972,-0.2068259999999995,1993875.0,1.0057810588224905,1.0071920882074124,1.0096577933846698,0.9904676486682951,0.9910227250536201,0.9887878578882086,0.9951112386936355,0.9993405641174967,0.9997401190008799,-0.1057142857142855,-0.010714285714285612,-0.020000033333333295,-0.058273000000000304,-0.006976571428571506,-0.015703533333333356,-91701.57142857143,226363.85714285713,79459.9
2010-06-28,22.73,22.75,22.200001,22.290001,12.806,7058643.0,1.0008798944126704,0.976682842058953,0.9806423669159701,0.129999999999999,-0.1034120000000005,-3086335.0,1.004794560840572,1.0069631279519051,1.0095562331460697,0.9887431509987283,0.9904596065630075,0.9882869427340365,0.9933962826614079,0.997990302599777,0.9992548427497369,-0.05571442857142829,0.0499999285714287,-0.006333333333333376,-0.05416871428571441,0.011079999999999883,-0.009958200000000044,-348483.0,-72419.78571428571,33509.933333333334
2010-06-29,22.15,22.42,21.85,21.870001,12.5647,9307674.0,1.0121896162528219,0.9864559819413093,0.9873589616252821,-0.5800000000000018,-0.24129999999999896,2249031.0,1.005482324381026,1.006697451190743,1.0099625536878303,0.9874900266635522,0.9899791896886854,0.9887907943954545,0.991032626395887,0.9960808810275568,0.9996124283606442,-0.12857128571428586,0.010714285714285612,-0.017666666666666705,-0.10423442857142844,-0.018056500000000014,-0.005362233333333322,612658.4285714285,-14101.714285714286,45072.833333333336
2010-06-30,21.440001,21.66,21.34,21.610001,12.415328,10557357.0,1.0102611469094616,0.9953357744712792,1.0079291041077845,-0.7099989999999998,-0.14937199999999962,1249683.0,1.0053609009236477,1.0071751742677857,1.010154444777762,0.9870068528090219,0.9907625942890933,0.9894761640171319,0.9910054043941907,0.9970619683968523,1.0005824390063223,-0.27999985714285713,-0.06785700000000006,-0.025333333333333385,-0.16250614285714274,-0.026673999999999993,-0.002298033333333294,527065.5714285715,298529.5,-201361.56666666668
2010-07-01,21.299999,21.469999,21.01,21.08,12.110834,7638424.0,1.0079812210319823,0.9863850228349776,0.9896714079657938,-0.14000199999999907,-0.30449400000000004,-2918933.0,1.0052228416910285,1.00590465190598,1.0099516637879387,0.9865835555699254,0.989790095920163,0.9891942348673742,0.9910515907452108,0.9947096420173877,1.0003631721394843,-0.3100000000000002,-0.05857157142857134,-0.001000033333333287,-0.17563828571428555,-0.06319671428571423,-0.003255700000000002,248026.85714285713,-152906.92857142858,-113084.9
2010-07-02,21.27,21.33,20.75,20.860001,11.984438,9307685.0,1.002820874471086,0.9755524212505877,0.9807240714621533,-0.02999900000000011,-0.12639599999999973,1669261.0,1.0055639272492896,1.0055122042087756,1.0098109480120259,0.9847622562536562,0.9881376196012381,0.9894278289269874,0.9895358230387642,0.9927388512481167,1.0007691545394832,-0.2585714285714284,-0.11285714285714299,-0.0009999666666666704,-0.1657894285714287,-0.08946085714285713,0.004404533333333364,227865.42857142858,-62230.42857142857,-115491.33333333333
2010-07-05,20.9,21.09,20.610001,20.889999,12.001676,6076954.0,1.0090909090909093,0.9861244497607656,0.9995214832535886,-0.370000000000001,0.017237999999998976,-3230731.0,1.006554075632224,1.0061615548581262,1.0082400147993018,0.9848781588266998,0.9876397575288445,0.9892140651462104,0.9914421626704863,0.9931979201394959,0.9992606666678366,-0.32142857142857145,-0.16214285714285737,0.02666666666666657,-0.15922314285714276,-0.08699849999999998,-0.0021065333333333196,-296307.0,-48226.0,-460506.3333333333
2010-07-06,20.879999,21.530001,20.66,21.51,12.357878,7582464.0,1.0311303654755921,0.9894636489206727,1.030172463130865,-0.02000099999999705,0.3562019999999997,1505510.0,1.0106220039492178,1.0082015313858539,1.0085307281956404,0.9851428773197922,0.9878052629940436,0.9891740906050974,0.996574265494491,0.9958427520940633,0.9995194499860177,-0.24571442857142856,-0.17571435714285702,-0.01800003333333334,-0.07879057142857146,-0.06853178571428588,-0.0074686666666666564,-366073.4285714286,-228887.5,-257656.4
2010-07-07,21.59,21.73,21.08,21.23,12.19701,10079149.0,1.0064844835572024,0.9763779527559054,0.983325613710051,0.7100009999999983,-0.1608679999999989,2496685.0,1.0114226595412936,1.008108610190933,1.0087158698956091,0.9850993217050712,0.9869212363518998,0.9888518037589764,0.9969575864650739,0.995176934563241,0.99921169912519,-0.16285714285714295,-0.10928578571428561,0.0029999999999999953,-0.08699857142857123,-0.07058364285714282,-0.0021065333333333196,431500.85714285716,41508.92857142857,-59208.5
2010-07-08,21.809999,22.17,21.780001,22.139999,12.719821,9848295.0,1.01650623642853,0.9986245758195587,1.0151306746965003,0.2199990000000014,0.522810999999999,-230854.0,1.0120393195663948,1.0087608219737105,1.00926607777656,0.9868376922591067,0.9871638594613295,0.989610817297463,1.0009249740466766,0.9959788002212818,0.9998375431736996,-0.04857157142857105,-0.08857142857142845,-0.004666733333333302,0.02216014285714277,-0.041037142857142835,0.00517069999999998,77231.57142857143,344945.0,-74053.86666666667
2010-07-09,22.35,22.43,22.049999,22.389999,12.86345,6001445.0,1.003579418344519,0.9865771364653243,1.00178966442953,0.5400010000000002,0.14362900000000067,-3846850.0,1.01108478691426,1.0082228439189538,1.0086607556155172,0.985586458258256,0.986296655533639,0.9895796712565933,1.0000479112354974,0.9955266578148441,0.9991725625488237,0.12999985714285753,-0.0749999999999998,0.0243333000000001,0.06401742857142853,-0.0492443571428571,0.005745066666666669,-650844.5714285715,-61889.5,-212035.26666666666
2010-07-12,22.4,22.43,22.18,22.43,12.886429,4438412.0,1.0013392857142858,0.9901785714285715,1.0013392857142858,0.04999999999999716,0.022978999999999417,-1563033.0,1.0101359390117322,1.0076793903513803,1.0083490510497801,0.9861283937716265,0.986355974670776,0.9894304655004332,1.0017147509138535,0.996383170829532,0.9991132722257408,0.15714299999999984,-0.0764285000000002,-0.001666700000000058,0.11079928571428559,-0.03241949999999998,-0.0017236666666666641,-457144.5714285714,-104558.85714285714,-282411.7
2010-07-13,22.450001,22.700001,22.18,22.25,12.783017999999998,6992415.0,1.0111358569649953,0.9879732299343773,0.991091269884576,0.05000100000000174,-0.10341100000000125,2554003.0,1.0113237936537192,1.0084438604515042,1.0084676084457156,0.9879027950121679,0.9863325256329121,0.9892079072412981,1.0031957792599138,0.996365801149339,0.9989946486316125,0.16857157142857154,-0.04499992857142843,0.0006667000000000201,0.1140828571428568,-0.025853285714285943,-0.0011491000000000658,-330752.85714285716,-51443.71428571428,21712.166666666668
2010-07-14,22.719999,22.799999,22.49,22.799999,13.099004,5969219.0,1.0035211269155424,0.9898768041319015,1.0035211269155424,0.26999800000000107,0.3159860000000023,-1023196.0,1.0105281104858095,1.0085410930590168,1.0084953304519853,0.9884388456366159,0.986658502231658,0.9893635183498808,1.0037671569259072,0.9976046597981967,0.9991269605125835,0.25999985714285756,-0.030714357142856943,0.01366666666666667,0.156761142857143,-0.001230999999999887,0.009575233333333344,-15390.714285714286,-155848.85714285713,-10204.966666666667
2010-07-15,22.799999,22.799999,22.4,22.6,12.984098,4756695.0,1.0,0.9824561834410607,0.9912281136503559,0.0799999999999983,-0.11490600000000128,-1212524.0,1.0060809154178678,1.0083514596835428,1.0079496278598978,0.9874377791395285,0.9862903282296603,0.988854514975421,0.9982036784286917,0.9973889719615914,0.9986829802475712,0.274285714285714,0.014285642857142733,0.026999966666666708,0.08946,0.005334714285714272,0.009766666666666642,-403681.28571428574,-384877.35714285716,-40492.433333333334
2010-07-16,22.629999,22.74,22.469999,22.540001,12.949631,4299738.0,1.0048608486460824,0.9929297389717074,0.9960230665498482,-0.16999999999999815,-0.03446699999999936,-456957.0,1.0058489675734221,1.0086358135573579,1.0074449879999525,0.9898023200275002,0.9874508208662857,0.9887521729411445,1.0000176002629484,0.9984875933640112,0.9981800454288624,0.14857128571428596,-0.007142928571428493,0.004333300000000051,0.10751728571428565,0.01025935714285721,-0.0040215333333333565,-825630.1428571428,-197064.64285714287,-63370.6
2010-07-19,22.15,22.18,22.02,22.02,12.65088,4258630.0,1.001354401805869,0.9941309255079007,0.9941309255079007,-0.47999900000000295,-0.2987509999999993,-41108.0,1.0036844197701849,1.00786186966829,1.0074608306975108,0.9891603699829776,0.9879990311210421,0.988981447014851,0.9970176360931484,0.9989713050699126,0.9981455832388326,0.04857157142857105,0.0,-0.02000000000000005,-0.009848714285714115,0.006155714285714328,-0.011873466666666666,-798523.5714285715,-360646.0,-90575.13333333333
2010-07-20,22.09,22.5,22.059999,22.34,12.834725,5042369.0,1.0185604345857855,0.9986418741511996,1.0113173381620644,-0.05999999999999872,0.18384499999999981,783739.0,1.0058245649475086,1.0084546759308843,1.007943333917378,0.9908839039381027,0.9882351810981793,0.9894506261223068,0.9983787323406533,0.9992133217880754,0.9985379602387666,-0.037142857142857366,0.04642850000000008,0.001999966666666708,-0.004103571428571381,0.029956928571428572,0.00612816666666666,-137010.85714285713,-393927.71428571426,-101005.03333333334
2010-07-21,22.450001,22.58,22.379999,22.49,12.920902,5071094.0,1.0057906010783695,0.9968818709629457,1.0017816925709713,0.36000100000000046,0.08617699999999928,28725.0,1.0064604671423778,1.008298203077055,1.0076060509230205,0.991841518157299,0.9889849559644628,0.9895739612150111,0.9984419333201798,1.0000783421170165,0.9981276545365869,0.007143000000000248,0.08214300000000005,0.015000033333333345,0.004924714285714314,0.057861999999999955,0.0034470333333333158,90383.14285714286,-183380.7142857143,-147800.13333333333
2010-07-22,22.299999,22.360001,22.1,22.1,12.69684,5316351.0,1.002690672766398,0.9910314345754008,0.9910314345754008,-0.15000200000000063,-0.22406199999999998,245257.0,1.005254012256864,1.0082889029552915,1.0075766392208716,0.992278404534588,0.990090599773378,0.9897960720320055,0.998433385418869,1.0008145823393915,0.9980222396578454,-0.021428857142857232,0.07357135714285715,-0.0029999999999999953,-0.012311142857142647,0.05088585714285708,-0.003064133333333352,-239437.7142857143,-285095.28571428574,-35386.433333333334
2010-07-23,22.440001,22.620001,22.33,22.41,12.874943,10768493.0,1.0080213900168722,0.9950979948708558,0.9986630571005768,0.14000199999999907,0.17810300000000012,5452142.0,1.0058969069856252,1.0082125087357174,1.0069850677515253,0.9930242889258672,0.9907315672812416,0.989632671861034,0.9977393754453026,1.000753266185605,0.9972242089852545,-0.03999971428571466,0.11000007142857145,0.010666666666666677,-0.03200871428571439,0.062376214285714306,-0.004021499999999989,685610.5714285715,335109.9285714286,32979.066666666666
2010-07-26,22.700001,22.82,22.59,22.73,13.058786,7780083.0,1.0052862993265947,0.9951541411826369,1.0013215417920025,0.26000000000000156,0.18384299999999953,-2988410.0,1.0066520926037101,1.006366504010789,1.006884106321347,0.9948382828889496,0.9911380310142389,0.9895149069099373,0.999181293751252,0.9986924860899719,0.9969910889705897,-0.01428542857142848,0.13000014285714276,-0.004999966666666703,0.010669714285714298,0.05006485714285715,-0.005936800000000038,431912.5714285714,14115.642857142857,-79960.93333333333
2010-07-27,22.93,23.08,22.879999,22.93,13.173689,9055340.0,1.0065416484954208,0.9978194068905365,1.0,0.2299989999999994,0.11490299999999998,1275257.0,1.0068922068679014,1.0063705872206616,1.0071021612711943,0.9955368068773537,0.992669563452427,0.9896724031804792,0.9997494271012738,0.999883513682111,0.9972212716781138,0.04285728571428545,0.09571428571428571,-0.008000000000000066,0.032008285714285635,0.06976278571428564,-0.0015321999999999983,679371.7142857143,-73129.21428571429,76774.06666666667
2010-07-28,23.059999,23.299999,23.0,23.23,13.346047,6010266.0,1.0104076327149882,0.9973981351863892,1.007372116538253,0.12999900000000153,0.1723580000000009,-3045074.0,1.008185525569204,1.0059349726696944,1.0073633925587804,0.9960035511171378,0.9925819605500577,0.9900141219397629,1.0016410258198956,0.999329330956522,0.9976955150371581,0.12999985714285753,0.08928571428571429,-0.00933336666666662,0.09930957142857137,0.04473042857142863,0.0009574666666666213,250233.7142857143,-274144.9285714286,-159220.76666666666
2010-07-29,23.07,23.25,22.950001,23.190001,13.323066,7581597.0,1.0078023407022108,0.9947984828781968,1.0052016038144775,0.010000999999999038,-0.022980999999999696,1571331.0,1.0066486550144078,1.006236609980958,1.007363957905984,0.9954544952209945,0.9931691995795486,0.9902155938441719,1.000767349484526,0.9995730409125896,0.9981139998595886,0.14000000000000007,0.051428571428571344,-0.0016666999999999396,0.06976300000000002,0.032829714285714316,0.00459616666666669,362746.85714285716,112868.0,-63880.9
2010-07-30,23.030001,23.190001,22.799999,23.049999,13.242634,8943107.0,1.0069474595333279,0.9900129400775971,1.000868345598422,-0.03999900000000167,-0.08043200000000006,1361510.0,1.0068139205079734,1.0066371938251755,1.0073496975081069,0.9944732193802305,0.9931573687687647,0.9900417634371739,1.0006368713455902,0.9995394023328851,0.998012792863405,0.08285714285714262,0.04500007142857143,-0.0006666000000000357,0.0459617142857144,0.025443214285714357,-0.0017235666666666205,553144.7142857143,321763.9285714286,130801.4
2010-08-02,23.139999,23.35,23.1,23.32,13.397756,4523688.0,1.009075238075853,0.99827143467033,1.0077787816671901,0.10999800000000093,0.15512199999999865,-4419419.0,1.0077260012664668,1.0064900067616653,1.0072818350735984,0.9955075051080774,0.9938929548213328,0.990026878211085,1.0030293495015603,1.0007313674602147,0.9980014303149896,0.11999999999999998,0.04928557142857137,-0.008666699999999968,0.10013085714285706,0.04390985714285721,-0.005170500000000011,-113237.57142857143,-176337.64285714287,-78140.33333333333
2010-08-03,23.5,23.549999,23.25,23.370001,13.426479999999998,7762924.0,1.0021276170212765,0.9893617021276596,0.9944681276595744,0.36000100000000046,0.02872399999999864,3239236.0,1.0068840336956675,1.0063904703406463,1.0070545011189638,0.9946880347161924,0.9938561618210298,0.9900273314983853,1.0024300738671312,1.000084724656217,0.9981720977866869,0.15142842857142874,0.055714357142857045,0.001000033333333287,0.07879099999999971,0.02339114285714266,0.0028725999999999513,-429367.0,128121.78571428571,62022.933333333334
2010-08-04,23.370001,23.389999,23.030001,23.139999,13.294341,7119678.0,1.0008557124152455,0.9854514340842347,0.9901582374771829,-0.12999900000000153,-0.13213899999999867,-643246.0,1.0062510927083317,1.006451592656021,1.007068582347363,0.9933019337021348,0.9940701082955422,0.9899323287523775,1.0008353161078714,1.0000083049295616,0.9981328908556837,0.09571428571428545,0.040714428571428485,0.009666700000000005,0.03365071428571425,0.022160214285714273,0.004979233333333255,-94343.57142857143,168784.5,-19764.966666666667
2010-08-05,23.33,23.370001,23.09,23.209999,13.334557,5739891.0,1.0017145735105015,0.9897128161165881,0.994856365195028,-0.040001000000000175,0.04021600000000092,-1379787.0,1.005561510567629,1.0062268587177652,1.0070537391173677,0.9921438493058565,0.9938403280916052,0.9900789848979483,1.0001005111357326,0.9999249691185031,0.9984221995011335,0.05714285714285694,0.0500000714285712,0.005999999999999991,0.022981142857142953,0.027494714285714292,0.007277300000000034,-473635.5714285714,102868.07142857143,-80373.73333333334
2010-08-06,23.120001,23.15,22.889999,23.049999,13.242634,3752838.0,1.0012975345459545,0.9900518170392814,0.996972231964869,-0.20999899999999982,-0.09192299999999953,-1987053.0,1.0042600679720528,1.0062227967706285,1.0070084946936784,0.991094375284841,0.9935489632009894,0.9901603581502901,0.998614813339535,1.000127919579715,0.998513015787868,0.00857171428571389,0.0692857857142857,0.01733336666666657,-0.01477328571428568,0.04226814285714285,0.011107400000000035,-322489.71428571426,-36128.0,-213071.33333333334
2010-08-09,22.860001,23.129999,22.82,23.1,13.271361,6536255.0,1.0118109356163196,0.998250175054673,1.0104986434602519,-0.259999999999998,0.028726999999999947,2783417.0,1.0048327243883541,1.005740689701381,1.0073728627338,0.991587474167195,0.9935209846940947,0.9908792692501475,0.9993715332889311,1.0000694413867286,0.9995082250060108,-0.029999857142857116,0.055000071428571475,0.004333366666666668,-0.007386428571428587,0.031188285714285717,0.015512033333333381,-149334.57142857142,106706.14285714286,-17412.933333333334
2010-08-10,23.139999,23.17,22.540001,22.629999,13.001336,8599160.0,1.0012964996238765,0.9740709582571719,0.977960241052733,0.2799979999999991,-0.2700250000000004,2062905.0,1.0040254444012895,1.0054196824546313,1.0070097588461684,0.9893100481928484,0.9918916337865394,0.990466435127343,0.9960989469252614,0.9983679091354258,0.9991949343202591,0.015714000000000134,0.04928557142857137,0.0329999666666667,-0.03447114285714292,0.005745285714285738,0.014554533333333335,-49135.28571428572,252004.7142857143,-23617.133333333335
2010-08-11,22.370001,22.440001,22.120001,22.18,12.742801,10612864.0,1.0031291907407605,0.9888243187829987,0.9915064375723542,-0.7699980000000011,-0.2585350000000002,2013704.0,1.0031760090677049,1.005451005167086,1.0067720269738782,0.987960460208944,0.9917339826585108,0.9902493866044002,0.9937743263402847,0.9984018379209225,0.9986475121024114,-0.10999971428571444,0.005000142857142771,0.03099999999999999,-0.0935649999999999,0.0032829285714285816,0.01091576666666665,869882.2857142857,378322.35714285716,1850.2333333333333
2010-08-12,21.93,22.17,21.809999,22.1,12.69684,10182821.0,1.0109439124487005,0.9945279981760147,1.0077519379844961,-0.44000099999999875,-0.04596100000000014,-430043.0,1.0044354798430513,1.0056597567693593,1.0068707833544357,0.9886985025015661,0.9916932686088792,0.9905208191157681,0.9956720135295594,0.9990510436983453,0.9992501964363681,-0.22428571428571434,-0.03642864285714279,0.021000033333333334,-0.10423428571428543,-0.012721642857142865,0.01953353333333331,345699.5714285714,-41833.71428571428,84813.23333333334
2010-08-13,22.07,22.18,21.92,22.18,12.742801,8053689.0,1.0049841413683733,0.9932034435885818,1.0049841413683733,0.14000000000000057,0.04596100000000014,-2129132.0,1.0050252554077839,1.0056381740580578,1.006942892251012,0.9898059324307585,0.9915539330664467,0.9911091865270347,0.9977899997997294,0.9993126579538004,1.000058865433242,-0.1857144285714283,-0.04500007142857143,0.02666666666666669,-0.07879142857142847,-0.022570357142857107,0.02527876666666664,133430.14285714287,19543.285714285714,-41799.86666666667
2010-08-16,21.93,22.299999,21.780001,22.16,12.731314,7338478.0,1.0168718194254447,0.9931601003191974,1.0104879160966713,-0.14000000000000057,-0.011487000000000691,-715211.0,1.0071905762527755,1.0063760434102025,1.0072022559288298,0.9902984016025599,0.9912211254542082,0.9913437082123158,1.0000230784999642,1.0000617948178483,1.0004244131946782,-0.1999999999999998,-0.07142857142857142,0.03433333333333337,-0.08617757142857155,-0.0315982142857143,0.024321266666666654,228369.57142857142,-122633.0,42050.8
2010-08-17,22.24,22.52,21.969999,22.4,12.869196,8162257.0,1.012589928057554,0.9878596672661872,1.0071942446043165,0.3099999999999987,0.13788200000000117,823779.0,1.0088037753258612,1.006531921648957,1.0065842413482284,0.9899852373492608,0.9905398063170509,0.9912902421571661,1.0014833660198852,1.00004908967971,0.9996584725771266,-0.1257144285714286,-0.05857135714285734,0.04533336666666656,-0.05334828571428574,-0.03406078571428571,0.01704393333333337,629917.0,153713.64285714287,19326.433333333334
2010-08-18,22.690001,22.690001,22.34,22.540001,12.949631,9017446.0,1.0,0.9845746591196713,0.9933891585108349,0.4500010000000003,0.08043499999999959,855189.0,1.0071164988092443,1.005974611598799,1.0063680918963218,0.988031592215689,0.9898095331914419,0.991563465702625,0.9990391538842542,0.9992053435865927,0.999993924070486,-0.02428571428571453,-0.027142785714285824,0.03666669999999996,-0.045961428571428646,-0.026673928571428616,0.025087366666666652,354455.85714285716,102560.64285714286,-35390.1
2010-08-19,22.549999,22.58,22.219999,22.4,12.869196,9158881.0,1.0013304213450298,0.9853658530095722,0.9933481593502509,-0.14000199999999907,-0.08043499999999959,141435.0,1.007121344769409,1.0055733945853493,1.0058622313935384,0.9896451486088891,0.9894775984008687,0.9911215082756255,1.0012374279267569,0.998668187426009,0.9992678402256111,-0.08428571428571427,-0.03428585714285707,0.024666666666666615,-0.018877142857142815,-0.02667414285714287,0.004979166666666698,79960.14285714286,15412.42857142857,-22980.466666666667
2010-08-20,22.32,22.959999,22.26,22.780001,13.087514,12889170.0,1.0286737903225807,0.9973118279569892,1.020609363799283,-0.2299989999999994,0.218318,3730289.0,1.0107705732810977,1.0069732911744012,1.0066987104594738,0.9908576499194591,0.9894090550642015,0.9914793313253476,1.005394988816318,0.9995846575783014,0.9998951635379362,-0.007142999999999741,-0.05857135714285709,-0.001000000000000038,0.04924471428571436,-0.02216014285714277,0.007468800000000009,325186.5714285714,597534.4285714285,229590.83333333334
2010-08-23,22.76,23.139999,22.73,22.950001,13.185181,8278008.0,1.016695913884007,0.9986818980667838,1.0083480228471,0.4400000000000013,0.0976669999999995,-4611162.0,1.0115922877718557,1.0080138838074535,1.0072105980651311,0.991451064189569,0.9900747833455675,0.9917627755466214,1.00548014379669,1.0005760786631246,1.00012878810903,0.11857142857142884,-0.05285714285714275,0.012000000000000099,0.06976300000000002,-0.01723564285714271,0.009958400000000011,-272116.14285714284,36791.71428571428,127986.53333333334
2010-08-24,22.889999,22.969999,22.559999,22.639999,13.007084,9063262.0,1.003494976124726,0.9855832234855056,0.9890781996102316,0.12999899999999798,-0.17809699999999928,785254.0,1.011379549879906,1.008202402643845,1.0069559020371222,0.990362461317701,0.9900841968742297,0.9916831086649923,1.0032078664026698,1.0004989331011995,1.0000616857665519,0.11714271428571418,-0.03428585714285707,0.014666599999999974,0.037754714285714384,-0.02051835714285704,0.007468866666666744,144224.7142857143,138827.42857142858,69028.23333333334
2010-08-25,22.4,22.559999,22.08,22.190001,12.748549,11157202.0,1.0071428125000002,0.9857142857142857,0.9906250446428572,-0.48999900000000096,-0.2585350000000002,2093940.0,1.0099896917476996,1.0085901340002377,1.0070766248899374,0.9892987735169994,0.9897985875597796,0.9915443580510718,1.000370313337839,1.0001966959189017,0.9996318163574623,0.06714285714285698,-0.0664285714285714,-0.010666633333333427,0.0024621428571430315,-0.04185771428571426,-0.01168183333333334,545532.0,386950.78571428574,172932.76666666666
2010-08-26,22.35,22.549999,22.110001,22.469999,12.909412,10141366.0,1.0089485011185682,0.9892617897091722,1.0053690827740491,-0.04999999999999716,0.1608629999999991,-1015836.0,1.0094694878992732,1.0091366316125672,1.0073749082605563,0.98949907672314,0.9897421570362004,0.9917712115933421,1.000109575933515,1.0007964709767003,1.0001031819949189,0.015714285714286142,-0.05500007142857122,-0.014999966666666609,0.005745142857142734,-0.023801571428571502,-0.002489533333333327,282729.85714285716,456323.4285714286,179489.03333333333
2010-08-27,22.35,22.530001,22.209999,22.440001,12.892179,7008107.0,1.008053736017897,0.9937359731543624,1.0040268903803131,0.0,-0.017232999999999166,-3133259.0,1.0106200216161156,1.00886826021268,1.0074813378396168,0.990807835870953,0.9894197140433211,0.9917980860660974,1.0016292519148693,1.0003342028995619,1.000369976122601,-0.04857157142857105,-0.03642864285714279,-0.009333300000000004,-0.008207428571428517,-0.027084428571428582,-0.0019150666666666537,-287048.4285714286,33703.71428571428,90278.96666666666
2010-08-30,22.75,23.049999,22.690001,22.950001,13.185181,8443786.0,1.0131867692307692,0.9973626813186812,1.0087912527472527,0.3999999999999986,0.29300199999999954,1435679.0,1.0123137855997926,1.0097175651846009,1.0078757500871136,0.99252166848654,0.9910834085477145,0.9919058112597902,1.003835408114441,1.002536418020599,1.0008586536972461,0.028571571428571474,-0.027857071428571394,0.02000000000000005,0.045140714285714215,0.013131785714285702,0.01781003333333331,-102156.42857142857,-11098.142857142857,139505.2
2010-08-31,22.719999,22.93,22.58,22.59,12.978353,11279220.0,1.0092430021673855,0.9938380719118868,0.9942782127763298,-0.030000999999998612,-0.2068279999999998,2835434.0,1.0095379587204791,1.0101542660007883,1.0075651690065002,0.9920254176229539,0.9914415337712065,0.9917456845184796,1.000073815111162,1.00273440196374,1.000290682851055,0.05714271428571444,0.02499985714285735,0.020999966666666717,-0.015594428571428611,0.016825142857142872,0.004787599999999988,-229992.85714285713,47596.857142857145,207895.03333333333
2010-09-01,22.700001,23.280001,22.700001,23.139999,13.294341,10404780.0,1.0255506596673718,1.0,1.0193831709522831,-0.01999800000000107,0.31598799999999905,-874440.0,1.0108029224038169,1.0111976050878362,1.0082238376261337,0.9922137178991276,0.9918323910443484,0.991849622153048,1.001650264840474,1.0035652043185819,1.0008773987970987,-0.008571285714285892,0.055000071428571475,0.008333333333333333,0.015594285714285607,0.04267864285714281,0.012447966666666647,303824.5714285714,15854.214285714286,177789.53333333333
2010-09-02,23.49,23.549999,23.299999,23.43,13.46095,7173886.0,1.0025542358450406,0.9919114091102598,0.9974457215836526,0.7899989999999981,0.16660900000000112,-3230894.0,1.0106685309352903,1.011024040407598,1.008219289728755,0.9931177444169498,0.9917401028673254,0.9918789546375435,1.0028456251223912,1.0030267457625304,1.0010912083640404,0.08571442857142841,0.1014285714285713,0.03966669999999996,0.06483799999999995,0.05129635714285717,0.025470333333333352,-269910.85714285716,-62843.07142857143,61917.833333333336
2010-09-03,23.49,23.52,23.139999,23.290001,13.380518,8139832.0,1.0012771392081738,0.9851000000000001,0.9914857811834824,0.0,-0.08043200000000006,965946.0,1.0098305776078866,1.0099101346777932,1.0079944813684651,0.9930299893149089,0.9911643814159542,0.9915456881418482,1.0029685874853376,1.0016694504115884,1.0008519658334705,0.1557142857142857,0.11142857142857134,0.03499996666666665,0.09028128571428569,0.046371714285714356,0.01685250000000001,-431052.85714285716,57239.57142857143,-87622.03333333334
2010-09-06,23.49,23.700001,23.43,23.66,13.593089,6993921.0,1.0089400170285228,0.9974457215836526,1.007237122179651,0.0,0.2125710000000005,-1145911.0,1.009829365595023,1.009649426747148,1.0081162719585293,0.9941991224398347,0.9918490995814874,0.9916220741552153,1.0032354502575664,1.0016725130955408,1.0010491518463922,0.16285714285714242,0.08928571428571429,0.026333299999999938,0.09766814285714302,0.05170664285714288,0.017810100000000044,-449635.0,-83452.57142857143,-26205.4
2010-09-07,23.719999,23.92,23.6,23.76,13.650543,7823412.0,1.0084317457180332,0.9949410200228086,1.0016863828704208,0.22999900000000295,0.057453999999999894,829491.0,1.0098833669807568,1.010251694298436,1.008179275199283,0.9943712719924699,0.9925895539317116,0.991526127926291,1.0029010920418675,1.0022651719783684,1.0011053646087396,0.19571414285714286,0.07357128571428591,0.026333300000000056,0.10833771428571433,0.050065142857142905,0.015895133333333374,116472.14285714286,-85288.14285714286,-41064.26666666667
2010-09-08,23.58,23.65,23.360001,23.49,13.49542,6094220.0,1.0029686174724344,0.9906701017811705,0.9961832061068703,-0.1399990000000031,-0.15512300000000145,-1729192.0,1.0084236310152803,1.0103687083075363,1.0079313080245313,0.993415189201397,0.9929684288439685,0.9913018601461172,1.001099942521813,1.0024676753181267,1.0007324009276934,0.11857142857142833,0.0735714999999999,0.01733336666666657,0.044319857142857036,0.044730285714285625,0.004979099999999962,-335652.28571428574,-218904.35714285713,2798.4666666666667
2010-09-09,23.700001,23.790001,23.49,23.76,13.650543,6322955.0,1.0037974681941997,0.9911391986861097,1.0025316032687088,0.12000100000000202,0.15512300000000145,228735.0,1.0076456975905395,1.0085918281555093,1.0077978122742643,0.9930296358834287,0.9925275267531913,0.991179884006381,1.0022789983064384,1.0011764067088003,1.000643400909501,0.14000028571428555,0.0985715,0.021000033333333334,0.09602714285714294,0.04021635714285716,0.010915900000000001,-708037.8571428572,-469015.35714285716,-41954.73333333333
2010-09-10,23.780001,23.969999,23.68,23.709999,13.621812,6895132.0,1.0079898230450033,0.9957947436587576,0.9970562658933446,0.0799999999999983,-0.028731000000000506,572177.0,1.0051370066444867,1.0079699645241518,1.0078325577246534,0.9924288849775369,0.9923213014383324,0.9913726107924196,0.9990894404408758,1.0003698526406748,1.0005163315859986,0.15428571428571405,0.07285721428571408,0.025,0.04678157142857157,0.031187928571428585,0.012639266666666652,-501378.28571428574,-98776.85714285714,-68265.83333333333
2010-09-13,23.940001,24.139999,23.9,24.01,13.794169,7641849.0,1.0083541349893845,0.9983291145225933,1.002923934714957,0.16000000000000014,0.17235699999999987,746717.0,1.0059655636651075,1.0083170473001988,1.0078085209551044,0.9933457000364417,0.9932317222266958,0.9913745334541617,0.9998720423167765,1.0013588337195838,1.0003545033542574,0.06428585714285719,0.0750001428571428,0.026666733333333307,0.04760271428571424,0.0562203571428571,0.013213766666666692,66851.85714285714,-101529.5,103938.7
2010-09-14,24.1,24.18,23.98,24.02,13.799914,7127404.0,1.0033195020746888,0.9950207468879667,0.9966804979253111,0.15999900000000267,0.005744999999999223,-514445.0,1.0062573297888953,1.008043953698391,1.0078482504568849,0.9947629495918655,0.9938964694533873,0.9915631682795053,1.0006141447084662,1.0017913660969018,1.000428249029782,0.08714285714285756,0.12142857142857164,0.02000000000000005,0.05991371428571414,0.07509749999999991,0.012447800000000045,-144632.57142857142,-287842.71428571426,-21184.0
2010-09-15,24.02,24.25,24.0,24.16,13.880349,10675878.0,1.0095753538717736,0.9991673605328892,1.0058284762697751,-0.08000000000000185,0.08043500000000137,3548474.0,1.006348092195074,1.0080887288950484,1.0081389051721026,0.9950088980131852,0.99460401022651,0.9920203658277936,1.000412909578484,1.0018241799180252,1.0009505903228684,0.07571428571428587,0.11928571428571415,0.02166663333333337,0.041037142857142835,0.06935264285714293,0.019533600000000047,525993.8571428572,38179.42857142857,118540.0
2010-09-16,24.299999,24.33,23.6,23.66,13.593089,18062049.0,1.001234609104305,0.9711934556046691,0.9736625915087487,0.2799990000000001,-0.28725999999999985,7386171.0,1.0053199298216842,1.0076016484012205,1.0081229063585626,0.9916163888105938,0.9929938304015318,0.9914030538107298,0.9964095108125308,0.9996553014271992,1.0002441311999923,0.08285714285714262,0.13928564285714273,0.032333300000000044,-0.008207714285714271,0.050065000000000026,0.008617733333333355,1462662.4285714286,789567.2857142857,410738.6
2010-09-17,23.889999,23.92,23.709999,23.83,13.690759,7923591.0,1.0012557974573377,0.9924654664070937,0.9974885306608845,-0.41000000000000014,0.09766999999999904,-10138458.0,1.005075241248099,1.0067494361316895,1.0081215151222753,0.9918728694714398,0.9926440293364184,0.9914835087896569,0.9965959857488186,0.9988479641353157,1.0002613411565262,0.044285571428571605,0.08142849999999997,0.025666600000000036,0.027905571428571512,0.036112714285714276,0.014937499999999973,261338.7142857143,-37156.78571428572,139025.1
2010-09-20,23.709999,24.049999,23.6,23.959999,13.765443,8860242.0,1.01433994155799,0.995360649319302,1.0105440746749925,-0.17999999999999972,0.07468399999999953,936651.0,1.0065813088714974,1.0071135032310186,1.008205815320331,0.9924759338476103,0.9927527848655195,0.9913871912651444,0.997740624521145,1.0000098114137916,1.000262855530351,0.001428285714285644,0.0707142857142856,0.028333266666666645,0.016414285714285524,0.05622071428571423,0.01646939999999996,362469.5714285714,-172784.14285714287,77466.23333333334
2010-09-21,24.120001,24.15,23.74,23.799999,13.673521,7757695.0,1.001243739583593,0.9842453986631261,0.98673291928968,0.41000199999999865,-0.09192200000000028,-1102547.0,1.0056175826627247,1.0053772946536057,1.0082040566523216,0.990826027419663,0.9916274561986,0.9917263392786763,0.9962658607206213,0.9976776505807485,1.0005552781382492,0.04857142857142855,0.1014285714285713,0.032666733333333295,0.0073869999999998425,0.027084285714285703,0.02240616666666663,123223.28571428571,-189077.5,-28048.833333333332
2010-09-22,23.879999,23.969999,23.709999,23.809999,13.679268,6607477.0,1.0037688443789299,0.992881071728688,0.9970686765941656,-0.24000199999999694,0.005747000000001279,-1150218.0,1.0049625411469454,1.0054640524060265,1.0082253784402606,0.9900477355919621,0.991696717814202,0.991861564376866,0.9954293952747939,0.9976507187957852,1.000740686105643,-0.00857171428571389,0.02785707142857165,0.05033326666666677,-0.016414428571428528,0.015594142857142858,0.03121556666666668,-147767.42857142858,-40457.78571428572,-133512.9
2010-09-23,23.700001,23.98,23.629999,23.870001,13.713743,6540480.0,1.0118143032989746,0.9970463292385515,1.0071729954779327,-0.1799980000000012,0.0344749999999987,-66997.0,1.0061760841789862,1.0062167069839407,1.008254391468603,0.9903371044991885,0.9925500270455271,0.9919455087456173,0.996928323496597,0.9987712341025315,1.0007213880220907,-0.05714271428571444,0.015000071428571562,0.059000033333333354,-0.01231014285714289,0.023801785714285626,0.03389676666666664,-83846.28571428571,-114239.42857142857,-121411.36666666667
2010-09-24,23.559999,23.76,23.469999,23.6,13.558618,13581708.0,1.0084890071514858,0.996179965882002,1.001697835386156,-0.14000199999999907,-0.15512499999999996,7041228.0,1.0060208917903737,1.0061844919927239,1.0083712203280402,0.989910333834776,0.9924596159239806,0.9920447261553978,0.9963382319417943,0.998375570760139,1.0006118444893501,-0.06571442857142833,0.004999928571428772,0.04966663333333336,-0.04596157142857165,-0.002462214285714407,0.027193899999999972,415118.5714285714,470556.21428571426,184267.3
2010-09-27,23.99,24.33,23.950001,24.200001,13.90333,9569674.0,1.0141725719049604,0.9983326802834516,1.008753689037099,0.4300009999999972,0.34471200000000124,-4012034.0,1.0078691721904673,1.0065945510060759,1.0082812454106906,0.9937873659317449,0.9927018773711692,0.9922171454875397,1.0013512458744158,0.9988803783434734,1.0005540369206978,-0.044285571428571605,0.019285785714285502,0.06866666666666663,0.044320142857142794,0.018056214285714262,0.03906720000000004,-1213196.4285714286,124733.0,74373.2
2010-09-28,24.110001,24.42,24.1,24.32,13.972272,6867248.0,1.0128576933696518,0.9995851928832356,1.0087100369676467,0.12000100000000202,0.06894199999999984,-2702426.0,1.0095265858922264,1.0073009135701627,1.0082901709210939,0.994804469714051,0.9933386695927454,0.9926079963414413,1.002954318203953,0.9997751519763859,1.0006045633328087,0.03142885714285727,0.03785721428571444,0.06233336666666674,0.04021614285714291,0.03406085714285721,0.03676919999999999,-150906.14285714287,55216.28571428572,-43166.96666666667
2010-09-29,24.469999,24.530001,24.01,24.139999,13.868859,8904734.0,1.0024520638517394,0.9812015112873523,0.9865140983454882,0.35999800000000093,-0.10341299999999976,2037486.0,1.0078283176484764,1.007204813259987,1.0083719063828185,0.9927817357094867,0.9926288347785485,0.9924955580803639,0.9995214644425954,0.9986310444818701,1.0003753946606306,0.10857142857142879,0.05499985714285722,0.05933326666666675,0.014773714285714437,0.015593999999999981,0.030640933333333346,6356.0,184412.7857142857,-3757.0666666666666
2010-09-30,24.059999,24.15,23.559999,23.68,13.60458,12358011.0,1.0037406900972854,0.9792186192526442,0.984206192194771,-0.41000000000000014,-0.26427900000000015,3453277.0,1.0081850248647182,1.0069013037637213,1.0084522486745604,0.9920636243651321,0.9914448258923975,0.9922906502884664,0.999160503429037,0.9977131820748292,1.0000706624221147,-0.00857171428571389,0.01999985714285733,0.05033333333333338,-0.009848714285714115,-0.0012308571428571366,0.024512799999999994,657188.0,390205.64285714284,106637.66666666667
2010-10-01,23.790001,23.870001,23.26,23.51,13.506909,7218469.0,1.0033627573197663,0.9777216907220811,0.9882303073463512,-0.26999800000000107,-0.09767100000000006,-5139542.0,1.0081270124276949,1.0065447767873201,1.0076085475744665,0.9898979985070454,0.9899728670495038,0.9916376457139695,0.9978978792507779,0.9966636372627858,0.9989913605403502,-0.012856857142857336,-0.010714285714285612,0.04900003333333333,-0.024622714285714307,-0.020518571428571417,0.013979833333333325,87284.57142857143,-30241.428571428572,-189023.36666666667
2010-10-04,23.52,23.92,23.52,23.68,13.60458,4524437.0,1.0170068027210886,1.0,1.0068027210884354,-0.2700010000000006,0.09767100000000006,-2694032.0,1.0088687980594255,1.0075224411192056,1.0076189105357025,0.9903199514729667,0.9903285279860776,0.9916815824450766,0.997844982909421,0.997386653203009,0.9989398504817281,-0.025714428571428676,-0.04142857142857156,0.025333333333333267,-0.015594714285714113,-0.013952428571428501,0.013979966666666677,-288006.14285714284,-185926.2142857143,-125119.03333333334
2010-10-05,23.52,23.719999,23.34,23.57,13.541382,7543831.0,1.0085033588435375,0.9923469387755102,1.002125850340136,0.0,-0.06319799999999987,3019394.0,1.008870848301147,1.0074458700457603,1.0077858566263298,0.9897723761720394,0.9898413550034076,0.99190703962141,0.9979061279028468,0.9971221799223206,0.9993747721727249,-0.005714142857143096,-0.03571428571428571,0.021000033333333334,-0.002462285714285528,-0.02421192857142859,0.017809933333333323,-862553.8571428572,-223717.64285714287,-50647.7
2010-10-06,23.879999,24.190001,23.790001,24.07,13.828639,10043478.0,1.0129816588350777,0.9962312393731674,1.007956491120456,0.35999900000000196,0.2872570000000003,2499647.0,1.0087007178625924,1.0082849450265299,1.007980484837499,0.9894721703277131,0.991629768129729,0.9922576047433729,0.9977922424861835,0.9995717441802997,0.9999524870553116,-0.01571442857142813,-0.029999999999999867,0.0493333000000001,-0.010670142857142803,0.016824999999999996,0.03600300000000001,67686.28571428571,-572755.0714285715,-37124.13333333333
2010-10-07,24.040001,24.139999,23.879999,24.139999,13.868859,7051162.0,1.0041596504093324,0.9933443430389209,1.0041596504093324,0.16000199999999865,0.0402199999999997,-2992316.0,1.0074581402968323,1.0084923630945295,1.0078208564805244,0.9885806203499536,0.9916925450320023,0.9923936898543645,0.9971421872635672,1.0000482527337602,0.9999121726431544,-0.01000000000000004,0.010714428571428616,0.05633336666666663,-0.01477328571428568,0.012721428571428614,0.0319815666666667,26273.428571428572,-62316.357142857145,-103006.8
2010-10-08,24.120001,24.15,24.01,24.07,13.828639,6386568.0,1.001243739583593,0.995439428049775,0.997926990135697,0.0799999999999983,-0.0402199999999997,-664594.0,1.00728552254424,1.007556920096358,1.007593856599381,0.9906146084588714,0.9916981720841791,0.9924504716842115,0.9987726003764541,0.9991470324095247,0.9997088426350005,-0.0499997142857147,0.029285857142857048,0.059000033333333236,-0.005745714285714243,0.004514000000000097,0.03121533333333334,-359738.0,-176691.0,-20717.966666666667
2010-10-11,24.209999,24.35,24.030001,24.16,13.880349,5912184.0,1.0057827759513744,0.9925651380654744,0.9979347789316307,0.08999800000000135,0.05170999999999992,-474384.0,1.0075772490948243,1.0078811369797713,1.007347056823401,0.9925212540035614,0.9922924391843467,0.9922905535757712,1.0007338270531485,0.9999471652410927,0.9993469601744797,0.021428571428571224,0.006428428571428668,0.04866663333333333,0.03939557142857148,0.014773428571428684,0.023172266666666688,-920832.4285714285,-131822.2142857143,-84386.73333333334
2010-10-12,24.059999,24.25,23.77,23.82,13.685014,8306738.0,1.0078969662467567,0.9879468407292951,0.9900249788040306,-0.14999999999999858,-0.19533500000000004,2394554.0,1.0082249932272513,1.008176002827473,1.00730218895938,0.9939819897188776,0.9919399941129615,0.9920941792030183,1.0009902086899598,0.9994440439703688,0.9992051857087364,0.03857114285714301,0.012857142857142836,0.04466666666666666,0.025443571428571485,0.00041042857142858935,0.02355536666666668,155467.0,121375.78571428571,-99082.73333333334
2010-10-13,24.049999,24.08,23.629999,23.629999,13.575851,10522618.0,1.0012474428793114,0.9825363818102446,0.9825363818102446,-0.010000000000001563,-0.10916300000000057,2215880.0,1.0059736561069976,1.0074212270832115,1.0064920817331116,0.991487187120341,0.9909035692966538,0.9915120585966932,0.9975235887930755,0.9976842858512482,0.9979769594040017,0.07571414285714287,0.024999857142857098,0.04499993333333331,-0.0041041428571428895,-0.0098494285714285,0.009383666666666695,856883.0,284438.4285714286,3927.9333333333334
2010-10-14,23.84,24.059999,23.790001,24.0,13.788423000000002,9469052.0,1.0092281459731545,0.9979027265100672,1.0067114093959733,-0.20999899999999982,0.21257200000000154,-1053566.0,1.0060771971255142,1.0074740227133305,1.0067145454040487,0.9922808710824207,0.9910266236272299,0.9917117691766867,0.9981786686581949,0.9980423982805208,0.9982858156644123,0.045714285714285756,0.02000007142857133,0.011666666666666714,0.035291571428571596,0.016414642857143034,0.010915766666666708,275031.5714285714,-293761.14285714284,76505.53333333334
2010-10-15,23.76,23.83,23.629999,23.809999,13.679268,8065022.0,1.0029461279461278,0.9945285774410775,1.002104335016835,-0.0799999999999983,-0.10915500000000122,-1404030.0,1.0046435498556643,1.0066721338591282,1.0067701783619805,0.9920376336635507,0.9907549019956319,0.9920260550913892,0.9973426463576777,0.9975674444219306,0.9986397674588575,-0.017142714285714282,-0.016428571428571206,0.009000000000000103,-0.02133871428571434,-0.01600442857142857,0.009958333333333336,-282636.5714285714,-107475.14285714286,-2493.6666666666665
2010-10-18,23.84,23.870001,23.43,23.58,13.547128,6495177.0,1.0012584312080537,0.9828020134228188,0.9890939597315436,0.0799999999999983,-0.1321399999999997,-1569845.0,1.0042290899697675,1.0058436151333,1.0065141255012982,0.9905315865755361,0.989556103462745,0.9915379314860282,0.9951904048322792,0.9961662960479233,0.9980349953772539,-0.028571571428571474,-0.01928578571428576,0.011666666666666714,-0.04596157142857139,-0.03036742857142854,-0.001532033333333338,-79426.42857142857,-26576.5,-16624.8
2010-10-19,23.889999,23.889999,23.629999,23.73,13.633307,15690117.0,1.0,0.9891167848102465,0.9933026786648255,0.04999899999999968,0.08617899999999956,9194940.0,1.0040514128863969,1.0056684677153185,1.006233067310697,0.989628351827032,0.9901214801429516,0.9913437903122762,0.994529788907869,0.9966511946421617,0.9977555385704008,-0.03285742857142842,-0.04142857142857156,0.0056666666666666055,-0.0279045714285715,-0.016825142857142872,-0.0005745333333333491,1329078.4285714286,484670.21428571426,262223.5
2010-10-20,23.52,23.620001,23.379999,23.57,13.541382,8820143.0,1.0042517431972788,0.9940475765306124,1.002125850340136,-0.36999899999999997,-0.09192499999999981,-6869974.0,1.003832693921526,1.0057049715081752,1.0062758381681918,0.989840128750623,0.9911806913770923,0.9914563728039241,0.9951285133947982,0.9979311702239733,0.9979536267115097,-0.09857128571428575,-0.03857135714285726,-0.0019999999999999575,-0.04842385714285718,-0.004514142857142848,0.0015320666666667057,415422.71428571426,-252704.85714285713,90864.1
2010-10-21,23.780001,23.799999,23.26,23.26,13.363282,13241411.0,1.000840958753534,0.9781328436445399,0.9781328436445399,0.26000099999999904,-0.1781000000000006,4421268.0,1.0028246928510658,1.0055248430391586,1.006177287853503,0.9884381291670866,0.9912100594429821,0.9910228276358718,0.9934296369434426,0.9972099228167011,0.9971403347240373,-0.03999971428571466,-0.000714285714285826,0.0026666666666666098,-0.0459617142857144,-0.010259071428571456,-0.009575366666666696,704953.2857142857,430210.14285714284,230615.2
2010-10-22,23.389999,23.42,23.25,23.41,13.449459,6566739.0,1.0012826422096044,0.9940145786239666,1.000855109057508,-0.39000199999999907,0.08617699999999928,-6674672.0,1.002829721326822,1.0044016887169098,1.0059537151589897,0.9900778715690469,0.990782529344694,0.9909634888013787,0.9960465979787659,0.9967850933859206,0.9972669628295094,-0.0942857142857143,-0.009285785714285717,-0.013000066666666636,-0.018056000000000134,-0.011080071428571512,-0.005745100000000036,-565125.5714285715,145878.7142857143,-10946.433333333332
2010-10-25,23.530001,23.99,23.290001,23.9,13.730975,9397353.0,1.0195494679324493,0.9898002554271035,1.015724563717613,0.14000199999999907,0.28151600000000165,2830614.0,1.0043041958924355,1.005190696508975,1.0063268929237585,0.9889203757000521,0.9906006233912364,0.9906791934981958,0.9973341914532858,0.9977564300557403,0.9976936504629312,-0.044285571428571605,0.0007143571428570741,-0.01366666666666667,-0.008206857142857262,0.013542357142857167,-0.0021064666666666437,-10242.714285714286,132394.42857142858,58516.8
2010-10-26,23.85,23.959999,23.75,23.85,13.702248999999998,9281326.0,1.0046121174004192,0.9958071278825995,1.0,0.3199990000000028,-0.028726000000002472,-116027.0,1.0045421943859056,1.0045928721207849,1.0063699801012829,0.9891030257631268,0.9905703297133387,0.9907054061980168,0.9970335721651666,0.997188109261422,0.9978043005320875,0.012857142857142836,-0.002142785714285722,-0.008333333333333333,0.003282999999999703,-0.009027857142857318,-0.0032555000000000335,173757.7142857143,-54439.42857142857,71797.4
2010-10-27,23.91,24.389999,23.91,24.040001,13.811406,9129275.0,1.0200752404851525,1.0,1.0054370974487663,0.05999999999999872,0.1091570000000015,-152051.0,1.0072303099969198,1.0057296999833434,1.0067199763217287,0.9915598809884383,0.9910457337819872,0.9907331608469205,0.9993683061247698,0.9972793554785246,0.9977912545713873,0.01000000000000004,-0.009285785714285717,-0.0036666666666666475,0.03775399999999988,-0.00410378571428576,-0.002298100000000029,376299.71428571426,148436.64285714287,-51553.433333333334
2010-10-28,24.75,24.85,24.540001,24.73,14.207824,19489304.0,1.004040404040404,0.9915151919191919,0.9991919191919192,0.8399999999999999,0.3964180000000006,10360029.0,1.0078075105741202,1.0059294617302585,1.0068135028195988,0.9919025105754304,0.9907654312012312,0.9914105520574047,1.000209626200069,0.997369707553969,0.9986422321608264,0.12285728571428578,0.044999928571428684,0.015000033333333345,0.08207385714285717,0.02708464285714283,0.020491166666666654,542741.0,935909.7142857143,47575.166666666664
2010-10-29,24.75,24.85,24.540001,24.809999,14.253784,21657853.0,1.004040404040404,0.9915151919191919,1.002424202020202,0.0,0.04595999999999911,2168549.0,1.0077773192659953,1.0058050065937607,1.0069063230390343,0.9915407413452276,0.9906904350479253,0.9913788762411413,1.00025224786865,0.9976903806317241,0.9988067545394703,0.17571428571428577,0.038571500000000015,0.028666700000000014,0.10177171428571416,0.02667392857142849,0.01876749999999999,1833958.5714285714,1124690.642857143,457808.73333333334
2010-11-01,24.950001,25.049999,24.879999,24.9,14.305489,8035669.0,1.0040079357111047,0.9971943087296871,0.9979959519841302,0.20000100000000032,0.05170500000000011,-13622184.0,1.0082297445456483,1.005527218698357,1.006561922844138,0.9942638077859629,0.9913509684765247,0.9914399982214874,1.0030898347743056,0.9982597358588742,0.9983884837831082,0.1671428571428574,0.06357157142857137,0.04133340000000001,0.13460099999999997,0.04431964285714279,0.01800153333333334,-743677.4285714285,-19362.071428571428,-27485.766666666666
2010-11-02,24.9,25.07,24.77,25.030001,14.380178,7380716.0,1.006827309236948,0.9947791164658635,1.0052209236947791,-0.05000100000000174,0.07468900000000112,-654953.0,1.0090218398352688,1.0059257805810453,1.0067480418325834,0.9943730274776624,0.9922254495233548,0.9917911221482453,1.00371352257963,0.999880060279198,0.9990047505966115,0.21571442857142845,0.06071435714285706,0.02599996666666667,0.13295985714285738,0.05745192857142862,0.023555233333333387,116282.42857142857,-224421.57142857142,-12565.966666666667
2010-11-03,25.01,25.200001,24.879999,25.200001,14.477849,11873137.0,1.0075970011995201,0.9948020391843263,1.0075970011995201,0.11000000000000298,0.09767100000000006,4492421.0,1.0073143445877075,1.0058092702400716,1.0068756470599363,0.9950875680144087,0.9920039718572303,0.9918551543967665,1.0025524422199024,0.9999433168365942,0.9993556947501233,0.211428428571429,0.0835714285714287,0.037666700000000004,0.10669628571428572,0.04924471428571423,0.026619366666666682,353683.4285714286,171720.35714285713,175522.0
2010-11-04,24.700001,24.700001,24.219999,24.34,14.406817000000002,24530989.0,1.0,0.9805667214345457,0.9854250613188235,-0.30999900000000125,-0.07103199999999887,12657852.0,1.006655470673362,1.005598832529634,1.0064818369499706,0.9929103670932581,0.9910066964281924,0.991305834136633,1.0004703081225916,0.9987519401438789,0.9986307636114863,0.12142871428571413,0.06714292857142848,0.03333333333333333,0.10065257142857195,0.05196778571428583,0.023102466666666762,2178523.285714286,1176140.5,599683.6333333333
2010-11-05,24.6,24.65,24.02,24.09,14.258843,9327967.0,1.0020325203252032,0.9764227642276422,0.9792682926829268,-0.1000009999999989,-0.14797400000000138,-15203022.0,1.0040779392219406,1.0056541246094302,1.0062666207224278,0.9895421905543499,0.9905510357713941,0.9906472607481545,0.9967319074417572,0.9980501067832636,0.9978831121880454,0.09857142857142875,0.054285714285714395,0.03466670000000001,0.06391957142857153,0.0508367857142857,0.02334083333333338,28384.571428571428,202342.14285714287,-141791.36666666667
2010-11-08,24.27,24.27,23.969999,24.07,14.247005,8350336.0,1.0,0.9876390193654718,0.9917593737124022,-0.33000000000000185,-0.011838000000000903,-977631.0,1.00350073864474,1.0056541246094302,1.0057942016589292,0.9889884516181041,0.9904454810967672,0.9902908053842218,0.9956701152303976,0.9979398707152333,0.9973166350105555,-0.06857142857142863,0.027142928571428575,0.00933333333333337,0.005597285714285606,0.043835571428571384,0.01145583333333331,-1591281.142857143,-524270.0714285714,-40644.6
2010-11-09,24.0,24.129999,23.629999,23.75,14.057598,11586892.0,1.005416625,0.9845832916666667,0.9895833333333334,-0.2699999999999996,-0.18940699999999921,3236556.0,1.003697341638968,1.0057373304524817,1.0055461660466074,0.9879981801534576,0.9897694607493426,0.9897907420103362,0.9938357054179878,0.9970439766433189,0.9966790782227452,-0.10714285714285714,0.034285714285714315,-0.0036667000000000153,-0.028026571428571297,0.03687257142857143,0.0028442000000000077,-1438708.7142857143,197624.92857142858,157321.46666666667
2010-11-10,23.799999,23.940001,23.5,23.700001,14.028004,8237942.0,1.005882437221951,0.9873949994703781,0.9957984031848068,-0.20000100000000032,-0.02959400000000123,-3348950.0,1.0039651275690888,1.0060974360573687,1.0056605118256146,0.9865982788306991,0.9904310433083311,0.9899971916164371,0.9935217698752273,0.9983058023247666,0.9969885550507223,-0.1642860000000001,0.001428428571428648,-0.02233333333333339,-0.03964071428571435,0.04748014285714281,0.005304833333333292,28896.14285714286,-357390.64285714284,-22226.4
2010-11-11,23.93,23.950001,23.690001,23.719999,14.039841,7486867.0,1.0008358127872963,0.9899707898035938,0.9912243627246136,0.13000100000000003,0.011836999999999875,-751075.0,1.0031091995048529,1.006065519670061,1.005563682581948,0.9859113750218036,0.9901422012497331,0.9903555973014686,0.9915222611652038,0.9976178918724169,0.9972224940683837,-0.1385714285714284,0.038571500000000015,-0.004333300000000051,-0.048619571428571665,0.04217014285714286,0.01450869999999996,15164.42857142857,65723.42857142857,-162371.46666666667
2010-11-12,23.57,23.620001,23.139999,23.219999,13.74389,14986021.0,1.002121383114128,0.9817564276622825,0.9851505727619856,-0.35999999999999943,-0.29595099999999874,7499154.0,1.0023269683497968,1.0048206564687523,1.0055223034417602,0.9840477162329401,0.9895676421236743,0.9904900885328087,0.9883156285312703,0.9954340353755864,0.9971198362489048,-0.2057142857142859,0.002857071428571548,-0.007333366666666663,-0.10485128571428579,0.000922499999999969,0.00789936666666667,444697.71428571426,399190.5714285714,258918.4
2010-11-15,23.299999,23.299999,23.01,23.08,13.661029,8049649.0,1.0,0.9875536904529482,0.9905579824273811,-0.2700010000000006,-0.08286100000000118,-6936372.0,1.0023269683497968,1.0044912195115796,1.004955410017724,0.9850458546641405,0.9889781108786992,0.990075211547907,0.9890489029753499,0.9947596055489708,0.9965783449602031,-0.2000002857142858,-0.039285785714285835,-0.007333366666666663,-0.10654114285714325,-0.0029442857142856532,0.0018816333333332954,-2354477.1428571427,-87976.92857142857,117507.06666666667
2010-11-16,23.68,23.68,23.02,23.219999,13.74389,13700872.0,1.0,0.9721283783783784,0.9805742820945946,0.38000100000000003,0.08286100000000118,5651223.0,1.0020366083033392,1.00305727376264,1.0046719647229394,0.9844323709713886,0.9869872807628691,0.9894012595346692,0.9892354728913025,0.9929836901665299,0.9958599593520183,-0.13142857142857167,-0.01642857142857146,0.005333333333333338,-0.07356471428571432,-0.0048225714285713905,0.006750266666666663,624700.7142857143,326542.64285714284,205234.7
2010-11-17,23.01,23.01,22.790001,22.82,13.507131,12278907.0,1.0,0.9904389830508474,0.9917427205562799,-0.6699999999999982,-0.23675900000000105,-1421965.0,1.0020366083033392,1.0027686734740398,1.0042392427617701,0.9848323657835849,0.9869104087008446,0.9892081843239252,0.9892330938689993,0.9924516045496985,0.9953195003332124,-0.17999999999999972,-0.12428571428571418,-0.028999966666666665,-0.10569628571428577,-0.05004950000000008,-0.010716933333333381,561224.4285714285,-515028.35714285716,74514.3
2010-11-18,22.75,22.9,22.58,22.58,13.365075,10249290.0,1.0065934065934066,0.9925274725274724,0.9925274725274724,-0.26000000000000156,-0.14205600000000018,-2029617.0,1.0022047199595403,1.0029510307992542,1.0043203679679058,0.9859672487637001,0.9869827144585789,0.9891809553068769,0.9896536851824477,0.9917446953002179,0.9949317610704839,-0.17857142857142858,-0.14285714285714285,-0.04300003333333334,-0.09893185714285734,-0.06347921428571432,-0.016792800000000045,-191086.0,-814897.3571428572,106604.26666666666
2010-11-19,22.809999,22.84,22.459999,22.49,13.311807,11660655.0,1.0013152565241235,0.9846558520234919,0.9859711085476154,0.059999000000001246,-0.053267999999999205,1411365.0,1.0015522655741365,1.0027586965716127,1.0043227518659235,0.9855759419855736,0.9860871104081363,0.9888215027726676,0.9882497859485632,0.9908857779118952,0.9945332316842144,-0.1414285714285712,-0.15285728571428564,-0.04366673333333324,-0.10231385714285704,-0.0709772857142857,-0.017227733333333363,488959.0,258927.57142857142,175802.9
2010-11-22,22.690001,22.84,22.42,22.48,13.305884,8179750.0,1.0066107974168887,0.9881004412472262,0.9907447778428922,-0.11999800000000249,-0.005922999999999234,-3480905.0,1.0023772633783639,1.0027432314416083,1.0043503525814408,0.9853087493346638,0.9856100621782337,0.9886726795453927,0.988181273822603,0.9898517674939032,0.9942935649812565,-0.17714271428571443,-0.15785707142857142,-0.050666600000000034,-0.10485099999999978,-0.07673528571428571,-0.019148833333333334,98983.28571428571,57073.857142857145,75585.53333333334
2010-11-23,22.49,22.639999,22.309999,22.34,13.223019,11332812.0,1.0066695864828814,0.9919963983992887,0.9933303690529125,-0.20000100000000032,-0.08286499999999997,3153062.0,1.003027006716757,1.002676987533277,1.0043094399226447,0.9867716022970933,0.9854096592650167,0.988807664801059,0.9893498161498783,0.9888327223405743,0.9944037446562193,-0.15428571428571455,-0.18000000000000022,-0.052333300000000096,-0.0744101428571428,-0.0896307142857143,-0.015399833333333331,-521887.0,-38594.642857142855,100869.13333333333
2010-11-24,22.26,22.389999,22.049999,22.280001,13.187507,11693592.0,1.0058400269541778,0.9905659928122191,1.0008985175202154,-0.22999999999999687,-0.035512000000000654,360780.0,1.0038612962816398,1.0030941323157183,1.0044625260584736,0.9872019312055605,0.9861238929348505,0.9890753185011248,0.9908270354488548,0.9899379692121023,0.9950158158465515,-0.14857128571428543,-0.17428578571428563,-0.05966663333333327,-0.06764599999999987,-0.08709357142857156,-0.012944800000000001,520563.28571428574,-916956.9285714285,39032.46666666667
2010-11-25,22.709999,22.790001,22.43,22.469999,13.299969,9695606.0,1.003522765456749,0.9876706731691182,0.9894319678305579,0.44999899999999826,0.11246200000000073,-1997986.0,1.0043645484897468,1.003200578396543,1.0042723467079269,0.9894222590328091,0.9869273150020988,0.9887342500564266,0.9920924191254209,0.9906639460083616,0.9944398344610377,-0.1385715714285714,-0.13500007142857154,-0.037666700000000004,-0.06341728571428565,-0.06849099999999998,-0.016281800000000027,-572180.8571428572,26259.928571428572,7551.8
2010-11-26,22.559999,22.73,22.5,22.52,13.329560999999998,12889665.0,1.0075355056531696,0.997340469740269,0.9982269946022603,-0.14999999999999858,0.029591999999997398,3194059.0,1.0054410492973425,1.0037388288003408,1.0044253259648284,0.9904081857027265,0.9876202757431558,0.988827979799733,0.9930187439891324,0.9911259189290658,0.994310589780552,-0.06428585714285719,-0.12214292857142846,-0.040000033333333344,-0.025367142857143015,-0.06553171428571439,-0.011656900000000074,87251.14285714286,324237.78571428574,160821.43333333332
2010-11-29,22.5,22.879999,22.43,22.780001,13.483458,7474838.0,1.0168888444444446,0.9968888888888888,1.0124444888888888,-0.059999000000001246,0.1538970000000024,-5414827.0,1.0069118261332048,1.0045582730463727,1.0049463397393745,0.9910312451829287,0.9884992469733145,0.9892975423152686,0.9958640320407631,0.9927588586116054,0.9950889407524635,-0.03571428571428571,-0.10714285714285714,-0.04466666666666666,0.01691185714285735,-0.04100999999999999,-0.002122333333333337,-396350.28571428574,-293718.14285714284,32655.366666666665
2010-11-30,22.719999,22.860001,22.530001,22.66,13.412429,8371000.0,1.0061620601303722,0.9916374116037592,0.9973591988274295,0.2199990000000014,-0.07102900000000112,896162.0,1.0076042266483833,1.0045782461112598,1.0051517417437204,0.9920286108372528,0.9888022764114132,0.9893815632083858,0.9974909020807367,0.9928703440146498,0.9952241580912169,-0.012857142857142836,-0.07714285714285703,-0.03899999999999994,0.014374571428571363,-0.04396964285714284,-0.007362600000000026,-469950.71428571426,9504.142857142857,-243970.56666666668
2010-12-01,22.51,22.709999,22.379999,22.65,13.406507,6608879.0,1.0088848956019547,0.9942247445579743,1.0062194580186583,-0.20999899999999982,-0.005921999999999983,-1762121.0,1.0079290978176785,1.0051531805980212,1.0053061801572096,0.9929035113102168,0.9891061303224404,0.9893874688092977,0.9997015706772746,0.9939414222499389,0.995360611680501,-0.02571442857142817,-0.1014285714285713,-0.0336666666666666,0.014374714285714114,-0.04523814285714283,-0.0044958333333333655,-224410.14285714287,-62713.42857142857,-73708.8
2010-12-02,22.860001,23.540001,22.860001,23.42,13.86227,10666469.0,1.0297462804135484,1.0,1.0244968930666276,0.3500009999999989,0.45576300000000103,4057590.0,1.0112257683792023,1.0071263875479797,1.0062696908792101,0.9940468829674612,0.9904092426322774,0.9901163740211464,1.0041539312506627,0.9967518737002704,0.9969060799945705,0.052857285714286,-0.05071421428571427,-0.030666666666666606,0.0913215714285714,0.008455714285714297,0.016632933333333356,-95191.85714285714,-308539.4285714286,-85831.4
2010-12-03,23.639999,23.690001,23.09,23.309999,13.797159,8425765.0,1.0021151439135,0.9767343898787814,0.9860406085465571,0.7799979999999991,-0.06511099999999992,-2240704.0,1.010693642230534,1.0072774692560869,1.0062974409360066,0.9920709396912558,0.9896364354484082,0.9895403677296403,1.002031372825854,0.9964292041373544,0.9964122633108722,0.197142714285714,0.024285714285714275,0.008333333333333333,0.08709314285714294,0.00972357142857153,0.011590000000000048,-466832.4285714286,26865.428571428572,61967.53333333333
2010-12-06,23.35,23.379999,23.110001,23.27,13.773488,5865662.0,1.0012847537473233,0.989721670235546,0.9965738758029978,-0.2899989999999981,-0.02367100000000022,-2560103.0,1.0103739262720448,1.0073692373808956,1.0056886171298358,0.992363939272174,0.9908930991524916,0.9895377482232549,1.0030516453933456,0.9975720322593832,0.9957739070470517,0.09142871428571452,-0.023571428571428448,-0.00600003333333324,0.06764557142857137,0.0021141428571428583,0.001417099999999986,-547134.8571428572,-559657.8571428572,-117723.03333333334
2010-12-07,23.200001,23.6,23.110001,23.49,13.903702,7739640.0,1.0172413354637355,0.9961206898223841,1.0124999563577604,-0.1499990000000011,0.13021399999999872,1873978.0,1.0117604733878398,1.008600761342591,1.0061095910652795,0.9921896849981906,0.9912989353504585,0.9895482002879146,1.0050906399298456,0.9990546919594889,0.996190572258977,0.091428857142857,0.013571499999999912,-0.02166663333333337,0.08202014285714299,0.028326499999999984,0.006715100000000026,-735717.8571428572,-324233.35714285716,-51389.53333333333
2010-12-08,23.49,23.49,23.02,23.15,13.702459,8882554.0,1.0,0.9799914857386123,0.9855257556406982,0.2899989999999981,-0.20124299999999984,1142914.0,1.0093477813243479,1.0081298037287763,1.005440416382441,0.9897757702624368,0.9904035077226828,0.9888812498125349,1.0012451066086756,0.9985545693247193,0.9955268608653748,0.1414285714285712,0.05285714285714275,-0.014000000000000058,0.031285857142856956,0.02409885714285715,-0.0036315666666666855,201102.2857142857,-97624.0,-8224.033333333333
2010-12-09,23.309999,23.73,23.18,23.65,13.99841,10210931.0,1.0180180616910366,0.9944230370837853,1.0145860581117998,-0.1800009999999972,0.2959510000000005,1328377.0,1.011041495833014,1.0093228612406988,1.005906338304129,0.9901737167595833,0.9911011637984181,0.988978177984688,1.0037060865064427,1.0005984942935897,0.9960399988293707,0.08428571428571427,0.03571428571428571,-0.04800003333333329,0.08371157142857147,0.049043071428571415,-0.006980466666666688,262847.28571428574,-103551.71428571429,-309279.1
2010-12-10,23.75,23.969999,23.67,23.83,14.104951000000002,8574982.0,1.0092631157894738,0.9966315789473685,1.0033684210526315,0.44000099999999875,0.10654100000000177,-1635949.0,1.011095527288374,1.0095123125530263,1.0060804286957645,0.9905175502437825,0.9917105307769997,0.9891487242189605,1.0032987955112962,1.0015001830942853,0.9960714727971184,0.1771428571428569,0.07571421428571437,-0.03333333333333333,0.09977771428571458,0.05707621428571435,-0.004961099999999933,280871.85714285716,28230.85714285714,-436095.7
2010-12-13,23.950001,24.18,23.82,24.1,14.264762,9392625.0,1.0096032981376493,0.9945719835251782,1.0062630060015447,0.20000100000000032,0.1598109999999977,817643.0,1.008217958391817,1.0097218633855096,1.0062669407766494,0.989742119318808,0.9918945011431346,0.9890613133788103,1.0006939545019986,1.0024239428763306,0.9963470412643656,0.1557142857142857,0.10428578571428584,-0.03333333333333333,0.05749885714285696,0.07441021428571418,-0.0013575666666666801,-181977.7142857143,-138584.7857142857,45231.86666666667
2010-12-14,24.030001,24.08,23.76,23.950001,14.175978,5216154.0,1.0020806907165756,0.988764003796754,0.9966708282700447,0.0799999999999983,-0.08878399999999864,-4176471.0,1.0082130365065418,1.009453339368538,1.0061087201593037,0.9914606355928041,0.9917657876420299,0.9888608096231732,1.0022125573196397,1.0021219650727469,0.9960620380835411,0.055714571428571294,0.12642864285714264,-0.028999966666666665,0.054117000000000005,0.07060507142857146,-0.006806666666666672,-458515.85714285716,-462674.14285714284,-72152.06666666667
2010-12-15,24.0,24.040001,23.700001,23.82,14.099031,9396810.0,1.0016667083333333,0.9875000416666667,0.9925,-0.030000999999998612,-0.07694700000000054,4180656.0,1.0082676014474006,1.0093207638597226,1.0059110437304308,0.9911432600829642,0.9917535996775692,0.988617409705918,1.0016305750620684,1.002341110227707,0.9955588047102236,0.09285714285714265,0.09214292857142858,-0.03366666666666672,0.046506142857142815,0.05707585714285709,-0.012627266666666692,504449.71428571426,-21342.571428571428,-82544.23333333334
2010-12-16,23.620001,23.790001,23.549999,23.76,14.063516,8740323.0,1.0071972901271258,0.9970363252736527,1.0059271377676913,-0.37999900000000153,-0.035515000000000185,-656487.0,1.006832737827885,1.0092966056078623,1.006150953401335,0.9912740651474311,0.9917318750728109,0.9891663965005548,1.0006916009777729,1.0028911204538093,0.9962422072585194,0.059999999999999734,0.07571442857142838,-0.03600000000000006,0.02283057142857154,0.052425357142857267,-0.011443366666666736,142954.7142857143,-296381.5714285714,-526355.5333333333
2010-12-17,23.75,23.82,23.58,23.59,13.962895,4841356.0,1.0029473684210526,0.9928421052631579,0.9932631578947368,0.12999900000000153,-0.1006210000000003,-3898967.0,1.0072537904594638,1.0083007858919057,1.0061814483378633,0.9931098679366519,0.9914428190995445,0.9897137078684054,1.0017969441569212,1.0015210253827984,0.9967087027655797,0.037142857142857366,0.08928571428571429,-0.02833333333333338,0.0372051428571429,0.03424549999999993,-0.009864933333333365,-577314.0,-188105.85714285713,-149553.7
2010-12-20,23.540001,23.59,23.23,23.280001,13.779406,7891543.0,1.0021240016090058,0.9868308841618146,0.988954970732584,-0.20999899999999982,-0.1834889999999998,3050187.0,1.0049832104477452,1.0080123531403795,1.0062522483914966,0.9920252746620847,0.991099495710834,0.9896867700282834,0.9981353602456048,1.0009207233760238,0.9966152226662524,0.03285742857142842,0.05857157142857134,-0.02433329999999998,-0.03128628571428571,0.026212642857142882,-0.015586633333333329,-331341.14285714284,-34246.92857142857,-15293.1
2010-12-21,23.42,23.76,23.4,23.700001,14.028004,6097617.0,1.0145175064047822,0.9991460290350127,1.0119556362083688,-0.12000099999999847,0.24859799999999943,-1793926.0,1.0057338376785034,1.0084146824834388,1.0065556111049896,0.9923844818174624,0.9914510160306226,0.9901721946072283,0.9993621052678529,1.0013304503895746,0.9973609660954204,-0.047142857142856896,0.06500000000000002,-0.019333333333333275,-0.010992428571428903,0.04439264285714284,-0.0009864666666667076,-353909.28571428574,-36518.71428571428,-182975.83333333334
2010-12-22,23.73,23.75,23.58,23.629999,13.98657,4107419.0,1.000842815002107,0.9936788874841971,0.9957858828487147,0.3099999999999987,-0.04143399999999886,-1990198.0,1.0044823400877116,1.0063501492397644,1.0063876236976614,0.9922568966687508,0.9909995079937796,0.9903816575410223,0.9978653733888772,0.9992796639454379,0.9973605487508839,-0.03142871428571427,0.06214278571428571,-0.0023332999999999752,-0.03974171428571412,0.008878571428571418,-0.0013811333333332953,-755029.4285714285,-468503.5714285714,-137684.1
2010-12-23,23.68,23.98,23.610001,23.709999,14.033924,4572598.0,1.0126689189189189,0.9970439611486487,1.0012668496621622,-0.05000000000000071,0.04735400000000034,465179.0,1.0059949441166178,1.00710399031158,1.0067820605687154,0.9934397477190214,0.9924501916559129,0.9906174299191908,0.9985219478734654,1.0003672525965526,0.9976952983154688,-0.0500001428571427,0.0028572142857142984,-0.008333333333333333,-0.020293428571428556,0.016911785714285723,-0.00019723333333327987,-91936.57142857143,-275226.21428571426,-97142.3
2010-12-24,23.719999,23.75,23.450001,23.719999,14.039841,7455399.0,1.0012647976924451,0.9886172845116898,1.0,0.03999900000000167,0.005916999999998396,2882801.0,1.0059375283107768,1.0071025648790888,1.0067535077213259,0.9935993538397392,0.9923713069613517,0.9908461251475044,0.999593376444894,1.0006119757534813,0.9981902792234026,-0.04000014285714266,0.026428499999999997,0.004999966666666703,-0.008455714285714424,0.019025214285714194,0.009865033333333292,-277344.4285714286,113552.64285714286,-251020.73333333334
2010-12-29,23.6,23.76,23.5,23.73,14.045761,3213258.0,1.0067796610169493,0.9957627118644067,1.0055084745762712,-0.11999899999999997,0.00592000000000148,-4242141.0,1.005877867009323,1.0063553024186038,1.006979496421891,0.9934174090669897,0.9923457371072104,0.991119759194553,0.9995335674175483,1.0001125841976606,0.9986886289616989,-0.0028572857142852926,0.02857135714285722,0.01000003333333339,-0.0025364285714284712,0.010147071428571535,0.012824400000000047,-789580.7142857143,-323313.0,-161213.03333333333
2010-12-30,23.700001,23.799999,23.639999,23.68,14.016165,2512139.0,1.0042193247164841,0.9974682701490181,0.9991560759849757,0.1000009999999989,-0.029595999999999734,-701119.0,1.0060595750515273,1.0066566827554957,1.007120140579107,0.9940782897649696,0.9935940788508109,0.9919644222535744,1.000375412859011,1.001086178507966,0.9993080220913784,-0.00714271428571424,0.015000071428571562,0.0006667000000000201,0.00761000000000018,0.022407571428571544,0.009075833333333349,-332745.28571428574,-455029.64285714284,-372957.76666666666
2010-12-31,23.620001,23.67,23.35,23.35,13.82084,2824017.0,1.0021168077003892,0.9885689674610938,0.9885689674610938,-0.08000000000000185,-0.19532500000000041,311878.0,1.0060585473502965,1.0055208788990209,1.0071907008357868,0.9943265873791525,0.9931759310206185,0.9919020884005825,1.0003202695345124,0.9992278148900585,0.9992022303215388,0.011428571428571186,0.0221429999999998,0.020333366666666564,0.005919142857142948,-0.012683571428571381,0.010456966666666704,-723932.2857142857,-527636.7142857143,-315163.0
2011-01-04,23.549999,23.6,23.139999,23.280001,13.779406,3372091.0,1.0021231848035324,0.9825902328063794,0.9885351162859921,-0.07000199999999879,-0.04143400000000064,548074.0,1.0042879299786895,1.0050108838285965,1.007041693442791,0.9919614736322048,0.9921729777248336,0.9915708470765462,0.9969744809741728,0.9981682931210129,0.9990691517801561,0.018571285714285426,-0.014285785714285737,0.02666663333333332,-0.03551399999999992,-0.02325321428571441,0.013811033333333356,-389360.85714285716,-371635.0714285714,-229239.96666666667
2011-01-05,23.219999,23.389999,23.0,23.18,13.720216,6225139.0,1.0073212750784355,0.9905254517883484,0.998277390106692,-0.3299999999999983,-0.05918999999999919,2853048.0,1.005213424275308,1.0048478821815097,1.007241894061268,0.991510982818512,0.9918839397436313,0.9917665004020413,0.9973304105824553,0.9975978919856663,0.9994793611654587,-0.07285728571428558,-0.052142999999999926,0.01366666666666667,-0.03805057142857139,-0.03889614285714276,0.013613633333333356,302531.4285714286,-226249.0,-181183.86666666667
2011-01-06,23.15,23.26,22.92,23.09,13.666943,7534137.0,1.0047516198704105,0.9900647948164149,0.9974082073434126,-0.06999900000000281,-0.05327300000000079,1308998.0,1.0040823815540922,1.0050386628353551,1.0071799214763855,0.9905139590567644,0.991976853387893,0.9918319788543476,0.9967791759654911,0.9976505619194782,0.9997014754821426,-0.07571428571428587,-0.0628572142857143,0.015333299999999994,-0.05242585714285727,-0.03635964285714292,0.012035299999999971,423077.0,165570.2142857143,-21520.433333333334
2011-01-07,22.959999,23.02,22.790001,22.92,13.566321,5202711.0,1.0026132840859445,0.992595905600867,0.9982578831993852,-0.19000099999999875,-0.10062199999999955,-2331426.0,1.0042750224674495,1.0051062753891131,1.0070447113964875,0.9910823334980753,0.9923408436689073,0.9918519624277337,0.9965303021368318,0.998061839290863,0.9998657259536917,-0.10857142857142879,-0.07428578571428572,0.01566663333333338,-0.06764571428571411,-0.03805071428571427,0.011443399999999986,-321812.5714285714,-299578.5,-204336.7
2011-01-10,22.92,22.98,22.780001,22.959999,13.589999,3870289.0,1.0026178010471203,0.9938918411867363,1.0017451570680627,-0.03999899999999812,0.02367800000000031,-1332422.0,1.0036804710431881,1.0047791690262555,1.0069373038662524,0.9908150662584082,0.9921162376626989,0.9919628240402175,0.9959926853499449,0.9977631263837464,0.9998939472719534,-0.0971428571428571,-0.0500000714285712,0.022000000000000006,-0.06510885714285715,-0.03382264285714281,0.013416400000000018,93861.57142857143,-347859.5714285714,-260776.76666666666
2011-01-11,22.83,23.0,22.799999,22.83,13.513051999999998,5827347.0,1.0074463425317566,0.9986858957512046,1.0,-0.09000000000000341,-0.07694700000000232,1957058.0,1.004141473588227,1.0051005243198772,1.0070680897687525,0.9909890127730064,0.992533651268988,0.992329998126287,0.9961132459235198,0.9982443293912654,1.0002462150109348,-0.12428585714285743,-0.06571428571428584,0.004000033333333282,-0.07187328571428608,-0.03213164285714295,0.007102766666666582,473601.14285714284,70427.92857142857,-128941.96666666666
2011-01-12,22.9,22.93,22.48,22.719999,13.447944,7399515.0,1.0013100436681224,0.9816593886462883,0.9921396943231442,0.07000000000000028,-0.06510799999999861,1572168.0,1.0040262215836175,1.005042384466957,1.006860574369251,0.990001930085177,0.9921642587321647,0.9918072954231543,0.9966233497609556,0.998471809647734,1.0000433050016309,-0.10285728571428569,-0.04571435714285726,0.011333366666666577,-0.05327085714285725,-0.023675857142857155,0.003946100000000049,653642.5714285715,-35144.857142857145,-183005.0
2011-01-13,22.93,23.02,22.879999,22.959999,13.589999,7552420.0,1.0039249890972526,0.9978194068905365,1.0013082860880942,0.030000000000001137,0.14205500000000093,152905.0,1.0042836221970062,1.0042857760878476,1.006428445857678,0.9921775263829137,0.9920695000075591,0.9918383126898759,0.998448088304113,0.9977112846391429,0.9996720982416043,-0.08857128571428571,-0.03500000000000014,0.014333333333333325,-0.027058142857142746,-0.03128607142857133,0.0035513666666666666,597189.8571428572,103914.5,2586.0666666666666
2011-01-14,23.049999,23.08,22.99,23.049999,13.643271,6574087.0,1.0013015618785925,0.997397006394664,1.0,0.11999899999999997,0.053271999999999764,-978333.0,1.003423663168457,1.0043185437218825,1.0062664292492853,0.9931591770409588,0.9923350799297354,0.992030299182906,0.9986941754317283,0.9980122930070918,0.9997601249473568,-0.02428571428571453,-0.04857150000000005,0.010999999999999944,-0.010992142857142895,-0.024521357142857143,0.007694733333333362,49849.71428571428,176190.57142857142,-59897.1
2011-01-17,23.15,23.18,22.59,22.709999,13.442023,8076460.0,1.0012958963282939,0.9758099352051837,0.9809934773218143,0.1000009999999989,-0.20124799999999965,1502373.0,1.0029299883767262,1.0035061849654092,1.0060134626068298,0.9911227685250686,0.9908183637909165,0.9914164722044797,0.9963492140000715,0.9965641949827813,0.9989192589241286,0.0,-0.037857142857142936,0.021333333333333235,-0.03213142857142844,-0.042278642857142855,0.001183866666666707,77474.71428571429,250275.85714285713,48919.36666666667
2011-01-18,22.75,23.08,22.719999,22.99,13.607758,5083285.0,1.0145054945054943,0.9986812747252748,1.0105494505494506,-0.3999999999999986,0.16573499999999974,-2993175.0,1.004628875579519,1.004451949023484,1.0055054364098948,0.9919921069714127,0.991537220234744,0.9913725146953223,0.9981051521929379,0.9973177271648849,0.998454344173556,-0.029999857142857116,-0.06928564285714296,-0.0036667000000000153,0.005919571428571453,-0.030863071428571334,-0.008483733333333335,-17060.85714285714,-169436.7142857143,-186106.13333333333
2011-01-19,23.040001,23.290001,22.85,23.24,13.755732,6635766.0,1.0108506939734943,0.9917534291773685,1.0086805117760194,0.2900010000000002,0.1479739999999996,1552481.0,1.0058050031404295,1.0047427370918087,1.0057966214118945,0.991686619541503,0.9912508428999555,0.9918731493386085,0.9990959171512175,0.9975443012505812,0.9992090076145381,0.01714299999999978,-0.03999992857142866,-0.019999933333333313,0.02367614285714278,-0.020716357142857182,-0.0013809000000000182,395068.14285714284,244464.85714285713,-59666.63333333333
2011-01-20,23.18,23.200001,22.969999,23.059999,13.649185999999998,5113199.0,1.0008628559102675,0.9909404227782572,0.9948230802415876,0.13999899999999954,-0.10654600000000158,-1522567.0,1.0048645050516454,1.0045029893199362,1.0057825581506592,0.9905801234025103,0.9907845680877584,0.9919137744233655,0.99835635718573,0.997234801554625,0.9991506477624911,0.050000000000000204,-0.03714292857142861,-0.0056666666666667235,0.019447714285714315,-0.026212785714285886,-0.0041434000000000635,-102021.14285714286,185790.0,-25082.1
2011-01-21,23.299999,23.530001,23.200001,23.33,13.809002,9069319.0,1.0098713308957652,0.9957082401591519,1.0012875966217851,0.11999899999999997,0.15981600000000107,3956120.0,1.0060875460841656,1.0050568838338916,1.005536891331727,0.9925871021900623,0.9912945161376197,0.9919000261012577,0.9996632003712501,0.9981432750661029,0.9987769024379586,0.05714271428571444,-0.02285728571428563,0.0033332666666666456,0.05157971428571427,-0.0008455714285714931,-0.0031566666666666523,238543.42857142858,446093.0,44322.63333333333
2011-01-24,23.4,23.76,23.34,23.66,14.004328,6880142.0,1.0153846153846156,0.9974358974358974,1.011111111111111,0.1000009999999989,0.19532599999999967,-2189177.0,1.007724635553789,1.0060041288753976,1.0060497118445475,0.992532315125114,0.9923549207540138,0.9924815064911673,1.0010636039459668,0.9997558461250399,0.9996297476203058,0.06714285714285698,-0.010714214285714365,-0.0029999999999999953,0.05918985714285695,0.0160658571428571,0.010062299999999998,-96039.71428571429,250575.07142857142,-66747.06666666667
2011-01-25,23.75,23.84,23.58,23.610001,13.974732,6164994.0,1.0037894736842106,0.9928421052631579,0.9941053052631579,0.3500000000000014,-0.029595999999999734,-715148.0,1.0080800515260202,1.0057518573472386,1.0055754255776532,0.9918816149634703,0.9925203960022145,0.992428808763813,1.0002215046978467,0.9994578400647874,0.9989470558586844,0.1000001428571429,0.03785721428571419,0.014666699999999958,0.047351571428571305,0.018179714285714205,-0.000789266666666677,-58441.857142857145,-4296.071428571428,-134864.56666666668
2011-01-27,23.709999,23.76,23.469999,23.58,13.956972,6336254.0,1.0021088571112973,0.9898776883120072,0.9945171233453025,-0.040001000000000175,-0.01775999999999911,171260.0,1.008196188780735,1.0055630885787306,1.0053369502883809,0.9938912939787307,0.9925070312518997,0.9922036790759676,1.0021534541297734,0.9992513340649225,0.9986520126017733,0.07999985714285732,0.03999992857142866,-0.0013333666666666725,0.07356414285714281,0.020716357142857182,-0.004932633333333373,-248600.85714285713,-85563.07142857143,-74624.26666666666
2011-01-28,23.5,23.76,23.48,23.629999,13.98657,10951489.0,1.011063829787234,0.9991489361702128,1.0055318723404256,-0.20999899999999982,0.029598000000000013,4615235.0,1.0077045223924121,1.0061666989859657,1.0053856346767003,0.993958102756579,0.9929751048639959,0.9923562441641354,1.00143665724277,0.9997709047178539,0.998627641479736,0.10714285714285714,0.038571500000000015,-0.015000033333333345,0.05411599999999999,0.030017785714285723,-0.00927306666666663,838314.8571428572,410627.0,51962.13333333333
2011-01-31,23.360001,23.67,23.32,23.67,14.010245,9738282.0,1.0132705045688997,0.9982876284979612,1.0132705045688997,-0.13999899999999954,0.023674999999999002,-1213207.0,1.008050209620327,1.0069276063803783,1.0057586284717777,0.9948915598023779,0.9932890896719405,0.9926736983208424,1.0020923704988955,1.0005941438250565,0.9991809640230312,0.045714285714285756,0.031428642857142766,-0.02233333333333327,0.036358999999999905,0.03001757142857134,-0.005524433333333374,443216.5714285714,419142.35714285716,150737.6
2011-02-01,23.610001,23.790001,23.57,23.67,14.010245,6807843.0,1.007623887860064,0.998305760342831,1.0025412535984222,0.25,0.0,-2930439.0,1.009016071327441,1.006940288189543,1.0059572011226687,0.9959437508830314,0.9932619371427709,0.9930338889433812,1.0031949666927293,1.0007756619392294,0.9995156724763119,0.06142871428571439,0.055714357142857295,-0.01299996666666665,0.051579857142857274,0.035513785714285796,-0.0029595333333333564,242092.0,70035.42857142857,-86298.9
2011-02-02,23.92,23.98,23.700001,23.75,14.057598,6862008.0,1.0025083612040133,0.9908027173913043,0.9928929765886287,0.30999900000000125,0.04735300000000109,54165.0,1.0079642185143334,1.0070258822992497,1.0058009034918982,0.995242961916196,0.9939150320531291,0.9928261020139696,1.001995735259421,1.0008294678153358,0.9990812004370098,0.08857157142857172,0.07285714285714308,0.009999966666666775,0.03551371428571442,0.04354671428571434,-0.00019726666666664746,-315330.14285714284,-38393.357142857145,-62610.5
2011-02-03,23.799999,24.0,23.700001,23.940001,14.170059,7113554.0,1.0084034037144287,0.9957984031848068,1.005882437221951,-0.12000100000000202,0.1124609999999997,251546.0,1.0069669025614496,1.0073457690576195,1.005982771335011,0.9950090341660403,0.9937706746455771,0.9929246452780246,1.001248781846684,1.0011561928963253,0.9995018430812502,0.05714271428571444,0.06214278571428571,0.0016666333333333228,0.02367585714285728,0.04143285714285711,0.006905466666666685,33344.57142857143,-31347.571428571428,75739.93333333333
2011-02-04,24.08,24.27,23.959999,24.190001,14.318034,7702915.0,1.007890365448505,0.9950165697674419,1.0045681478405315,0.2800009999999986,0.14797500000000063,589361.0,1.0075527442420633,1.0078163978840418,1.0061749834629943,0.9953196719523666,0.9936006434579184,0.9931975014648788,1.0027434736434515,1.001482489170649,1.000022282318182,0.047142857142856896,0.0735714999999999,0.017999966666666603,0.04904314285714305,0.048197357142857174,0.0179542666666667,219703.0,80630.57142857143,-6287.6
2011-02-07,24.27,24.280001,24.1,24.24,14.347631,4837196.0,1.0004120725175112,0.9929954676555419,0.9987639060568603,0.19000000000000128,0.029596999999998985,-2865719.0,1.007310346442951,1.0077532676118428,1.0057048023334185,0.9957650690014429,0.9948281814900868,0.9929924827522297,1.00335015688796,1.0027518055088667,0.9995825579797982,0.08000014285714283,0.08000000000000007,0.028333333333333263,0.05580842857142849,0.06468628571428565,0.010654233333333351,-214151.14285714287,-231376.0,-42014.03333333333
2011-02-08,24.379999,24.5,24.379999,24.42,14.454169,5663544.0,1.0049221084873712,1.0,1.001640730173943,0.10999900000000196,0.10653800000000047,826348.0,1.0064329576858275,1.0070687400391198,1.0058407787829273,0.9958866495485552,0.9949223761525671,0.9932031865027564,1.0027942794356053,1.0021154683391875,0.9997777195573059,0.12571414285714308,0.11642850000000012,0.02166663333333337,0.06679985714285712,0.06045792857142856,0.015586633333333329,-755420.7142857143,41447.07142857143,51870.833333333336
2011-02-09,24.85,25.08,24.809999,24.92,14.750119,14562466.0,1.009255533199195,0.9983903018108652,1.0028169014084507,0.4700009999999999,0.2959499999999995,8898922.0,1.0058593903472983,1.0069547999838127,1.0057269992589366,0.9959013171646846,0.9953964384835313,0.9932480645248304,1.001300907555541,1.0016966390272184,0.9998293879488488,0.21285700000000013,0.12928564285714295,0.039000000000000055,0.10569628571428577,0.07102764285714283,0.023873166666666633,689169.1428571428,566192.8571428572,332995.6
2011-02-10,25.030001,25.120001,24.879999,25.1,14.856662,7678568.0,1.0035956850341317,0.9940071117056688,1.00279660396338,0.1800009999999972,0.10654300000000028,-6883898.0,1.0052839328007366,1.0071500020640887,1.0058046955036595,0.9952872245022327,0.9956154876926321,0.9934277254312963,1.0013373861791064,1.0022661764359178,0.9999226080809615,0.2028571428571426,0.13214292857142848,0.04366673333333324,0.12091671428571438,0.08624828571428582,0.027227366666666697,124389.28571428571,183240.64285714287,7438.966666666666
2011-02-11,25.01,25.08,24.91,24.91,14.744198999999998,5239281.0,1.0027988804478207,0.9960015993602559,0.9960015993602559,-0.02000099999999705,-0.11246300000000176,-2439287.0,1.005325435549852,1.0066448270320927,1.0056720028180217,0.9960299219263687,0.9956364419212823,0.9934356883478247,1.0017814751464817,1.0018886052029514,0.9996057122404276,0.1557142857142857,0.12214292857142871,0.04700000000000001,0.09808585714285682,0.06679978571428562,0.02328126666666659,-231818.14285714287,-273574.14285714284,67534.1
2011-02-14,25.02,25.719999,24.99,25.65,15.182204,11642700.0,1.0279775779376499,0.9988009592326139,1.025179856115108,0.00999999999999801,0.4380050000000022,6403419.0,1.008121746153169,1.0075443243573095,1.0064639445920607,0.9964588585046268,0.9957339463353335,0.9934801113172778,1.0045382492740758,1.0028935155603798,1.0004731715780986,0.17428585714285713,0.11571428571428578,0.04399996666666664,0.1445921428571429,0.08413400000000008,0.038867966666666656,647020.8571428572,340182.71428571426,304352.0333333333
2011-02-15,25.65,25.959999,25.370001,25.48,15.081582999999998,8891576.0,1.012085730994152,0.9890838596491228,0.9933723196881092,0.629999999999999,-0.10062100000000207,-2751124.0,1.0087210840882617,1.0081369141651624,1.0067962420351861,0.995611328487724,0.9954655002200453,0.9934972743902122,1.002938845252301,1.0028411594478763,1.0006332833189993,0.22428571428571434,0.13571428571428562,0.06766663333333334,0.10907842857142823,0.07906078571428564,0.042024766666666595,169808.7142857143,194755.85714285713,202251.96666666667
2011-02-16,25.35,25.780001,25.33,25.709999,15.217720000000002,6974653.0,1.016962564102564,0.9992110453648914,1.014201143984221,-0.29999999999999716,0.13613700000000328,-1916923.0,1.0110854400289835,1.009197893235967,1.0072908880118205,0.9964992681604884,0.9961321685809655,0.9940513014754959,1.0051441649562098,1.0042471609220847,1.001488817575607,0.15428571428571455,0.11714292857142869,0.06000003333333339,0.12429842857142884,0.09005342857142866,0.047943800000000064,305351.0,45599.92857142857,120085.4
2011-02-17,25.84,25.84,25.49,25.65,15.182204,6350733.0,1.0,0.9864551083591331,0.9926470588235293,0.48999999999999844,-0.03551600000000121,-623920.0,1.0103822816736447,1.0084076196797362,1.0070468455092059,0.9945642836403644,0.9952254665944598,0.9939156233611887,1.0038593547632935,1.0033268170994494,1.001301139866168,0.2085715714285712,0.16714285714285712,0.08733336666666662,0.10400500000000003,0.08540242857142857,0.048732933333333325,98169.85714285714,-328625.4285714286,4186.466666666666
2011-02-18,25.1,25.25,24.780001,24.889999,14.732362,12598339.0,1.0059760956175299,0.9872510358565736,0.9916334262948207,-0.7399999999999984,-0.4498420000000003,6247606.0,1.0099137905905498,1.007886590468924,1.0070876613674433,0.9929729599326084,0.9944371385486465,0.9938218313958607,1.0022617154613462,1.0017813115084437,1.0011086471645485,0.03571428571428571,0.12428564285714293,0.0650000000000001,-0.0025367142857142255,0.05157978571428577,0.03551396666666668,-280589.5714285714,204289.7857142857,168806.73333333334
2011-02-21,24.799999,25.059999,24.559999,24.65,14.590307,11476933.0,1.0104838713904787,0.9903225802549428,0.9939516529819215,-0.30000100000000174,-0.14205500000000093,-1121406.0,1.010897817212885,1.0080908750068107,1.0073500142775944,0.9924465982967904,0.9938669113995117,0.9937460538843298,1.0009981510354236,1.001167768607265,1.0009651061572995,-0.03285742857142842,0.08499985714285709,0.06133333333333333,-0.038050714285714396,0.04143299999999999,0.03413286666666663,542623.5714285715,333506.4285714286,209140.73333333334
2011-02-22,24.549999,24.58,24.23,24.360001,14.418658,11322008.0,1.0012220367096551,0.9869654169843347,0.9922607736155101,-0.25,-0.1716489999999986,-154925.0,1.0106725538217185,1.0079989946857852,1.0073034887996788,0.9911557151002304,0.9935928185132995,0.9935151730775832,1.0004637473576028,1.0011226112520422,1.0006489600422146,-0.06571442857142884,0.04499992857142843,0.05433329999999993,-0.04650585714285681,0.02579000000000001,0.027621966666666668,868961.0,318571.4285714286,248390.63333333333
2011-02-23,24.299999,24.450001,24.18,24.209999,14.329875,11683010.0,1.0061729220647293,0.9950617693441057,0.9962962961438805,-0.25,-0.08878300000000117,361002.0,1.00755760298273,1.0078396745679494,1.0072610414507779,0.9906215451161577,0.9935402018103924,0.9933943688640132,0.9963375245045702,1.000437886889323,1.0005255032470106,-0.10285728571428569,0.03571428571428571,0.048999966666666714,-0.12176128571428586,0.01141542857142852,0.027227433333333374,5758.571428571428,326389.71428571426,195188.76666666666
2011-02-24,24.25,24.299999,24.040001,24.08,14.252926,6725009.0,1.0020618144329896,0.9913402474226805,0.9929896907216494,-0.04999899999999968,-0.07694899999999905,-4958001.0,1.0061256149025637,1.0074233494954128,1.0072861004762736,0.990943886226666,0.993277607357195,0.9937170641565596,0.9962828632236473,0.9996108542379742,1.000553836460294,-0.1999999999999998,0.012142857142857264,0.04500000000000005,-0.11837957142857114,-0.004650571428571456,0.02683273333333336,-309509.5714285714,-69850.42857142857,-22483.533333333333
2011-02-25,24.049999,24.34,24.02,24.23,14.34171,9663924.0,1.0120582541396363,0.998752640280775,1.0074844493756527,-0.20000100000000032,0.08878400000000042,2938915.0,1.0054249991935742,1.0082552196112788,1.0075572093110197,0.9908783997860778,0.9936888339732831,0.9937481719362342,0.9953233354224233,1.0002337501893166,1.0007597085698794,-0.1857144285714288,-0.015714357142857134,0.0373333,-0.12514428571428585,-0.0004229285714284968,0.025057033333333343,384181.5714285714,344766.28571428574,70383.46666666666
2011-02-28,24.299999,24.370001,24.040001,24.129999,14.282518,3778518.0,1.0028807408592897,0.9893004933868516,0.993004114938441,0.25,-0.059192000000001244,-5885406.0,1.005836533602044,1.0081094076378443,1.0076098486103762,0.9912848833614663,0.9929245835009154,0.9934782881693072,0.9953743434388393,0.9996168491010664,1.0005265124011606,-0.2200001428571429,-0.005714285714285846,0.041666666666666664,-0.12852657142857155,-0.012260785714285762,0.021308233333333308,-367459.28571428574,-134644.7142857143,-93185.63333333333
2011-03-01,24.299999,24.309999,24.01,24.02,14.217409,6372244.0,1.00041152265068,0.9880658842825467,0.9884774069332266,0.0,-0.06510899999999964,2593726.0,1.0050415946067799,1.0074776925986648,1.0075803694877892,0.9914012902794624,0.9921871251060354,0.9938868198052192,0.9949234835300401,0.9985925994956932,1.0007759767215412,-0.1142858571428574,-0.039285785714285835,0.038333300000000035,-0.07356471428571432,-0.03805071428571427,0.025846199999999975,-889442.1428571428,-585015.8571428572,-56807.2
2011-03-02,23.860001,23.92,23.67,23.860001,14.122704999999998,8025096.0,1.0025146268853886,0.9920368402331584,1.0,-0.4399979999999992,-0.0947040000000019,1652852.0,1.0039031311060527,1.0074004741594689,1.0071806739004523,0.9916461845620647,0.9920463914294275,0.993665338655482,0.9957875331040515,0.9983928420697376,1.0004243283698928,-0.13428542857142847,-0.08357142857142844,0.03700003333333335,-0.06680028571428588,-0.05242550000000014,0.01716489999999992,-493119.5714285714,24752.0,98060.36666666667
2011-03-03,23.75,23.82,23.58,23.6,13.968812,13365194.0,1.0029473684210526,0.9928421052631579,0.9936842105263158,-0.11000100000000046,-0.15389299999999828,5340098.0,1.0041496070648237,1.0074110804432712,1.0069172297153708,0.9924857114590394,0.9918207132796348,0.9937016278583416,0.9959908812341666,0.9982273142958846,0.9999244516615693,-0.11428557142857139,-0.09000000000000011,0.02366663333333333,-0.06426371428571441,-0.05538478571428561,0.007102666666666657,291883.71428571426,580422.3571428572,224314.26666666666
2011-03-04,23.73,23.77,23.67,23.74,14.051682,11837099.0,1.001685630004214,0.9974715549936789,1.0004214075010534,-0.019999999999999574,0.08286999999999978,-1528095.0,1.003508565341893,1.0055330841623114,1.0069446555185024,0.9928299665518355,0.9917257558339967,0.9939193322655223,0.9965801828566198,0.9964588536805951,1.0001110625702183,-0.08142842857142847,-0.09214285714285708,0.018333333333333358,-0.03974185714285713,-0.08075157142857149,0.01341653333333337,22012.714285714286,13885.642857142857,224130.0
2011-03-07,23.65,23.709999,23.459999,23.49,13.903702,4671060.0,1.002536955602537,0.9919661310782242,0.9932346723044397,-0.08000000000000185,-0.14798000000000044,-7166039.0,1.0035764426518283,1.0048510287771961,1.0067001763420615,0.9929193785026277,0.9919316323646468,0.9937945952961582,0.9966151802255899,0.9964490217246187,0.9998426317596399,-0.08571428571428592,-0.14285714285714285,0.011666699999999964,-0.04988914285714304,-0.0841343571428571,0.0031566666666666523,-293421.28571428574,-301465.4285714286,-146608.63333333333
2011-03-08,23.42,23.9,23.35,23.77,14.069437,6296612.0,1.0204953031596924,0.9970111016225448,1.0149444918872756,-0.22999999999999687,0.16573500000000152,1625552.0,1.0047817353689792,1.0051033672812768,1.0068705326012308,0.9926705872657375,0.9917744935259077,0.993780435435713,0.9976809005843931,0.9965021180034084,0.9999704111188454,-0.08999985714285685,-0.13785714285714284,0.0006666666666667708,-0.038896142857142886,-0.08202021428571436,0.0021703000000000473,-481044.5714285714,-48431.5,-19451.0
2011-03-09,23.93,23.98,23.65,23.77,14.069437,8879191.0,1.002089427496866,0.9882992060175512,0.9933138320100292,0.509999999999998,0.0,2582579.0,1.0046686906029187,1.0052526121024814,1.006813864394986,0.9925275462129803,0.9919062147872234,0.9936290054608594,0.9977251458803343,0.996549744659587,0.9999440286770744,-0.052856999999999994,-0.13642857142857143,0.005999999999999991,-0.03044014285714271,-0.07948335714285713,0.0031568333333333717,728667.5714285715,180604.14285714287,90473.23333333334
2011-03-10,23.799999,23.85,23.34,23.6,13.968812,9109834.0,1.0021008824412136,0.980672310112282,0.9915966803191884,-0.13000100000000003,-0.10062500000000085,230643.0,1.004910027715852,1.0049758111613158,1.0068135985726496,0.9914713213315139,0.9914363058054881,0.9933221595208687,0.9981707563640433,0.9965471199470416,0.999846680576204,-0.07142857142857142,-0.0928572142857144,0.0029999999999999953,-0.035513857142857166,-0.05453928571428574,0.00039466666666664686,391084.28571428574,-249178.92857142858,92452.66666666667
2011-03-11,23.299999,23.370001,23.0,23.17,13.714298,9716445.0,1.0030043778113467,0.987124505885172,0.9944206435373668,-0.5,-0.25451400000000035,606611.0,1.004979992133846,1.0044415616199494,1.0065449501734536,0.9907695592818015,0.991207871921933,0.992921345178034,0.9973737054408097,0.9965806192724307,0.9994763062827687,-0.08000028571428583,-0.10714285714285714,-0.006666700000000011,-0.05834385714285695,-0.06257207142857142,-0.009075733333333365,241621.2857142857,-125749.14285714286,-41168.13333333333
2011-03-15,22.959999,22.98,22.15,22.629999,13.394672,9998429.0,1.0008711237313208,0.9647212963728787,0.9856271770743544,-0.33999999999999986,-0.3196259999999995,281984.0,1.0046833857495987,1.004416496407211,1.0061316374788676,0.9867523008689046,0.9896190061639719,0.9918024674405311,0.9962227006619582,0.9961067909480624,0.9985548620329505,-0.11285728571428574,-0.11357142857142856,-0.013333400000000021,-0.08201999999999998,-0.07314185714285719,-0.02051909999999998,-480966.4285714286,-94541.35714285714,8671.566666666668
2011-03-16,22.459999,22.860001,22.4,22.620001,13.388751999999998,11207305.0,1.0178095288428108,0.9973286285542576,1.0071238649654437,-0.5,-0.00592000000000148,1208876.0,1.0069867998693982,1.0052476826056456,1.006471158844959,0.9867318828061301,0.9897809246789827,0.9917698963809121,0.9971801945854427,0.9968801887210311,0.9987076157451846,-0.18142871428571436,-0.13142857142857142,-0.038333400000000024,-0.09470428571428588,-0.06722307142857151,-0.020716433333333364,-89970.57142857143,-33978.92857142857,146648.73333333334
2011-03-17,22.450001,22.639999,22.200001,22.450001,13.288129,14957629.0,1.0084631622065405,0.9888641430350048,1.0,-0.009997999999999507,-0.1006229999999988,3750324.0,1.0078334008128274,1.0057049217323277,1.00666965221171,0.9862887416570988,0.9896040600798631,0.9917052772357021,0.9981466699705227,0.9973809250980562,0.9989445165255637,-0.17142842857142832,-0.1285713571428571,-0.048999966666666714,-0.08793899999999992,-0.06891407142857149,-0.025648966666666696,1469509.857142857,588044.2857142857,269854.0333333333
2011-03-18,22.66,22.75,22.25,22.700001,13.436104,13459873.0,1.0039717563989408,0.9819064430714917,1.0017652691968226,0.20999899999999982,0.14797500000000063,-1497756.0,1.0054728941327198,1.0051273147508495,1.0065219306345272,0.9841309332926624,0.9884007602792,0.9912422118985915,0.9962639238718864,0.9969724122281399,0.9988072775913928,-0.10857142857142879,-0.09928564285714282,-0.03799996666666665,-0.09047614285714291,-0.0646861428571429,-0.024465166666666663,1023323.0,271139.21428571426,211543.96666666667
2011-03-21,22.85,23.120001,22.6,23.040001,13.637349,9081049.0,1.011816236323851,0.9890590809628009,1.0083151422319474,0.19000000000000128,0.20124500000000012,-4378824.0,1.0068624382508606,1.0057655644268897,1.0066527929970386,0.9842394868562696,0.988383516534625,0.9910436289384369,0.9984069681893033,0.9980660570348189,0.99893217740444,-0.15428571428571405,-0.10357135714285702,-0.0409999999999999,-0.06172685714285718,-0.046083499999999944,-0.022689500000000015,28836.85714285714,378752.21428571426,45937.8
2011-03-22,23.299999,23.379999,23.01,23.040001,13.637349,9031027.0,1.0034334765422093,0.9875536904529482,0.9888412870747334,0.44999899999999826,0.0,-50022.0,1.007052808836717,1.0059814182762847,1.0067535064645285,0.9852225411906506,0.9883469312610823,0.9908622363650171,0.9980133405829525,0.998092048473498,0.998601423438369,-0.07142857142857142,-0.07142857142857142,-0.03233336666666666,-0.04735185714285706,-0.04143285714285711,-0.023676066666666648,-11258.142857142857,189913.07142857142,139794.36666666667
2011-03-23,23.23,23.33,23.0,23.08,13.661029,6449805.0,1.0043047783039172,0.9900990099009901,0.9935428325441239,-0.06999899999999926,0.023679999999998813,-2581222.0,1.0072385803356558,1.006109286234751,1.0067329287917466,0.9856474703357675,0.9882085148087845,0.9905322033617168,0.9978879390124894,0.9976308222266496,0.998331493517375,-0.009999857142857036,-0.04500007142857143,-0.038333300000000035,-0.007609857142857176,-0.032976857142857065,-0.026438000000000034,-466662.85714285716,-112520.78571428571,26208.7
2011-03-24,23.200001,23.290001,23.09,23.290001,13.785324,6851481.0,1.003879310177616,0.9952585777905785,1.003879310177616,-0.02999900000000011,0.12429500000000004,401676.0,1.0076683212565551,1.006175853503077,1.006553721357694,0.9900099391097246,0.9883811199893147,0.9904278125610406,1.0004953865986697,0.9983590436303139,0.9983669071430139,0.03428600000000007,-0.03928564285714283,-0.054999966666666705,0.05580742857142847,-0.013106285714285753,-0.03215983333333335,-449564.0,-465265.21428571426,-257032.83333333334
2011-03-25,23.469999,23.540001,23.25,23.370001,13.832675,13979994.0,1.0029826162327489,0.9906263736952012,0.9957393266186333,0.26999800000000107,0.04735100000000081,7128513.0,1.005550190883689,1.0062684953765435,1.0065332857309814,0.9890524741298592,0.9878921784679946,0.9903151212940249,0.9988690239776966,0.9980246092815696,0.9981316645648557,0.14428571428571452,-0.018571499999999932,-0.052000066666666574,0.06341757142857166,-0.015643357142857108,-0.0341329,396098.4285714286,153063.92857142858,210047.53333333333
2011-03-28,23.25,23.540001,23.25,23.440001,13.874115,4067906.0,1.0124731612903226,1.0,1.0081720860215053,-0.2199990000000014,0.0414399999999997,-9912088.0,1.006123047895658,1.0069782243542427,1.0068557617590648,0.9906433108391443,0.9884660262481216,0.9904484013153497,1.0000364648379116,0.9990915674042171,0.9985373474535639,0.11428557142857139,-0.02857142857142847,-0.05866666666666672,0.08371228571428573,-0.0021133571428570974,-0.02900279999999995,-1555674.7142857143,-43082.42857142857,-39045.833333333336
2011-03-29,23.43,23.59,23.34,23.51,13.915542000000002,8290819.0,1.0068288518992745,0.9961587708066582,1.0034144259496374,0.17999999999999972,0.04142700000000232,4222913.0,1.0065312043957058,1.0060020492642126,1.0061508042244522,0.9926793576584539,0.9884051454755581,0.9903603283678178,1.0002720586597424,0.9982679912658144,0.997811833114715,0.10999999999999995,0.0007142857142855721,-0.053,0.06849114285714311,-0.010992499999999896,-0.04222206666666661,-738436.2857142857,142443.35714285713,-111729.36666666667
2011-03-30,23.65,24.0,23.58,23.879999,14.134544,9839139.0,1.0147991543340382,0.9970401691331924,1.00972511627907,0.21999999999999886,0.21900199999999792,1548320.0,1.006957335540018,1.0069098868954394,1.0062412516691153,0.993819513111367,0.9890294999838183,0.9906255386839535,1.000473483523617,0.9994402258564602,0.9983569263344136,0.11428571428571388,-0.02000000000000008,-0.06666666666666667,0.07102785714285709,0.004650499999999954,-0.031567966666666614,108298.57142857143,68567.71428571429,31585.433333333334
2011-03-31,23.92,23.940001,23.65,23.809999,14.093108,8151996.0,1.0008361622073578,0.9887123745819397,0.9954012959866221,0.2700000000000031,-0.04143599999999914,-1687143.0,1.0065862906350393,1.0068195497358783,1.005703704939275,0.9939850394155086,0.9896037903030797,0.9902755829911885,1.0014106276538868,0.9997119841184198,0.9977302647344938,0.08857157142857172,0.008571500000000145,-0.047666666666666656,0.06510842857142864,0.008878285714285792,-0.037487066666666694,-125575.85714285714,-68417.0,39244.76666666667
2011-04-01,23.92,24.02,23.799999,23.870001,14.128625,5116257.0,1.0041806020066888,0.994983235785953,0.9979097408026755,0.0,0.03551699999999869,-3035739.0,1.0065685511640068,1.006903565749831,1.005843058339498,0.9946827859705033,0.9901651281531354,0.9905598539054158,1.0020344716908227,0.9999612053516561,0.9979056874671319,0.09857142857142875,0.04428578571428586,-0.06399999999999993,0.06679942857142862,0.029594785714285723,-0.035119300000000034,-190506.85714285713,-328584.85714285716,-41149.2
2011-04-04,24.0,24.120001,23.75,23.860001,14.122704999999998,4496270.0,1.0050000416666667,0.9895833333333334,0.9941667083333333,0.0799999999999983,-0.00592000000000148,-619987.0,1.0067286556624426,1.0071984884594989,1.0058105232078023,0.9938720367623254,0.991940987936025,0.9906375971546413,1.0006469571416396,1.0005711718701547,0.997990130201749,0.11428557142857139,0.07428578571428572,-0.036666666666666715,0.04819728571428555,0.05200235714285701,-0.02032190000000007,-336458.71428571426,-393011.35714285716,-270068.9666666667
2011-04-05,23.940001,23.940001,23.809999,23.940001,14.170059,5189113.0,1.0,0.9945696744122944,1.0,-0.059999000000001246,0.04735400000000212,692843.0,1.0063025676291928,1.0059263792564408,1.0054610608281198,0.9944353654361959,0.9917439197830274,0.9907791669598862,1.001255624767549,1.000062324372623,0.9981917417690183,0.06714314285714248,0.1057144285714285,-0.02866660000000003,0.0481977142857143,0.05580764285714298,-0.014008266666666635,-1255840.142857143,-429870.85714285716,-209594.0
2011-04-06,23.950001,23.959999,23.83,23.93,14.164139000000002,6941165.0,1.0004174530097096,0.9949895200421911,0.999164885212322,0.010000000000001563,-0.005919999999997927,1752052.0,1.004580323589105,1.0053516857423814,1.005434241371455,0.9937195825850803,0.9921814467121123,0.9910466370618146,0.9999688817948086,1.00000267331636,0.9984218788222453,0.1000001428571429,0.10714285714285714,-0.019999933333333313,0.04143200000000036,0.06257214285714305,-0.008483966666666613,410465.5714285714,-572604.5714285715,-146028.1
2011-04-07,24.030001,24.16,23.969999,24.1,14.264762,6839834.0,1.0054098624465309,0.9975030379732404,1.0029129836490644,0.0799999999999983,0.10062299999999702,-101331.0,1.0043776108101417,1.0054544076029237,1.0054088060508484,0.9939116207517349,0.9932954892050944,0.9911280126827859,0.9998972471804412,1.0000846529200917,0.9986424350724181,0.08571442857142841,0.09785721428571417,-0.00899993333333337,0.049888571428571026,0.05918985714285707,-0.00217043333333334,-207283.57142857142,-472859.9285714286,-161439.2
2011-04-08,24.16,24.16,24.01,24.15,14.294357000000002,6374254.0,1.0,0.9937913907284769,0.9995860927152317,0.12999900000000153,0.02959500000000226,-465580.0,1.0022634459052793,1.0046103907226487,1.005340078903082,0.9934475095510613,0.993633511331214,0.9912097174596457,0.9984488152427498,0.9994611493831834,0.9988623151388708,0.07285714285714308,0.09357142857142849,-0.0029999999999999953,0.02283042857142879,0.04692914285714294,0.0013810333333333703,-494983.5714285714,-193342.5,-11691.833333333334
2011-04-11,24.15,24.309999,24.059999,24.290001,14.377223999999998,12003599.0,1.0066252173913044,0.9962732505175984,1.0057971428571428,-0.010000000000001563,0.0828669999999967,5629345.0,1.0030904537887,1.00483837221187,1.0051589776781378,0.9945276346847267,0.9942563370501176,0.9911270711342066,0.9999339362242529,1.0006722819390699,0.9988060715882539,0.03285714285714241,0.06071435714285706,0.00333336666666663,0.040587999999999624,0.05284821428571413,0.0011837999999999127,550229.0,212326.57142857142,77989.16666666667
2011-04-12,24.25,24.49,24.040001,24.110001,14.270681,7465608.0,1.0098969072164947,0.9913402474226805,0.9942268453608247,0.10000000000000142,-0.1065429999999985,-4537991.0,1.0039070688186722,1.0052378099913395,1.0053928498900444,0.9940072077756879,0.9943449968730956,0.9911950629354008,0.9994078083039886,1.0007211399974056,0.998846829269,0.047142857142856896,0.07285714285714283,-0.0016666333333333228,0.02029371428571431,0.04354657142857147,-0.0003945666666666625,335621.5714285714,72557.35714285714,122903.0
2011-04-13,24.049999,24.32,24.040001,24.32,14.394978,7005008.0,1.0112266532734575,0.9995842827269972,1.0112266532734575,-0.20000100000000032,0.12429700000000032,-460600.0,1.0047965847624996,1.005762620212471,1.005753354244137,0.9954359148319255,0.9946539757971254,0.9915790095502159,1.0018449432954348,1.0012459502185371,0.999605137480341,0.00714271428571424,0.060714142857142814,-0.008333333333333333,0.03889614285714314,0.04354671428571434,0.005918966666666669,358391.14285714284,10966.214285714286,21092.133333333335
2011-04-14,24.299999,24.360001,23.950001,24.01,14.211493,8578596.0,1.00246921820861,0.9855967895307322,0.9880658842825467,0.25,-0.18348499999999923,1573588.0,1.0051493302208725,1.0057259489250325,1.0057518406215777,0.9941540741345596,0.9942947197853778,0.9913643411934684,1.0001400696215128,1.000697847194531,0.9992073336230926,0.05142828571428585,0.059285714285714164,0.014666599999999974,0.005919142857142948,0.027058428571428626,0.0029596000000000917,484211.85714285716,-385814.14285714284,18450.0
2011-04-15,24.030001,24.16,23.610001,23.610001,13.974732,8706635.0,1.0054098624465309,0.9825218484177343,0.9825218484177343,-0.26999800000000107,-0.23676100000000133,128039.0,1.0058625315689897,1.0052214275790474,1.0058339237557603,0.9923729781882086,0.9930462803866444,0.9910203326319543,0.9977624929365717,0.9988656873656901,0.9988352548861399,0.011428571428571186,0.055714357142857045,0.00933336666666662,-0.027058142857143253,0.0071869285714285525,0.00019733333333332343,252210.0,331337.78571428574,-155285.3
2011-04-18,23.75,23.83,23.57,23.73,14.045761,6733054.0,1.0033684210526315,0.992421052631579,0.9991578947368421,-0.2800009999999986,0.07102900000000112,-1973581.0,1.005570897084147,1.0049742539471445,1.0058900167907077,0.9916469802822568,0.9927793005169959,0.9908519825532175,0.9972260516633973,0.998561649421919,0.9987931377939995,-0.04000014285714266,0.022857142857142878,0.0006666666666666524,-0.031285857142856956,0.009301357142857038,-0.00019736666666663182,-15254.285714285714,-111268.92857142857,-170134.83333333334
2011-04-19,23.540001,23.690001,23.389999,23.4,13.85043,7225074.0,1.006372132269663,0.9936277827685733,0.9940526340674326,-0.20999899999999982,-0.19533100000000125,492020.0,1.0064812016940987,1.0043723237996889,1.0060178560129451,0.9916236077165564,0.9925355586338088,0.9909073709428958,0.9964355575708544,0.9974421864068022,0.9988204031860993,-0.08857128571428571,-0.007857071428571314,-0.00366663333333328,-0.06341814285714317,-0.02029385714285719,-0.0017757333333333254,121545.71428571429,-186718.92857142858,85133.8
2011-04-20,23.59,23.870001,23.57,23.84,14.110867,6256307.0,1.0118694785926239,0.9991521831284442,1.0105977108944468,0.04999899999999968,0.26043700000000136,-968767.0,1.007230381865716,1.005160417827208,1.0057303285273762,0.9920348838038201,0.9932812592442735,0.9909787403264259,0.997121353004755,0.9985276446145039,0.9986755104863382,-0.07999999999999982,-0.023571428571428705,0.0056666666666666055,-0.03805099999999965,0.00126849999999999,0.0013810000000000027,-821041.7142857143,-135406.35714285713,-1343.5
2011-04-21,24.200001,24.200001,23.98,24.110001,14.270681,5671705.0,1.0,0.990909049962436,0.9962809918892153,0.6100010000000005,0.159813999999999,-584602.0,1.0058165379776451,1.004861803398159,1.0056606809441473,0.9919732841666422,0.9929902459711651,0.9910657351245887,0.9974148025088108,0.9984113054063997,0.9987744158156444,-0.00714271428571424,0.02000007142857133,0.009000033333333353,0.0,0.010146857142857155,0.006708133333333303,-256271.85714285713,39674.857142857145,-106916.2
2011-04-27,24.299999,24.32,23.940001,24.059999,14.241085,5548389.0,1.000823086453625,0.9851852668800521,0.9901234563836814,0.09999799999999937,-0.029595999999999734,-123316.0,1.0043303141462405,1.00456344945437,1.005618087744561,0.989916281902793,0.9926760983673593,0.9912161670168477,0.9944000600959856,0.9981225016957102,0.9987253083511276,0.03571428571428571,0.02142849999999998,0.016666666666666666,-0.021984714285714295,0.008455714285714424,0.009075766666666674,-208088.42857142858,75151.35714285714,-118714.83333333333
2011-04-28,24.24,24.379999,24.120001,24.32,14.394978,8942207.0,1.0057755363036305,0.9950495462046205,1.0033003300330035,-0.059999000000001246,0.15389300000000006,3393818.0,1.0048026453026722,1.0049759877617723,1.0057104596943038,0.9912666757133485,0.992710374923954,0.991480335027496,0.996576409488908,0.9983582395552105,0.9990212979009822,-0.008571285714285892,0.02142849999999998,0.031333366666666626,0.026212142857142746,0.016065642857142848,0.022689333333333353,51944.42857142857,268078.14285714284,-25807.933333333334
2011-04-29,24.35,24.49,24.01,24.23,14.34171,11219981.0,1.0057494866529773,0.9860369609856263,0.9950718685831622,0.11000000000000298,-0.053267999999999205,2277774.0,1.00485116304645,1.00535684730772,1.0058730717916924,0.9917688346516187,0.9920709064199137,0.9921908571812543,0.9983692695125406,0.9980658812245562,0.9993361209512757,0.04571414285714326,0.02857135714285722,0.04633336666666672,0.05242542857142877,0.012683642857142756,0.03156793333333337,359049.4285714286,305629.71428571426,40718.4
2011-05-02,24.280001,24.34,23.92,24.299999,14.383146,6892413.0,1.0024711283990475,0.9851729413025972,1.0008236408227495,-0.06999900000000281,0.04143599999999914,-4327568.0,1.0047229783816525,1.0051469377328996,1.0053617917769002,0.99073339017605,0.9911901852291535,0.991785667606199,0.9986072332390987,0.997916642451248,0.9991261134798525,0.07571442857142838,0.017857142857142856,0.06066673333333329,0.048197857142857056,0.00845600000000005,0.03314646666666672,22765.571428571428,3755.6428571428573,-143829.73333333334
2011-05-03,23.91,24.059999,23.799999,23.799999,14.087191,14001076.0,1.0062734838979508,0.9953993726474278,0.9953993726474278,-0.37000099999999847,-0.2959549999999993,7108663.0,1.0047088857571222,1.0055950437256105,1.0052888024999473,0.9909864744444578,0.9913050410805072,0.9920035085932797,0.9987996244648123,0.9976175910178334,0.9989727592347669,0.052856999999999994,-0.017857142857142856,0.04866663333333333,0.03382300000000019,-0.01479757142857149,0.026635400000000035,968000.2857142857,544773.0,-31885.1
2011-05-04,23.75,23.799999,23.290001,23.450001,13.88003,9570817.0,1.0021052210526316,0.9806316210526316,0.9873684631578947,-0.16000000000000014,-0.20716100000000104,-4430259.0,1.0033139918228375,1.0052721868442767,1.0052265846550703,0.9883406798621988,0.9901877818330095,0.9919610145259843,0.9954811605024477,0.9963012567536014,0.998492865700136,0.022857142857142878,-0.02857142857142847,0.03633333333333333,-0.032976714285714435,-0.03551385714285704,0.014797533333333312,473501.4285714286,-173770.14285714287,-129635.2
2011-05-05,23.360001,23.639999,23.16,23.59,13.962895,6787025.0,1.011986215240316,0.9914383137226749,1.0098458471812566,-0.38999899999999954,0.08286499999999997,-2783792.0,1.0050263082857398,1.0054214231316927,1.0052322506189524,0.9884162889708045,0.9901947865687234,0.9920403222846467,0.9974189969727395,0.997416899740775,0.9985438891984462,-0.11999999999999998,-0.06357135714285711,0.0170000333333333,-0.04396942857142859,-0.021984714285714295,0.010851533333333307,159331.42857142858,-48470.21428571428,-76467.46666666666
2011-05-06,23.48,23.889999,23.24,23.24,13.755732,15499597.0,1.0174616269165246,0.9897785349233389,0.9897785349233389,0.11999899999999997,-0.20716299999999954,8712572.0,1.0074032426375825,1.0058667783919117,1.0056998556314296,0.9890724701198453,0.9894943760113192,0.9921144837669931,0.9973697224784048,0.9958848912871952,0.9985751307933998,-0.11714271428571418,-0.040714214285714236,0.006000033333333358,-0.06933614285714285,-0.04566042857142857,0.00394609999999999,1421601.142857143,606756.3571428572,215619.0
2011-05-09,23.58,23.73,23.360001,23.389999,13.844512,9204941.0,1.0063613231552164,0.9906701017811705,0.9919422815945718,0.09999999999999787,0.08877999999999986,-6294656.0,1.0074869264735233,1.0061447858880979,1.005768407126473,0.9884468352022097,0.9898567554577792,0.9921335201629992,0.9957471441300575,0.9961617768094826,0.9985217790950813,-0.0942857142857143,-0.0514285000000001,0.011666666666666596,-0.07863800000000001,-0.026212928571428634,0.0061161000000000245,37533.42857142857,44738.92857142857,91837.86666666667
2011-05-10,23.48,23.549999,23.07,23.07,13.655105,10062179.0,1.0029812180579216,0.9825383304940375,0.9825383304940375,-0.09999999999999787,-0.18940699999999921,857238.0,1.0070914595313727,1.0059713112889113,1.0057384707224832,0.9879470308462684,0.9898579327489436,0.9917095119197811,0.9939566386887538,0.9961629541006471,0.9978104131056287,-0.12428571428571443,-0.039285785714285586,0.009333300000000004,-0.09808642857142859,-0.022830499999999913,-0.004340633333333285,-165400.2857142857,96824.57142857143,107023.26666666666
2011-05-11,23.370001,23.49,23.139999,23.17,13.714298,10999089.0,1.0051347451803703,0.9901582374771829,0.9914419772596502,-0.10999900000000196,0.05919299999999872,936910.0,1.0074719762144189,1.0060974772980356,1.0058102083540705,0.9886592160140664,0.9896963030950581,0.9916939073791806,0.9926164010368825,0.9956118171379906,0.997667168126996,-0.13000000000000003,-0.027142785714285824,-0.003333266666666764,-0.09554971428571436,-0.023675928571428657,-0.00394590000000002,586668.0,304716.78571428574,-99363.5
2011-05-12,22.370001,22.610001,22.24,22.379999,13.62299,13393107.0,1.0107286539683213,0.9941886010644344,1.0004469378432304,-1.0,-0.09130799999999972,2394018.0,1.0081084290816145,1.0064086574193685,1.005752058110004,0.9884862486450672,0.9897363615447625,0.9915001940813284,0.9933374817791402,0.9960685531219762,0.99740966318772,-0.21999985714285739,-0.0835714285714287,-0.02933330000000005,-0.0663144285714287,-0.01624571428571426,-0.008370833333333334,-86852.71428571429,440573.78571428574,310840.0333333333
2011-05-13,22.43,22.549999,22.190001,22.459999,13.671686,7677698.0,1.0053499331252786,0.9893000891662951,1.001337449843959,0.059999000000001246,0.04869599999999963,-5715409.0,1.0085719593777072,1.0059429756002722,1.0057027608175373,0.9897246012327334,0.989032640547466,0.9912715713599829,0.9953330513057205,0.9954071059040842,0.9973404306508641,-0.1885714285714286,-0.08285714285714287,-0.03333333333333333,-0.029763428571428614,-0.031370071428571525,-0.008128533333333425,-270445.5714285714,101527.92857142857,-20437.366666666665
2011-05-16,22.190001,22.370001,22.18,22.32,13.586468,5645129.0,1.0081117616894204,0.9995493015074673,1.0058584494881275,-0.23999900000000096,-0.08521799999999935,-2032569.0,1.0080184660132934,1.0065223871495166,1.0054798477293834,0.9908833137734181,0.9896498013721112,0.9913552091057921,0.994763423063845,0.9960912100182922,0.9972115417578328,-0.1671428571428574,-0.14357142857142868,-0.04866663333333333,-0.05377528571428566,-0.04887235714285713,-0.0182692,-163128.0,-1898.2857142857142,-139800.33333333334
2011-05-17,22.35,22.5,22.24,22.49,13.689948,5253981.0,1.006711409395973,0.9950782997762863,1.0062639821029082,0.15999900000000267,0.10347999999999935,-391148.0,1.0064827206532145,1.0069429816453985,1.0056756893023373,0.9916404230381248,0.990356446578985,0.9915674066122703,0.9971184869466406,0.9972441047125226,0.9975736312950423,-0.16142857142857128,-0.13928564285714273,-0.05233333333333334,-0.00939771428571439,-0.039366928571428615,-0.013438666666666717,-1463659.4285714286,-21029.14285714286,-96600.5
2011-05-18,22.469999,22.84,22.42,22.690001,13.811693,8724944.0,1.0164664448805716,0.9977748552636785,1.0097909216640373,0.11999899999999997,0.12174500000000066,3470963.0,1.0079263094711224,1.0077066179723229,1.0060852173981334,0.9926553878213402,0.990551111511775,0.9916604605948611,0.99966829267085,0.9977077184004537,0.9979696706570877,-0.15857157142857098,-0.12642864285714264,-0.048333366666666676,-0.004688428571428561,-0.04166321428571429,-0.010564399999999984,-68571.0,-15518.785714285714,120289.56666666667
2011-05-19,22.879999,23.09,22.709999,22.98,13.988217,9394029.0,1.0091783657857676,0.9925699297451892,1.004370673267949,0.41000000000000014,0.17652400000000057,669085.0,1.008811616289386,1.0079515379103794,1.0062244948687702,0.9940884734286477,0.991017752137458,0.9917600138085896,1.0027871987814088,0.9983719187350812,0.9983098028215749,-0.08571442857142841,-0.10500007142857141,-0.03733336666666662,0.04758742857142855,-0.02524950000000002,-0.00448293333333325,-95450.0,-130425.14285714286,163258.63333333333
2011-05-20,22.860001,22.9,22.700001,22.790001,13.872561,9234834.0,1.001749737456267,0.9930008751968121,0.9969378828986053,-0.01999800000000107,-0.11565600000000131,-159195.0,1.0083280437573714,1.007900009985895,1.0062828194506457,0.9944945645314519,0.9915768902727591,0.9917077205014068,1.0035723281584024,0.9980943645976426,0.9982077322515284,-0.07285714285714258,-0.1014285714285713,-0.03599999999999994,0.022608999999999973,-0.03647035714285719,-0.00991660000000003,-252036.42857142858,167315.7857142857,134857.36666666667
2011-05-23,22.51,22.540001,22.02,22.02,13.403853,15356018.0,1.0013327854286982,0.9782318969346956,0.9782318969346956,-0.3500009999999989,-0.46870799999999946,6121184.0,1.0069857768231396,1.0075471029523768,1.0063133305312786,0.9922150353700606,0.9903506420075638,0.9911491330644905,1.0003987508857546,0.9968681163324472,0.9975099659756075,0.019999857142857586,-0.0999999999999999,-0.04800003333333329,-0.0313052857142857,-0.0488098571428572,-0.025342866666666748,280415.85714285716,96781.57142857143,280495.1
2011-05-24,21.85,22.059999,21.700001,21.799999,13.269935,14086225.0,1.009610938215103,0.9931350572082379,0.9977116247139587,-0.6600000000000001,-0.13391799999999954,-1269793.0,1.0075944918359716,1.0080832256068393,1.006453366390231,0.992762887947481,0.9912437445901073,0.9910035337056569,0.9998807758671832,0.9976069135864519,0.9973365873444373,-0.08285714285714262,-0.13571428571428562,-0.0726666999999999,-0.05739299999999987,-0.04357821428571424,-0.033160899999999965,915503.8571428572,322529.14285714284,241546.36666666667
2011-05-25,21.700001,21.76,21.379999,21.700001,13.209066,16115674.0,1.0027649307481599,0.985253364734868,1.0,-0.1499990000000011,-0.060869000000000284,2029449.0,1.006830658844363,1.007424562428828,1.006545530748503,0.9907206112656811,0.9908019625195497,0.9907189328392033,0.9990438545117364,0.9969036387877906,0.9973503842539296,-0.06999999999999977,-0.11857142857142858,-0.08199996666666666,-0.05391457142857143,-0.053844928571428544,-0.036176366666666716,1495792.142857143,666332.0714285715,324714.0
2011-05-26,22.0,22.07,21.719999,22.07,13.434288,20632373.0,1.0031818181818182,0.9872726818181818,1.0031818181818182,0.2999989999999997,0.22522200000000048,4516699.0,1.0063264315280551,1.0064045760906348,1.0064307507748533,0.9896055229859518,0.9906229730120384,0.9904189138825561,0.998603545380152,0.9978610161633963,0.997263206764752,-0.050000000000000204,-0.10571428571428575,-0.07166666666666661,-0.03652285714285698,-0.022960285714285687,-0.03143119999999992,2196913.1428571427,366626.85714285716,287625.8
2011-05-27,21.950001,22.09,21.76,21.99,13.385591,13707952.0,1.006378086269791,0.9913439183897987,1.0018222778213084,-0.04999899999999968,-0.048697000000000656,-6924421.0,1.0048852374408006,1.0064057734559615,1.0063134567432968,0.9886868177182547,0.9906711027697975,0.9904190362481268,0.9974651676883336,0.9985667301795919,0.9975163878467683,-0.07428542857142872,-0.11642849999999985,-0.07666663333333332,-0.060871714285714314,-0.032780071428571436,-0.029502999999999998,711858.2857142857,321643.64285714284,208078.13333333333
2011-05-30,22.049999,22.1,21.76,21.969999,13.373417000000002,12855600.0,1.002267619150459,0.986848117317375,0.9963718819216274,0.09999799999999937,-0.01217399999999813,-852352.0,1.003897987921471,1.0063548021054285,1.00601482227253,0.9878694159428527,0.9909789446857502,0.9899944974011393,0.9963224832102877,0.9995548409958481,0.9970212288017072,-0.11857142857142884,-0.10214292857142862,-0.06666666666666667,-0.08782857142857127,-0.02012057142857136,-0.03405203333333328,494510.14285714284,199530.07142857142,195019.73333333334
2011-05-31,22.049999,22.24,22.030001,22.129999,13.470807999999998,11126050.0,1.0086168257876111,0.9990930611833587,1.0036281180783728,0.0,0.09739099999999645,-1729550.0,1.0048790005402344,1.0066035221488028,1.0062197425251633,0.988739728226645,0.9916171463790484,0.9904443731228935,0.9972782310931115,1.000425279625757,0.9975399699282348,-0.11571457142857154,-0.09428585714285706,-0.075,-0.057393285714285876,-0.01739214285714295,-0.02468950000000009,270173.71428571426,9068.642857142857,84915.13333333333
2011-06-01,22.07,22.15,21.809999,22.0,13.39168,10480122.0,1.0036248300860897,0.9882192569098324,0.9968282736746715,0.0200010000000006,-0.07912799999999898,-645928.0,1.0052064354912902,1.006096106157215,1.006160241446482,0.990166493937379,0.9911907646537197,0.9906342867392968,0.9999348563416796,1.000166803613717,0.9980168507701327,-0.06285714285714304,-0.021428642857142726,-0.06533336666666661,-0.0017390000000000936,-0.0165221428571429,-0.019435066666666678,-696556.5714285715,-208070.35714285713,59116.23333333333
2011-06-02,21.610001,21.65,21.35,21.440001,13.050799,11436398.0,1.0018509485492388,0.987968487368418,0.9921332719975348,-0.4599989999999998,-0.34088099999999955,956276.0,1.0040978655390238,1.0058461786874977,1.006109659029702,0.9894284125316904,0.9910956502395857,0.9904858678971915,0.9991379488107618,0.9995093623389725,0.9977826966788224,-0.03428557142857157,-0.05857135714285709,-0.07133329999999999,-0.031305142857142955,-0.04434907142857141,-0.03316540000000003,-378546.71428571426,268478.5714285714,156778.13333333333
2011-06-03,21.440001,21.66,21.290001,21.370001,13.008192,8629078.0,1.0102611469094616,0.9930037316696021,0.9967350747791476,-0.1700000000000017,-0.042607000000000284,-2807320.0,1.005168753562067,1.0059997062032149,1.0062392928510289,0.9905356078080809,0.9906281095368811,0.9904650661938923,0.9986715309220686,0.9988576927169025,0.9978721113692129,-0.037142857142857366,-0.05357142857142857,-0.07000000000000005,-0.02869628571428581,-0.04130542857142862,-0.0280746,-1069513.7142857143,213139.2142857143,46800.13333333333
2011-06-06,21.32,21.34,21.139999,21.25,12.935146,8283034.0,1.0009380863039399,0.9915571763602251,0.9967166979362101,-0.12000099999999847,-0.07304599999999972,-346044.0,1.004848220436656,1.0055873259823556,1.0058749131080726,0.9911476784569443,0.9903766007214481,0.9902118993016185,0.9977479423155532,0.9981757438478527,0.9974094109372716,-0.0971428571428571,-0.07357142857142865,-0.07566666666666665,-0.07130600000000012,-0.05391442857142855,-0.03919070000000004,-1764191.2857142857,216360.92857142858,67557.56666666667
2011-06-07,21.120001,21.49,21.059999,21.33,12.98384,8422073.0,1.0175188912159616,0.9971589963466385,1.0099431339989047,-0.19999900000000181,0.048694000000001125,139039.0,1.0064397640003946,1.0056625007205977,1.0064588761486049,0.99197840387935,0.9903326107988023,0.9904202308477585,0.9989080646266384,0.998186616157486,0.9978648156742614,-0.11857142857142884,-0.09642842857142878,-0.10266666666666673,-0.05739299999999987,-0.05913235714285709,-0.042894699999999966,-755125.5714285715,-21633.64285714286,91678.93333333333
2011-06-08,21.299999,21.34,21.07,21.34,12.98993,9447743.0,1.0018779813088254,0.9892019243756772,1.0018779813088254,0.1799980000000012,0.0060899999999985965,1025670.0,1.0063841014515897,1.0051410446865303,1.006494039310445,0.992314662030536,0.9900920389866944,0.9905541194309461,0.9996946502533809,0.9980085667318344,0.9982566331717663,-0.10714285714285714,-0.11285714285714299,-0.1,-0.05478385714285748,-0.07130621428571438,-0.04170516666666669,-486836.71428571426,3836.714285714286,129978.46666666666
2011-06-09,21.299999,21.6,21.16,21.5,13.087323,11052918.0,1.014084554651857,0.9934272766867266,1.009389718750691,0.0,0.09739300000000028,1605175.0,1.0071652055750533,1.006022103057644,1.006771006588719,0.9915052642453029,0.9901224962359739,0.9905000437803495,1.000517736063712,0.9988979835784119,0.9984596127956891,-0.10714285714285714,-0.11142871428571434,-0.09800003333333329,-0.054783571428571216,-0.056088428571428546,-0.043588500000000016,-10447.42857142857,129863.14285714286,70357.03333333334
2011-06-10,21.65,21.790001,21.42,21.530001,13.105584,7761835.0,1.006466558891455,0.989376443418014,0.9944573210161662,0.3500009999999989,0.01826100000000075,-3291083.0,1.0075711668329628,1.0063888011621265,1.0067949089966683,0.9916705766036145,0.9909185352704968,0.9906113598614291,1.0001790285410685,1.000056942441374,0.9984391278767892,-0.06000000000000024,-0.061428571428571645,-0.0900000000000001,-0.04087085714285697,-0.021304928571428534,-0.04120420000000002,-388326.71428571426,-542441.6428571428,-115271.53333333334
2011-06-14,21.48,21.969999,21.280001,21.83,13.288198,7523265.0,1.0228118715083798,0.9906890595903165,1.016294227188082,-0.16999999999999815,0.18261399999999917,-238570.0,1.0105655843985544,1.0073317249687892,1.0074729337669794,0.9920592297781715,0.9907438211549309,0.9907952304710198,1.0036305935682897,1.0013842711895256,0.9989548140889669,-0.018571571428571434,-0.0264285714285715,-0.09333336666666661,0.033914142857142844,0.0013044999999999465,-0.03649826666666668,-559019.0,-468782.85714285716,21028.4
2011-06-15,21.85,21.860001,21.58,21.82,13.282112,6970132.0,1.0004577116704805,0.9876430205949656,0.9986270022883295,0.370000000000001,-0.006085999999999814,-553133.0,1.0091650936501284,1.0071669236060976,1.0072790746927303,0.9912934139103662,0.9909145108592236,0.9905366854026044,1.0039008689267441,1.0012861999244065,0.9990624017436637,0.058571285714286096,0.010714214285714365,-0.06866666666666663,0.03913142857142863,0.005217571428571409,-0.0268359666666667,-236992.2857142857,-653253.0,-234364.8
2011-06-16,21.6,21.629999,21.24,21.35,12.996017,15439196.0,1.0013888425925925,0.9833333333333332,0.9884259259259259,-0.25,-0.28609499999999954,8469064.0,1.0092294874056502,1.0070388539211532,1.007255195410729,0.9901185791922389,0.9906331288245915,0.9906267424786278,1.0027164729252749,1.0002322076204142,0.9990976505025981,0.04000000000000016,-0.02857142857142847,-0.07166666666666661,0.008695857142857224,-0.03130507142857145,-0.029467099999999982,1022308.8571428572,-370941.21428571426,195612.63333333333
2011-06-17,21.549999,21.620001,21.129999,21.34,12.98993,6247751.0,1.003248352818949,0.9805104399308789,0.990255266369154,-0.05000100000000174,-0.006087000000000842,-9191445.0,1.0071908390632198,1.0068153015318073,1.0069639333300169,0.9877402139899875,0.9898593089346688,0.9902624800189012,0.999903920406739,0.9994059925166887,0.9984446311421947,0.061428285714285887,-0.028571571428571474,-0.06033340000000002,0.0008699999999997995,-0.028261500000000033,-0.03243216666666668,-310617.4285714286,-532871.5,-17975.8
2011-06-20,21.450001,21.6,21.24,21.24,12.929058,7975430.0,1.0069929600469483,0.9902097440461657,0.9902097440461657,-0.09999799999999937,-0.060871999999999815,1727679.0,1.0079215503115233,1.0071528258815565,1.0066149777676976,0.9878841882286286,0.9900994251295823,0.9902768536563289,0.9982370293692163,0.9989658398112986,0.9984590047796222,0.021428857142857232,-0.04285699999999996,-0.06766663333333334,-0.008695999999999973,-0.031739928571428724,-0.02755580000000002,-210330.42857142858,-348583.5714285714,-250805.56666666668
2011-06-21,21.51,21.690001,21.379999,21.549999,13.117757999999998,7534451.0,1.0083682473268245,0.9939562529056253,1.0018595536959554,0.059999000000001246,0.18869999999999898,-440979.0,1.0071049349793755,1.0071350702772146,1.0066818752400846,0.9879597562598998,0.9897325102526013,0.990386392027144,0.997161291504254,0.9988395137839831,0.998789580516335,0.030000142857143124,-0.03857135714285701,-0.0689999999999999,0.004347857142856982,-0.02521785714285712,-0.02422513333333338,-502638.14285714284,-256542.7857142857,-55683.0
2011-06-22,21.75,21.85,21.66,21.719999,13.22124,8404191.0,1.0045977011494254,0.9958620689655172,0.998620643678161,0.23999999999999844,0.1034820000000014,869740.0,1.0068379553019429,1.007204561067453,1.0067357580098013,0.9888862741952575,0.990278425399436,0.99083051664286,0.9977560518845391,0.9989675402128038,0.9993256576224725,0.014285714285714488,-0.022857142857142878,-0.05766666666666668,0.01652228571428565,-0.012174285714285662,-0.014462166666666694,91765.14285714286,-148280.7857142857,-55266.26666666667
2011-06-23,21.68,21.690001,21.370001,21.450001,13.056887,9969605.0,1.0004613007380074,0.9857011531365313,0.9893911900369003,-0.07000000000000028,-0.1643530000000002,1565414.0,1.003645016620461,1.0071053005095076,1.0065799765283894,0.9881737161304311,0.9901164729543012,0.9906819471648382,0.9939127608629417,0.9987716772156157,0.9992572980483808,0.02857142857142847,0.004999928571428518,-0.05633336666666663,-0.033044428571428544,0.00043485714285714953,-0.02191369999999999,349477.14285714284,-104770.92857142857,-34316.13333333333
2011-06-24,21.450001,21.639999,21.360001,21.469999,13.06906,13547088.0,1.0088577152047684,0.9958041959998044,1.0009323076488434,-0.2299989999999994,0.012173000000000656,3577483.0,1.0048450171253596,1.0070050553877439,1.0065176119029373,0.9893395983311223,0.9903165061207442,0.9907358003293505,0.994242090200158,0.999071479563451,0.9992734770419012,-0.05714271428571444,0.000714285714285826,-0.030666666666666606,-0.030435999999999908,0.004347714285714359,-0.018464333333333312,939565.1428571428,351286.4285714286,5132.7
2011-06-27,21.200001,21.42,21.16,21.24,12.929058,7216047.0,1.010377310831259,0.9981131604663603,1.0018867451940214,-0.25,-0.14000200000000085,-6331041.0,1.0061290840165973,1.0076792857111239,1.0066851911598034,0.9914510022072689,0.990784790699754,0.9910295693726859,0.9961650643813146,0.9994407686532947,0.9992917868869033,-0.05714271428571444,-0.008571357142857141,-0.040999966666666644,-0.009565571428571522,-0.00043485714285714953,-0.02475426666666666,-1174735.5714285714,-76213.35714285714,-15388.366666666667
2011-06-28,21.469999,21.5,21.219999,21.4,13.026452,7754838.0,1.0013973451978269,0.9883558448232811,0.9967396831271392,0.26999800000000107,0.09739400000000131,538791.0,1.0058646543564371,1.0065277467098286,1.0064613772767503,0.9925717743347551,0.9901559941623713,0.9906564541498798,0.9970914096324552,0.9984976650195971,0.9989878280082036,-0.011428571428571186,0.02499985714285735,-0.02400006666666658,0.005217428571428785,0.0030437142857142924,-0.018667199999999974,215298.14285714287,-47659.642857142855,70323.63333333333
2011-06-29,21.52,21.639999,21.450001,21.6,13.148195,6909627.0,1.0055761617100372,0.9967472583643123,1.0037174721189592,0.050000999999998186,0.1217429999999986,-845211.0,1.0056622545940213,1.0067919024527723,1.006423535687219,0.9935057049516332,0.9906949465901309,0.990712086102814,0.9990210850714257,0.998629057220321,0.998902944342072,0.009999857142857036,0.015714357142857134,-0.027666666666666728,0.0313052857142857,0.011304642857142864,-0.018058433333333332,-152257.57142857142,-181294.0,55188.2
2011-06-30,21.700001,22.07,21.629999,22.0,13.39168,10285350.0,1.0170506443755463,0.9967741015311474,1.013824838072588,0.18000100000000074,0.24348499999999973,3375723.0,1.0069025970295529,1.0070037660044642,1.0064430090037182,0.9939082547552792,0.9909340055075895,0.990678727645063,1.0007304114109448,0.9989458514575994,0.999037408222357,0.027142999999999824,0.028571571428571474,-0.025666600000000036,0.03913171428571438,0.02173978571428568,-0.014000433333333362,392985.5714285714,-54826.28571428572,52013.53333333333
2011-07-01,21.98,22.08,21.83,21.950001,13.361246,6710904.0,1.0045495905368516,0.9931756141947223,0.9986351683348499,0.2799990000000001,-0.030433999999999628,-3574446.0,1.0068957240848995,1.0068668396934213,1.006288716495421,0.9935244755023085,0.991205374848783,0.9906989171267141,1.0007324863619,0.9992442691232197,0.9988462247245872,0.03285714285714292,0.023571428571428705,-0.029999966666666704,0.02000085714285709,0.01826157142857137,-0.02089903333333337,-241898.14285714287,-75066.5,-89437.5
2011-07-04,22.129999,22.219999,21.9,21.940001,13.355156,9105467.0,1.0040668777255706,0.989606913222183,0.991414459621078,0.1499990000000011,-0.006090000000000373,2394563.0,1.0074108065116942,1.0055279115660778,1.006365954504398,0.99408244122883,0.9911280786796306,0.9905857850608932,1.0010215248739256,0.9974671428684337,0.9986621106153363,0.06428557142857169,0.04642850000000008,-0.024333399999999963,0.04260985714285707,0.004782714285714259,-0.017246833333333336,-123448.28571428571,113014.42857142857,-4312.233333333334
2011-07-05,22.08,22.1,21.91,21.93,13.34907,8620919.0,1.0009057971014494,0.9923007246376813,0.9932065217391305,-0.049999000000003235,-0.006085999999999814,-484548.0,1.0062748182112202,1.00555991766829,1.0063517215601563,0.9935819453199555,0.9914607718255388,0.9910547459843259,0.999917841172538,0.997079965686348,0.9991612647754841,0.08999985714285685,0.016428571428571206,-0.014333333333333443,0.040001428571428424,0.004782714285714259,-0.0018261000000000156,-703738.4285714285,117913.35714285714,-224503.3
2011-07-06,21.950001,21.969999,21.68,21.85,13.30037,7306265.0,1.0009110705735276,0.9876992716310127,0.995444145993433,-0.12999899999999798,-0.04870000000000019,-1314654.0,1.0049224981744014,1.0055257910954993,1.0060617259721036,0.9920942469149056,0.9917726245610874,0.990873553131752,0.9989974698581684,0.9975812671197414,0.9990856821514664,0.10714285714285714,0.02500007142857135,0.00333336666666663,0.05304457142857138,0.02173949999999993,0.0010144999999999627,12888.285714285714,-580923.6428571428,-225998.66666666666
2011-07-07,21.719999,21.870001,21.639999,21.77,13.251674,7369002.0,1.0069061697470612,0.9963167585781195,1.0023020719291929,-0.23000199999999893,-0.04869599999999963,62737.0,1.0057094731100062,1.0057870637332216,1.006199767272067,0.993231520308454,0.9929016473216045,0.9912423329265269,0.9997920968298902,0.9984417532311728,0.9991624178824395,0.03571428571428571,0.012142857142857264,0.0006666000000000357,0.03217457142857124,0.018696000000000015,0.0014202666666666512,-55119.42857142857,80089.35714285714,-291555.73333333334
2011-07-08,21.879999,22.0,21.77,21.9,13.330804999999998,5486590.0,1.0054845066492004,0.9949726231705951,1.0009141225280676,0.16000000000000014,0.07913099999999851,-1882412.0,1.0056963795298868,1.005679317061954,1.0062765235543132,0.992978000995066,0.9932418529733494,0.991498997638274,0.9993916183169057,0.9992063516941657,0.9990868280273146,0.051428428571428854,0.030714142857142943,-0.004000033333333282,0.02608714285714266,0.02869621428571418,-0.0034494333333334143,-203291.0,-177774.2857142857,-504859.43333333335
2011-07-11,21.66,21.709999,21.51,21.559999,13.123845,5462415.0,1.0023083564173592,0.9930747922437674,0.9953831486611265,-0.2199990000000014,-0.2069599999999987,-24175.0,1.003590338393003,1.0052464677112778,1.0061408658925655,0.9924495282397258,0.9931788914975026,0.9915566934334062,0.9967570912581254,0.9987437513345351,0.998872190388642,-0.005714428571428597,0.010714285714285612,-0.009666700000000005,-0.038262142857142835,0.0004347857142857744,-0.008724866666666683,-688990.7142857143,-148002.57142857142,-274851.23333333334
2011-07-12,21.35,21.389999,21.049999,21.08,12.83166,8172986.0,1.0018734894613581,0.9859484309133488,0.9873536299765806,-0.3099999999999987,-0.2921849999999999,2710571.0,1.0032080382393609,1.0050518811621303,1.0061277282362622,0.9914170734852439,0.9924707744937761,0.9915267038866055,0.99514544292123,0.9979389646415651,0.9985715819904736,-0.08999999999999986,-0.02857142857142847,-0.023333299999999942,-0.07565514285714288,-0.02782714285714289,-0.01805856666666674,208868.85714285713,-16514.64285714286,-156087.13333333333
2011-07-13,21.15,21.299999,21.049999,21.16,12.880359,6488709.0,1.0070921513002364,0.9952718203309693,1.0004728132387708,-0.20000000000000284,0.048699000000000936,-1684277.0,1.003640220178599,1.0055255133451466,1.0060769057533496,0.9922263459293562,0.9931543935790932,0.9913993291915257,0.9964394934380432,0.9987305091559843,0.9984664051624869,-0.13999985714285756,-0.037857142857142936,-0.029999966666666704,-0.06782814285714268,-0.01260914285714281,-0.01968163333333326,-373822.5714285714,-248635.42857142858,-154578.03333333333
2011-07-14,21.049999,21.110001,20.82,20.98,12.770791,7803915.0,1.0028504514418266,0.9890736811911488,0.9966746316710039,-0.1000009999999989,-0.10956800000000122,1315206.0,1.0039180279415099,1.005096423076365,1.0060510931318742,0.9917653397227087,0.9926736425213322,0.9914278100009031,0.9969349377140251,0.9984263894432815,0.9984612837623646,-0.1471429999999998,-0.028571571428571474,-0.03400003333333335,-0.08261128571428575,-0.02130492857142866,-0.0206963,-116714.85714285714,-410226.64285714284,-89206.9
2011-07-15,20.83,20.950001,20.66,20.780001,12.649051,7798114.0,1.0057609697551608,0.9918386941910706,0.9975996639462315,-0.2199990000000014,-0.12173999999999907,-5801.0,1.0046108706817432,1.0047666844280723,1.0061814271720715,0.9923566858027171,0.9922254663588114,0.9915568168949914,0.9972428688501391,0.9981201693541537,0.9986434968273212,-0.16000014285714315,-0.026428642857143,-0.026000033333333405,-0.0930455714285713,-0.02000049999999996,-0.013391599999999984,70264.14285714286,41576.21428571428,-121276.13333333333
2011-07-18,20.83,20.870001,20.58,20.75,12.630787,5777404.0,1.0019203552568412,0.9879980796927509,0.9961593855016804,0.0,-0.01826400000000028,-2020710.0,1.0038986114688548,1.0048040422894304,1.005903400783651,0.9911683031048073,0.9921999117066307,0.9913899618290963,0.9963653422176373,0.9980787195237638,0.9986243071847389,-0.12714271428571472,-0.045714214285714504,-0.020333366666666682,-0.08869814285714282,-0.028261785714285788,-0.012580166666666651,-227371.14285714287,-141245.2857142857,-95055.8
2011-07-19,20.6,20.83,20.450001,20.77,12.642964,6694134.0,1.0111650485436892,0.992718495145631,1.008252427184466,-0.22999999999999687,0.012176999999999438,916730.0,1.0047101174537816,1.0052032484918343,1.0062442995249758,0.9908462848155267,0.9919121429052964,0.9914286724552764,0.9974136714542656,0.9984026448855856,0.9990088314930142,-0.18285700000000002,-0.06571428571428559,-0.023999999999999962,-0.09826299999999984,-0.03608792857142858,-0.009739400000000013,172506.2857142857,-15392.357142857143,-52963.333333333336
2011-07-20,21.049999,21.280001,21.030001,21.200001,12.904708,6931815.0,1.0109264613266726,0.9990499762018991,1.0071259860867452,0.44999899999999826,0.2617440000000002,237681.0,1.0059412752979693,1.004765806845486,1.0060245518619995,0.9916998825238313,0.9920747053817786,0.9914917051171185,0.9990912196579255,0.9979241554580255,0.9989149265626088,-0.08714300000000007,-0.04642871428571433,-0.0023333999999999595,-0.0313052857142857,-0.034783714285714265,-0.002637733333333377,209914.2857142857,-239538.2142857143,-49675.26666666667
2011-07-21,21.290001,21.450001,21.245001,21.26,12.941234,5861248.0,1.0075152650298138,0.9978863317103648,0.9985908408365035,0.2400020000000005,0.03652600000000028,-1070567.0,1.00674724323632,1.0049776407378403,1.006212461319366,0.993405296923405,0.9924111852043244,0.9917811853616081,1.0006965354950572,0.9979209892081435,0.9988053552135313,-0.008571285714285892,-0.049285642857142875,-0.00033326666666665025,0.015653428571428613,-0.03000085714285713,-0.0016231999999999876,-330248.28571428574,-60689.71428571428,-119549.83333333333
2011-07-22,21.65,21.9,21.620001,21.73,13.227327,9105852.0,1.0115473441108545,0.9986143648960739,1.0036951501154736,0.3599989999999984,0.28609300000000104,3244604.0,1.0073836993521226,1.0055119597653608,1.0061278876346658,0.9938828032898485,0.9930545746096023,0.9919540883019198,1.0011568693345863,0.9987981813863147,0.9986155362590241,0.07142857142857142,-0.03428564285714307,0.011666699999999964,0.0495668571428572,-0.009130642857142744,0.004666800000000038,373877.5714285714,27.5,-64902.2
2011-07-25,21.59,21.65,21.18,21.309999,12.971665,8037869.0,1.002779064381658,0.9810097267253358,0.9870309865678556,-0.05999999999999872,-0.25566200000000094,-1067983.0,1.0073735012006702,1.00564576457109,1.006004971151006,0.9927308097947323,0.9922480747587205,0.9916751977454971,0.9997792057484222,0.9983570717312237,0.9983679917774138,0.07714300000000003,-0.034999999999999885,-0.0019999999999999575,0.02869628571428581,-0.026957499999999968,-0.004463966666666685,33422.0,-41646.42857142857,9201.133333333333
2011-07-26,21.43,21.68,21.370001,21.549999,13.117757999999998,9038500.0,1.0116658889407373,0.9972002333177787,1.0055995800279982,-0.16000000000000014,0.1460929999999987,1000631.0,1.0082170610843237,1.0064139658830336,1.005633438398751,0.9934967439556905,0.9929267148792038,0.9918922368697458,1.0009220509029604,0.9990824598765498,0.9980115035387445,0.08571428571428592,-0.03714292857142861,-0.0016666666666666904,0.06695814285714263,-0.013043714285714334,-0.005681333333333368,177198.0,123731.07142857143,50507.833333333336
2011-07-27,21.42,21.51,21.17,21.280001,12.953408,10119246.0,1.004201680672269,0.9883286647992531,0.9934640989729223,-0.00999999999999801,-0.16434999999999889,1080746.0,1.0085429647150992,1.006220788091977,1.0057582373654774,0.9935439703994765,0.992356136752142,0.9919150916765553,1.0005370099702806,0.9984511760939591,0.9978394067615641,0.08428571428571477,-0.02142849999999998,-0.014333333333333325,0.04608871428571426,-0.02130471428571428,-0.010956800000000004,620263.1428571428,196446.0,104970.46666666666
2011-07-28,20.99,21.1,20.9,20.99,12.776879,7608389.0,1.0052405907575037,0.9957122439256789,1.0,-0.43000000000000327,-0.17652900000000038,-2510857.0,1.007696613602787,1.0062033655282843,1.0058866289709745,0.9939716487966263,0.9924089668060765,0.9923277220296337,0.9993580918010713,0.9983858816276685,0.9982252092306999,0.055714285714285286,-0.06357135714285736,-0.020333333333333432,0.019130714285714286,-0.03956614285714277,-0.007304600000000032,130607.85714285714,151557.07142857142,-261026.9
2011-07-29,21.01,21.24,20.799999,20.83,12.679483,16092152.0,1.0109471680152307,0.9900047120418848,0.9914326511185149,0.020000000000003126,-0.09739599999999982,8483763.0,1.0076995717011523,1.0068204234995608,1.0061432561441839,0.9926794682023384,0.9921896753630849,0.9926441977666672,0.9971161868056099,0.9981037032317676,0.998264455389012,-0.005714142857142589,-0.046428571428571326,-0.017999966666666603,-0.032175,-0.03174014285714285,-0.01034823333333333,1308619.5714285714,759266.9285714285,328146.7
2011-08-02,21.01,21.040001,20.68,20.82,12.673397,10401211.0,1.00142793907663,0.9842931937172774,0.9909566872917658,0.0,-0.006085999999999814,-5690941.0,1.0068299537078405,1.0067885984720804,1.0059577554451733,0.9907375913461832,0.9920714441347941,0.9924469794223708,0.9960255934420758,0.9983610644685667,0.9982893534971986,-0.04000014285714266,-0.024285714285714275,-0.014666699999999958,-0.038262428571428586,-0.011304499999999986,-0.00852203333333333,648566.1428571428,159158.92857142858,80859.36666666667
2011-08-03,20.450001,20.459999,20.209999,20.290001,12.35078,9980123.0,1.0004888997315942,0.988263961454085,0.9921760395023942,-0.5599990000000012,-0.32261699999999927,-421088.0,1.0052501759393746,1.0063169376457488,1.0056951105253322,0.989258962283042,0.9915708827864452,0.9922572363739862,0.9943800062116359,0.9977684377731111,0.9979665696907466,-0.17142842857142832,-0.049999928571428445,-0.03533330000000004,-0.12522100000000005,-0.03782707142857143,-0.025565933333333273,124895.85714285714,249386.7142857143,81522.4
2011-08-04,20.309999,20.35,19.73,19.809999,12.058597,14370446.0,1.0019695224997303,0.9714426869248,0.9753815842137659,-0.14000199999999907,-0.29218299999999964,4390323.0,1.0051345270990992,1.0062540141498846,1.0056075045703425,0.9878922423115368,0.9903115260531345,0.9914432569726289,0.9927158058753374,0.9962475058118798,0.9971919343752667,-0.18285728571428553,-0.05285714285714275,-0.04800003333333329,-0.1304382857142856,-0.05087099999999989,-0.03875476666666664,904653.8571428572,469037.9285714286,198875.16666666666
2011-08-05,18.98,19.18,18.620001,19.1,11.626414,22751444.0,1.0105374077976816,0.9810327186512117,1.0063224446786092,-1.3299990000000008,-0.4321830000000002,8380998.0,1.0049733155072342,1.006595188295779,1.0059433748056648,0.9855825973591702,0.9895396706574304,0.991287642489785,0.9928190722539961,0.9968705615784782,0.9977563095299903,-0.3499999999999999,-0.13214285714285698,-0.08999999999999998,-0.21304914285714258,-0.07304549999999997,-0.04768243333333331,1958992.0,1068095.0,426061.3
2011-08-08,18.780001,19.08,18.450001,18.5,11.261184,17040445.0,1.015974386795826,0.9824281159516446,0.9850904693775043,-0.19999900000000181,-0.3652300000000004,-5710999.0,1.0066551306677425,1.0075990476914207,1.0061805971920335,0.9847396618095118,0.9891418161044941,0.9908417731548463,0.9916228394546506,0.9960799247124655,0.997228248254279,-0.3771427142857147,-0.1464285,-0.08900000000000005,-0.24174628571428564,-0.09782878571428569,-0.06026253333333334,988742.7142857143,804502.9285714285,116445.23333333334
2011-08-09,17.93,19.15,17.629998999999998,19.01,11.571629,23219682.0,1.0680423870607918,0.9832682097044059,1.0602342442833241,-0.8500009999999989,0.31044499999999964,6179237.0,1.0156268158539263,1.0116617147283566,1.0081027663996847,0.9829619426350441,0.9884667957158352,0.9903469414627811,1.0002277314951253,0.9997929116480984,0.9991731648905892,-0.43714285714285694,-0.19071428571428584,-0.10900003333333336,-0.17217857142857135,-0.07652392857142853,-0.04524763333333333,2230184.714285714,1180396.2857142857,533454.5
2011-08-10,19.77,20.120001,19.67,19.799999,12.05251,17182001.0,1.0177036418816388,0.9949418310571574,1.0015174001011633,1.8399999999999999,0.4808810000000001,-6037681.0,1.0165920264062704,1.0121457990537113,1.0086463096224783,0.9836672453515118,0.9881733567769251,0.9905664743372438,1.001668409921218,0.9993922983634139,0.9993324221230567,-0.17714285714285744,-0.09142850000000001,-0.0566666333333334,-0.08956757142857137,-0.06087128571428568,-0.032464733333333363,155692.7142857143,732156.1428571428,314238.76666666666
2011-08-11,19.280001,20.370001,19.25,20.09,12.229038,18268116.0,1.0565352667772165,0.9984439316159788,1.042012394086494,-0.48999900000000096,0.17652799999999935,1086115.0,1.0244645017920684,1.0156472277499546,1.010344946458051,0.9856887793370405,0.988213185341612,0.9906230301122994,1.008962082320465,1.0024938378812704,1.0006089195219743,-0.24714271428571472,-0.14357142857142868,-0.07466663333333337,-0.0634798571428572,-0.05087114285714289,-0.030638566666666676,1123843.5714285714,886204.8571428572,378616.3
2011-08-12,20.25,20.33,19.700001,19.92,12.125558,13821184.0,1.0039506172839505,0.9728395555555556,0.9837037037037037,0.9699990000000014,-0.10347999999999935,-4446932.0,1.0249590328709766,1.0151046044051755,1.0099082788883311,0.9834852927801077,0.9863721275315749,0.9898252119131129,1.0077517486349379,1.0010658774232868,0.9996048817096784,-0.028571571428571474,-0.0999999999999999,-0.048333366666666676,-0.0321745714285715,-0.07869778571428578,-0.042204066666666644,548723.0,336809.4285714286,117861.13333333333
2011-08-15,20.219999,20.790001,20.1,20.65,12.569918,10254221.0,1.0281900112853615,0.9940653310615891,1.0212661237025777,-0.030000999999998612,0.44435999999999964,-3566963.0,1.0287048169832096,1.0169196720411544,1.0106962929132814,0.9867170990853633,0.98730467069845,0.9898548691420085,1.0143066828476253,1.0035112443614813,1.0003592468886027,-0.012857142857142836,-0.09785721428571417,-0.05866669999999997,0.07304585714285697,-0.028696214285714308,-0.0263776,-588032.1428571428,158310.85714285713,118110.56666666667
2011-08-16,20.639999,20.76,20.23,20.35,12.387302,13756265.0,1.0058140022196707,0.9801357064019238,0.9859496601719797,0.41999999999999815,-0.18261599999999945,3502044.0,1.0280300447577795,1.0165016801325069,1.010754530396418,0.9865889544783222,0.9860857759187461,0.9895391622479999,1.011396285060964,1.0021076786574799,1.0001770869069662,0.23714271428571415,-0.05642864285714287,-0.049666666666666734,0.10869828571428565,-0.05217542857142846,-0.03226179999999997,-1285025.5714285714,336983.21428571426,155026.6
2011-08-17,20.35,20.84,20.209999,20.58,12.527305,11306756.0,1.024078624078624,0.9931203439803439,1.0113022113022112,-0.2899989999999981,0.1400030000000001,-2449509.0,1.0291877929410362,1.0179214618043892,1.0115269579623238,0.9881164156252792,0.9864280387173955,0.9895664828927553,1.0151408196216363,1.0033818295381434,1.0007802765590688,0.22428557142857183,-0.07642857142857144,-0.05766666666666656,0.18087442857142857,-0.030435928571428534,-0.02739216666666664,-819098.4285714285,84822.14285714286,89527.9
2011-08-18,20.469999,20.629999,20.200001,20.42,12.429913,9814932.0,1.0078163169426633,0.9868100628632175,0.9975574498073987,0.11999899999999997,-0.09739199999999926,-1491824.0,1.0205840686384464,1.0181054422461864,1.011757132841295,0.9886223946479665,0.9857921686415053,0.9895368426004953,1.0061869918393611,1.0032073616672432,1.0008507200195342,0.36285700000000026,-0.03714292857142836,-0.049333399999999965,0.12261200000000017,-0.024783285714285595,-0.029015233333333276,-1914964.2857142857,157610.2142857143,83622.23333333334
2011-08-19,19.299999,19.780001,19.27,19.5,11.869899,20169038.0,1.0248705712368171,0.9984456475878574,1.0103627466509195,-1.1700000000000017,-0.5600140000000007,10354106.0,1.0216079156891862,1.0190999710477284,1.012355946224287,0.9891229398666379,0.9863950926090749,0.9896078055674866,1.0074506127750407,1.0045595113481294,1.001119409176925,-0.06714299999999998,-0.12214292857142871,-0.08066666666666672,-0.026087285714285664,-0.057827428571428516,-0.046059166666666644,426719.5714285714,291206.14285714284,426667.86666666664
2011-08-22,19.41,19.59,19.08,19.299999,11.748155,13733322.0,1.009273570324575,0.9829984544049458,0.9943327666151468,0.11000100000000046,-0.12174399999999963,-6435716.0,1.0148562447673803,1.0196603732797243,1.0124822483467995,0.9869164431222047,0.9863026112296226,0.9892086666086316,1.000639237421991,1.004800659871228,1.0009000306464944,0.018571285714285932,-0.1142857142857144,-0.08233330000000004,-0.06869757142857123,-0.06608871428571421,-0.05275499999999991,-647827.7142857143,238007.92857142858,274891.06666666665
2011-08-23,19.4,19.82,19.309999,19.82,12.064684,12245370.0,1.0216494845360826,0.9953607731958765,1.0216494845360826,-0.010000000000001563,0.31652899999999917,-1487952.0,1.0173846543748277,1.0211718436229023,1.0131269526174236,0.9901337599279649,0.9868095263540362,0.9892848659737019,1.006060063255188,1.006905905945063,1.0017755751756596,-0.12142857142857164,-0.07500007142857155,-0.07533333333333339,-0.008696285714285728,-0.02043542857142861,-0.03530536666666665,-225116.2857142857,161803.35714285713,226098.5
2011-08-24,20.15,20.18,19.610001,19.690001,11.985555,7277938.0,1.0014888337468983,0.9732010421836229,0.9771712655086848,0.75,-0.079129,-4967432.0,1.0135702004407616,1.0211375087119856,1.013114130760275,0.9871531472311126,0.986935123158238,0.9888599530160445,0.9997607977989176,1.0070337403232714,1.0014361630267297,-0.009999857142857544,-0.01142850000000019,-0.0400000000000001,-0.08348042857142854,-0.005217285714285781,-0.02820349999999999,-425183.28571428574,-506607.71428571426,-29834.933333333334
2011-08-25,19.889999,20.08,19.790001,19.879999,12.101209,8825937.0,1.0095525897210955,0.9949724482137984,0.9994972347660752,-0.26000099999999904,0.11565400000000103,1547999.0,1.0141042843695367,1.021067164563658,1.0131961453743037,0.989272681775666,0.987930818126994,0.988849973945472,1.001696165598074,1.006546225329519,1.0014036437443066,-0.10714285714285714,0.06499992857142851,-0.042000033333333305,-0.04087042857142847,0.033913928571428595,-0.025971666666666653,-704332.5714285715,-994679.0714285715,77907.6
2011-08-26,19.77,20.040001,19.700001,19.85,12.082948,11680882.0,1.0136571067273648,0.9964593323216996,1.0040465351542742,-0.11999899999999997,-0.01826100000000075,2854945.0,1.0126154961764995,1.020901644558768,1.0135563672171548,0.9897496801101454,0.9889330478677124,0.9890961623164904,1.000659640434083,1.0079002300278597,1.0016493738604155,-0.08285714285714312,0.07071421428571435,-0.042666633333333336,-0.06347957142857144,0.05869742857142857,-0.02292809999999997,53446.57142857143,-382825.9285714286,129232.23333333334
2011-08-29,20.1,20.41,20.030001,20.209999,12.302082,8298704.0,1.0154228855721392,0.996517462686567,1.0054725870646766,0.33000000000000185,0.21913400000000038,-3382178.0,1.0137021488378533,1.0171431087381497,1.0138784310777207,0.9911364515134811,0.9898794230807239,0.9892521212663402,1.00179037432798,1.0039886830836706,1.0019118046310305,-0.052856999999999994,0.1550000000000001,-0.024333333333333228,-0.018261571428571495,0.05217521428571433,-0.011565633333333322,-216604.0,-1065784.142857143,16686.333333333332
2011-08-30,20.43,20.629999,20.129999,20.18,12.283822,9619788.0,1.0097894762604014,0.9853156632403329,0.9877630934899657,0.3299999999999983,-0.01825999999999972,1321084.0,1.0115477066983654,1.0165778111937758,1.0141407351111726,0.9892607394638347,0.9891918396652363,0.9891627073845931,0.9985618524478436,1.0030062326114422,1.0016319282306398,0.1614287142857143,0.04714285714285715,-0.013333333333333286,0.059131857142857215,0.016522285714285774,-0.01156549999999997,-1507035.7142857143,-540158.0714285715,128079.46666666666
2011-08-31,20.07,20.290001,19.91,20.290001,12.35078,11228026.0,1.0109616841056304,0.9920279023418037,1.0109616841056304,-0.35999999999999943,0.06695799999999963,1608238.0,1.0117888658099445,1.0133225552886624,1.0141339562965708,0.9905506605976716,0.9887335518599382,0.9891396876244655,1.0009374120893413,1.0007883247556661,1.0017222367946788,0.0942857142857143,0.05642850000000012,-0.017666666666666705,0.08608928571428567,0.008695857142857224,-0.00973946666666663,-357899.4285714286,-502863.5714285714,151129.73333333334
2011-09-01,20.15,20.540001,20.15,20.27,12.338607,8063479.0,1.019354888337469,1.0,1.0059553349875932,0.0799999999999983,-0.012173000000000656,-3164547.0,1.011461066353,1.0144228603639138,1.0144149038635972,0.9912134072839749,0.9906735836059699,0.9891713550844021,0.9986953907252715,1.0023777269902296,1.0016832150913737,0.10714285714285714,-0.007142857142857244,-0.029999966666666704,0.03913185714285713,0.015217785714285701,-0.018870033333333324,-597413.0,-411264.64285714284,37722.13333333333
2011-09-02,20.16,20.190001,19.809999,19.92,12.125558,7945567.0,1.0014881448412698,0.9826388392857144,0.9880952380952381,0.010000000000001563,-0.21304899999999982,-117912.0,1.01146096793791,1.0125155841893358,1.0142139998573125,0.9925616640128452,0.989857405621979,0.9886631053369138,1.0002559582376362,1.000008378018277,1.0013333616666649,0.001428571428571652,-0.004285642857142946,-0.037666700000000004,0.020000428571428586,-0.03173999999999998,-0.027189199999999993,95375.57142857143,-164903.85714285713,69477.3
2011-09-05,19.610001,19.639999,19.32,19.41,11.815112,11191494.0,1.001529729651722,0.9852115764807967,0.9898010714022911,-0.5499989999999997,-0.31044600000000067,3245927.0,1.0103148450708566,1.0122095647201965,1.0138800793753413,0.9911672537652735,0.9902199677704697,0.9882163457230713,0.9988707920428099,1.000283478820442,1.0008702257095587,-0.03999971428571415,-0.07357128571428564,-0.0679999666666666,-0.04087100000000023,-0.04087071428571435,-0.047073833333333384,337936.71428571426,-183197.92857142858,69521.4
2011-09-06,19.0,19.41,18.99,19.26,11.723807,12696919.0,1.0215789473684211,0.9994736842105262,1.013684210526316,-0.6100010000000005,-0.09130499999999842,1505425.0,1.0114465365910077,1.0120310163837536,1.014506742141567,0.9915978754636773,0.9906737777869113,0.9888318109725776,1.0002476028102445,1.0004536216221638,1.0017586665081741,-0.10999999999999995,-0.09642857142857153,-0.08633333333333333,-0.051305857142857035,-0.05739271428571424,-0.04159526666666664,145148.14285714287,99297.35714285714,155301.66666666666
2011-09-07,19.6,20.040001,19.549999,20.030001,12.192515,10664270.0,1.022449030612245,0.9974489285714285,1.0219388265306122,0.6000000000000014,0.46870799999999946,-2032649.0,1.012450271596737,1.013076210217295,1.0148661801972838,0.9917309420186575,0.9914336967660694,0.9888401008143659,1.0025999227339495,1.0021951485309646,1.0023033080582613,-0.07142857142857142,-0.06214278571428571,-0.06099999999999994,-0.0156524285714286,-0.01695700000000005,-0.030841433333333276,337938.0,60667.0,54192.333333333336
2011-09-08,20.23,20.280001,19.82,19.92,12.125558,11915930.0,1.0024716262975777,0.9797330696984676,0.9846762234305487,0.629999999999999,-0.06695700000000038,1251660.0,1.0114048644591906,1.011476285578778,1.0148085117181274,0.9909334286555339,0.9900970840596843,0.9885535809776731,1.00215894129689,1.0003603968723669,1.0020103788735153,-0.02857142857142847,0.06642864285714291,-0.03966666666666671,-0.022609142857142977,0.018261357142857117,-0.02759499999999999,328020.28571428574,-589507.7142857143,59889.46666666667
2011-09-09,19.969999,20.16,19.9,19.940001,12.13773,7195301.0,1.009514321958654,0.9964947920127586,0.9984978466949346,-0.26000099999999904,0.012171999999999628,-4720629.0,1.011198098438194,1.0114934821240693,1.0149509694248324,0.9915715557513846,0.9910611081745281,0.988579665913909,1.000378393095362,1.0006579025923517,1.0019603070966798,-0.014285857142856986,0.03999992857142866,-0.034000033333333235,-0.030435714285714406,0.027826785714285634,-0.021304966666666657,-576103.5714285715,-467001.5,-13769.6
2011-09-12,19.459999,19.57,19.09,19.209999,11.693372,9289819.0,1.0056526724384725,0.9809866896704362,0.9871531339749812,-0.5100000000000016,-0.44435799999999936,2094518.0,1.0092406390240516,1.0103508526885256,1.0147744862389405,0.988855368561447,0.990034387922711,0.9882790651681941,0.9976923643792744,0.9981938775522731,1.0018176565252288,-0.09857157142857124,0.004285642857142946,-0.05166670000000006,-0.0921764285714285,-0.02652228571428569,-0.032870366666666644,175191.42857142858,-211110.7857142857,-226744.43333333332
2011-09-13,19.309999,19.52,19.23,19.32,11.76033,8883440.0,1.010875246549728,0.9958571204483231,1.0005179182039314,-0.14999999999999858,0.06695799999999963,-406379.0,1.0105816535538314,1.0110213107458708,1.0150893964880436,0.9907436944418195,0.9916526792273324,0.9886645293925622,0.9994670329662307,0.9998614956019335,1.0021363642223011,-0.12142871428571413,-0.060000071428571236,-0.05666670000000001,-0.05217542857142859,-0.0160875,-0.03043556666666666,133981.85714285713,114678.71428571429,-50592.36666666667
2011-09-14,19.4,19.540001,18.93,19.02,11.577716,11518019.0,1.0072165463917526,0.9757731958762887,0.9804123711340207,0.09000099999999733,-0.18261399999999917,2634579.0,1.0113940559452643,1.0108544505080606,1.0153136513767158,0.9893953543554612,0.9902813040603674,0.988248170539969,0.9981257900707635,0.9984982910567867,1.001744241943355,-0.030000142857143124,-0.03499992857142864,-0.03500003333333339,-0.03391371428571409,-0.03739235714285716,-0.02576879999999999,46646.42857142857,192291.57142857142,51263.2
2011-09-15,19.58,19.58,19.040001,19.41,11.815112,12719497.0,1.0,0.9724208886619,0.9913176710929521,0.17999999999999972,0.2373959999999986,1201478.0,1.008311349178347,1.0098789428846773,1.0152480006267246,0.9855306692770861,0.9885642723703817,0.9882807772645391,0.9949305701517116,0.9975890864809781,1.002275444839328,0.08285714285714262,-0.013571428571428663,-0.0243333000000001,0.013043571428571201,-0.01913114285714292,-0.008116166666666718,3225.4285714285716,74186.78571428571,-55031.63333333333
2011-09-16,19.700001,19.969999,19.65,19.799999,12.05251,7769871.0,1.0137054815377928,0.9974618783014274,1.00507604035147,0.12000100000000202,0.23739800000000066,-4949626.0,1.0070622707391397,1.0097562711679384,1.0153536030847283,0.9855325192385145,0.988631730628586,0.9888284159195463,0.9925216006975485,0.997560761715749,1.0022338980284233,0.014285857142856986,-0.02857135714285722,0.02400003333333333,-0.02000071428571434,-0.01782657142857147,0.014203199999999978,-413485.5714285714,-37773.78571428572,-499385.76666666666
2011-09-19,19.690001,19.700001,19.26,19.41,11.815112,6488437.0,1.0005078719904585,0.9781614536230853,0.9857795334799628,-0.010000000000001563,-0.23739800000000066,-1281434.0,1.0067817344095513,1.0090932994343709,1.0148380525912162,0.985308002656317,0.9881207156559254,0.9886861938419276,0.9926792164188932,0.9974190788578916,1.0022568668318388,-0.07714271428571452,-0.052857071428571496,0.030333333333333337,-0.044349428571428665,-0.03347928571428582,0.018464266666666635,-775356.1428571428,-223667.92857142858,-351733.6
2011-09-20,19.48,19.700001,19.209999,19.32,11.76033,9951134.0,1.0112936858316222,0.9861395790554415,0.9917864476386037,-0.21000099999999833,-0.05478199999999944,3462697.0,1.0070359292485465,1.0091170138433703,1.0129464292169106,0.9838286865195575,0.9877001211354709,0.9887819061536288,0.9917204451251316,0.9960494191102469,0.999975273610348,-0.06999985714285728,-0.042142857142857135,0.05166666666666669,-0.05391428571428568,-0.04217500000000004,0.006290033333333334,393690.4285714286,-91206.57142857143,-442284.93333333335
2011-09-21,19.5,19.530001,19.07,19.389999,11.80294,9276608.0,1.0015385128205128,0.977948717948718,0.9943589230769231,0.019999999999999574,0.042609999999999815,-674526.0,1.0064481921602668,1.007844415592159,1.0124075915815396,0.9833946905593122,0.9861250295603794,0.9882154690500141,0.9927498435682663,0.9952211039737703,0.99973665770954,0.005714428571428597,-0.046428571428571326,-0.008999999999999985,0.01565257142857135,-0.03826192857142858,-0.00831900000000001,-1887.2857142857142,86652.07142857143,-263513.1
2011-09-22,18.91,19.08,18.799999,18.98,11.553367,8842326.0,1.0089899524061343,0.9941829190904283,1.0037017451084083,-0.5899999999999999,-0.24957299999999982,-434282.0,1.0061788644254677,1.0083802589896496,1.01082274776917,0.9831555189367557,0.9869496066892876,0.9880734352991624,0.9932046759831915,0.9963358544747111,0.9984596360769371,-0.05714271428571444,-0.08928571428571429,-0.012333366666666616,-0.029566142857142857,-0.04087078571428572,-0.022522366666666647,-5873.428571428572,64054.21428571428,-314193.0
2011-09-23,18.799999,19.389999,18.65,18.75,11.413363,10375636.0,1.0313829803927117,0.9920213293628366,0.9973404785819404,-0.11000100000000046,-0.14000399999999935,1533310.0,1.0096312121398903,1.0105126340425774,1.0117371598727956,0.9854766808634052,0.9874360176094333,0.9887128277594053,0.9956229770471801,0.9968743835589718,0.9989141952395449,-0.08571442857142841,-0.05785728571428577,-0.048333366666666676,-0.023479000000000028,-0.028696357142857058,-0.023739833333333314,-163197.57142857142,-58275.57142857143,-114851.6
2011-09-26,19.030001,19.139999,18.75,18.780001,11.431624,11292504.0,1.0057802414198507,0.9852863381352425,0.9868628488248634,0.23000199999999893,0.018260999999998972,916868.0,1.0104569609141547,1.009384155046251,1.0109901675439452,0.98731460221674,0.986422635746913,0.9884201946618603,0.9949865738660245,0.9949585720088681,0.9977674194102878,-0.07857128571428566,0.0021429285714284724,-0.03966660000000009,-0.05478399999999998,-0.020870214285714388,-0.03794313333333334,-203856.14285714287,-100315.35714285714,34609.433333333334
2011-09-27,19.299999,19.83,19.26,19.790001,12.046424,10307153.0,1.0274611931327042,0.9979275128459852,1.0253887059786895,0.26999800000000107,0.6148000000000007,-985351.0,1.0124220625705707,1.0097421666548552,1.0117117405743796,0.987381121437391,0.9864568203379527,0.9890132548766623,0.9978883832413415,0.9952049919694451,0.9990820542705114,-0.05714314285714295,-0.021428642857142983,-0.04466666666666666,-0.0008694285714285448,-0.010435071428571443,-0.0113626,362468.85714285716,-25508.35714285714,-114970.4
2011-09-28,19.799999,19.93,19.6,19.74,12.015988,12351688.0,1.0065657074023084,0.9898990398938909,0.9969697473217044,0.5,-0.030435999999999908,2044535.0,1.0132874676294064,1.0100346010194787,1.011127976685169,0.9890579194760776,0.9871829610661973,0.9889058780737805,0.9994869852187332,0.9960831008188132,0.9986043054711613,0.015714000000000134,-0.030714357142857196,-0.018333366666666726,0.028696571428571564,-0.007826428571428552,-0.0170439,837607.2857142857,31125.571428571428,34831.066666666666
2011-09-29,19.5,19.67,19.440001,19.58,11.918595,7999885.0,1.0087179487179487,0.9969231282051282,1.004102564102564,-0.2999989999999997,-0.09739300000000028,-4351803.0,1.0129195051845958,1.0099777172165714,1.0111580310776787,0.9905984264974614,0.9872135565085094,0.9892429802518443,1.0012464304278705,0.9964834377765011,0.9988224759476669,0.0028571428571427964,-0.03357135714285724,-0.032333300000000044,0.022609285714285728,-0.015652499999999975,-0.01704393333333337,-278749.85714285716,57470.28571428572,-60501.566666666666
2011-09-30,19.65,19.76,19.25,19.52,11.882071,14146474.0,1.0055979643765904,0.9796437659033079,0.9933842239185751,0.14999999999999858,-0.036524,6146589.0,1.013499426835464,1.0099738094978654,1.0105156108490043,0.9908405762052599,0.9871176333822859,0.9886162508623593,1.0011071876909636,0.9969285156296149,0.9982565251899219,0.021428571428571224,0.013571499999999912,0.011666699999999964,0.011304428571428613,0.01347849999999998,0.00040573333333332093,695695.1428571428,346903.9285714286,-200752.13333333333
2011-10-04,18.799999,19.209999,18.68,18.98,11.553367,10276104.0,1.021808511798325,0.9936170741285678,1.009574521785879,-0.8500009999999989,-0.3287040000000001,-3870370.0,1.015330649605777,1.0107547570156223,1.0109334422314629,0.9907597412107084,0.986957630073732,0.9889702048531467,1.0019461557877452,0.9975754158854684,0.998764583695613,-0.015714428571428636,-0.03642857142857154,-0.020333366666666682,0.0,-0.014783071428571428,-0.006492933333333362,204825.42857142858,99476.0,-115240.6
2011-10-05,19.469999,19.48,19.0,19.17,11.669022,8944095.0,1.0005136620705528,0.9758603480154261,0.9845917300766168,0.6700000000000017,0.11565500000000029,-1332009.0,1.0109207469883257,1.010275979564108,1.0102289148159451,0.9884510295896497,0.9869638552265275,0.988320190680465,1.0001249060012702,0.9978739415242251,0.9975293252136308,0.09571428571428596,0.004999928571428772,0.0023333000000000936,0.036522714285714235,0.006521857142857103,-0.013188733333333324,-204505.85714285713,-183851.7142857143,-110042.5
2011-10-06,19.5,20.1,19.42,20.040001,12.198601,12290612.0,1.0307692307692309,0.995897435897436,1.027692358974359,0.030000999999998612,0.529579,3346517.0,1.0144906026096658,1.0124737817619103,1.0112049280500228,0.9899669006985345,0.9886407514576373,0.9890767371375921,1.0059576931654841,1.0004721335157543,0.9992133616624866,0.06714271428571449,-0.005714285714285593,-0.02166666666666662,0.10956814285714296,0.02739207142857149,0.007101533333333343,142586.85714285713,-30634.64285714286,167089.13333333333
2011-10-07,20.32,20.75,20.040001,20.709999,12.60644,12955591.0,1.0211614173228347,0.9862205216535433,1.0191928641732284,0.8200000000000003,0.4078389999999992,664979.0,1.0135906346368273,1.0130063486036989,1.0115918889700808,0.9882944733853287,0.9878377974113598,0.9887850062522503,1.0050725729075611,1.0014804780744513,0.9998698826427251,0.14571442857142866,0.04428564285714286,0.01433336666666669,0.0800022857142856,0.03956642857142852,0.01684103333333328,378348.28571428574,370408.5714285714,137655.13333333333
2011-10-10,20.690001,21.110001,20.610001,21.0,12.782968,7800069.0,1.0202996606911716,0.9961333979635865,1.0149830345585775,0.37000099999999847,0.17652800000000113,-5155522.0,1.0155526279638079,1.014420047796607,1.011813307435541,0.9891850959667137,0.9891215077213956,0.9887741417736464,1.0076458996556856,1.0035664424372095,1.0002344326228687,0.12714314285714273,0.07142857142857142,0.030666699999999974,0.10956857142857146,0.06913257142857152,0.02333400000000001,-650231.2857142857,93688.0,-129360.43333333333
2011-10-11,21.299999,21.450001,20.940001,21.200001,12.904708,9758371.0,1.0070423477484671,0.9830986846525204,0.995305257995552,0.6099980000000009,0.12173999999999907,1958302.0,1.0153132563967389,1.0141163807906675,1.011533956174752,0.9872101754591983,0.9889043009783299,0.9883268491725116,1.0063891416403983,1.0038177860341342,0.9998955216538977,0.2571427142857142,0.12999992857142853,0.03999996666666661,0.14087328571428565,0.0817412857142857,0.0200875333333333,251212.2857142857,-13768.785714285714,48655.566666666666
2011-10-12,21.0,21.17,20.85,21.08,12.83166,6752618.0,1.0080952380952382,0.9928571428571429,1.0038095238095237,-0.2999989999999997,-0.073048,-3005753.0,1.0156700097851172,1.0145847183102907,1.0114774815692464,0.9890978007383175,0.9899691884717887,0.9885782318264054,1.0078784701962482,1.0044928289436057,1.0004304026645496,0.19285714285714306,0.10714285714285714,0.01900000000000001,0.13565557142857138,0.07347999999999999,0.018261266666666623,-1056265.142857143,-180285.0,-95572.33333333333
2011-10-13,21.16,21.219999,20.82,21.1,12.843838,8784974.0,1.002835491493384,0.9839319470699432,0.9971644612476371,0.16000000000000014,0.012178000000000466,2032356.0,1.0129595783129828,1.01414511395938,1.0112066084821718,0.9877142111585141,0.9892369761846113,0.9883083666506766,1.0061056044050707,1.004025880096408,0.9999704952359498,0.3371430000000001,0.16071428571428573,0.03633333333333333,0.18435300000000002,0.09217650000000001,0.016435266666666653,-213018.57142857142,-4096.571428571428,-81435.06666666667
2011-10-14,20.950001,21.190001,20.91,20.99,12.776879,6492949.0,1.0114558467085515,0.9980906444825468,1.0019092600520638,-0.20999899999999982,-0.06695900000000066,-2292025.0,1.0145227475469825,1.0127217472676542,1.010943307094541,0.9908899677966742,0.989670498693162,0.9882447214667616,1.0085795372587059,1.004352221629988,0.9998356260714322,0.211428857142857,0.15357157142857147,0.026666700000000057,0.1582652857142856,0.09739399999999991,0.014609066666666651,-350163.71428571426,-277334.78571428574,-52351.0
2011-10-17,21.200001,21.5,21.190001,21.360001,13.002104,7337202.0,1.01415089555892,0.9995283019090423,1.0075471694553222,0.25,0.225225,844253.0,1.0121486996597953,1.0133196511347307,1.0113653987851294,0.9914086629411895,0.990687781819862,0.9888077035542058,1.0057016530417007,1.0058296731035923,1.0004840237834352,0.24285728571428575,0.1550000000000001,0.03466670000000001,0.11478614285714274,0.11217714285714285,0.02921819999999998,-707630.0,-282521.5714285714,-20278.833333333332
2011-10-18,21.030001,21.23,21.01,21.07,12.825579,9845180.0,1.0095101754869151,0.9990489301450819,1.0019019970564909,-0.1700000000000017,-0.17652499999999982,2507978.0,1.0104842365403781,1.0120374355886028,1.0116314136463027,0.9932412927256948,0.9907678830555119,0.9892689486763486,1.003231529167881,1.0041520510377209,1.0008873879719085,0.10142871428571405,0.12357157142857135,0.04733333333333327,0.03130557142857145,0.05565392857142853,0.03368223333333334,-444344.4285714286,-32998.07142857143,-44877.13333333333
2011-10-19,21.26,21.4,21.17,21.299999,12.965579,9591270.0,1.006585136406397,0.995766698024459,1.0018814205079962,0.22999900000000295,0.14000000000000057,-253910.0,1.0085250187854105,1.0120388233746092,1.0111316199475684,0.9931889070201052,0.9911870014934093,0.9891453824701464,1.001359870017798,1.0045028848367419,1.0004939616379642,0.08142842857142897,0.10428578571428584,0.07533333333333339,0.026087285714285664,0.06782792857142857,0.041392399999999975,255885.85714285713,-197172.7142857143,-103521.63333333333
2011-10-20,21.35,21.35,20.950001,21.120001,12.856012,7286145.0,1.0,0.9812646838407494,0.9892272131147539,0.08999999999999986,-0.10956700000000019,-2305125.0,1.007518969107058,1.0114161127518986,1.0103833189271603,0.992926906904138,0.9900685411816682,0.9886059076457905,1.0004915778919696,1.0034403597661838,0.9994035745241024,0.007143000000000248,0.13214285714285726,0.058333333333333334,-0.006956571428571375,0.06695835714285714,0.022116566666666653,-353175.14285714284,-50981.42857142857,-112604.16666666667
2011-10-21,21.129999,21.459999,21.120001,21.209999,12.910793,8856605.0,1.0156176060396405,0.9995268338630776,1.00378608631264,-0.2200009999999999,0.05478100000000019,1570460.0,1.0085935930991154,1.0121318014421163,1.0108215182518956,0.9938797199049858,0.9914887603216517,0.9892656997846107,1.0004882296781292,1.0041833499371886,1.0000405699535055,0.018571285714285932,0.1057142142857145,0.029999966666666704,0.011304714285714366,0.07348014285714287,0.026174500000000003,300569.5714285714,-377847.78571428574,-101977.5
2011-10-24,21.41,21.9,21.379999,21.709999,13.215153,7815606.0,1.0228865016347501,0.9985987389070529,1.0140120971508642,0.2800009999999986,0.30436000000000085,-1040999.0,1.0114580231193107,1.0122088007161465,1.0112672575744321,0.9959749758817157,0.9918445935201149,0.9893358313477538,1.0028950348071617,1.0045003196061162,1.0005577116353699,0.03571428571428571,0.1864286428571429,0.04800003333333329,0.053045000000000134,0.11869900000000008,0.035914100000000046,-138481.14285714287,-175749.85714285713,20676.833333333332
2011-10-25,21.77,21.799999,21.379999,21.549999,13.117757999999998,8662637.0,1.0013779972439136,0.982085392742306,0.9898943040881948,0.35999999999999943,-0.09739500000000234,847031.0,1.010018330338648,1.0122705389428153,1.0111247684012803,0.9936885113473956,0.9922892395720349,0.9893724547834829,1.001178612526609,1.0048790748926575,1.0006490839724769,0.11714271428571418,0.1642857857142856,0.07700003333333333,0.04869699999999989,0.10348114285714274,0.04747953333333328,309955.4285714286,-20104.14285714286,-20906.066666666666
2011-10-26,21.33,21.780001,21.219999,21.59,13.142108,7314506.0,1.0210970932958274,0.9948428973277076,1.012189404594468,-0.4400000000000013,0.02435000000000187,-1348131.0,1.0110106443010634,1.0115796719804293,1.0114654966261503,0.9930191678357764,0.9922139153884828,0.989338647346129,1.0018417889750582,1.0037717210083794,1.001038133518828,0.018571285714285426,0.1307142857142856,0.06733336666666657,0.02000057142857159,0.06739335714285717,0.04605926666666669,-3242.285714285714,-355436.14285714284,-52297.8
2011-10-27,21.58,22.09,21.559999,22.0,13.39168,6806044.0,1.0236329935125117,0.999073169601483,1.019462465245598,0.25,0.2495719999999988,-508462.0,1.0130281897332913,1.011756213136835,1.0120127115301756,0.9930226306152622,0.9931319616704786,0.9901153131369688,1.004350427287788,1.0037909782278345,1.0023398033225475,0.07857128571428566,0.08999999999999986,0.07266666666666666,0.08087157142857139,0.056088571428571425,0.06046546666666662,-434162.28571428574,-439253.35714285716,-157065.83333333334
2011-10-28,22.4,22.530001,22.01,22.08,13.440377,16434494.0,1.0058036160714285,0.9825892857142858,0.9857142857142857,0.8200000000000003,0.048697000000000656,9628450.0,1.0129165439711532,1.0107207813782817,1.0122061653992231,0.9911401431423804,0.9921645250812429,0.9904542597053817,1.002040836602972,1.0017003533103852,1.0021530238099252,0.16285714285714242,0.1221427857142857,0.09400000000000001,0.06782828571428569,0.046957785714285674,0.05417550000000002,977603.4285714285,616744.6428571428,123833.23333333334
2011-10-31,22.049999,22.059999,21.68,21.68,13.196889,9913196.0,1.0004535147597966,0.9832199992390023,0.9832199992390023,-0.3500009999999989,-0.24348799999999926,-6521298.0,1.012981331793981,1.0102501504505195,1.01176443317329,0.9914194739135593,0.9921731904088487,0.9899795304033009,1.0011826631921503,1.00083712054206,1.0014244891061763,0.09999985714285689,0.05357142857142857,0.07833326666666665,0.04869671428571439,0.02087007142857151,0.03814596666666669,375293.0,11058.92857142857,71444.16666666667
2011-11-02,20.940001,21.07,20.690001,20.9,12.722095,15482430.0,1.0062081658926378,0.9880611275997552,0.9980897326604712,-1.109998000000001,-0.47479400000000105,5569234.0,1.0116371260586952,1.0101153595789054,1.0119544429700291,0.9897815158759418,0.9918306178904638,0.9903095195358566,1.0003688983846977,1.0004285640314134,1.00183482907886,-0.027142571428571825,-0.004285642857142946,0.041666666666666664,-0.02695685714285721,-0.007826071428571422,0.030232766666666678,946546.4285714285,623558.0,299799.76666666666
2011-11-03,20.66,20.75,20.440001,20.49,12.472523,13238485.0,1.0043562439496612,0.9893514520813165,0.9917715392061954,-0.2800009999999986,-0.2495719999999988,-2243945.0,1.0089899463893965,1.0102239847543537,1.0117231949072971,0.9884604749008365,0.9922177253912761,0.9904165819700523,0.9971916758211735,1.0000433553141677,1.001834332131113,-0.10714285714285714,-0.03571428571428571,0.039333333333333324,-0.10609000000000002,-0.026522499999999942,0.0237397666666667,774697.0,318107.9285714286,109578.36666666667
2011-11-04,20.9,21.139999,20.780001,21.02,12.795142,10004406.0,1.0114832057416268,0.9942584210526316,1.0057416267942585,0.23999999999999844,0.32261899999999955,-3234079.0,1.0104335476033557,1.0102259389710018,1.0120546846713343,0.9901994789451688,0.9919439951462822,0.9909602387401828,0.999455579064897,1.0003170957957528,1.0022137555883575,-0.12428571428571443,-0.003571500000000124,0.04666666666666662,-0.04608799999999975,0.0013045000000000734,0.033073400000000024,191681.2857142857,250818.35714285713,24259.933333333334
2011-11-07,21.0,21.25,20.9,21.190001,12.898621,7837803.0,1.0119047619047619,0.9952380952380951,1.0090476666666666,0.10000000000000142,0.1034790000000001,-2166603.0,1.009120357404632,1.0100655008528479,1.0121518449879554,0.99025593578951,0.9916375518126432,0.9909954112784384,0.9990067593609254,1.0004242741679918,1.0023919529736327,-0.047142857142856896,-0.014285785714285737,0.06966666666666667,-0.034783857142857144,-0.007391642857142777,0.04484180000000002,74756.71428571429,35757.21428571428,-33484.1
2011-11-08,21.51,21.690001,21.35,21.58,13.136021,13011285.0,1.0083682473268245,0.9925615992561599,1.00325430032543,0.5100000000000016,0.23739999999999917,5173482.0,1.0069396793781054,1.0099839345556985,1.0113846872190924,0.9893257114544637,0.9911741710348629,0.9910134202748824,0.9966913072294729,1.0005208672586303,1.0025890803650825,-0.009999999999999534,0.03428564285714307,0.09033336666666673,-0.036522714285714235,0.022174428571428578,0.05742193333333331,886463.0,226150.35714285713,87854.96666666666
2011-11-09,21.75,21.92,21.700001,21.76,13.245591,9458366.0,1.007816091954023,0.9977011954022988,1.0004597701149427,0.23999999999999844,0.10956999999999972,-3552919.0,1.0072271759327616,1.0100718599519574,1.0114525489035648,0.9914845556956086,0.9913123494189945,0.991427248850451,0.9987978050009954,1.0004193208019836,1.0030423110747517,-0.09285714285714265,0.034999999999999885,0.09066663333333339,-0.02782657142857151,0.02000085714285709,0.060465566666666665,-996589.7142857143,-9493.142857142857,-61137.933333333334
2011-11-10,20.440001,20.639999,20.41,20.52,12.94283,21362574.0,1.0097846374860746,0.9985322407763092,1.0039138452096945,-1.3099990000000012,-0.3027609999999985,11904208.0,1.008560193465087,1.0107707626295341,1.0108633303820105,0.9936720187723667,0.992545746342963,0.9914474064481286,1.0017540687110942,1.0014683659516224,1.0023264823824518,-0.22999971428571442,-0.06499992857142876,0.03800006666666664,-0.03629414285714283,0.006201285714285782,0.029880200000000023,1635625.4285714286,1005459.2142857143,368514.0333333333
2011-11-11,20.629999,20.75,20.530001,20.700001,13.056365,8248517.0,1.0058168204467677,0.9951527869681427,1.0033932139308392,0.18999800000000278,0.11353499999999883,-13114057.0,1.0085042869728198,1.0100707065157575,1.0108383674834924,0.9946851129678507,0.9922333144218961,0.9916225313506035,1.0025117088925752,1.0014403036386366,1.0025405979360895,-0.0442859999999996,-0.03571428571428571,0.027666666666666728,0.04775285714285715,0.010397999999999972,0.034679233333333316,-1033416.1428571428,-43434.857142857145,-136772.36666666667
2011-11-14,21.08,21.09,20.66,20.66,13.031137,7135691.0,1.0004743833017078,0.9800759013282734,0.9800759013282734,0.45000099999999676,-0.02522800000000025,-1112826.0,1.0079497354516838,1.0084698409205404,1.0105635819696177,0.9933600342888445,0.9909102545948405,0.991060957121375,1.0008409034814436,0.9990162896513085,1.0017397091769467,0.059999999999999734,-0.023571428571428705,0.05266666666666661,0.0798019999999998,-0.013144000000000109,0.037084733333333314,-871827.7142857143,-48565.357142857145,-28806.466666666667
2011-11-15,20.59,20.799999,20.5,20.700001,13.056365,7383488.0,1.0101990772219525,0.9956289460903351,1.0053424477901893,-0.48999999999999844,0.02522800000000025,247797.0,1.0077662885203018,1.0090999180618287,1.0107169523977964,0.993555823579945,0.9918776512625568,0.9915937964609426,1.0007838779094338,1.0001197284871652,1.0021383166393338,-0.0442857142857141,-0.08428571428571427,0.03133333333333337,0.03731757142857133,-0.0043852142857142085,0.03914313333333332,-374416.85714285716,-91367.78571428571,-225432.86666666667
2011-11-16,20.67,20.879999,20.469999,20.469999,12.911294,7289688.0,1.010159603289792,0.9903240928882439,0.9903240928882439,0.08000000000000185,-0.14507099999999973,-93800.0,1.0075169801467347,1.0083186687756833,1.010328655447512,0.9928538232442518,0.9915548795168808,0.9914840304195984,0.9981090816553733,0.9985579205081494,1.0014966356760793,-0.047142857142856896,-0.047142857142856896,0.06233336666666674,0.0018104285714284987,-0.016486714285714323,0.045264233333333334,-78302.14285714286,-1772.7142857142858,-99547.2
2011-11-17,20.5,20.709999,20.34,20.58,12.980674,8031160.0,1.0102438536585365,0.9921951219512195,1.0039024390243902,-0.1700000000000017,0.06938000000000066,741472.0,1.0077849239084078,1.0073623016432565,1.0106529951671115,0.9928014693435461,0.9910635903990048,0.9920285228841249,0.9982016728980818,0.9974464900637773,1.0021403259743384,-0.14428571428571452,-0.07714285714285703,0.03433336666666662,-0.02219242857142843,-0.029357571428571334,0.04372173333333335,-711446.4285714285,87508.28571428571,-30431.166666666668
2011-11-18,20.280001,20.370001,19.99,20.059999,12.65269,11468119.0,1.0044378696036553,0.9857001486341149,0.9891517756828514,-0.2199990000000014,-0.3279840000000007,3436959.0,1.007302320715498,1.0072647483241297,1.009775283128259,0.9910870340909483,0.9912857948932785,0.9916886133086809,0.996586245122069,0.997692025061532,1.0008556398646216,-0.20999985714285735,-0.1514285,0.026000033333333287,-0.08470014285714278,-0.05626335714285714,0.015136299999999991,287107.5714285714,-354741.0714285714,-27416.433333333334
2011-11-21,19.98,20.01,19.65,19.75,12.45716,7797338.0,1.0015015015015016,0.9834834834834834,0.9884884884884885,-0.3000009999999982,-0.19552999999999976,-3670781.0,1.0061190155748447,1.007339604519966,1.0091199526008812,0.9889372116205447,0.9913046151964556,0.9915973787030122,0.9943826227333251,0.9980683457222097,0.9998321606751301,-0.06571442857142833,-0.14785707142857138,-0.011333333333333329,-0.06938142857142868,-0.052837785714285754,-0.004975999999999973,-1937890.857142857,-151132.7142857143,-171941.76666666666
2011-11-22,19.49,19.74,19.35,19.540001,12.324707,11987561.0,1.012827090815803,0.9928168291431505,1.002565469471524,-0.490000000000002,-0.13245299999999993,4190223.0,1.0071204827704212,1.0078123848716207,1.008870866938369,0.9886035033598316,0.9916443081638411,0.9914868264089978,0.9942643735248515,0.9983880412087134,0.9994182418388949,-0.16285700000000045,-0.10357150000000002,-0.040000033333333344,-0.10452257142857135,-0.0283848571428571,-0.015275366666666675,534149.1428571428,-249633.5,139583.06666666668
2011-11-23,19.4,19.440001,19.02,19.1,12.047178,11265925.0,1.002061907216495,0.9804123711340207,0.984536082474227,-0.08999999999999986,-0.27752899999999947,-721636.0,1.0073472719011052,1.0076485036763945,1.0087048522539699,0.9886515704749383,0.9910058023818914,0.9913972826250477,0.9949015422599877,0.9978712228707157,0.9990592693215176,-0.23999999999999996,-0.09000000000000011,-0.06333330000000004,-0.14056557142857123,-0.03038178571428572,-0.02858433333333329,590033.4285714285,-140897.14285714287,50251.8
2011-11-24,19.0,19.27,19.0,19.01,11.990412,11529680.0,1.0142105263157895,1.0,1.0005263157894737,-0.3999999999999986,-0.056766000000001426,263755.0,1.0079203360573676,1.0078433122888346,1.0089086951946549,0.9892760067477475,0.9914159151638462,0.9916353778631428,0.9942135234027426,0.9974987006560881,0.9989498290541825,-0.22714285714285712,-0.13571428571428562,-0.06666666666666667,-0.15227900000000005,-0.057480714285714364,-0.028041600000000007,592313.1428571428,108948.14285714286,159235.4
2011-11-25,19.0,19.02,18.6,18.77,11.839031,13759252.0,1.0010526315789474,0.9789473684210527,0.9878947368421053,0.0,-0.15138099999999888,2229572.0,1.0066193400986754,1.007068160122705,1.0088492665308404,0.9876507603952918,0.9902522918197717,0.9914692252415133,0.9938664725390086,0.9959877770971909,0.9986408382406649,-0.23857142857142882,-0.14285714285714285,-0.07200000000000001,-0.1531804285714285,-0.075685,-0.033493566666666655,924223.4285714285,422960.64285714284,165809.26666666666
2011-11-28,18.950001,19.32,18.889999,19.200001,12.110252,11940531.0,1.0195250121622685,0.9968336677132629,1.0131926114410232,-0.04999899999999968,0.2712209999999988,-1818721.0,1.0079452198849228,1.0078650718966653,1.009118238712631,0.9883134097898694,0.9905574395667076,0.9914273260158705,0.9951936400270992,0.9966976564625905,0.9990169499536302,-0.22142842857142853,-0.18285707142857152,-0.06666666666666667,-0.12434600000000019,-0.07326921428571431,-0.022220900000000002,558481.5714285715,-76482.42857142857,181586.06666666668
2011-11-29,19.370001,19.51,19.110001,19.51,12.305784,8685348.0,1.0072276196578411,0.9865771819010233,1.0072276196578411,0.41999999999999815,0.19553200000000004,-3255183.0,1.0083437556069494,1.0078230381612236,1.0088874628492617,0.9884387002565704,0.9897628671737594,0.9909956220156032,0.9977759034520977,0.9971810742870832,0.9990062982937141,-0.13000000000000003,-0.16999992857142868,-0.06100000000000006,-0.04955800000000009,-0.06712907142857143,-0.023210666666666668,-397538.71428571426,-55215.57142857143,44938.2
2011-11-30,19.5,19.9,19.4,19.9,12.551772,20029228.0,1.0205128205128204,0.9948717948717948,1.0205128205128204,0.12999900000000153,0.24598800000000054,11343880.0,1.0110596583228522,1.0085893369488483,1.0092542176834585,0.9900656018834721,0.9895014067520084,0.9908563841731602,1.0023508080270023,0.9983667153801636,0.9996266590755918,-0.06857142857142863,-0.06714292857142848,-0.051000033333333285,0.013515999999999957,-0.02793271428571436,-0.00912689999999999,1747412.857142857,-95239.0,339468.26666666666
2011-12-01,20.5,20.549999,20.280001,20.5,12.930216,12210003.0,1.002438975609756,0.9892683414634146,1.0,1.0,0.378444,-7819225.0,1.0095756418648454,1.0083480623176333,1.0091160123235705,0.9895586750720813,0.9890810892159563,0.9906397722877922,1.001984312388213,0.9981243429565322,0.9995639450586586,0.14428571428571452,-0.009285642857142966,-0.025333333333333385,0.08650128571428566,-0.009010642857142846,-0.0011787666666666751,31777.428571428572,282963.28571428574,87291.1
2011-12-02,20.49,20.879999,20.41,20.879999,13.169899,10217817.0,1.0190336261591022,0.9960956564177649,1.0190336261591022,-0.010000000000001563,0.23968299999999942,-1992186.0,1.0120001731423607,1.009673722521733,1.009750466528874,0.9917991443983304,0.9902253574366344,0.9911341380403594,1.0069125329146238,1.000907037587306,1.0005574921601368,0.1557142857142857,-0.042142857142857135,-0.028666666666666767,0.16038871428571408,0.009911571428571417,0.010462899999999978,-149729.7142857143,220151.85714285713,97722.4
2011-12-05,20.860001,21.18,20.85,21.049999,13.277125,10468686.0,1.0153403156596206,0.9995205656989182,1.0091082450091924,0.370001000000002,0.10722600000000071,250869.0,1.012161571620051,1.0100409538387092,1.0097412235162067,0.9917306537838902,0.9905033302658188,0.991133929101554,1.008138522803155,1.0011760231029487,1.0007348974500219,0.26571442857142863,0.01928578571428576,-0.00899993333333337,0.18381614285714296,0.015768571428571448,0.012211066666666662,-151570.57142857142,220371.2857142857,53736.03333333333
2011-12-06,20.99,21.280001,20.940001,20.99,13.239282,10155720.0,1.01381615054788,0.997617960933778,1.0,0.12999899999999798,-0.037843000000000515,-312966.0,1.0139849314727556,1.0103021357857156,1.0094388784799775,0.994397881285708,0.9910243208405,0.9911012365024449,1.0098678461114257,1.001867159325217,1.000267827544993,0.2842857142857141,0.022857142857142625,-0.014000000000000058,0.20003585714285702,0.02342771428571425,0.0008042999999999504,-514790.28571428574,204716.57142857142,78003.8
2011-12-07,21.129999,21.299999,21.07,21.24,13.396967000000002,7792312.0,1.0080454334143603,0.9971604825915987,1.005205916005959,0.1399990000000031,0.15768500000000252,-2363408.0,1.0123449916516258,1.0101451057682742,1.0096611263523256,0.9944445691254703,0.9913789894576699,0.9916037394974212,1.0087268896207022,1.0019602648239005,1.0007782146089186,0.3114282857142859,0.044999928571428684,-0.0213333666666666,0.18381642857142896,0.029735214285714382,0.009306966666666779,-592602.7142857143,-17060.571428571428,-29010.833333333332
2011-12-08,21.18,21.24,21.030001,21.129999,13.327583,7660742.0,1.0028328611898016,0.9929178942398489,0.9976392351274789,0.050000999999998186,-0.06938400000000122,-131570.0,1.0117171690133344,1.010030462310142,1.0090523186154583,0.9953503851738741,0.9918945427152223,0.9915395727278259,1.007357120402079,1.0025665119270883,1.000293208960019,0.2585712857142859,0.06428564285714293,-0.004999999999999952,0.14597128571428591,0.04820664285714292,0.006182500000000009,-146372.2857142857,-271955.5,11541.2
2011-12-09,20.74,20.860001,20.530001,20.85,13.150977,8575994.0,1.0057859691417552,0.9898746865959499,1.005303760848602,-0.4400000000000013,-0.17660600000000137,915252.0,1.0096133331031822,1.0103364957130172,1.0084574178030996,0.9946365125630391,0.9923510572232557,0.9912329566276414,1.005184397592905,1.0037676028099536,0.9998212521467857,0.1771428571428569,0.054285714285714146,-0.027999999999999994,0.08560071428571422,0.04955835714285709,-0.00802343333333333,-1636176.2857142857,55618.28571428572,58998.333333333336
2011-12-12,21.08,21.110001,20.889999,20.950001,13.21405,7176516.0,1.0014231973434535,0.9909866698292221,0.9938330645161292,0.33999999999999986,0.06307300000000104,-1399478.0,1.009468221922282,1.0095219318935638,1.0083114038455006,0.9948819880438686,0.9922203315579748,0.9915128694314727,1.0043034068094947,1.0031438595988538,1.0000918781068473,0.08285714285714262,0.11357142857142856,-0.04400000000000001,0.04054771428571437,0.06352450000000001,-0.007544233333333317,-719069.5714285715,-343646.0714285714,-308599.26666666666
2011-12-13,20.6,20.9,20.6,20.74,13.081596,9168312.0,1.0145631067961163,1.0,1.0067961165048542,-0.4799999999999969,-0.13245400000000096,1991796.0,1.0088295762989983,1.0104148747206794,1.0087817235800445,0.9954397514127594,0.9936194479055448,0.9920722027901726,1.0025551911446022,1.004733862029613,1.0008777486823757,0.015714285714286142,0.08571428571428592,-0.04833329999999994,-0.012614714285714257,0.07388699999999991,-0.00384310000000004,-149929.2857142857,-149829.5,-24829.466666666667
2011-12-14,20.709999,21.08,20.709999,20.969999,13.226665,10971557.0,1.0178658144792763,1.0,1.0125543221899722,0.1099989999999984,0.14506900000000122,1803245.0,1.0091903618446634,1.010675966732357,1.0091703118662658,0.9955082420271996,0.9936194479055448,0.992470165203514,1.0030474878847138,1.0055930053439341,1.0013599016666923,-0.021428857142857232,0.1221427857142857,-0.007666733333333298,-0.007208571428571326,0.0883037857142858,0.016819000000000035,71838.71428571429,-39865.92857142857,-150362.43333333332
2011-12-15,20.91,20.940001,20.549999,20.780001,13.106826,15163958.0,1.001434768053563,0.9827833094213295,0.9937829268292682,0.20000100000000032,-0.1198390000000007,4192401.0,1.0074215929169037,1.0107032621948295,1.0090729293363958,0.9933890060968499,0.9938934436912791,0.9922512271148478,1.0021593345746092,1.0060135903430174,1.0014269479207947,-0.011428571428571186,0.13642857142857143,0.008333333333333333,-0.018922285714285638,0.09055678571428569,0.021143433333333305,715462.5714285715,100336.14285714286,64182.433333333334
2011-12-16,20.82,21.059999,20.65,20.93,13.201436,7663721.0,1.0115273294908742,0.9918347742555235,1.005283381364073,-0.08999999999999986,0.09460999999999942,-7500237.0,1.00791900664212,1.010131999146873,1.0090744001280374,0.9926281906202676,0.993536379872869,0.9921704388882777,1.0021704010543397,1.0054486453375209,1.001411673073122,-0.044285571428571605,0.13357135714285714,-0.0026666666666666098,-0.027933000000000367,0.0779417142857143,0.0135431333333333,-18370.14285714286,-305486.4285714286,-78022.83333333333
2011-12-19,20.719999,20.790001,20.540001,20.65,13.024829,9511264.0,1.0033784750665287,0.9913128374185731,0.9966216697211229,-0.1000009999999989,-0.17660699999999885,1847543.0,1.0079969514816525,1.0098570602474934,1.008790190566763,0.9923988967886569,0.9938746409812654,0.9920395969609603,1.0020250345677173,1.0046910774848983,1.000997473174937,-0.06571442857142833,0.09642842857142878,-0.00933336666666662,-0.04325057142857146,0.051360357142857235,0.004206933333333337,264360.28571428574,58994.0,55782.03333333333
2011-12-20,20.639999,20.700001,20.34,20.41,12.873447,9602537.0,1.0029070737842576,0.985465164024475,0.9888566370570077,-0.08000000000000185,-0.1513819999999999,91273.0,1.0075856807162957,1.008599506909739,1.0086081514486773,0.9917689649927318,0.9932027387778855,0.991803049119904,0.9996754454546325,1.0024299215237689,1.0005175510659898,-0.014285857142856986,0.08142849999999997,-0.0290000333333334,-0.03964714285714267,0.022976785714285772,-0.008752466666666632,146649.0,-744763.6428571428,-113624.93333333333
2011-12-21,20.700001,20.9,20.65,20.85,13.150977,7469844.0,1.0096617869728604,0.9975844928703143,1.0072463281523514,0.06000200000000078,0.2775299999999987,-2132693.0,1.0087626220919252,1.0091154220071037,1.008669674615972,0.9927115111414594,0.9937967495926641,0.9917991590355046,1.001591625974093,1.0029475163917938,1.0007437696672368,-0.05428557142857114,0.014285785714285737,-0.03499996666666665,-0.009010428571428721,0.015768642857142825,-0.003153799999999999,41904.0,-338582.78571428574,-66284.06666666667
2011-12-22,20.75,20.889999,20.48,20.549999,12.961754,10357413.0,1.006746939759036,0.986987951807229,0.9903613975903615,0.04999899999999968,-0.18922299999999836,2887569.0,1.0076460268009138,1.008237801549956,1.0085684180250707,0.9908526471139206,0.99314619926334,0.9914143494032019,0.999243808986308,1.000899500065455,1.000292021413259,0.021428571428571224,0.018571428571428683,0.010333300000000042,-0.017120285714285494,-0.014867499999999876,0.0006308000000000055,169871.57142857142,9971.142857142857,-366838.7
2011-12-23,20.85,20.85,20.66,20.74,13.081596,10760547.0,1.0,0.9908872901678657,0.9947242206235011,0.10000000000000142,0.11984199999999845,403134.0,1.0050937675895886,1.007142064717126,1.0083745240101785,0.9895508314236157,0.9925295367254076,0.991272166176526,0.9966966516196695,0.9998720697521916,1.000003054969681,0.020000142857143084,-0.0007143571428570741,0.007333366666666663,-0.02072414285714303,-0.01396635714285718,0.000841033333333326,-30144.285714285714,20847.214285714286,83734.33333333333
2011-12-28,20.93,20.93,20.469999,20.73,13.075285,5071049.0,1.0,0.9780219302436695,0.9904443382704252,0.0799999999999983,-0.006311000000000178,-5689498.0,1.0048888007247938,1.0061551968208489,1.0083587112334549,0.9888706343982356,0.9911298202475428,0.991203700473706,0.9962197103969775,0.9991895224857934,1.0003486695344193,0.0028571428571427964,-0.004285714285714194,-0.004999999999999952,-0.004505857142857244,-0.01171407142857144,0.0014715999999999952,-1441844.142857143,-363190.78571428574,-68821.4
2011-12-29,20.620001,20.66,20.43,20.65,13.024829,3450807.0,1.0019398156188257,0.9907855969551117,1.0014548495899684,-0.30999900000000125,-0.050455999999998724,-1620242.0,1.0035191558859298,1.005719081264025,1.0080834025133507,0.9887207519267484,0.9906744712735079,0.9910422555025318,0.995672777286391,0.9989215891703653,1.0002190829277453,-0.028571285714285972,-0.03642842857142879,0.001000033333333287,-0.025229571428571265,-0.026581285714285814,-0.0010511999999999707,-601844.8571428572,-310107.5,-131089.36666666667
2011-12-30,20.76,20.799999,20.459999,20.530001,12.94914,2355556.0,1.001926734104046,0.98554908477842,0.988921050096339,0.1399990000000031,-0.07568900000000056,-1095251.0,1.0033117643198608,1.0056543579007566,1.0078089735404925,0.9878973586924408,0.9901481277405487,0.9908830885655376,0.9945726887685649,0.9982988616681412,1.0001723148346817,0.005714428571428597,-0.029999999999999867,0.0029999999999999953,-0.010812714285714366,-0.02703164285714291,0.001261533333333335,-1022244.0,-378941.85714285716,-164471.06666666668
2012-01-03,20.790001,20.959999,20.68,20.68,13.04375,4087042.0,1.0081769115836021,0.9947089468634465,0.9947089468634465,0.030000999999998612,0.09460999999999942,1731486.0,1.0040645982911958,1.0058251395037456,1.007740075471328,0.989217899098008,0.9904934320453699,0.9909668827292786,0.9954087330266276,0.99754208924063,0.9998658650959836,0.021428857142857232,0.003571500000000124,0.009666700000000005,0.024328999999999823,-0.007659071428571426,0.0021025333333332934,-787927.8571428572,-320639.4285714286,-131470.6
2012-01-04,20.969999,21.110001,20.82,21.02,13.258204,8424846.0,1.006676299793815,0.9928469715234607,1.0023844064084122,0.1799980000000012,0.21445399999999992,4337804.0,1.0036381001227608,1.006200361107343,1.0078146898109999,0.9885411103341718,0.9906263107378156,0.9912051101589233,0.9947141727774934,0.998152899375793,1.0003069527868358,0.03857114285714301,-0.007857214285714065,0.022999933333333427,0.015318142857142851,0.0031538571428570655,0.02018379999999998,136428.85714285713,89166.42857142857,-101442.43333333333
2012-01-05,20.93,20.940001,20.65,20.74,13.081596,5164487.0,1.0004778308647873,0.9866220735785952,0.9909221213569039,-0.03999900000000167,-0.17660799999999988,-3260359.0,1.002742513137868,1.005194269969391,1.0077805674564426,0.9884888420157957,0.9896707445648582,0.9913097298287605,0.9947942761727138,0.997019042579511,1.0003880738824495,0.025714285714285672,0.023571428571428448,0.03166666666666664,0.017120285714285494,0.0,0.020814533333333312,-741846.5714285715,-285987.5,-87761.7
2012-01-06,20.75,20.790001,20.35,20.450001,12.89868,6930265.0,1.0019277590361446,0.9807228915662651,0.9855422168674699,-0.17999999999999972,-0.18291599999999875,1765778.0,1.0030179072858887,1.0040558374377386,1.0074172563971209,0.9870367850727098,0.9882938082481628,0.9909065985761976,0.9934825613504235,0.9950896064850465,0.9998206321289811,-0.014285714285714488,0.0028572142857142984,0.04200000000000005,-0.026130857142856963,-0.023427499999999997,0.01913243333333335,-547183.1428571428,-288663.71428571426,-168576.53333333333
2012-01-09,20.67,20.67,20.309999,20.540001,12.955449,6036830.0,1.0,0.9825834059022738,0.9937107402031929,-0.0799999999999983,0.05676899999999918,-893435.0,1.0030179072858887,1.0039533540053414,1.007348526156571,0.9876884244525105,0.988279529425373,0.9909789664018062,0.9939491901979618,0.9950844502974697,1.00012645405328,-0.03714285714285686,-0.017142857142857033,0.04233333333333344,-0.017119428571428483,-0.010812642857142864,0.03027569999999997,137968.7142857143,-651937.7142857143,-174303.16666666666
2012-01-10,20.73,20.870001,20.610001,20.75,13.087901,6207962.0,1.006753545586107,0.9942113362276893,1.0009647853352628,0.05999999999999872,0.13245200000000068,171132.0,1.0037055829955004,1.003612369440715,1.0070999601322483,0.9881778157771643,0.9884492838519563,0.9907860109427291,0.9938791810187182,0.9947759791525546,1.0001410697048063,0.015714142857143138,-0.006428571428571418,0.05766666666666668,0.009010285714285717,-0.008109642857142774,0.03658296666666671,393879.28571428574,-103982.78571428571,-177390.6
2012-01-11,20.85,21.15,20.84,21.08,13.296044,7647733.0,1.014388489208633,0.9995203836930455,1.0110311750599519,0.120000000000001,0.20814299999999974,1439771.0,1.005485833724727,1.004398799022294,1.0075444887199043,0.9901737156221108,0.9890355371572758,0.9914717781184622,0.9970377702992342,0.9958052295338996,1.0009122843120677,0.012857142857142836,0.009285785714285717,0.06166666666666672,0.04955771428571433,0.019372499999999983,0.048567099999999995,756025.2857142857,-133109.35714285713,-203717.3
2012-01-12,21.120001,21.24,20.959999,21.1,13.308662,11890143.0,1.0056817705643102,0.9924241480859779,0.9990529829993854,0.27000099999999705,0.012617999999999796,4242410.0,1.0051293850076852,1.0045969916494404,1.007083047333306,0.9898473157967583,0.9895326074473833,0.9913247941308859,0.9976583468900827,0.996533539958355,1.000440963364013,0.047142857142856896,0.03428585714285707,0.07233333333333328,0.037844571428571526,0.031086785714285674,0.03994700000000003,1114728.7142857143,163400.42857142858,-1679.6
2012-01-13,21.18,21.24,21.120001,21.200001,13.371736,5223426.0,1.0028328611898016,0.9971671860245515,1.0009443342776205,0.059999000000001246,0.0630740000000003,-6666717.0,1.0045803223499692,1.0041092112363648,1.0069365553843712,0.9904644892969141,0.9895027998155429,0.9916777942683369,0.9974526222999697,0.9960833975387314,1.000231520518006,0.030000142857142618,0.03428564285714281,0.06033330000000004,0.016218857142857295,0.015768500000000074,0.03553173333333337,-457345.71428571426,-160458.42857142858,-115397.4
2012-01-16,20.950001,21.07,20.700001,20.860001,13.157282,6111200.0,1.005727875621581,0.9880668263452589,0.9957040574842932,-0.2299989999999994,-0.21445399999999992,887774.0,1.005330328743797,1.0040364209408323,1.0064437238879966,0.9906708825492946,0.9895798622825451,0.9914509619841191,0.9981357560324537,0.9964650161025838,0.9994045617503883,0.0028572857142858004,0.014285785714285737,0.048333366666666676,0.010812285714285861,0.013966285714285678,0.02018366666666669,135244.7142857143,-303300.9285714286,-463934.26666666666
2012-01-17,21.049999,21.110001,20.92,21.049999,13.277125,5884599.0,1.0028504514418266,0.9938242752410583,1.0,0.09999799999999937,0.11984299999999948,-226601.0,1.0054621419446086,1.0042400246152485,1.0064574397490655,0.9925425087885508,0.9897896469306303,0.9916028264433738,1.0002011536228153,0.9968418574866194,0.9994045617503883,0.04285699999999996,0.014285642857142733,0.01833329999999999,0.05406357142857132,0.01396635714285718,0.011563633333333339,-149380.85714285713,-348282.0,-210846.8
2012-01-18,21.01,21.110001,20.790001,20.790001,13.113132,10111076.0,1.0047596858638743,0.9895288434079009,0.9895288434079009,-0.03999899999999812,-0.1639929999999996,4226477.0,1.0061420970680193,1.004580002176954,1.0059816417392247,0.9935347141464975,0.9906115692995039,0.9913839326763783,0.9996037397949165,0.9967764649964391,0.9984210689920149,0.04857142857142855,0.005714285714285846,0.017333333333333437,0.02252614285714292,0.0027033571428572195,-0.0018922333333332966,582035.1428571428,360001.9285714286,-3558.0333333333333
2012-01-19,20.969999,20.98,20.809999,20.82,13.132052,6150491.0,1.000476919431422,0.9923700520920388,0.9928469715234607,-0.040001000000000175,0.018919999999999604,-3960585.0,1.0052454361887784,1.0044755095921392,1.0054861951982845,0.9932716735556902,0.9907247446664272,0.9911455822228157,0.9984440521075161,0.9961616165631171,0.9978790265424904,0.03428557142857157,0.02499985714285735,0.003666600000000031,0.0063072857142856265,0.007658785714285672,-0.004835766666666667,-8210.142857142857,192834.57142857142,-143939.83333333334
2012-01-20,20.950001,20.98,20.799999,20.889999,13.176205,4237578.0,1.0014319331058743,0.9928400003417661,0.9971359428574729,-0.01999800000000107,0.044152999999999665,-1912913.0,1.00339449960267,1.0044401666636984,1.0050733879502178,0.992317333076936,0.9912455243495234,0.9909863168697487,0.9964590189357334,0.9967483946174838,0.9977835579710729,0.014285857142856986,0.013571499999999912,-0.0013332999999999373,-0.017119857142857242,0.016218928571428544,-0.002102566666666661,-487165.0,134430.14285714287,-197271.4
2012-01-23,20.879999,20.889999,20.780001,20.870001,13.163591,3219645.0,1.0004789272260022,0.9952108235254224,0.9995211685594428,-0.07000199999999879,-0.012613999999999237,-1017933.0,1.002651236268626,1.0038903106381556,1.0048211710772725,0.9927154295682853,0.9912813726825218,0.9909213282342095,0.9965259025871701,0.9970921247386265,0.9975940663895223,-0.03428599999999956,0.006428428571428668,-0.008333333333333333,-0.020724428571428533,0.008560071428571498,-0.007779200000000053,-1238642.5714285714,-61956.92857142857,-152422.23333333334
2012-01-24,20.950001,21.049999,20.870001,20.950001,13.21405,6111529.0,1.0047731739965071,0.9961813844304828,1.0,0.07000199999999879,0.05045900000000003,2891884.0,1.0029284238124412,1.003754373081205,1.0048858481708294,0.9925746007691326,0.9915195450330234,0.991030111240564,0.9963909976903673,0.9969218099951684,0.9976727585519396,-0.032856999999999914,-0.001428428571428648,-0.007666633333333313,-0.022526571428571427,-0.0031538571428570655,-0.0037844333333333442,126871.85714285714,-165236.92857142858,-51640.433333333334
2012-01-25,21.030001,21.42,20.99,21.42,13.510498000000002,12136738.0,1.018544887373044,0.9980979078412787,1.018544887373044,0.0799999999999983,0.2964480000000016,6025209.0,1.0047594254912215,1.0050448771175091,1.0053111454452057,0.9940076124114211,0.9923392474803577,0.9913042186154082,0.9996539733887603,0.998894864710607,0.9981141294360878,0.011428571428571186,0.007142928571428493,0.009666700000000005,0.05045942857142879,0.030635857142857326,0.011984033333333421,860791.1428571428,498017.9285714286,118691.46666666666
2012-01-27,21.5,21.73,21.4,21.5,13.56096,11003766.0,1.0106976744186047,0.9953488372093022,1.0,0.4699990000000014,0.050461999999997786,-1132972.0,1.0058804573450468,1.0056712996448278,1.005620294681044,0.9942254069783132,0.9933839578834319,0.9914496241947443,0.9996539733887602,0.9999275635057876,0.9983196939522169,0.06428585714285719,0.05357142857142857,0.014000000000000058,0.04054785714285712,0.04730571428571422,0.011563666666666646,731309.5714285715,290964.35714285716,127575.0
2012-01-30,21.540001,21.6,21.379999,21.469999,13.542035999999998,6199173.0,1.002785468765763,0.9925718666401177,0.9967501394266417,0.040001000000000175,-0.01892400000000194,-4804593.0,1.0055984263310311,1.0058702616995252,1.005227706746699,0.9946601245829155,0.9940974193647065,0.9912020197494148,1.0006855871057232,1.0001446634503197,0.9979848280496098,0.07571442857142838,0.06214292857142846,0.031333366666666626,0.061271999999999646,0.041899071428571286,0.015347999999999947,-558843.2857142857,11595.92857142857,-98971.3
2012-01-31,21.469999,21.559999,21.35,21.41,13.50419,7465592.0,1.004191895863619,0.9944108520917956,0.9972054493342081,-0.07000199999999879,-0.03784599999999827,1266419.0,1.0061291372499162,1.0056872867193474,1.0047719094595104,0.9949516674400237,0.9941116704978571,0.9910157148191413,1.001308226792973,0.9998761394502446,0.9974731989544176,0.07142857142857142,0.052857071428571496,0.025333333333333385,0.05316257142857138,0.029734928571428502,0.009250833333333297,187871.57142857142,89830.71428571429,-116865.5
2012-02-01,21.299999,21.379999,21.17,21.27,13.415889000000002,7402176.0,1.003755868720933,0.9938967602768433,0.9985915961780092,-0.1700000000000017,-0.08830099999999774,-63416.0,1.0064611280520677,1.0049278138273687,1.004849279481756,0.9951026331450346,0.9937099831109854,0.9913861631809918,1.001516177267335,0.9989875981015343,0.997633487932709,0.049999714285714196,0.03214278571428559,0.01299996666666665,0.034240571428571745,0.008560357142857253,0.010302100000000062,452085.4285714286,-17539.785714285714,-258726.06666666668
2012-02-02,21.5,21.52,21.290001,21.360001,13.472656,10247971.0,1.0009302325581395,0.9902326046511628,0.9934884186046512,0.20000100000000032,0.0567669999999989,2845795.0,1.0065256002423728,1.0045884182554994,1.0044960429173315,0.9943914590201405,0.9935534442942128,0.991332757527513,1.000654355845222,0.9985901292161962,0.9972403225073949,0.08857157142857121,0.027142785714285824,0.022666666666666658,0.04415214285714291,0.011713857142857189,0.009040666666666712,1004046.5714285715,-117298.0,86141.66666666667
2012-02-03,21.41,21.43,21.09,21.110001,13.314972,8668955.0,1.0009341429238674,0.9850537132181224,0.985987902849136,-0.08999999999999986,-0.1576840000000015,-1579016.0,1.0059771672319957,1.0044527955222184,1.0044145651792429,0.9928017917040889,0.9926881962366106,0.9911241200541647,0.998652627680813,0.99752181268559,0.9968858636116621,0.06571414285714283,0.01642857142857146,0.02300003333333329,0.014417428571428406,-0.004054571428571511,0.00967143333333329,365346.5714285714,246109.2142857143,-28076.966666666667
2012-02-06,21.379999,21.440001,21.25,21.33,13.453732,6589076.0,1.002806454761761,0.9939195974705143,0.9976614124256974,-0.030000999999998612,0.13876000000000133,-2079879.0,1.003728819716098,1.00424412260366,1.0044112112118262,0.9922048902225512,0.9931062513169862,0.9914059345023659,0.9956692741169062,0.9976616237528333,0.9971793561239516,0.0499997142857147,0.030714142857142943,0.024666666666666733,-0.008109428571428776,0.021175000000000006,0.01934283333333333,-792523.1428571428,34134.0,-100448.7
2012-02-07,21.15,21.700001,21.15,21.360001,13.472656,11476244.0,1.0260047754137116,1.0,1.0099291252955083,-0.22999900000000295,0.018924000000000163,4887168.0,1.005915548429685,1.0058980028873659,1.004955977493188,0.9928693420497937,0.9935473745140534,0.9914864514066888,0.9970877205876931,0.9983708469882266,0.9972687826953902,-0.050000000000000204,0.007142928571428493,0.014999966666666609,-0.012614857142857008,0.013966500000000057,0.010722633333333379,67496.85714285714,399403.21428571426,133546.66666666666
2012-02-08,21.379999,21.73,21.360001,21.610001,13.630342,14970804.0,1.016370487201613,0.999064639806578,1.0107578115415252,0.22999900000000295,0.157686,3494560.0,1.0078562653490921,1.0067273458400616,1.0052767624079406,0.9937968810735738,0.9942285028282447,0.9918890076733339,0.999088816604105,0.9998872018549141,0.997948663160429,-0.02285742857142838,0.026428499999999997,0.020999966666666717,0.012615142857143269,0.03694357142857146,0.02228626666666666,1253090.142857143,347123.4285714286,153779.7
2012-02-09,21.6,21.68,21.35,21.620001,13.636648999999998,7865155.0,1.0037037037037035,0.9884259259259259,1.0009259722222221,0.2200009999999999,0.006306999999997842,-7105649.0,1.0077865236119614,1.0069578304309388,1.005400219198064,0.9929418916213066,0.9939467795306652,0.9918069621986025,0.9996203198738213,1.000464273333397,0.9981553882137197,0.018571571428571434,0.04500007142857143,0.025,0.018922714285714144,0.03604264285714276,0.018501766666666638,57080.42857142857,122476.0,-96513.06666666667
2012-02-10,21.700001,21.700001,21.360001,21.42,13.510498000000002,6899595.0,1.0,0.98433179795706,0.9870967287052199,0.1000009999999989,-0.12615099999999657,-965560.0,1.0072499709375422,1.0068555494948048,1.005400219198064,0.9915754684327663,0.9933390507889005,0.9920172911223821,0.9979781959491371,0.9997471866082362,0.9980438012282129,0.05714314285714295,0.05357142857142857,0.02566670000000002,0.013515571428571451,0.0238780714285716,0.01450710000000009,-71797.28571428571,190144.07142857142,60951.53333333333
2012-02-13,21.52,21.84,21.440001,21.77,13.731258,7221280.0,1.0148698884758365,0.9962825743494423,1.0116171003717471,-0.18000100000000074,0.2207599999999985,321685.0,1.0092413503543562,1.0078834752983645,1.005831221626631,0.9924397498182346,0.9934156044191875,0.9922005237021932,1.0005680076301509,1.0006111817376864,0.9983825429209389,0.0028571428571427964,0.045714357142857,0.029999966666666704,0.03694314285714283,0.040547642857142865,0.02354763333333333,-432384.4285714286,285831.0714285714,125682.43333333333
2012-02-14,21.76,21.860001,21.559999,21.690001,13.680801,7093306.0,1.0045956341911764,0.9908087775735294,0.9967831341911764,0.240000000000002,-0.05045699999999975,-127974.0,1.0097644205354004,1.0078707938836982,1.0059201849628687,0.9932619018690072,0.993031846786548,0.9923758467953636,1.0021101835361566,1.0003814056084848,0.9986446123907667,0.050000000000000204,0.057857071428571515,0.03333333333333333,0.052261285714285934,0.03333935714285717,0.024388700000000027,-225092.7142857143,70126.92857142857,157925.0
2012-02-15,21.74,21.76,21.5,21.700001,13.68711,7801508.0,1.000919963201472,0.9889604415823368,0.9981601195952163,-0.020000000000003126,0.006308999999999898,708202.0,1.0094949217410734,1.0066118707285858,1.0056782866834644,0.9925534510278389,0.9923791706251951,0.9921842299526599,1.0021814274175165,0.9989253507672115,0.9987596514818258,0.05142871428571384,0.05071421428571427,0.03166663333333328,0.0333397142857143,0.01261514285714276,0.021445333333333375,173204.57142857142,-309659.28571428574,123815.53333333334
2012-02-16,21.6,21.6,21.120001,21.200001,13.371736,11759373.0,1.0,0.977777824074074,0.9814815277777778,-0.13999999999999702,-0.31537400000000027,3957865.0,1.0057799538248289,1.0058477511272568,1.0054557433570037,0.9893788544669924,0.991124098258393,0.9916819250376804,0.9981174849149834,0.9976026027513384,0.9980628888608045,0.0642857142857147,0.007142857142857244,0.021000033333333334,-0.014417142857142906,-0.013515999999999957,0.003784400000000036,40447.0,53971.92857142857,111150.9
2012-02-17,21.549999,21.66,21.4,21.549999,13.592495,9859201.0,1.0051044549932462,0.9930394892361711,1.0,-0.05000100000000174,0.22075899999999926,-1900172.0,1.004170520652205,1.0060133930006485,1.005609964161286,0.9885181186712199,0.9911574998723969,0.9918958388929329,0.9965806546947658,0.9978347356494354,0.9983654848155744,0.024285714285714022,0.000714142857142822,0.020666633333333333,-0.005406714285714439,0.003604214285714415,0.017029966666666674,-730229.0,261430.57142857142,156490.46666666667
2012-02-20,21.799999,21.969999,21.75,21.950001,13.844795,7416057.0,1.0077981654953287,0.9977064677847004,1.0068808260037077,0.25,0.25229999999999997,-2443144.0,1.0047554437652944,1.0062709836886277,1.005805644376592,0.9898439103653305,0.9913929009933186,0.9924619581002141,0.9974313480921208,0.9985258339829709,0.9990767717867824,0.028571285714285466,0.023571428571428448,0.03499996666666665,0.02973514285714301,0.024328928571428574,0.03153716666666663,-64156.857142857145,-3538.214285714286,16193.066666666668
2012-02-21,21.950001,22.07,21.780001,22.0,13.87633,7137453.0,1.0054669245800945,0.9922551256375797,1.0022778586661567,0.15000200000000063,0.03153499999999987,-278604.0,1.0055364329910221,1.0063932019642823,1.0059878751959284,0.9909758143196906,0.9912756413762285,0.9927843487580575,0.9996000809436831,0.9987891384464102,0.9993623424022146,0.03571428571428571,0.04642871428571433,0.04266669999999995,0.052261714285713926,0.03288864285714269,0.03069603333333332,33979.71428571428,-18908.785714285714,36687.433333333334
2012-02-22,21.91,22.200001,21.84,22.139999,13.964633,6735401.0,1.0132360109539023,0.9968051118210862,1.0104974440894567,-0.040001000000000175,0.0883029999999998,-402052.0,1.00530302191646,1.0072721861354081,1.006203957374855,0.9910504625299253,0.9917451061740801,0.9928708079445041,0.999440130046213,1.000004068838182,0.999680097694021,0.05571428571428579,0.029285714285714297,0.039333333333333324,0.03333928571428554,0.035141214285714185,0.02922439999999996,-69411.28571428571,-250897.85714285713,17581.3
2012-02-23,22.049999,22.1,21.91,22.07,13.920482000000002,5059478.0,1.002267619150459,0.9936508387143238,1.0009070748710691,0.13999899999999954,-0.04415099999999761,-1675923.0,1.0049704483392146,1.0073674344373076,1.0057999283729158,0.9914564712643246,0.9923591865666659,0.9926751564452133,1.000029264429055,1.0010697239826059,0.9993426276877249,0.041428428571428304,0.045714214285714254,0.03999996666666661,0.03424014285714299,0.04325071428571446,0.020814600000000048,-290546.85714285716,-257819.7857142857,-86275.16666666667
2012-02-24,22.18,22.200001,22.059999,22.200001,14.002479999999998,10122737.0,1.0009017583408477,0.9945896753832282,1.0009017583408477,0.13000100000000003,0.0819979999999969,5063259.0,1.0049678476448398,1.0072313846929566,1.0056405946321336,0.9922606475215948,0.9924070492747168,0.992747340688455,1.0004209271070024,1.0013011772622593,0.9994042535324403,0.06285714285714304,0.05714292857142844,0.03533330000000004,0.045052857142856846,0.03919628571428557,0.023127266666666615,331604.14285714284,252404.35714285713,-58913.53333333333
2012-02-27,22.18,22.27,21.969999,22.08,13.92679,4411291.0,1.0040577096483319,0.9905319657348963,0.9954914337240757,0.0,-0.07568999999999804,-5711446.0,1.0055475204517443,1.0056637371382866,1.0056814229140847,0.9940826677588551,0.9917307611129237,0.9925261666787999,1.0024223422421878,1.0002699135785857,0.9992224901806555,0.08285714285714262,0.07357142857142865,0.03333333333333333,0.0792934285714286,0.032438142857142846,0.018501800000000006,-1049726.0,-504639.5,-27071.166666666668
2012-02-28,22.129999,22.139999,21.790001,21.879999,13.800642000000002,8772322.0,1.000451875302841,0.9846363300784604,0.9887031174289705,-0.050000999999998186,-0.12614799999999882,4361031.0,1.0048828662102578,1.0045266934312314,1.0055055562367934,0.9928822164506107,0.9907001675609152,0.99241181680324,1.0008085018748978,0.9986945782848318,0.9989891255121447,0.08285714285714312,0.05357142857142857,0.03933326666666671,0.029735285714286012,0.012164285714285785,0.021445333333333375,-155268.42857142858,-442748.71428571426,88704.06666666667
2012-02-29,21.959999,22.08,21.799999,21.950001,13.844795,9427594.0,1.0054645266604976,0.9927140251691268,0.9995447176477559,-0.1700000000000017,0.04415299999999789,655272.0,1.0045494892338536,1.0046524664995737,1.0055926920774156,0.9921690103626715,0.9910064603640011,0.9923748084675089,0.9997604863954761,0.9985959172437983,0.9989739494337365,0.022857142857142878,0.02571421428571417,0.030333333333333337,0.0,0.014867571428571504,0.018922333333333322,287362.4285714286,111602.78571428571,118099.83333333333
2012-03-01,21.85,21.93,21.690001,21.690001,13.680801,6749594.0,1.0036613272311212,0.9926773913043477,0.9926773913043477,-0.1099989999999984,-0.16399399999999886,-2678000.0,1.0042915467554288,1.0049139898732253,1.0055560801229906,0.9922293340293528,0.9916025741745217,0.9924797600640571,0.9983889910580748,0.998994536000879,0.9990789010302847,-0.014285857142856986,0.010714214285714365,0.027999999999999994,-0.027932714285714106,0.012164499999999911,0.018922300000000013,-55408.42857142857,-10714.357142857143,-112049.4
2012-03-02,21.969999,22.120001,21.870001,22.0,13.87633,7806297.0,1.006827583378588,0.9954484294696598,1.001365543985687,0.11999899999999997,0.19552899999999873,1056703.0,1.0033760571018122,1.0043395395091361,1.0057677689212297,0.9920355222648632,0.9915429923973944,0.9925823726433112,0.9970844339003934,0.9982622819733032,0.9993628534456924,0.008571285714285892,0.032142785714285846,0.03333333333333333,-0.012614714285714257,0.010362285714285642,0.024809266666666652,152985.14285714287,41786.92857142857,55193.53333333333
2012-03-05,21.940001,22.24,21.940001,22.200001,14.002479999999998,7202476.0,1.0136736092218044,1.0,1.0118505008272334,-0.029998000000002634,0.1261499999999991,-603821.0,1.0050054842548617,1.0049879662970382,1.0061758247917605,0.9929425453056743,0.9921995082849994,0.9928210392985856,0.9986477804655597,0.9993385224473074,0.999853338711351,-0.015714000000000134,0.012857214285714085,0.032999999999999946,0.011713999999999558,0.022977071428571274,0.027542499999999966,306142.5714285714,7797.857142857143,98829.93333333333
2012-03-06,22.200001,22.35,22.07,22.09,13.933099,9065288.0,1.0067567114073555,0.9941440993628784,0.9950450002231982,0.26000000000000156,-0.06938099999999814,1862812.0,1.0058419061215056,1.0054048768831727,1.0063850842644724,0.9928788915884813,0.9925697695550381,0.9927854818265007,0.9978111007344669,0.9991160139207346,0.9997041331001429,0.0028572857142858004,0.03285721428571442,0.04400006666666663,-0.009911571428571162,0.017570642857142844,0.025650266666666668,-151064.14285714287,90270.0,194854.76666666666
2012-03-07,21.950001,21.98,21.700001,21.75,13.718643,7917029.0,1.0013666969764603,0.9886104788787937,0.9908883375449504,-0.25,-0.2144560000000002,-1148259.0,1.0054574757398098,1.005502498095777,1.0062715350304707,0.9926043934661809,0.993343530612518,0.9925331183081112,0.9971535155660204,0.9997879289041041,0.9994004110183078,-0.032856999999999914,0.02500007142857135,0.03333333333333333,-0.02973528571428576,0.024779071428571418,0.016819766666666663,500819.71428571426,-274453.14285714284,60183.333333333336
2012-03-08,21.889999,21.889999,21.620001,21.790001,13.743872,8694441.0,1.0,0.9876656915333801,0.9954317951316489,-0.06000200000000078,0.025228999999999502,777412.0,1.005392922125118,1.005137894167688,1.005653372118036,0.9930371593883124,0.9929596879194615,0.9921853777645145,0.9981147552378316,0.9994616285563647,0.9986299746102614,-0.03428571428571457,0.024285714285714275,0.02866660000000003,-0.008110000000000284,0.010812642857142864,0.007779133333333258,-11125.857142857143,-83197.14285714286,-114743.23333333334
2012-03-09,21.9,21.99,21.709999,21.93,13.832179,6466626.0,1.0041095890410958,0.9913241552511416,1.0013698630136987,0.010000999999999038,0.08830700000000036,-2227815.0,1.0051993596080606,1.004874424420957,1.0054337692721191,0.992838606542886,0.9925038084527787,0.9920512216992425,0.9983754902901092,0.9990679883427926,0.998675636710718,-0.008571285714285892,0.007142928571428493,0.013333333333333286,-0.0018022857142856452,-0.0009011428571428226,0.009040633333333345,-422995.4285714286,-67816.5,-151238.0
2012-03-12,21.870001,21.91,21.68,21.74,13.712337,5741891.0,1.0018289436749455,0.9913122546267831,0.9940557387263037,-0.02999900000000011,-0.11984200000000023,-724735.0,1.004937590528607,1.0046145686420178,1.0054018851024251,0.9926435870175194,0.992436460523436,0.9920092346321314,0.9985723970646744,0.9984806940613746,0.99858582335404,0.0028572857142852926,-0.005714285714285846,0.010999999999999944,0.004505142857142731,-0.011713785714285687,0.0056767000000000675,-143957.57142857142,-99683.0,-15242.733333333334
2012-03-13,21.82,22.18,21.790001,22.110001,13.945712,8145241.0,1.0164986251145738,0.9986251604032997,1.0132906049495876,-0.050000999999998186,0.23337500000000055,2403350.0,1.0063191679194623,1.0048476125106374,1.0058121094107901,0.9930974057223253,0.9925664639935942,0.9921497115758483,1.0002759772023746,0.9986802055513839,0.9991219952078861,-0.02142842857142873,-0.006428571428571418,0.011666699999999964,0.009911714285714421,-0.0013514999999999183,0.014717400000000028,48420.57142857143,100702.85714285714,22654.966666666667
2012-03-14,22.280001,22.4,22.26,22.299999,14.065554999999998,9294211.0,1.005385951284293,0.9991022890887663,1.0008975762613297,0.46000099999999833,0.1198429999999977,1148970.0,1.005135216785532,1.005070350520197,1.0058664454962356,0.9929691613064346,0.9929558533060544,0.9923232292029123,0.9987112736929596,0.9986795270792597,0.9991988612106635,0.04857142857142855,0.01642871428571421,0.032666733333333295,0.009010714285714221,0.01036235714285689,0.02165553333333321,298819.28571428574,302480.9285714286,63067.833333333336
2012-03-15,22.4,22.49,22.26,22.280001,14.052938,9631350.0,1.004017857142857,0.9937500000000001,0.9946429017857142,0.11999899999999997,-0.012616999999998768,337139.0,1.0047439518906036,1.0052929290060546,1.005969366315726,0.9929128613974522,0.9928958764929667,0.9924404757145402,0.9986538310590333,0.9982324658967502,0.9992373439833655,0.028571285714285466,0.015714285714285632,0.029999999999999954,0.01711985714285699,0.003604142857142913,0.01934273333333329,80866.0,-35099.07142857143,-20554.033333333333
2012-03-16,22.33,22.51,22.299999,22.51,14.19801,7307750.0,1.008060904612629,0.9986564711150918,1.008060904612629,-0.07000000000000028,0.14507200000000076,-2323600.0,1.005700267267199,1.0055788715035043,1.006206925038685,0.9943480031454948,0.9934761983058378,0.9928939009777725,1.0011070549258445,0.9991302852459325,0.9999731107088153,0.05428557142857114,0.010714285714285612,0.030666666666666606,0.06848099999999999,0.019372857142857112,0.02943460000000003,-87039.85714285714,206889.92857142858,-45373.5
2012-03-19,22.59,22.700001,22.469999,22.57,14.235853,7392687.0,1.0048694555112883,0.9946878707392652,0.9991146525011066,0.26000000000000156,0.037843000000000515,84937.0,1.0063959037688117,1.005894412946965,1.006275691730336,0.9953511716034783,0.9941941654958953,0.992919510086731,1.0016331774071958,0.9998739663225137,1.0000215520446623,0.1000001428571429,0.03285721428571416,0.04033336666666661,0.07028300000000012,0.031086499999999923,0.026070700000000002,-185964.85714285713,-98545.35714285714,26787.033333333333
2012-03-20,22.540001,22.700001,22.41,22.530001,14.210629,4964810.0,1.0070984912556127,0.9942324314892443,0.9995563442965242,-0.04999899999999968,-0.02522399999999969,-2427877.0,1.006822889799457,1.0060111247037589,1.0056454822583991,0.9957666396374929,0.9943026230901894,0.9927272578030392,1.0013741033047423,0.9998747967974257,0.9996757926780295,0.09142871428571452,0.04142871428571431,0.04633336666666672,0.054064285714285835,0.026131000000000095,0.024599100000000006,-214545.14285714287,-318770.28571428574,-217047.8
2012-03-21,22.48,22.68,22.379999,22.42,14.141246,5654494.0,1.008896797153025,0.9955515569395018,0.9973309608540926,-0.06000099999999975,-0.0693830000000002,689684.0,1.0078325831534685,1.0063850868410378,1.0053963592567794,0.9963722542535957,0.9945079206355575,0.9926101550408031,1.0018419921801407,1.0002071946224074,0.9992282309884484,0.08714271428571456,0.04499999999999993,0.03666669999999996,0.06127271428571441,0.03288892857142857,0.017030133333333333,-12485.285714285714,-78221.42857142857,-310543.6666666667
2012-03-22,22.459999,22.709999,22.459999,22.65,14.286310999999998,5997194.0,1.0111308998722572,1.0,1.008459528426515,-0.0200010000000006,0.1450649999999971,342700.0,1.0070657652617088,1.0066924665905854,1.005643932462398,0.996568659910267,0.9948330328162961,0.9929959575099389,1.0011518383911302,1.0007139077967522,0.9994793495285915,0.09142842857142851,0.034999999999999885,0.02866663333333328,0.04865699999999963,0.029284357142857025,0.021655399999999977,-306863.85714285716,-129221.64285714286,-62265.36666666667
2012-03-23,22.559999,22.93,22.530001,22.74,14.34308,7022298.0,1.016400754273083,0.9986703013594991,1.0079787680841652,0.10000000000000142,0.056769000000002734,1025104.0,1.0086393085458218,1.0068872626656769,1.0061906242715009,0.9965069473775147,0.9947380543419746,0.9934739076233536,1.0021634372229637,1.0004373554579618,1.0001754175078896,0.03999971428571466,0.044285571428571605,0.02866660000000003,0.03964642857142892,0.02432857142857157,0.027752733333333286,-324559.0,-12869.857142857143,4090.1
2012-03-26,22.690001,22.98,22.66,22.809999,14.387228,5761103.0,1.0127809161401096,0.9986777876298905,1.005288585046779,0.1300019999999975,0.044147999999999854,-1261195.0,1.0098911741168577,1.0073175630037308,1.0061209918603098,0.9972109170389275,0.9950618892181898,0.9935537480660351,1.0036842491174016,1.0011690400882176,0.9999644669970574,0.04142871428571431,0.034999999999999885,0.03900003333333331,0.04775571428571444,0.03243778571428572,0.021865666666666665,-552892.4285714285,-236013.2142857143,-48672.566666666666
2012-03-27,23.02,23.27,23.02,23.18,14.620605,10460242.0,1.0108601216333624,1.0,1.006950477845352,0.3299990000000008,0.23337699999999906,4699139.0,1.0102910622626768,1.007995664764938,1.0063298081083827,0.9974028497367716,0.9958754264411331,0.9938601221469175,1.0035256167220763,1.0023163358239604,1.0003033784521966,0.09857142857142875,0.07642849999999994,0.04199999999999993,0.0603707142857142,0.06442585714285709,0.03132679999999996,450356.0,181658.07142857142,112231.2
2012-03-28,23.16,23.6,23.120001,23.450001,14.790906,10678413.0,1.0189982728842832,0.9982729274611398,1.0125216321243524,0.14000000000000057,0.17030100000000026,218171.0,1.0123094647445332,1.0093526842566727,1.0069324184311432,0.9979150006970394,0.9966330861502588,0.9941705383428777,1.0054408995253972,1.0035370384662963,1.0007820955365012,0.08142857142857148,0.09071435714285718,0.04733333333333339,0.0792932857142856,0.07478814285714286,0.03679319999999997,469389.4285714286,141712.2857142857,95896.83333333333
2012-03-29,23.549999,23.68,23.389999,23.459999,14.797215,10604084.0,1.0055202125486289,0.9932059445098066,0.9961783437867662,0.38999899999999954,0.006308999999999898,-74329.0,1.0120839963578214,1.009453443078639,1.0071164255160974,0.9977683596999769,0.9967674996687349,0.9946848090240688,1.0049583280240033,1.0031662156643726,1.0012719894034674,0.1442854285714285,0.1178570714285715,0.0649999666666666,0.08379799999999982,0.06893114285714283,0.047515966666666645,805610.5714285715,295532.71428571426,-38509.63333333333
2012-03-30,23.440001,23.6,23.26,23.26,14.671064,17541773.0,1.0068258956132299,0.992320776778124,0.992320776778124,-0.10999800000000093,-0.12615100000000012,6937689.0,1.0117881532807078,1.009810368217088,1.0071738068700968,0.9973068196769229,0.9968395369652593,0.9946608519421338,1.004242587441722,1.0030422898109312,1.0010160152960716,0.13714299999999977,0.11214285714285717,0.06300006666666663,0.07568828571428554,0.06848049999999997,0.0359523,1698182.7142857143,842848.7142857143,256085.73333333334
2012-04-02,23.5,23.59,23.049999,23.059999,14.544913,8970121.0,1.0038297872340425,0.9808510212765957,0.9812765531914894,0.059999000000001246,-0.12615100000000012,-8571652.0,1.0107451371895342,1.0089054512256215,1.0070415275947207,0.9945712512878652,0.9955699555990661,0.994099003725197,1.0003593052652897,1.00075557182821,1.0001625395356644,0.14857157142857144,0.11999999999999998,0.05666670000000001,0.03694314285714308,0.042800071428571354,0.023337266666666658,424703.85714285716,58920.0,51802.13333333333
2012-04-03,23.07,23.209999,22.91,22.99,14.500764000000002,7933211.0,1.0060684438664933,0.9930645860424794,0.9965322930212396,-0.4299999999999997,-0.04414899999999733,-1036910.0,1.0092690928457357,1.0089542006957788,1.0070615782376007,0.9937704348140051,0.9951386910957599,0.9941259857386936,0.9987240945420146,1.0004437658824892,0.9999710206808337,0.07285728571428558,0.05642850000000012,0.0373333,0.022526285714285926,0.031086357142857426,0.020814466666666753,130130.42857142857,-97214.28571428571,26525.266666666666
2012-04-04,22.799999,23.049999,22.790001,23.01,14.513381,7213844.0,1.010964912761619,0.9995614912088373,1.009210570579411,-0.2700010000000006,0.012616999999998768,-719367.0,1.0090096637916657,1.0094504189542617,1.0069858749645244,0.9938966781824261,0.9955537976106769,0.9942178650516187,0.9992843781895334,1.0014843136534677,0.9999281248971655,0.015714000000000134,0.02857135714285722,0.029666633333333317,0.0180218571428572,0.03288878571428582,0.018291600000000054,207534.42857142858,-172679.0,15948.1
2012-04-05,22.950001,23.08,22.77,23.040001,14.532301,5952048.0,1.0056644441976277,0.992156819513864,1.0039215684565765,0.15000200000000063,0.018919999999999604,-1261796.0,1.0082674241579892,1.009279243210333,1.007099102466097,0.9927762238272638,0.9950895367820177,0.9941680644116034,0.9988516768482798,1.001188646785178,1.0000286080166825,-0.009999857142857036,0.04428578571428586,0.03000006666666669,-0.012614857142857008,0.023877928571428595,0.020393966666666628,-644027.7142857143,-96835.85714285714,29752.333333333332
2012-04-10,22.799999,23.059999,22.799999,22.98,14.494457,6560878.0,1.011403509272084,1.0,1.0078947810480168,-0.15000200000000063,-0.03784399999999977,608830.0,1.007182457927675,1.0097459613361042,1.0074491608304712,0.9930229484756724,0.995468974586356,0.9943484085654959,0.9981906981230891,1.001815798824243,1.000261708773588,-0.05142871428571435,0.014999928571428558,0.020666633333333333,-0.04234985714285701,0.01847171428571429,0.016399233333333405,-588219.2857142857,-59414.92857142857,-118728.63333333333
2012-04-11,22.799999,22.85,22.690001,22.77,14.362004,7470594.0,1.002193026411975,0.9951755261041897,0.9986842543282568,0.0,-0.13245299999999993,909716.0,1.0067071456224388,1.0093955709901299,1.0073870047225928,0.9933043172748699,0.9955363384874235,0.994503193911139,0.998548685343302,1.0017535066836525,1.0003681361270607,-0.10714285714285714,0.01857128571428568,0.020666633333333333,-0.062172999999999846,0.010812499999999987,0.01450713333333334,-447641.4285714286,178984.57142857142,101976.76666666666
2012-04-12,22.940001,22.98,22.75,22.98,14.494457,4699164.0,1.0017436354950464,0.9917174807446609,1.0017436354950464,0.14000199999999907,0.13245299999999993,-2771430.0,1.0059811084626982,1.008884630871703,1.0074300633956663,0.9932181321272324,0.9952624759020777,0.9947392322666789,0.999894808017148,1.0020686977294349,1.0008028200625967,-0.07142857142857142,0.03285721428571416,0.027000066666666576,-0.025229571428571265,0.02522935714285714,0.023127166666666633,-1834658.4285714286,-68237.85714285714,-135771.93333333332
2012-04-13,23.18,23.200001,22.870001,22.98,14.494457,5641305.0,1.0008628559102675,0.9866264452113891,0.9913718723037102,0.23999900000000096,0.0,942141.0,1.0055572611307304,1.0081511991601324,1.0072766743706587,0.9940431926893457,0.9943072219886054,0.9945363129347543,1.0013369964617511,1.0008481508635205,1.0005303918844617,-0.045714285714285756,0.051428642857142846,0.04066669999999999,-0.007207999999999818,0.014867571428571631,0.021655400000000036,-475545.14285714284,-25420.64285714286,-126209.63333333333
2012-04-16,22.860001,23.18,22.860001,23.120001,14.582762,7635810.0,1.0139982058618457,1.0,1.0113735778051802,-0.31999899999999926,0.08830500000000008,1994505.0,1.0066900842729236,1.0079795885593297,1.0076212369916828,0.9950339661118487,0.9944022004629269,0.9947803998912761,1.003457180002314,1.0010906372721642,1.0011535981011561,-0.029999857142857116,0.021428714285714228,0.033666699999999966,0.011713999999999811,0.01712014285714287,0.030065366666666666,-42485.857142857145,43822.28571428572,29540.533333333333
2012-04-17,23.15,23.25,22.959999,23.0,14.507074,6593015.0,1.0043196544276458,0.9917926133909288,0.9935205183585314,0.2899989999999981,-0.07568800000000131,-1042795.0,1.0057407616537846,1.0073752127227251,1.0075376393599849,0.9939241264235762,0.9939104023030011,0.9946585393553184,1.0012157439707596,1.0002500610801468,1.0008920972469177,0.0500001428571427,0.032857071428571416,0.03933336666666657,-0.0009010000000001993,0.0085604285714285,0.0210248,-88689.85714285714,59422.28571428572,-40442.73333333333
2012-04-18,23.26,23.370001,23.200001,23.26,14.671064,7174809.0,1.0047291917454857,0.9974205073086844,1.0,0.11000000000000298,0.16399000000000008,581794.0,1.0056071541606215,1.0069372891593054,1.0072394921107741,0.9946760818228361,0.99372615282505,0.9945725562656078,1.0006555199055345,0.9997535983769072,1.0004970805526765,0.044285571428571605,0.017142857142857286,0.04399996666666676,0.01982328571428558,0.003604214285714288,0.022286133333333364,174680.14285714287,-234673.7857142857,-922.2333333333333
2012-04-19,23.299999,23.52,23.26,23.299999,14.696297,8421873.0,1.0094421034095322,0.9982833046473523,1.0,0.03999899999999812,0.02523300000000006,1247064.0,1.0053269533231142,1.0062547056253945,1.0073290051775132,0.9944308396296008,0.9937268940526367,0.9947105297750903,0.9995276940415322,0.9988591960823107,1.0006622472119033,0.07142857142857142,0.009999928571428538,0.03666659999999998,0.02883428571428556,-0.006757785714285726,0.025439933333333307,265856.4285714286,-161181.42857142858,-21447.166666666668
2012-04-20,23.389999,23.48,23.299999,23.450001,14.790906,5278478.0,1.0038478411221823,0.996152201631133,1.0025652844192083,0.08999999999999986,0.09460900000000017,-3143395.0,1.0055633554245722,1.0061352505235055,1.0074117099823707,0.9945703647048783,0.9939373409898742,0.9949619205335016,1.000082126911668,0.999315406127485,1.0010514787743785,0.08428571428571427,-0.011428571428571439,0.04799993333333331,0.061271714285714145,-0.0004506428571428499,0.035742099999999985,-313159.4285714286,-380400.4285714286,-87951.7
2012-04-23,23.5,23.57,23.459999,23.459999,14.797215,4078531.0,1.0029787234042553,0.998297829787234,0.998297829787234,0.11000100000000046,0.006308999999999898,-1199947.0,1.0057397965544592,1.0058604525085788,1.0075110007625125,0.9955104145681031,0.9943642733476679,0.9953163251419634,0.9995898689534092,0.9997423384852786,1.0011470132628981,0.07999985714285732,0.004285642857142946,0.05366670000000002,0.04325114285714271,0.009010785714285723,0.03511143333333333,-88661.85714285714,-961660.1428571428,-153863.66666666666
2012-04-24,23.299999,23.77,23.290001,23.719999,14.961205,7588384.0,1.0201717176039364,0.9995709012691374,1.018025751846599,-0.20000100000000032,0.16399000000000008,3509853.0,1.0084982053678406,1.0070277332492854,1.0080464050479407,0.9973596225763528,0.9957014076328493,0.9955912166758966,1.0033975660309646,1.0023672812463578,1.001702209557328,0.017142714285714282,-0.014285785714285737,0.04666663333333337,0.06667828571428558,0.02973514285714288,0.037634199999999986,278154.14285714284,-98695.5,37391.933333333334
2012-04-26,23.889999,23.940001,23.73,23.73,14.967512,8661341.0,1.0020930097150695,0.9933026786648255,0.9933026786648255,0.5899999999999999,0.0063069999999996185,1072957.0,1.0067974630611582,1.0067437736670408,1.008055207249278,0.9964028623856136,0.9957184142487312,0.9956575641438313,1.000816009010914,1.002136594506614,1.0016771075552788,0.1471425714285713,0.05857135714285709,0.0673332666666667,0.054964285714285514,0.033339142857142665,0.04183916666666665,146504.42857142858,52009.28571428572,97315.0
2012-04-27,23.73,23.860001,23.639999,23.66,14.923359,10049656.0,1.0054783396544458,0.9962072903497682,0.9970501474926253,-0.15999899999999911,-0.044152999999999665,1388315.0,1.0069629895221297,1.006351875587957,1.007687864400607,0.9970335305225906,0.9954788284730834,0.9955769684753802,1.001320241744356,1.0012679928575579,1.00113575897338,0.08285714285714312,0.06642864285714291,0.06366666666666668,0.059469285714285745,0.029284142857142776,0.03258823333333331,493805.85714285716,202558.0,63480.5
2012-04-30,23.85,23.940001,23.76,23.91,15.08105,5341008.0,1.0037736268343815,0.9962264150943396,1.0025157232704403,0.120000000000001,0.1576909999999998,-4708648.0,1.0068264802491147,1.006216817204868,1.0076341202522767,0.9968629459205414,0.9957695138716888,0.9954811060088995,1.0016796307829903,1.0011675753442624,1.0011896972070171,0.08428571428571427,0.06428564285714293,0.052333300000000096,0.058569428571428564,0.039196357142857075,0.03384983333333338,-261971.57142857142,-43645.71428571428,-131773.43333333332
2012-05-01,23.950001,24.049999,23.77,23.99,15.131507999999998,5390616.0,1.0041752816628275,0.9924843009401126,1.0016701043144005,0.1000009999999989,0.050457999999999004,49608.0,1.0060740771424428,1.0057005152327785,1.0076393677362756,0.9960345168195072,0.9952326782245541,0.9954389160402364,1.001918217113619,1.0007229555775756,1.0014239372913065,0.09285742857142866,0.08214300000000005,0.05166670000000006,0.062172999999999846,0.0455036428571427,0.0359523333333333,-433036.71428571426,-83590.14285714286,-141357.8
2012-05-02,23.91,23.93,23.65,23.799999,15.011666,8572093.0,1.000836470096194,0.9891258887494772,0.9953993726474278,-0.040001000000000175,-0.11984199999999845,3181477.0,1.005643881281587,1.0056036183530799,1.0073985532523946,0.9950307578364136,0.9948005612706459,0.9951212299613826,1.0008945154319362,1.000488321171802,1.0010018862257999,0.07428585714285722,0.07928578571428575,0.05266666666666673,0.031537142857142896,0.04640442857142852,0.027121866666666664,470516.4285714286,78678.5,42144.76666666667
2012-05-03,23.6,23.75,23.559999,23.639999,14.910748000000002,10164617.0,1.0063559322033897,0.9983050423728813,1.001694872881356,-0.3099999999999987,-0.10091799999999829,1592524.0,1.0061263396814637,1.0059330681179615,1.0074481024754645,0.9950317882057916,0.9952711013869474,0.9952418023491699,1.0013798073025248,1.000484838127967,1.0010878935718082,0.014285714285714488,0.04714278571428591,0.03366666666666672,0.0162190000000003,0.029735071428571506,0.022496500000000037,869440.8571428572,390389.5,92397.66666666667
2012-05-04,23.51,23.629999,23.389999,23.440001,14.784598,8104813.0,1.005104168438962,0.9948957464908549,0.9970225861335601,-0.08999999999999986,-0.12615000000000087,-2059804.0,1.0039738326578957,1.006236019012868,1.007381625048243,0.9943639089517513,0.995861765764052,0.9952639128492236,0.9983793550578051,1.0008884605443849,1.001003434966376,0.030000142857143124,0.023571428571428705,0.032333300000000044,-0.025229571428571265,0.02072435714285716,0.019132299999999998,73775.57142857143,175964.85714285713,104666.76666666666
2012-05-07,23.190001,23.32,23.02,23.1,14.570147,14856760.0,1.0056058212330392,0.9926692111828714,0.9961189738629163,-0.3199990000000028,-0.2144510000000004,6751947.0,1.0044756628747484,1.0056365629679533,1.0072719258509102,0.9942734135971865,0.9953381379914,0.9951678346573359,0.9987816829432467,0.9997988459770804,1.0009630354000036,-0.0999997142857144,0.023571428571428448,0.023666699999999943,-0.056766428571428405,-0.0009010714285714475,0.014296699999999992,885059.8571428572,515782.14285714284,306742.2
2012-05-08,23.24,23.26,22.93,23.110001,14.576455,10792254.0,1.0008605851979346,0.9866609294320138,0.9944062392426851,0.04999899999999968,0.00630799999999887,-4064506.0,1.0038159836666756,1.0053894865944026,1.0069295820284327,0.9929096477517929,0.9949715891371919,0.9947231989717363,0.9984039817646837,0.9998621117545198,1.000494592427209,-0.07000000000000028,0.006428571428571418,0.026000033333333287,-0.04955771428571433,0.004955785714285709,0.009671466666666717,106085.42857142857,299945.64285714284,159835.33333333334
2012-05-09,23.09,23.190001,22.860001,23.120001,14.582762,12263040.0,1.0043309224772627,0.9900390212213079,1.001299307059333,-0.14999999999999858,0.006307000000001395,1470786.0,1.0038955973299444,1.0053610387895293,1.0065272543019053,0.99202573434136,0.9944443401309507,0.9944354896337966,0.9982302080202399,0.9999549194016151,1.0002719437263814,-0.10857142857142879,-0.012142857142857264,0.017666699999999955,-0.07118399999999982,-0.0063072857142856265,0.007989400000000006,988861.7142857143,363445.0714285714,174691.4
2012-05-10,22.299999,22.35,22.030001,22.15,14.381485,27062166.0,1.002242197409964,0.9878924658247742,0.9932735871423133,-0.7900010000000002,-0.20127700000000104,14799126.0,1.003619442436678,1.0048467597895603,1.0061759636775671,0.9913697578963115,0.9937021373579092,0.9940759789069594,0.9970307055670845,0.9994744613403518,0.9998714437962326,-0.23571457142857152,-0.07142857142857142,-0.013000066666666636,-0.10714614285714268,-0.02248657142857142,-0.00019143333333335733,3095935.714285714,1331449.5,710035.4333333333
2012-05-11,22.09,22.110001,21.969999,22.040001,14.310065,9752200.0,1.0009054323223179,0.9945676324128566,0.9977365776369398,-0.20999899999999982,-0.07141999999999982,-17309966.0,1.0036292941832672,1.0046365877324273,1.0058441407005323,0.9921471498482228,0.9935889538423182,0.993894899987388,0.9973645919941576,0.9991295537130468,0.9995643137892855,-0.26000000000000006,-0.0928570714285714,-0.03099999999999999,-0.10022871428571431,-0.034345785714285704,-0.01035133333333332,168586.7142857143,319551.5714285714,-23601.4
2012-05-14,22.129999,22.32,22.110001,22.200001,14.413951999999998,5509039.0,1.0085856759415126,0.9990963397693782,1.0031632174949487,0.03999900000000167,0.10388699999999851,-4243161.0,1.003947829002999,1.0050370843422312,1.0054970541357733,0.9922601923334368,0.9936459902696141,0.9939223470643292,0.9975743555103852,0.999477081406455,0.9992523666349721,-0.21000014285714283,-0.09785721428571417,-0.03433336666666662,-0.07097085714285763,-0.02737592857142866,-0.012565133333333377,-665082.5714285715,102179.14285714286,-172312.46666666667
2012-05-15,22.09,22.18,21.975,22.110001,14.355515,5930350.0,1.004074241738343,0.9947940244454505,1.0009054323223179,-0.03999900000000167,-0.05843699999999785,421311.0,1.0038006966171964,1.003887264637546,1.005448855108764,0.9922456606126647,0.9933047847822081,0.9939752830621841,0.9981290478230649,0.998254201440435,0.9994099362528238,-0.2028571428571431,-0.08642849999999999,-0.04866663333333333,-0.06129757142857147,-0.04326357142857137,-0.014723333333333304,-310637.5714285714,-118431.0,-155791.13333333333
2012-05-16,21.969999,22.0,21.52,21.610001,14.030878,9962975.0,1.001365543985687,0.9795175684805447,0.9836141094043745,-0.12000099999999847,-0.32463700000000095,4032625.0,1.0031949427247173,1.003835302799733,1.0052668433878458,0.9903668545123322,0.9923201340547594,0.9935485094522647,0.9963426386147017,0.9975621607789742,0.999119714007032,-0.17428599999999964,-0.137142857142857,-0.04900006666666658,-0.0770384285714287,-0.06690242857142856,-0.02133953333333333,-699112.1428571428,92973.85714285714,-252626.6
2012-05-17,21.549999,21.799999,21.309999,21.57,14.004904000000002,12854485.0,1.011600928612572,0.9888631085319308,1.0009281206927203,-0.4200000000000017,-0.025973999999997943,2891510.0,1.004729277498237,1.0042726305824563,1.0055258814337966,0.9906814515266061,0.9917955496391996,0.9938155790274427,0.9972743359647068,0.9978391588646952,0.9997747662570731,-0.2414287142857141,-0.1557143571428572,-0.06500003333333335,-0.08165014285714253,-0.06560392857142842,-0.018000299999999924,294604.4285714286,200344.92857142858,129478.8
2012-05-18,21.190001,21.26,20.620001,20.84,13.530932,13172971.0,1.0033033976732706,0.9731005203822312,0.9834827284812304,-0.35999800000000093,-0.4739720000000016,318486.0,1.0045824882405239,1.0042390427852341,1.0054337132273559,0.9882616656924522,0.9901437000169061,0.993150110172101,0.9947291104535493,0.9964796592368945,0.9993397807724061,-0.27142842857142874,-0.18999992857142875,-0.06266663333333339,-0.15026142857142868,-0.11072271428571424,-0.0323277333333334,129990.14285714286,559425.9285714285,174658.66666666666
2012-05-21,20.84,21.23,20.82,20.92,13.582876,13390280.0,1.018714011516315,0.9990403071017274,1.0038387715930903,-0.3500009999999989,0.051944000000000656,217309.0,1.006935604541431,1.0052775234890545,1.0056920165191792,0.9898542144463027,0.9906119861713071,0.9931327373685307,0.996238422517946,0.9966345640425153,0.9991607208061956,-0.20857128571428568,-0.22214292857142862,-0.0653333,-0.11408699999999986,-0.11061657142857127,-0.031016833333333337,-1953126.5714285714,571404.5714285715,205881.2
2012-05-22,21.049999,21.17,20.809999,21.059999,13.67377,9596571.0,1.005700760365832,0.9885985742802174,1.000475059404991,0.20999899999999982,0.0908939999999987,-3793709.0,1.0076206514047903,1.0056249727940287,1.0056932270581191,0.9890014918559258,0.9905743208520743,0.9930141291940757,0.9966296341990962,0.9969971130966269,0.9990458371711426,-0.14857157142857144,-0.20428578571428574,-0.06333340000000003,-0.09089928571428578,-0.09556400000000005,-0.028617700000000034,-22232.714285714286,73177.0,121484.1
2012-05-23,20.959999,21.059999,20.629999,20.65,13.407571,9496866.0,1.004770992594036,0.9842557244396816,0.9852099706684145,-0.08999999999999986,-0.2661989999999985,-99705.0,1.0070756966408652,1.0055117628219319,1.005472143168851,0.9868814039516833,0.98957079814256,0.9924893200087318,0.9940648846524484,0.9958196200814168,0.9982896768251559,-0.1671428571428574,-0.18857150000000011,-0.06133333333333333,-0.14376871428571394,-0.10736978571428578,-0.03622953333333333,569689.5714285715,-47696.5,97866.26666666666
2012-05-24,20.52,20.82,20.43,20.469999,13.290698999999998,9061820.0,1.0146198830409356,0.9956140350877193,0.9975633040935673,-0.43999900000000025,-0.11687200000000253,-435046.0,1.0085822168269496,1.006191456722073,1.0058863717231497,0.9869985483291502,0.9896221044709075,0.9925039369748495,0.9935874377626269,0.9958582427928458,0.998252311817333,-0.22428571428571434,-0.21357142857142872,-0.07599996666666667,-0.15211657142857174,-0.10670707142857161,-0.035710166666666744,447352.85714285716,68357.64285714286,53040.86666666667
2012-05-25,20.4,20.5,20.26,20.379999,13.232265,10796350.0,1.0049019607843137,0.9931372549019609,0.9990195588235296,-0.120000000000001,-0.05843399999999832,1734530.0,1.0090874192267534,1.0061411809757355,1.0059916492327918,0.9889442178179241,0.9896555361651282,0.9925512627800929,0.9957882162510776,0.9960654274328897,0.9981615092616156,-0.22428557142857183,-0.19928578571428573,-0.08466670000000001,-0.11408757142857137,-0.09556300000000004,-0.042073066666666686,119053.57142857143,-290029.28571428574,203239.53333333333
2012-05-28,20.450001,20.67,20.4,20.58,13.362119,9396849.0,1.010757896784455,0.9975549634447449,1.0063569190045516,0.05000100000000174,0.12985399999999991,-1399501.0,1.0089669861084511,1.0068481318033442,1.006321483928598,0.9901859113768976,0.9904336814517519,0.9929155467212047,0.9965637588670535,0.9969190474158802,0.9986610108183104,-0.15714257142857133,-0.19928564285714273,-0.09099996666666664,-0.09182642857142882,-0.08673828571428567,-0.037744600000000024,-493948.0,-99671.78571428571,125184.8
2012-05-29,20.42,21.0,20.41,20.940001,13.595861,8612695.0,1.028403525954946,0.9995102840352594,1.0254652791380998,-0.030000999999998612,0.23374199999999945,-784154.0,1.012552718720119,1.0085676034803215,1.0068016612650348,0.9939587347559016,0.9911102002241768,0.9928992228557134,1.002561266103749,0.9986451882786492,0.9991307341960743,-0.11000014285714244,-0.1907142857142856,-0.08133336666666663,0.009275571428571336,-0.07049292857142866,-0.03289670000000004,-651468.0,-260738.92857142858,32562.833333333332
2012-05-30,20.940001,20.98,20.719999,20.969999,13.615338,7430937.0,1.0019101718285497,0.9894936967768054,1.0014325691770503,0.520000999999997,0.01947700000000019,-1181758.0,1.0101521701932954,1.0085438873673633,1.0067213451783983,0.9925949332809128,0.9912245738636078,0.9928225923019092,1.0022175229014576,0.9992279727097018,0.9993944692233583,0.014285857142856986,-0.09714271428571435,-0.07366663333333333,0.004637428571428411,-0.054724785714285726,-0.029724533333333327,-851334.7142857143,-1402230.642857143,27930.733333333334
2012-05-31,20.68,20.9,20.66,20.9,13.56989,11012227.0,1.0106382978723403,0.9990328820116054,1.0106382978723403,-0.26000099999999904,-0.04544800000000038,3581290.0,1.010857532694225,1.0092390920495078,1.0069183153826269,0.994085548671111,0.9915435202635184,0.9928763381253399,1.003669414111079,1.0001495241550875,0.9997490791524364,-0.052856999999999994,-0.10071428571428573,-0.08600000000000006,-0.014840000000000029,-0.05286964285714291,-0.03670580000000001,202236.57142857142,90001.92857142857,127913.93333333333
2012-06-01,20.9,21.280001,20.77,21.24,13.790644,7153538.0,1.018181866028708,0.9937799043062201,1.016267942583732,0.21999999999999886,0.22075400000000123,-3858689.0,1.0127733717563212,1.0099245341985932,1.007209640803266,0.9954461457949021,0.9911637748732929,0.9927262247806355,1.0081062672418388,1.0010855759471435,1.0002913439052274,-0.008571285714285892,-0.08785707142857165,-0.0799999666666667,0.054724714285714224,-0.04452199999999985,-0.030188433333333306,-334761.14285714284,117464.21428571429,-42277.833333333336
2012-06-04,20.780001,21.040001,20.700001,20.870001,13.55041,8221339.0,1.0125120301967263,0.9961501445548536,1.0043310873757898,-0.11999899999999997,-0.24023400000000095,1067801.0,1.0124722499214343,1.010527233374192,1.0074984471057506,0.9955227328616357,0.9912606405953931,0.9927261562114261,1.0090730934250132,1.00133026559382,1.0003502040037802,0.037142999999999864,-0.09357135714285723,-0.08699993333333336,0.03710157142857159,-0.05750750000000008,-0.04134986666666667,-120068.71428571429,163642.07142857142,98095.36666666667
2012-06-05,21.190001,21.43,21.139999,21.32,13.842585,8192005.0,1.0113260494890963,0.9976403021406182,1.006134921843562,0.41000000000000014,0.2921750000000003,-29334.0,1.0133899768792602,1.0112386980530068,1.0077766913085788,0.9961660253243011,0.9925551215711125,0.9927042386232058,1.0100895738564466,1.002938895053762,1.0006114404056576,0.11285728571428574,-0.055714142857143045,-0.07699996666666671,0.0871885714285714,-0.013449499999999988,-0.031820999999999995,-372049.28571428574,-126497.85714285714,137115.8
2012-06-06,21.42,21.48,21.120001,21.34,13.855574,6991483.0,1.0028011204481793,0.9859944444444443,0.9962651727357609,0.22999900000000295,0.012989000000001028,-1200522.0,1.0122532945455065,1.010610140326979,1.0071976714033868,0.9945145226099724,0.9923502169934348,0.9922516900623826,1.0086478958180478,1.0026058273425507,0.9998860877686299,0.13857128571428592,-0.009285642857142713,-0.06266663333333326,0.07049357142857156,-0.010666428571428632,-0.03685436666666663,-343623.71428571426,-418785.85714285716,-19896.7
2012-06-07,21.6,21.860001,21.42,21.809999,14.160733,7113261.0,1.0120370833333332,0.9916666666666667,1.0097221759259258,0.17999999999999972,0.30515899999999974,121778.0,1.0099152313138477,1.0112339750169832,1.0075291405239957,0.9933940058430305,0.9936763702994661,0.9921971563291107,1.0063988810734517,1.0044800735886004,1.0004334043439997,0.16857142857142854,0.029285642857143048,-0.07633329999999994,0.08069600000000017,0.04498578571428575,-0.026892633333333294,-214204.85714285713,-432836.4285714286,-51602.666666666664
2012-06-08,21.940001,21.940001,21.4,21.559999,13.99841,6969151.0,1.0,0.9753873757799737,0.9826799460948066,0.34000099999999733,-0.16232300000000066,-144110.0,1.0096423496240547,1.009897259908675,1.0073465292021808,0.9913788171291974,0.991986875205055,0.9915031591767841,1.0037199349188453,1.0029687289101514,0.9999543976307392,0.14285714285714285,0.07857149999999992,-0.05966663333333339,0.05472457142857147,0.02968099999999994,-0.030831633333333327,-65969.42857142857,-458652.0714285714,-102683.5
2012-06-12,21.68,21.83,21.629999,21.77,14.134759,6111429.0,1.006918819188192,0.9976936808118082,1.0041512915129152,-0.26000099999999904,0.13634900000000094,-857722.0,1.0091109955263193,1.0099842641102723,1.0074513689473077,0.9911875026720834,0.9926365256715972,0.991552068034033,1.0027932197246416,1.0032313169178604,1.000008916572155,0.14285714285714285,0.04500007142857143,-0.07233333333333339,0.08069557142857166,0.03292778571428582,-0.03154303333333329,-700114.0,-248938.7142857143,25680.7
2012-06-13,21.9,21.9,21.48,21.57,14.004904000000002,5880648.0,1.0,0.9808219178082193,0.9849315068493152,0.21999999999999886,-0.12985499999999917,-230781.0,1.0065135860936467,1.009643478924984,1.0073121928918802,0.9893363617437976,0.99239125376935,0.9911633219296367,0.9983165860482964,1.0032114266450676,0.9994509633233188,0.14285714285714285,0.06714292857142848,-0.06833336666666673,0.030608571428571603,0.04266664285714291,-0.03755346666666656,-181841.42857142858,-258301.2857142857,16334.4
2012-06-14,21.57,21.68,21.264999,21.360001,13.868557999999998,5642126.0,1.005099675475197,0.9858599443671766,0.9902643022716736,-0.3299999999999983,-0.1363460000000032,-238522.0,1.0054546782762854,1.0089634640988598,1.007454299737847,0.987866333145558,0.9916945330035969,0.9910544571168933,0.996307045319137,1.002690069372075,0.9992797943107937,0.11285700000000023,0.07500000000000005,-0.078,0.04544971428571414,0.041275642857142865,-0.03810360000000005,-368459.0,-244263.85714285713,-97665.56666666667
2012-06-15,21.4,21.530001,21.16,21.280001,13.816617,6341111.0,1.0060748130841122,0.988785046728972,0.9943925700934579,-0.1700000000000017,-0.05194099999999757,698985.0,1.004704501647002,1.0090472392631311,1.0074449291005378,0.9866012966581801,0.9913836609912405,0.990737123928763,0.9946295664976936,1.00235957017707,0.9990363842178638,0.029999857142857116,0.07142857142857142,-0.07333333333333343,-0.0037097142857141258,0.041739428571428636,-0.03647103333333336,-264413.4285714286,-318231.35714285716,-127450.2
2012-06-18,21.59,21.860001,21.530001,21.799999,14.154236,7488247.0,1.0125058360352015,0.9972209819360814,1.009726679018064,0.19000000000000128,0.33761899999999834,1147136.0,1.0060908895880052,1.0091720920667557,1.0076916513537457,0.9882050877284139,0.9913598051691931,0.9908146317769372,0.9965526388237368,1.0026002673208922,0.9994598539806805,0.024285714285714022,0.08142849999999997,-0.06400000000000006,0.042665999999999774,0.056579785714285666,-0.02101206666666672,70966.28571428571,-136328.7142857143,-20552.2
2012-06-19,21.690001,21.74,21.469999,21.68,14.076324,4692403.0,1.0023051635636162,0.9898569852532512,0.9995389119622448,0.1000009999999989,-0.07791199999999954,-2795844.0,1.0047006153351885,1.007307923324518,1.0075816294314317,0.9879465618122117,0.9906702838276212,0.9907208909126165,0.9950978868289253,1.0007483839511884,0.9995738519173248,0.012857285714285334,0.09071435714285693,-0.05,-0.012058428571428692,0.03431878571428574,-0.016460766666666692,-345836.85714285716,-280020.85714285716,-338811.9
2012-06-20,21.82,21.940001,21.610001,21.75,14.121773999999998,9676399.0,1.005499587534372,0.9903758478460128,0.9967919340054995,0.12999900000000153,0.04544999999999888,4983996.0,1.0054862706972416,1.0075643101606482,1.007736262842646,0.9900877721073602,0.9907332946182787,0.9908447215264164,0.9971138851018815,1.0004169100103635,0.9996533750760853,-0.01714299999999978,0.06285707142857154,-0.04733333333333327,0.017623428571428384,0.03617399999999993,-0.015156033333333358,386749.71428571426,160390.14285714287,-37195.166666666664
2012-06-21,21.92,21.92,21.52,21.58,14.011397,13538794.0,1.0,0.9817518248175181,0.9844890510948904,0.10000000000000142,-0.11037699999999795,3862395.0,1.0044978679560714,1.0068044317411953,1.0075918987600707,0.987810364108176,0.9894989333901297,0.9905684816462902,0.9943049936135921,0.998549106669117,0.9990930332106038,0.03428571428571457,0.08857142857142872,-0.03899999999999994,-0.017623142857142886,0.03153621428571439,-0.019045500000000003,1061052.142857143,180469.07142857142,42525.13333333333
2012-06-22,21.33,21.469999,21.139999,21.280001,13.816617,6510933.0,1.006563478668542,0.9910923112986405,0.9976559306141585,-0.5900000000000034,-0.19477999999999973,-7027861.0,1.005435507765863,1.0059745469297547,1.0077359414686902,0.9892775631782361,0.9893069624610169,0.9906751431620857,0.9961227684371413,0.9972196772427189,0.9992391113263321,-0.08142857142857148,0.030714285714285694,-0.032333300000000044,-0.026898142857142964,0.0018552142857143192,-0.018828933333333294,90040.71428571429,-45900.357142857145,-685041.1
2012-06-25,21.280001,21.385,21.0,21.34,13.855574,6861736.0,1.0049341633019662,0.986842058889001,1.002819501747204,-0.04999899999999968,0.03895699999999991,350803.0,1.0054118631696871,1.0054332707229863,1.007870232501345,0.9894178652527825,0.9886420991991702,0.990417624044624,0.997916368362217,0.9971117068406771,0.9994085421300075,-0.04142842857142881,0.03571428571428571,-0.026999966666666708,-0.0018548571428568092,0.021797428571428665,-0.015149699999999969,174230.0,-97114.5,-96348.8
2012-06-26,21.18,21.34,21.110001,21.299999,13.829598,4289988.0,1.007554296506138,0.9966950424929178,1.0056656751652502,-0.1000009999999989,-0.025976,-2571748.0,1.0056232179442621,1.005163859795632,1.0078358531868326,0.9905478646476319,0.988574580652906,0.9903375808020751,0.9995268119439016,0.9970781892207976,0.9994919573856842,-0.031428571428571264,-0.0007143571428570741,-0.031666633333333395,0.0018544285714285585,-0.0009276428571427837,-0.019478466666666586,-293017.5714285714,-278715.5,-40635.03333333333
2012-06-27,21.4,21.59,21.27,21.540001,13.985426,4696173.0,1.0088785046728972,0.9939252336448599,1.0065421028037385,0.21999999999999886,0.15582799999999963,406185.0,1.0051050277496474,1.0055979586688262,1.007995995284651,0.9900770434631717,0.9891410655957927,0.9903086211087221,0.9990718724847122,0.9978122556542246,0.9996798464017316,-0.027142857142857326,-0.001428571428571652,-0.02300000000000004,-0.024115714285714112,0.00927514285714283,-0.012336300000000003,-398867.71428571426,-163950.7142857143,-41139.23333333333
2012-06-28,21.68,21.690001,21.440001,21.5,13.959456,5476356.0,1.0004613007380074,0.9889299354243541,0.9916974169741698,0.28000000000000114,-0.025970000000000937,780183.0,1.0048416187745604,1.0047711170548743,1.0079658538430618,0.9899446077733292,0.9889455847927705,0.9906223666735159,0.9979516589149873,0.9965247728719563,0.9999492899873915,-0.0014287142857141483,0.005714285714285593,-0.00966663333333339,-0.0166954285714286,-0.014376928571428646,-0.0023807333333333365,111993.28571428571,-116921.78571428571,-149553.96666666667
2012-06-29,21.49,22.15,21.440001,22.030001,14.303571,14269439.0,1.0307119590507212,0.9976733829688227,1.0251280130293159,-0.19000000000000128,0.3441150000000004,8793083.0,1.0084433861340387,1.0069648284156403,1.008602888191,0.9909871127908734,0.9905374424491169,0.990916042488079,1.0019996702041039,0.9995567776529927,1.0007559530652779,-0.04714285714285741,-0.03214292857142859,-0.001999966666666708,0.02597100000000019,0.021797214285714288,0.009955566666666608,656148.5714285715,521449.14285714284,47165.13333333333
2012-07-02,22.23,22.514999,22.139999,22.35,14.511341,8941785.0,1.0128204678362573,0.995951372019793,1.0053981106612686,0.740000000000002,0.20777,-5327654.0,1.0102748815392184,1.007386374747645,1.0089201238630996,0.9930156195340556,0.9904129918211158,0.9916777375426643,1.0049866787135866,0.9996458361635894,1.0014864658046125,0.0442857142857141,0.039285714285714333,0.03466663333333339,0.07142057142857132,0.02689871428571422,0.032680299999999995,-656715.5714285715,202168.2857142857,-141039.53333333333
2012-07-03,22.389999,22.469999,22.16,22.26,14.452906,5003997.0,1.003573023830863,0.9897276011490667,0.9941938809376455,0.15999899999999911,-0.05843499999999935,-3937788.0,1.0098476737052644,1.0076415907355636,1.0084154242735843,0.9928206609412593,0.9910491120597477,0.9913673140109088,1.0044921001883702,1.0003074343127556,1.0011649694494311,0.15142842857142874,0.03499992857142864,0.05166663333333332,0.09089842857142852,0.032000142857142776,0.029000999999999996,-215276.57142857142,-62617.92857142857,-279542.76666666666
2012-07-04,22.4,22.4,22.139999,22.370001,14.524325,3606378.0,1.0,0.9883928125,0.9986607589285714,0.010000999999999038,0.07141899999999879,-1397619.0,1.0091427932335548,1.007277328201621,1.0082253989280567,0.993042197171402,0.9912300312120923,0.9913604552849017,1.003897994071423,1.00090718121682,1.0011044927668837,0.15999985714285714,0.059285714285714164,0.04500003333333329,0.09553585714285694,0.04684050000000006,0.028351833333333333,-465051.14285714284,-145410.57142857142,-199673.1
2012-07-05,22.370001,22.57,22.34,22.48,14.595745,5565371.0,1.0089405002708762,0.9986588735512351,1.0049172550327559,-0.02999900000000011,0.0714200000000016,1958993.0,1.0093408223428033,1.0074820201435328,1.0083643825172848,0.9933227444654473,0.9919353045565396,0.9918405602552868,1.0037910769096379,1.0016589444267698,1.001761402245695,0.17000014285714268,0.0692857857142857,0.047000066666666625,0.10944957142857145,0.055652,0.039605800000000004,182197.57142857142,-55410.0,-131049.83333333333
2012-07-06,22.49,22.620001,22.389999,22.58,14.660673,6616215.0,1.0057803912850156,0.995553534904402,1.0040017785682525,0.11999899999999997,0.06492799999999832,1050844.0,1.008898234715963,1.0070016312328052,1.0080697327920876,0.9935553589310963,0.9918162011971339,0.9918385435825096,1.0034281734474255,1.001250022966069,1.001976018061518,0.1557142857142857,0.06428571428571418,0.06566666666666662,0.09646385714285698,0.03617407142857143,0.04566580000000003,274291.71428571426,-62288.0,-81520.16666666667
2012-07-09,22.469999,22.51,22.370001,22.5,14.608733,4707530.0,1.0017801958958699,0.9955497105273569,1.0013351580478485,-0.02000099999999705,-0.05193999999999832,-1908685.0,1.0090866483099432,1.0069641335422517,1.0079656739624727,0.9945010410886681,0.9922228244309986,0.9919189587700228,1.0048049936008083,1.0013783262578977,1.0020532047023287,0.11285700000000023,0.055714142857143045,0.06899996666666676,0.09275385714285735,0.038029214285714374,0.0458822666666667,-109832.28571428571,1080.5,-202960.66666666666
2012-07-10,22.48,22.48,22.26,22.34,14.504848999999998,4993059.0,1.0,0.9902135231316727,0.9937722419928825,0.010000999999999038,-0.10388400000000253,285529.0,1.0046992255884117,1.0065713058612253,1.0076070774029908,0.9934353468262181,0.9922112298085458,0.9916742440929203,1.0003255977384609,1.0011626339712822,1.0016337154686064,0.1414285714285717,0.04714285714285715,0.06766663333333334,0.028753999999999787,0.027362499999999988,0.03809099999999995,-1325197.142857143,-334524.28571428574,-146793.0
2012-07-11,22.35,22.440001,22.15,22.440001,14.569776999999998,7692393.0,1.0040268903803131,0.9910514541387023,1.0040268903803131,-0.129999999999999,0.0649280000000001,2699334.0,1.0034430002375625,1.0068589408883906,1.0067945228838364,0.9927353585574908,0.9928754890457733,0.9913922830963684,1.0001297091268957,1.002558193920241,1.0009191025100135,0.017142857142857286,0.030714285714285694,0.06433333333333333,0.0083479999999998,0.03988428571428556,0.03246386666666664,-178484.57142857142,-417600.0714285714,-30676.733333333334
2012-07-12,22.51,22.52,22.17,22.18,14.400963,5977314.0,1.0004442470013326,0.9848956019546868,0.9853398489560194,0.16000000000000014,-0.16881399999999758,-1715079.0,1.0029960321190583,1.0064218529121614,1.006745658722929,0.9920450729582937,0.9924328669497766,0.9912390132689645,0.9988648474152347,1.0016784738018025,1.0003826785026457,0.01714300000000029,0.08428571428571452,0.052333300000000096,-0.007420428571428518,0.041739000000000005,0.026187500000000044,139045.2857142857,-38115.642857142855,-48454.1
2012-07-13,22.15,22.5,22.1,22.35,14.511341,6164665.0,1.0158013544018059,0.997742663656885,1.0090293453724606,-0.360000000000003,0.11037799999999898,187351.0,1.0052533684621732,1.0071980808478642,1.0069177606072446,0.9933807659807058,0.993211481576054,0.9911960059904739,1.000346074050076,1.0021220340607493,1.0003290467526498,-0.03571428571428571,0.06214278571428571,0.04899999999999996,-0.0018548571428570629,0.04684049999999994,0.031381700000000026,365469.5714285714,-49790.78571428572,-161585.4
2012-07-16,22.51,22.629999,22.389999,22.48,14.595745,4142097.0,1.0053309195912927,0.9946689915593069,0.9986672589960017,0.360000000000003,0.08440400000000103,-2022568.0,1.0047377140793756,1.0070392682110894,1.0064893957259975,0.9928107828390018,0.9930667636522246,0.9912256422322433,0.9994532174733969,1.0016221471915174,0.9997423572997254,0.019999857142857586,0.09500000000000013,0.053666666666666765,0.0,0.054724785714285726,0.026836700000000015,-203324.85714285713,-10563.642857142857,-100381.36666666667
2012-07-17,22.58,23.0,22.530001,22.870001,14.848965,6832747.0,1.0186005314437556,0.9977856953055801,1.0128432683790967,0.06999999999999673,0.2532199999999989,2690650.0,1.0065691626734814,1.007733698694722,1.0066923457675652,0.993129662896313,0.9933425109137046,0.9912801605906009,1.0007162874463746,1.0020722304469003,1.0000260966665022,0.012857142857142836,0.08428571428571427,0.059999966666666654,0.026898857142857224,0.0616813571428571,0.04328516666666668,30933.14285714286,152612.42857142858,-46286.4
2012-07-18,22.940001,23.139999,22.870001,22.959999,14.907401,6670374.0,1.0087183082511635,0.9969485615977087,1.0008717523595574,0.36000100000000046,0.05843600000000038,-162373.0,1.0075603215813804,1.008323484945662,1.006605421059634,0.9933294987635061,0.9939152699260871,0.9912571025725039,1.0006500866337615,1.0027275401172848,0.9998506576837021,0.06714314285714248,0.09000007142857136,0.058333333333333334,0.04266685714285704,0.0677103571428572,0.03549386666666668,280406.28571428574,85287.0,-50721.03333333333
2012-07-19,23.200001,23.25,23.030001,23.23,15.082705,5955445.0,1.0021551292174513,0.9926724141089476,1.0012930602890922,0.26000000000000156,0.17530400000000057,-714929.0,1.0078681971838734,1.0062837113861427,1.0065838880186098,0.9936807689031167,0.9935580578646673,0.9914797015613207,1.001724489247506,1.0010250434929833,1.0000182539354798,0.10285728571428569,0.12214292857142871,0.05933336666666662,0.08255085714285748,0.05565242857142864,0.040904366666666664,137483.7142857143,-593856.7142857143,-34534.6
2012-07-20,23.18,23.209999,22.98,23.07,14.978819,4929322.0,1.001294176013805,0.9913718723037102,0.9952545297670405,-0.0200010000000006,-0.10388600000000103,-1026123.0,1.0074778094172294,1.005460404827396,1.0062257911079588,0.9937265429266893,0.9932309507420901,0.9914698750825555,1.0004712948741812,1.0003005020005384,0.999535999063517,0.11857142857142833,0.06785714285714281,0.05266666666666661,0.058434571428571606,0.0333912857142857,0.027269533333333307,-394724.4285714286,-286604.5,-72797.96666666666
2012-07-23,22.91,22.950001,22.73,22.82,14.816501,5172690.0,1.0017460061108687,0.9921431689218682,0.9960715844609341,-0.2699999999999996,-0.16231799999999907,243368.0,1.0076637750043063,1.0053299035616823,1.0062839913116546,0.9947619096362866,0.9934034912972901,0.9920284015206186,1.0020043999463117,1.0004346236807733,0.9999823870090546,0.05714285714285694,0.03714292857142861,0.032333300000000044,0.05936257142857139,0.025971071428571437,0.027269700000000025,-114946.28571428571,12049.5,-59882.03333333333
2012-07-24,22.75,22.84,22.58,22.75,14.771052,3338890.0,1.003956043956044,0.9925274725274724,1.0,-0.16000000000000014,-0.045449000000001405,-1833800.0,1.0059715877977686,1.0056124781299711,1.0061852321372495,0.9940168823320849,0.9936988241563952,0.9918561945778074,1.0007144934645318,1.0005302837573038,0.9998440106252907,0.08571428571428592,0.025000000000000102,0.03566666666666667,0.03710157142857134,0.01762335714285714,0.021209766666666616,-403682.14285714284,-19106.285714285714,-92417.96666666666
2012-07-25,22.610001,22.639999,22.440001,22.639999,14.699632,3418765.0,1.0013267580129694,0.9924812033400617,1.0013267580129694,-0.13999899999999954,-0.07141999999999982,79875.0,1.005399564715151,1.0050686393972634,1.0062294574043487,0.9937043411579071,0.9932575619984545,0.9922448374288688,1.001094421895527,1.000273819684462,1.0003905189974125,0.014285857142856986,0.017142857142857286,0.02366670000000006,0.014840999999999787,0.007420499999999893,0.023157599999999928,-103333.14285714286,-153329.0,-82062.76666666666
2012-07-26,22.639999,22.790001,22.545,22.66,14.712616,3825519.0,1.0066255303279827,0.9958039309100677,1.0008834364347807,0.02999799999999908,0.012984000000001217,406754.0,1.0036888502700407,1.0051290064717608,1.0062803192327747,0.993421231958548,0.9932754474274306,0.9925763036469653,0.9993858744749106,1.0000510809606424,1.0007444901361828,0.008571285714285892,0.010714214285714365,0.03566663333333331,-0.019478428571428452,0.003710214285714386,0.028135266666666738,-429604.0,-199335.42857142858,-60553.566666666666
2012-07-27,22.870001,23.219999,22.790001,23.08,14.985313,8486867.0,1.0153038034410231,0.9965019677961536,1.0091822908096943,0.23000199999999893,0.2726969999999991,4661348.0,1.0046296352971635,1.006094978439272,1.0065879522446717,0.9933574328440402,0.9933434658037731,0.9928335343492045,1.0005730942535016,1.0006115904436317,1.0012374808267241,-0.01000000000000004,0.02857157142857122,0.04900003333333333,0.011130285714285648,0.026898571428571345,0.03895653333333329,259499.0,269952.64285714284,71525.2
2012-07-30,23.299999,23.48,23.26,23.4,15.193081,5100872.0,1.0077253651384277,0.9982833046473523,1.0042918885962184,0.4299980000000012,0.20776799999999973,-3385995.0,1.0054253832858744,1.006646790234874,1.0064286032147793,0.9941589886352409,0.9939198787691789,0.9928689451062469,1.0010014982973767,1.0013629937724413,1.001056321145996,0.01428542857142848,0.05857135714285709,0.05699996666666666,0.015767999999999813,0.049159428571428646,0.034628166666666675,-122081.85714285714,7700.928571428572,-79579.16666666667
2012-07-31,23.4,23.66,23.32,23.540001,15.283981,5940996.0,1.011111111111111,0.9965811965811967,1.0059829487179488,0.1000009999999989,0.09090000000000131,840124.0,1.0068278025854895,1.0071528060013597,1.0067221347996957,0.994903177817739,0.9943148603722142,0.9930930854838451,1.0025341295760781,1.0015027122251297,1.0012711223711859,0.031428571428571264,0.0749999999999998,0.05699996666666666,0.04359457142857158,0.05101457142857159,0.04025523333333337,144524.85714285713,-125099.78571428571,41619.76666666667
2012-08-01,23.52,23.59,23.379999,23.52,15.270992,4666881.0,1.0029761904761905,0.9940475765306124,1.0,0.120000000000001,-0.012989000000001028,-1274115.0,1.007003543209107,1.0073336591067066,1.006638021564423,0.9951752360475596,0.9949685728419231,0.9932154764399984,1.0030953317959446,1.0025498658711283,1.001378057904336,0.08714285714285706,0.072142857142857,0.05666666666666664,0.06492728571428559,0.06214492857142849,0.03830726666666671,-72258.42857142857,-93602.35714285714,-166983.93333333332
2012-08-02,23.58,23.700001,23.469999,23.5,15.258009,4110857.0,1.005089100932994,0.9953349872773538,0.9966072943172181,0.05999999999999872,-0.012983000000000189,-556024.0,1.0071654084915285,1.0065684981446485,1.0068076582621894,0.9955763095832568,0.9947965959576709,0.993668248521993,1.002610659555547,1.0016625765100395,1.0017819993450803,0.11857142857142833,0.10214285714285712,0.05533333333333322,0.06956528571428576,0.053333428571428546,0.0415537333333333,110281.0,-146700.57142857142,-314264.56666666665
2012-08-03,23.34,23.459999,23.219999,23.34,15.154126000000002,4137358.0,1.0051413453299058,0.9948585689802915,1.0,-0.23999999999999844,-0.10388299999999795,26501.0,1.007710349536805,1.0065549571259782,1.0067602538175684,0.9959159332461469,0.9948101372020269,0.9937937904447146,1.0024211226965514,1.0017577722960394,1.0018601349912748,0.10428557142857134,0.059285714285714164,0.06700000000000005,0.0649277142857146,0.039884357142857194,0.04458363333333336,102656.14285714286,-338.5,-79119.16666666667
2012-08-06,23.639999,23.719999,23.559999,23.559999,15.296968,3399328.0,1.0033840948978043,0.9966159051021957,0.9966159051021957,0.2999989999999997,0.14284199999999814,-738030.0,1.0072472873324938,1.0054680688012672,1.0067085848707629,0.996031929559308,0.994726580758928,0.9941195853184878,1.0018114753633252,1.0005986749191178,1.0016533484364414,0.14285714285714285,0.07571421428571437,0.07866660000000003,0.08347885714285701,0.03200021428571428,0.048046466666666635,-60884.42857142857,-245244.2142857143,-115413.6
2012-08-07,23.639999,23.73,23.565001,23.66,15.36189,3626149.0,1.0038071490612162,0.9968274956356808,1.0008460660256373,0.0,0.06492200000000103,226821.0,1.0056049081353786,1.005117271716271,1.0065836799559322,0.9960784335363834,0.9947179331902117,0.9941240004232466,1.0006205861084596,1.0005968401809806,1.0014926947984544,0.10999971428571444,0.0499998571428572,0.08199996666666666,0.053796714285714434,0.03246350000000004,0.0510764,-694388.2857142857,-217444.64285714287,-22127.966666666667
2012-08-08,23.73,23.85,23.690001,23.75,15.420329,4242179.0,1.0050568900126422,0.9983144121365359,1.000842815002107,0.09000100000000089,0.05843899999999991,616030.0,1.0052236974031235,1.005324540344499,1.0064562928005905,0.9960828774634095,0.9951209330493251,0.9942703063729692,1.000127861309301,1.000564679803339,1.0013027185384,0.06142871428571439,0.037857071428571434,0.07766666666666673,0.03246400000000017,0.024115999999999995,0.04783010000000001,-122670.42857142857,-122376.14285714286,-15133.133333333333
2012-08-09,23.870001,23.950001,23.799999,23.82,15.465779,6072753.0,1.0033514870820492,0.99706736501603,0.9979052786801308,0.14000099999999804,0.04544999999999888,1830574.0,1.0041151796846859,1.0054714911350877,1.0065526323453917,0.9961523300969571,0.995527753957348,0.994541554026025,0.9989739084467555,1.0007540190114168,1.0015096472619318,0.06714299999999998,0.04928578571428562,0.0730000333333333,0.025971142857142686,0.03478285714285713,0.05021076666666667,18822.428571428572,81673.64285714286,19879.9
2012-08-10,23.809999,23.969999,23.719999,23.84,15.478767,9459520.0,1.0067198658849166,0.9962200754397343,1.0012600168525836,-0.060001999999997224,0.012988,3386767.0,1.0046499904573614,1.0058267668332341,1.0057528959065316,0.9964626870839747,0.9958189615657671,0.994493110441722,0.9991539108542674,1.0011246213251062,1.000714047389374,0.04142842857142881,0.06428564285714293,0.07733330000000009,0.02968214285714283,0.04730471428571421,0.03917319999999999,684662.7142857143,306202.14285714284,-160330.63333333333
2012-08-13,23.950001,24.0,23.74,23.799999,15.452793,3938448.0,1.0020876408314137,0.9912316913890733,0.9937368687375002,0.14000199999999907,-0.02597399999999972,-5521072.0,1.0042212104428498,1.005693309467189,1.0053951350063701,0.9958765019570774,0.9957264057701671,0.9943357877540314,0.9987438500571649,1.0006772548063558,1.0003253393252485,0.052857285714286,0.08571435714285716,0.05733336666666666,0.027826285714285755,0.048695785714285754,0.031381733333333335,-24629.85714285714,42825.57142857143,-166777.9
2012-08-14,23.690001,23.809999,23.610001,23.76,15.426821,5902143.0,1.005065343813198,0.9966230478419988,1.0029547909263492,-0.26000000000000156,-0.02597199999999944,1963695.0,1.00421035308332,1.0059603513100626,1.0054448790057813,0.9961285703658928,0.9960222518060198,0.994565635977129,0.9991659630466435,1.0007935428715975,1.0006173696582052,0.0500001428571427,0.07714285714285703,0.04333339999999997,0.0389564285714284,0.0519420714285715,0.03246383333333333,252112.14285714287,177384.14285714287,29938.2
2012-08-15,23.85,23.9,23.42,23.629999,15.342413,4553814.0,1.0020964360587001,0.9819706498951782,0.990775639412998,0.15999900000000267,-0.08440799999999982,-1348329.0,1.0040264018205909,1.0056368445765425,1.005514760207738,0.9940363910506046,0.9950341603049563,0.9943515638903017,0.998331639376758,1.0000715573700416,1.0003545323410195,0.030000142857143124,0.086428642857143,0.04833333333333343,0.006492142857142978,0.0449855,0.027269600000000043,164926.57142857142,52021.07142857143,31581.2
2012-08-16,24.0,24.0,23.719999,23.9,15.51772,5899839.0,1.0,0.9883332916666667,0.9958333333333332,0.14999999999999858,0.1753070000000001,1346025.0,1.0034825233832743,1.0045437157593264,1.005216743532042,0.9928229333407453,0.9944506834385644,0.9940073778274827,0.9976155347064289,0.9991180604074443,1.0000517349510387,0.05142871428571435,0.08071421428571439,0.05433330000000005,0.02226142857142856,0.038029071428571495,0.030732499999999992,324812.85714285716,-184787.7142857143,11148.933333333332
2012-08-17,24.0,24.610001,23.98,24.610001,15.978705,9662060.0,1.0254167083333334,0.9991666666666666,1.0254167083333334,0.0,0.4609849999999991,3762221.0,1.0063910688576587,1.005807383130391,1.0058712874336526,0.9929446839879069,0.9945137807256581,0.9941278155528915,1.001126090896604,1.0006269761029525,1.0007655659432082,0.038571428571428513,0.05000007142857145,0.05033333333333338,0.07976799999999987,0.05611600000000002,0.04393440000000002,774268.7142857143,325799.14285714284,101528.16666666667
2012-08-20,24.719999,24.780001,24.459999,24.780001,16.089083,6447745.0,1.0024272654703585,0.9894822002217718,1.0024272654703585,0.7199990000000014,0.11037799999999898,-3214315.0,1.0062590371988458,1.0051871084417658,1.005892856419469,0.9918610890172985,0.9940067095571278,0.993925565209372,1.0017720890094937,1.0003729987281247,1.0008019695239585,0.12142828571428613,0.09428564285714305,0.075,0.08904342857142845,0.05750728571428557,0.04934499999999993,53570.28571428572,36196.357142857145,58007.166666666664
2012-08-21,24.74,25.0,24.709999,24.950001,16.199461,5376084.0,1.0105092966855296,0.9987873484236055,1.0084883185125304,0.02000099999999705,0.11037800000000075,-1071661.0,1.0068003844560762,1.0057251874567188,1.0062431663089866,0.9922278423007087,0.9943452646923416,0.9942113593857698,1.0028047035323433,1.0009793071933053,1.0012925054079467,0.13285728571428532,0.08714285714285706,0.07533333333333327,0.10295628571428571,0.06631921428571427,0.0564870666666667,-583348.0,50657.357142857145,12767.5
2012-08-22,24.84,24.98,24.629999,24.959999,16.205954000000002,6118797.0,1.0056360708534622,0.9915458534621578,1.0048308776167472,0.10000000000000142,0.0064930000000025245,742713.0,1.0073073030306545,1.0057642567367522,1.0062968056580917,0.9922727225968637,0.9940746122769706,0.9942278393632183,1.0043895619436642,1.0015667060004145,1.0013193049824944,0.12714271428571422,0.09000000000000011,0.08299999999999995,0.10759442857142888,0.06771035714285732,0.05453923333333345,311478.4285714286,143424.2857142857,-52453.2
2012-08-23,25.0,25.120001,24.860001,25.0,16.231924,5200416.0,1.00480004,0.99440004,1.0,0.16000000000000014,0.025969999999997384,-918381.0,1.007269402485912,1.005739877784616,1.006441998758047,0.9919551500480066,0.9940418602069496,0.9945446539647288,1.0039674489541857,1.0015667060004145,1.0018079766839605,0.18714271428571447,0.11857142857142858,0.08299999999999995,0.11501471428571415,0.07698557142857128,0.061032033333333284,-100246.71428571429,75932.71428571429,-25896.6
2012-08-24,25.0,25.0,24.75,24.77,16.08259,4632097.0,1.0,0.99,0.9908,0.0,-0.14933399999999963,-568319.0,1.0069699116203834,1.005498156720487,1.0059152869446537,0.9931022000629811,0.993569295556793,0.994286565176166,1.0039709290380432,1.0011512842074006,1.0012003318382119,0.1642857142857141,0.0971429285714286,0.09500000000000004,0.10573957142857131,0.05611585714285715,0.05237496666666666,11183.285714285714,88054.92857142857,-51085.6
2012-08-27,24.809999,24.92,24.639999,24.700001,16.03714,3550984.0,1.004433736575322,0.9931479239479211,0.9955663843436672,-0.19000099999999875,-0.04544999999999888,-1081113.0,1.007603302559715,1.0055429129714946,1.0058853808441213,0.993790004674589,0.9933064690076672,0.9942358629224531,1.0039327934680908,1.0007741640872598,1.0010969693498006,0.11571414285714303,0.0835714285714287,0.07666663333333332,0.07420285714285717,0.04823214285714287,0.0480465,-335550.71428571426,-5368.928571428572,-19703.766666666666
2012-08-28,24.75,24.99,24.700001,24.940001,16.192972,4136004.0,1.0096969696969695,0.9979798383838384,1.007676808080808,-0.059999000000001246,0.1558320000000002,585020.0,1.0053576256116632,1.0058743472346607,1.0055885954525619,0.9936204577770421,0.9932825708824745,0.994242334358395,1.0013985220034445,1.0012623064500243,1.0009247540065245,0.10714285714285714,0.07285714285714283,0.07233333333333339,0.030609571428571618,0.055188785714285746,0.04480023333333338,-789436.5714285715,-7583.928571428572,-89891.43333333333
2012-08-29,24.85,24.98,24.719999,24.98,16.218939000000002,4585908.0,1.00523138832998,0.9947685714285714,1.00523138832998,0.10000000000000142,0.025967000000001406,449904.0,1.005758214591609,1.0060086258952274,1.0054723647885224,0.9943756536637277,0.9931183713405131,0.9941696680194239,1.0017991109833904,1.001785599996442,1.0010700752055386,0.018571571428571434,0.06999992857142878,0.06366663333333342,0.018550857142857678,0.053797142857143064,0.04371793333333341,-265976.71428571426,-106203.21428571429,-69482.2
2012-08-30,24.889999,25.0,24.75,24.860001,16.141026,5313570.0,1.0044194859148046,0.9943752910556566,0.9987947769704612,0.03999899999999812,-0.07791300000000234,727662.0,1.0048882416243627,1.0058443130402195,1.0055478433451008,0.9937453597540208,0.9929866010273648,0.9942264305843141,1.0004143193345234,1.0016095114334334,1.0009867990949175,0.02142842857142873,0.07714285714285703,0.05633326666666664,-0.00834785714285705,0.04730421428571433,0.03527736666666665,-8930.57142857143,-296139.28571428574,-21395.833333333332
2012-08-31,24.799999,24.969999,24.709999,24.82,16.115054999999998,12934334.0,1.0068548389860823,0.9963709675956035,1.0008064919680038,-0.08999999999999986,-0.025971000000001965,7620764.0,1.005062351357594,1.0061848271941243,1.00573319877751,0.9944346617730844,0.993353692184974,0.994393067094044,0.9998394070989887,1.0021144845213266,1.0011718645016163,-0.005714428571428597,0.060714142857142814,0.05399996666666666,-0.012985571428571976,0.047304428571428456,0.03787453333333328,973648.1428571428,642563.2857142857,266833.73333333334
2012-09-03,24.76,24.98,24.66,24.84,16.128042,4270445.0,1.0088852988691437,0.9959612277867528,1.0032310177705976,-0.03999899999999812,0.012987000000002524,-8663889.0,1.0056459597674716,1.0064576811266919,1.0059711752027858,0.9946576885997633,0.9933064193238851,0.9945203357228733,1.000300981066217,1.0021342150102013,1.001410512278605,-0.034285714285714065,0.0764285000000002,0.06166666666666672,-0.014840285714285528,0.05008721428571431,0.043718033333333337,-132853.0,-116549.85714285714,-30074.833333333332
2012-09-04,24.719999,24.74,24.190001,24.34,15.803403,7938511.0,1.000809101974478,0.9785599505889947,0.9846278715464348,-0.040001000000000175,-0.32463900000000123,3668066.0,1.0057615457638256,1.0063657286921046,1.0058662771367337,0.9930233958267627,0.993062797944872,0.9940547516582574,0.9994192484299933,1.0016950887340184,1.0008981079968196,-0.04000014285714266,0.06214278571428571,0.06566663333333338,-0.039883857142857186,0.032927857142857064,0.03441170000000001,472344.85714285716,241764.07142857142,153320.7
2012-09-05,24.280001,24.344999,24.049999,24.17,15.693028,8618530.0,1.002677018011655,0.9905271008843863,0.9954694812409606,-0.4399980000000028,-0.11037499999999945,680019.0,1.005510585969016,1.0065569442643656,1.0059112858033563,0.992648992531972,0.9932194986032804,0.9939896149097349,0.9994054051296066,1.0016690992988486,1.0007028654377526,-0.07571400000000038,0.02000007142857133,0.05566666666666661,-0.04915885714285727,0.012521999999999953,0.03311320000000002,723935.1428571428,194192.2142857143,173325.5
2012-09-06,24.299999,24.4,24.139999,24.209999,15.718993,7859843.0,1.0041152676590646,0.9934156375891209,0.9962962961438805,0.01999800000000107,0.02596499999999935,-758687.0,1.0047131999636012,1.0050354127876322,1.0058276103810593,0.9919969638470123,0.9928087108120273,0.99391000513237,0.9977796177100454,0.9995890698567449,1.0005499607613892,-0.06428585714285719,0.02142849999999998,0.05533333333333334,-0.06771128571428596,-0.01855085714285717,0.033545899999999955,531977.0,-128729.78571428571,134477.46666666667
2012-09-07,24.49,24.51,24.120001,24.16,15.686532,4966715.0,1.0008166598611679,0.9848918334013883,0.986525112290731,0.19000099999999875,-0.03246099999999963,-2893128.0,1.0040825244680567,1.0049203695298328,1.005344705595064,0.9905860012717005,0.9924808274677142,0.9935230006525445,0.9951072925615813,0.9984532017724858,0.9997947214774238,-0.05142857142857186,-0.01642850000000021,0.05399996666666666,-0.07605814285714325,-0.028753642857142787,0.02337396666666667,54401.0,-105787.85714285714,-117338.4
2012-09-10,24.200001,24.27,24.0,24.190001,15.70601,4095435.0,1.0028925205416312,0.991735496209277,0.9995867768765794,-0.2899989999999981,0.01947799999999944,-871280.0,1.0038643865576033,1.004376314090983,1.0051836107751708,0.9902088877222176,0.9919771237381193,0.9933047403712754,0.9952204354053126,0.9978173773699179,0.9996378844201026,-0.09857114285714275,-0.03857135714285701,0.03000006666666669,-0.062145142857142996,-0.03524650000000002,0.017097633333333324,-174019.2857142857,-91474.92857142857,-33514.566666666666
2012-09-11,24.049999,24.209999,24.040001,24.1,15.647574,4280944.0,1.0066528069294307,0.9995842827269972,1.0020790437454905,-0.15000200000000063,-0.0584359999999986,185509.0,1.0038355248352244,1.0044489380964092,1.0050350006357816,0.9906679327409883,0.9925512972570364,0.993404843242802,0.995402228516382,0.9976208178076853,0.9995077542543539,-0.10714285714285714,-0.05642864285714287,0.02166663333333337,-0.06678299999999966,-0.039884285714285816,0.012119766666666662,-1236198.5714285714,-131275.2142857143,-55335.066666666666
2012-09-12,24.02,24.32,24.01,24.200001,15.712504,6511160.0,1.0124895920066612,0.9995836802664447,1.00749379683597,-0.02999900000000011,0.0649299999999986,2230216.0,1.0043504238548697,1.0049981918111708,1.0053521140201305,0.9911854259523727,0.992921557276068,0.9935893800339965,0.9960111969542924,0.9981560890102547,0.9997575474822196,-0.105714285714286,-0.07000000000000003,0.016666666666666666,-0.059362571428571646,-0.037101428571428584,0.014717066666666648,320102.14285714284,93624.57142857143,61475.96666666667
2012-09-13,24.07,24.16,24.0,24.139999,15.673543,4403684.0,1.0037390943082676,0.9970918155380141,1.0029081429164934,0.05000000000000071,-0.03896099999999869,-2107476.0,1.0047689941882683,1.0052652699760471,1.0053071137993064,0.993832835230804,0.9934281155287834,0.9936479409760185,0.9986226642928722,0.9990209563614326,0.9999675757688621,-0.09285700000000016,-0.0664285714285714,0.0163333333333334,-0.018551428571428424,-0.029217642857142807,0.013851133333333366,-504975.28571428574,-16315.214285714286,9760.9
2012-09-14,24.33,24.370001,24.18,24.23,15.731982,5576568.0,1.0016441019317714,0.9938347718865599,0.9958898479243733,0.259999999999998,0.05843899999999991,1172884.0,1.0046214347482851,1.0050660103586506,1.0051905390193685,0.9943053596596859,0.993477176095829,0.9936138144062275,0.9986827166762168,0.9990440609029118,0.9998305706996746,0.00714271428571424,-0.03428564285714307,0.032999999999999946,0.005564857142857197,-0.021797000000000035,0.019261866666666627,-434566.0,144684.57142857142,47973.666666666664
2012-09-17,24.35,24.48,24.18,24.389999,15.835866,4920029.0,1.0053388090349076,0.993018480492813,1.0016426694045173,0.020000000000003126,0.10388399999999898,-656539.0,1.0047962263734054,1.0047547131685033,1.0052556961572718,0.994248622931642,0.9931227933893272,0.9934939002525813,0.9994464842848794,0.9986130509974623,0.999998129509752,0.007143000000000248,-0.02857142857142847,0.02366670000000006,0.016696142857142857,-0.02550757142857155,0.017963266666666654,-419973.4285714286,56001.78571428572,50690.03333333333
2012-09-18,24.48,24.48,24.375,24.389999,15.835866,5967243.0,1.0,0.9957107843137255,0.9963234885620915,0.129999999999999,0.0,1047214.0,1.004679560678953,1.0043810425735047,1.0051287911885647,0.9957941873476902,0.9931900943096954,0.9934566765418495,1.0008462523236452,0.9979767724426133,0.9998473769276337,-0.0014285714285711443,-0.0264285714285715,0.02800003333333336,0.02133342857142852,-0.027362357142857365,0.015799199999999954,142932.57142857142,98666.78571428571,78036.46666666666
2012-09-19,24.309999,24.57,24.290001,24.549999,15.939748000000002,10625560.0,1.0106952287410624,0.9991773755317719,1.0098724808668236,-0.17000099999999918,0.10388200000000225,4658317.0,1.0057942332788714,1.0048293099182373,1.0053167358128454,0.9968573129651895,0.9935331003437036,0.9934854419883573,1.0023156386079657,0.9987680370066391,1.000148365789791,0.015714000000000134,-0.04142857142857131,0.01933330000000003,0.03339114285714321,-0.014376999999999893,0.017313966666666698,932875.0,379427.85714285716,212779.36666666667
2012-09-20,24.620001,24.83,24.559999,24.74,16.063112,14807528.0,1.008529609726661,0.997562875809794,1.0048740452934994,0.3100019999999972,0.1233639999999987,4181968.0,1.0060623479641901,1.0049489363997073,1.005489339900999,0.9965685405484461,0.9936182366447172,0.9935019590148162,1.0027149245433955,0.9990585765298888,1.0003806580102366,0.08142885714285697,-0.012857000000000087,0.025,0.05936257142857139,-0.0037102142857141323,0.019911100000000025,1503797.7142857143,133799.57142857142,291159.1666666667
2012-09-21,24.719999,24.84,24.68,24.84,16.128042,7254676.0,1.004854409581489,0.9983819174102717,1.004854409581489,0.09999800000000292,0.06493000000000038,-7552852.0,1.004971607617737,1.0046610157363034,1.0054271580242182,0.9963968601404215,0.993791143046397,0.9935740204138341,1.002337869221327,0.9991745330878096,1.0005004711012002,0.0999998571428574,-0.0028572142857142984,0.030333333333333337,0.059362571428571646,0.0,0.02164250000000004,106216.57142857143,213159.35714285713,-73494.8
2012-09-24,24.799999,24.83,24.610001,24.700001,16.03714,9104346.0,1.0012097177907144,0.9923387900136609,0.9959678224180574,0.0799999999999983,-0.09090199999999982,1849670.0,1.0046102681152294,1.0046896311517488,1.0053978939228616,0.9957178564940853,0.9947753458624445,0.9936109237013203,1.0013463948644075,0.9999845295786398,1.0005748362238853,0.10428557142857134,0.005714285714285593,0.028333266666666645,0.051942428571428625,0.016695500000000103,0.01947823333333337,671523.1428571428,83273.92857142857,172196.6
2012-09-25,24.5,24.75,24.360001,24.559999,15.94624,6529789.0,1.010204081632653,0.9942857551020409,1.0024489387755102,-0.2999989999999997,-0.09090000000000131,-2574557.0,1.0058331223582124,1.0052272785532488,1.00556918518351,0.9957822826677255,0.9950438211637057,0.9935330139433218,1.0022834078431413,1.000483062259679,1.0005579744855242,0.02428571428571453,0.015714214285714383,0.026999966666666708,0.030608285714285595,0.018086571428571396,0.01731396666666664,136174.42857142858,-149195.7857142857,20921.533333333333
2012-09-26,24.4,24.540001,24.379999,24.5,15.907287,5912961.0,1.0057377459016394,0.9991802868852461,1.0040983606557377,-0.10000000000000142,-0.03895299999999935,-616828.0,1.005890113339174,1.0053431698562898,1.0056905621782746,0.9966625407237872,0.9954555818277147,0.9941066685096573,1.0026342208790298,1.0010403525819547,1.0010020651936153,0.007142857142856737,0.007142928571428493,0.01833333333333324,0.01020300000000012,0.01344957142857149,0.01882913333333332,141847.42857142858,-139063.0,45304.9
2012-09-27,24.42,24.75,24.4,24.67,16.01766,9133954.0,1.0135135135135134,0.999180999180999,1.0102375102375103,0.020000000000003126,0.11037299999999917,3220993.0,1.007820615269676,1.0062500879743144,1.0061410126287251,0.9971582857048263,0.9964762365262583,0.9944682587601351,1.0046219382612325,1.0027340952924388,1.0014822044237546,-0.008571428571428388,-0.004999999999999767,0.014000000000000058,0.02597057142857143,0.023651999999999975,0.016664666666666623,452387.28571428574,297659.9285714286,107803.83333333333
2012-09-28,24.620001,24.799999,24.549999,24.75,16.069607,17210419.0,1.0073110476315579,0.9971567019838871,1.0052802191194063,0.20000099999999676,0.051947000000001964,8076465.0,1.0073371608254613,1.0065656970521664,1.0055374906053325,0.9968696180551284,0.9968634655101589,0.9944012599373758,1.0039659008687443,1.003140769738355,1.0008109881166236,0.0442859999999996,0.029999999999999867,0.020666699999999948,0.018551285714285676,0.02597121428571444,0.0030300666666667198,940694.1428571428,936784.5714285715,251611.96666666667
2012-10-01,24.620001,24.940001,24.620001,24.790001,16.095579,2735075.0,1.0129975624290186,1.0,1.006904955040416,0.0,0.02597199999999944,-14475344.0,1.0079754397829408,1.0070188938735656,1.005889833837288,0.9972177786537293,0.9968931596010877,0.9947518532633167,1.0042560308325894,1.0034854776879925,1.0009602444356256,0.0,0.040714428571428485,-0.003333266666666764,0.004638142857142924,0.03200035714285716,0.00021653333333340185,-1724636.142857143,-110419.21428571429,-123755.66666666667
2012-10-02,24.809999,25.049999,24.799999,24.99,16.225431,6889045.0,1.0096735191323465,0.9995969367028188,1.0072551796555895,0.18999800000000278,0.12985199999999963,4153970.0,1.008663884004492,1.0068177458111145,1.005861974585515,0.997391352838379,0.9968941064894002,0.9947788395392905,1.0045989979860326,1.0034684336036797,1.000919139807061,0.012857142857142836,0.05642850000000012,0.0023333000000000936,0.013912714285714247,0.036637642857142945,0.0008656666666666979,-52233.0,26991.785714285714,50432.03333333333
2012-10-03,25.040001,25.17,25.01,25.049999,16.264389,4277986.0,1.0051916531472982,0.9988018770446535,1.000399281134214,0.23000199999999893,0.038958000000000936,-2611059.0,1.0092327319125753,1.0069215000139022,1.0058471606619763,0.9983146509856635,0.9970162537398745,0.9950207069920403,1.0052320635169119,1.0032892291906597,1.0007714199243098,0.03428600000000007,0.0692857857142857,0.006666700000000011,0.03246414285714293,0.042203285714285776,0.0019478333333333116,-689480.0,-8978.42857142857,-61360.36666666667
2012-10-04,25.17,25.360001,25.110001,25.299999,16.426706,5155531.0,1.007548708780294,0.997616249503377,1.0051648390941597,0.12999900000000153,0.16231699999999805,877545.0,1.0088533929336667,1.0073432576459396,1.0059387829546529,0.9987904359001403,0.9972863592839328,0.9951279139754862,1.005620049276719,1.00395172855993,1.0009435812274485,0.09571428571428596,0.06000000000000024,0.0056666666666667235,0.06863799999999998,0.04962314285714279,0.006492733333333334,-196322.57142857142,-30074.071428571428,-1496.1666666666667
2012-10-05,25.4,25.59,25.26,25.5,16.556564,4428139.0,1.00748031496063,0.994488188976378,1.0039370078740157,0.22999999999999687,0.12985800000000225,-727392.0,1.0091023313706655,1.0074962223549198,1.006188126786674,0.9981201361988733,0.9973913384613303,0.9952775202746988,1.0055969988793303,1.0041156098791801,1.0013814814899158,0.14285714285714285,0.0749999999999998,0.013333333333333286,0.09275385714285735,0.05147842857142874,0.015799133333333396,-212117.42857142858,-35135.0,-6798.6
2012-10-08,25.450001,25.700001,25.42,25.52,16.569548,3526026.0,1.0098231823252188,0.9988211788282445,1.0027504517583319,0.05000100000000174,0.01298399999999944,-902113.0,1.008575141200909,1.0081978782352927,1.006367774978337,0.998068733291337,0.9976135094980816,0.9954666287707096,1.0045274190965905,1.0045746786789114,1.0016209504037379,0.1471429999999998,0.0692857857142857,0.021333399999999968,0.0788411428571431,0.05240585714285727,0.01774693333333334,-801132.5714285715,-174372.64285714287,-831.9333333333333
2012-10-09,25.58,25.799999,25.549999,25.620001,16.634476,3950229.0,1.008600430023456,0.9988271696637999,1.0015637607505865,0.12999899999999798,0.06492799999999832,424203.0,1.008759338685466,1.0080482497554635,1.0063312236558866,0.9983073715313245,0.9975884947932264,0.9954948731467083,1.0039964964724732,1.0039811986706089,1.0014171821593971,0.13714271428571426,0.09071435714285693,0.02766666666666661,0.08069557142857116,0.049623428571428416,0.014716799999999945,-1894312.857142857,-476809.35714285716,-6192.5
2012-10-10,25.440001,25.65,25.389999,25.559999,16.595516,4312380.0,1.0082546773484797,0.9980345126558761,1.0047169023303106,-0.13999899999999954,-0.03895999999999944,362151.0,1.0080817836739604,1.0080286117284507,1.0064319999565032,0.998026587625021,0.9976221831393752,0.9956037378542851,1.003683917513887,1.0039699741732382,1.0014000326260748,0.11714285714285719,0.058571428571428594,0.019666699999999912,0.07141957142857132,0.03802885714285712,0.012552566666666582,225329.2857142857,-749653.4285714285,-9117.6
2012-10-11,25.51,25.780001,25.43,25.610001,16.627987,5003954.0,1.010584123872991,0.9968639749117992,1.0039200705605644,0.06999900000000281,0.03247100000000103,691574.0,1.008211870065481,1.0084378770349864,1.0066374878884428,0.9976361645120183,0.9975137586751986,0.9956866939828232,1.0032074733574547,1.0039032356717434,1.0015708757457449,0.1000001428571429,0.05642864285714287,0.02066670000000007,0.05750800000000008,0.03571035714285716,0.01623203333333336,-269298.71428571426,-160765.85714285713,-10320.533333333333
2012-10-12,25.629999,25.799999,25.629999,25.66,16.660446,5261970.0,1.0066328523852068,1.0,1.001170542378874,0.11999899999999997,0.03245899999999935,258016.0,1.0084177556708966,1.0088252437917358,1.0066300883350803,0.9978073249342108,0.9980609879599373,0.9958076617296364,1.0033176535352633,1.0042748585260877,1.0015830107594406,0.08428542857142876,0.05928571428571442,0.027666666666666728,0.056579571428571285,0.044521857142857106,0.018179700000000073,140569.14285714287,-274455.4285714286,-255745.46666666667
2012-10-15,25.68,25.860001,25.68,25.77,16.731867,3908882.0,1.0070093847352026,1.0,1.0035046728971964,0.050000999999998186,0.07142100000000084,-1353088.0,1.0083407093787407,1.008597051156204,1.0065675578639488,0.9981478607194426,0.9984691483097914,0.9959422874700781,1.003080486935697,1.0043502681062082,1.0015921325969939,0.07285714285714258,0.08428571428571427,0.030666666666666606,0.043594428571428825,0.0561162142857144,0.020127500000000017,-178092.7142857143,-187207.64285714287,-12052.1
2012-10-16,25.93,26.0,25.75,25.790001,16.744854,3269656.0,1.0026995757809487,0.9930582337061319,0.9946008870034709,0.25,0.012986999999998972,-639226.0,1.0076577466387862,1.008380039004726,1.006630573657498,0.9979435813951217,0.9980318587969974,0.9964255635739826,1.0017467553827621,1.0036718771310462,1.0019245664455618,0.07571428571428587,0.10928571428571436,0.04033336666666661,0.026898571428571216,0.05982621428571428,0.031381700000000026,-165497.57142857142,-188807.5,-155628.5
2012-10-17,25.950001,26.120001,25.92,25.959999,16.85523,6583080.0,1.006551059477801,0.9988438921447441,1.0003852793685826,0.0200010000000006,0.1103759999999987,3313424.0,1.0071903005177265,1.0078827208593177,1.0067597083730362,0.9979468261546216,0.9980077797229793,0.9967027899493278,1.001408873612798,1.0029681463546942,1.002088426383149,0.07142857142857142,0.10928578571428561,0.055666666666666725,0.040811714285713965,0.05982642857142854,0.03874006666666663,436722.0,-182205.2857142857,-67848.33333333333
2012-10-18,27.629999,27.629999,25.950001,25.950001,16.84874,6807469.0,1.0,0.9391965957002025,0.9391965957002025,1.6799980000000012,-0.006489999999999441,224389.0,1.005961667657233,1.0073605031713495,1.0066225327844007,0.9894281727312506,0.9938677721312876,0.9948954885530306,0.9924992786056003,0.9982478875390368,1.0001851030350266,0.2928570000000005,0.21499985714285735,0.11100000000000006,0.03060914285714286,0.055652357142857004,0.03765823333333333,408177.14285714284,-743067.8571428572,-35079.13333333333
2012-10-19,25.959999,25.98,25.51,25.66,16.660446,8463864.0,1.000770454575133,0.9826656772983697,0.9884437977058473,-1.6700000000000017,-0.18829399999999907,1656395.0,1.0048924929753262,1.0064871383246434,1.0066209926081995,0.9872326248230354,0.9926296062240283,0.9948212833495966,0.990174549373534,0.9969292334437104,1.0002490592155302,0.07428542857142872,0.09571414285714296,0.048999966666666714,0.00927571428571434,0.040347642857142825,0.03246380000000002,593069.1428571428,409199.21428571426,116571.63333333333
2012-10-22,25.5,25.77,25.450001,25.66,16.660446,5093181.0,1.0105882352941176,0.9980392549019608,1.0062745098039216,-0.4599989999999998,0.0,-3370683.0,1.0048930803212015,1.0065524751933412,1.0068775164332824,0.987400521964487,0.9925183432382527,0.9950314086393527,0.9905108978368707,0.9968591855971626,1.0004719836464417,-0.001428571428571652,0.04928578571428562,0.04333329999999999,0.004636999999999907,0.031072499999999996,0.031814533333333374,12746.714285714286,-128276.0,33258.2
2012-10-23,25.6,25.84,25.530001,25.709999,16.692909,4376029.0,1.009375,0.9972656640625,1.0042968359375,0.10000000000000142,0.03246299999999991,-717152.0,1.0052848156947434,1.00685128568282,1.0069682562023015,0.9870099025448441,0.9924086137395275,0.9949541213505363,0.9909575112023887,0.9971375823688259,1.000545910052842,-0.004285571428571444,0.03999992857142866,0.05166670000000006,0.004637571428571415,0.03060857142857135,0.03484449999999999,-126563.0,7003.071428571428,3169.5
2012-10-24,25.59,25.799999,25.58,25.6,16.621492,4872772.0,1.008206291520125,0.9996092223524814,1.0003907776475187,-0.010000000000001563,-0.07141700000000029,496743.0,1.0054558023783036,1.0068982558785222,1.0068254795194167,0.9869540771666271,0.9925509689430349,0.994954972753404,0.9905126690238634,0.9967965779797803,1.0003091427465605,-0.012857142857142836,0.029999999999999867,0.05233333333333334,-0.015767857142857316,0.013913285714285755,0.030299600000000027,137698.57142857142,-20197.071428571428,-54612.933333333334
2012-10-25,25.5,25.52,25.18,25.379999,16.478649,8853199.0,1.0007843137254901,0.9874509803921568,0.9952940784313726,-0.08999999999999986,-0.14284299999999917,3980427.0,1.0051821935132381,1.0064199700760121,1.0067269868333242,0.9861530409789164,0.9920483111870191,0.9946336115818755,0.9906116963707063,0.9961792258767342,1.0000553405970565,-0.06142857142857139,0.007142857142857244,0.047666666666666656,-0.03802928571428562,-0.0055653571428572034,0.026836866666666678,797649.0,316075.71428571426,148317.16666666666
2012-10-26,25.48,25.59,25.200001,25.23,16.381262,14923749.0,1.0043171114599685,0.9890110282574568,0.9901883830455259,-0.019999999999999574,-0.09738700000000122,6070550.0,1.0048630580821192,1.0060266792999228,1.0068160871509308,0.9847483461378754,0.9913475861462485,0.994472820127572,0.9891549968959842,0.995281935254391,0.9998652917677615,-0.06714299999999998,0.002142785714285722,0.03833333333333341,-0.06770971428571418,-0.013449000000000108,0.02164266666666664,1191524.142857143,814123.0714285715,311572.7
2012-10-29,25.25,25.48,25.18,25.23,16.381262,5875427.0,1.0091089108910891,0.9972277227722772,0.9992079207920792,-0.23000000000000043,0.0,-9048322.0,1.0061643310665604,1.0060629993618968,1.0069417572128034,0.9930385071481718,0.9912333399397112,0.9946131282035542,0.9977280433376807,0.9951136609716406,0.9997841334806802,-0.33999985714285735,-0.023571428571428448,0.029999999999999954,-0.0667825714285714,-0.018086714285714272,0.018179866666666673,-133148.85714285713,137514.14285714287,31846.6
2012-10-30,25.34,25.440001,25.280001,25.379999,16.478649,4536412.0,1.0039463693764799,0.9976322415153906,1.0015784925019733,0.08999999999999986,0.09738700000000122,-1339015.0,1.0066180331810386,1.0057552630781823,1.0070733028586862,0.9951765877506035,0.9912046062868194,0.994677176776943,0.9996044283085558,0.9948894888410449,0.9999593002786763,-0.08857128571428571,-0.007142928571428493,0.02866666666666665,-0.025970999999999935,-0.008347642857142798,0.02142610000000005,-561064.5714285715,16002.285714285714,-47694.36666666667
2012-10-31,25.440001,25.5,25.290001,25.450001,16.524099,6736348.0,1.0023584511651553,0.9941037738166756,1.000393081745555,0.1000009999999989,0.04544999999999888,2199936.0,1.0054423497340441,1.0051677150276226,1.0067954102728225,0.9946143761669912,0.991007449065739,0.9945080567197732,0.9987642243002178,0.9946375610685444,0.9996433203079672,-0.008571285714285892,-0.004999928571428772,0.03766673333333325,-0.01947814285714295,-0.007420571428571522,0.0194783666666666,234738.14285714287,123742.42857142857,-129640.4
2012-11-01,25.469999,25.67,25.299999,25.33,16.446185999999997,8898763.0,1.0078524149137187,0.9933254806959356,0.9945033763055898,0.029998000000002634,-0.07791300000000234,2162415.0,1.005224837578861,1.0052548266368022,1.0067728371123912,0.9940514928289106,0.9905306976868774,0.9943668102159778,0.9973651586385165,0.9941613349204526,0.9992976313417036,-0.018571571428571434,-0.011428571428571439,0.028333266666666763,-0.035246142857143274,-0.015304285714285928,0.012769133333333234,646104.8571428572,259770.92857142858,-196958.83333333334
2012-11-02,25.49,25.52,25.08,25.15,16.329315,8650900.0,1.0011769321302473,0.9839152608866222,0.9866614358571989,0.02000099999999705,-0.11687099999999617,-247863.0,1.004220643380307,1.0048382228793054,1.006650254530683,0.9918094983337878,0.9893817877502075,0.9938845883318562,0.9954038240970421,0.9929582465604527,0.9986911988842273,-0.014285714285714488,-0.013571428571428663,0.0256666999999999,-0.04173957142857126,-0.02875371428571429,0.006709100000000016,539732.5714285715,338715.5714285714,46540.8
2012-11-05,25.02,25.299999,24.82,25.16,16.335810000000002,7332929.0,1.0111910071942447,0.9920063948840927,1.0055955235811351,-0.46999999999999886,0.006495000000001028,-1317971.0,1.0057073138758432,1.0054447536945408,1.0069829641774675,0.9924602718326357,0.9893066564057761,0.9938735084942039,0.9968754591184367,0.9937435777445717,0.9990121222563298,-0.06857142857142863,-0.06500000000000002,0.007333366666666663,-0.020405571428571228,-0.029217428571428426,0.009955666666666712,-217181.42857142858,290233.78571428574,-59047.23333333333
2012-11-06,25.200001,25.4,25.16,25.25,16.394245,3720901.0,1.007936467939029,0.9984126587931484,1.0019840872228536,0.18000100000000074,0.05843499999999935,-3612028.0,1.0062243648014235,1.0055437114417713,1.0069073770543466,0.9938033619091632,0.9892758540235194,0.9940110719505741,0.9985605597151979,0.993857778305591,0.9989966272045746,-0.039999857142857156,-0.05357142857142857,0.023333366666666678,0.0018547142857145665,-0.03292749999999981,0.014933500000000067,-1600406.857142857,-204441.35714285713,-93629.6
2012-11-07,25.389999,25.639999,25.219999,25.51,16.563055,8099973.0,1.0098463966067899,0.9933044503073829,1.0047263097568457,0.18999799999999922,0.16880999999999702,4379072.0,1.0063297199036663,1.0062470254851135,1.0070443320778517,0.9932428944141783,0.993140700781175,0.9938152107313122,0.9993489009958788,0.9985384721667797,0.9990175588412783,0.019999857142857076,-0.16000000000000014,0.0329999666666667,0.025970428571428426,-0.02040607142857149,0.021858933333333278,317792.28571428574,92321.71428571429,72900.4
2012-11-08,24.450001,24.68,24.309999,24.370001,16.328548,36934578.0,1.009406911680699,0.9942739470644603,0.9967280164937415,-0.9399979999999992,-0.23450699999999713,28834605.0,1.0071097973756977,1.006863915278368,1.0069074453500912,0.9927631380640454,0.9939698629073244,0.9936516423274274,0.9986559758518457,0.9991302020802008,0.9985672423831526,-0.12714271428571422,-0.10785699999999997,0.001000033333333287,-0.02144299999999991,-0.023706999999999923,0.010362933333333402,4628309.428571428,2033622.4285714286,926687.4666666667
2012-11-09,24.25,24.65,24.209999,24.559999,16.455849,10028478.0,1.0164948453608247,0.9983504742268041,1.0127834639175257,-0.20000100000000032,0.12730099999999922,-26906100.0,1.0091292822607933,1.0072858159974187,1.0072135719410666,0.9933698095512066,0.9939920928590988,0.9936914347355247,1.0004260304478414,0.9995951273740297,0.99881735054309,-0.17000014285714268,-0.08928571428571429,-0.012333366666666616,-0.009749999999999861,-0.014614071428571407,0.01287473333333331,470304.28571428574,352521.21428571426,-239398.03333333333
2012-11-12,24.5,24.73,24.43,24.450001,16.382149,4417259.0,1.009387755102041,0.9971428571428571,0.9979592244897959,0.25,-0.07370000000000232,-5611219.0,1.0093486165734107,1.0072867270761359,1.0070932450301675,0.993915149043624,0.9939833209362672,0.9935961966402865,1.0009197230455853,0.9991424408420508,0.998519159524736,-0.13857128571428592,-0.07857142857142867,-0.004000033333333282,-0.009148142857142716,-0.022197142857142995,0.009552333333333251,-640214.8571428572,2945.0,56072.8
2012-11-13,24.450001,24.52,24.049999,24.049999,16.114138,7017115.0,1.0028629446681823,0.9836400006691206,0.9836400006691206,-0.04999899999999968,-0.2680109999999978,2599856.0,1.0095894755074015,1.0069050594438542,1.006866225881362,0.9938758261554094,0.9928426622445986,0.9930642987724967,1.0004880894472883,0.9979459567721651,0.9977319868918536,-0.14857128571428543,-0.08142849999999997,-0.011999933333333363,-0.030739571428571515,-0.036239571428571385,-0.003709766666666662,-233397.85714285713,153167.35714285713,4269.0
2012-11-14,24.17,24.35,23.959999,24.200001,16.21464,5072325.0,1.0074472486553578,0.991311501861812,1.00124124948283,-0.2800009999999986,0.10050199999999876,-1944790.0,1.0090546528589892,1.007380983367416,1.0069414123982974,0.9937765557236551,0.9931184137781454,0.9928146195997354,0.9998660502903877,0.9983707547044122,0.9977600525034743,-0.12142857142857112,-0.09499999999999988,-0.029000033333333283,-0.017310000000000412,-0.01885778571428582,-0.001658300000000068,-322943.4285714286,-270062.4285714286,26477.966666666667
2012-11-15,24.0,24.1,23.879999,24.049999,16.114138,8015485.0,1.0041666666666667,0.9949999583333334,1.0020832916666667,-0.1700000000000017,-0.10050199999999876,2943160.0,1.00851610982008,1.0073702373107518,1.0068286776611763,0.9932890270865385,0.9935461944978509,0.9927274098940672,0.9998802223537895,0.9992203910344937,0.9976573342558911,-0.17142871428571432,-0.10571428571428575,-0.039000000000000055,-0.04001528571428586,-0.019080285714285643,-0.010418933333333295,613512.0,-493447.4285714286,95331.8
2012-11-16,24.02,24.030001,23.629999,23.66,15.852827,7216116.0,1.0004163613655286,0.9837634887593673,0.9850124895920067,0.019999999999999574,-0.26131100000000096,-799369.0,1.0071689619284714,1.0067493409160688,1.00659321254134,0.9919260325796794,0.9925844634969287,0.9923699198868334,0.997063962330241,0.9982064316630599,0.997026516979824,-0.19571414285714286,-0.08785714285714288,-0.045999999999999965,-0.10146114285714271,-0.03774535714285714,-0.02345790000000007,-126265.28571428571,95763.5,92932.56666666667
2012-11-19,23.76,23.85,23.42,23.65,15.846129,5956678.0,1.0037878787878787,0.9856902356902357,0.9953703703703702,-0.259999999999998,-0.006698000000000093,-1259438.0,1.0063662429437827,1.0067380201597402,1.0063920357567617,0.9906997880976471,0.9917314630808464,0.9919322217822332,0.9968700128840451,0.9977629943679455,0.996780514266892,-0.09857157142857124,-0.11285714285714274,-0.05633336666666663,-0.06891700000000027,-0.045180000000000095,-0.02411396666666672,-4425414.285714285,101447.57142857143,81021.73333333334
2012-11-20,23.77,23.85,23.5,23.540001,15.772425,6200971.0,1.0033655868742113,0.9886411442995372,0.9903239798064788,0.00999999999999801,-0.07370399999999933,244293.0,1.0044906345885523,1.0068099584246728,1.0062175409851202,0.9893127409651805,0.9913412752581935,0.9915926876034244,0.9936615151538956,0.9970437728008684,0.9964058549020884,-0.06857142857142863,-0.11928578571428565,-0.06033333333333329,-0.09763200000000007,-0.05369099999999997,-0.02873503333333331,-546786.7142857143,-38241.21428571428,75024.73333333334
2012-11-21,23.67,23.700001,23.52,23.52,15.759025,4807505.0,1.001267469370511,0.9936628643852977,0.9936628643852977,-0.09999999999999787,-0.013400000000000745,-1393466.0,1.0033305937697623,1.0063396051715865,1.0059846340525214,0.988815599142672,0.991365374093148,0.9914469659944051,0.9930477494246814,0.9969837362351334,0.9960373869705881,-0.11857142857142833,-0.1285713571428571,-0.059000033333333236,-0.08901771428571413,-0.04908292857142842,-0.027883033333333352,55749.42857142857,-292232.71428571426,16504.166666666668
2012-11-22,23.67,23.9,23.620001,23.74,15.906431,5947640.0,1.0097169412758764,0.9978876637093366,1.0029573299535275,0.0,0.14740600000000015,1140135.0,1.00430973614229,1.0069496058248457,1.0059557279659508,0.9908509795769886,0.9923634028661991,0.991481088954323,0.9958073678938825,0.9981477286705854,0.9960052956170202,-0.11142871428571409,-0.12999999999999975,-0.06133333333333333,-0.02967242857142871,-0.030206000000000115,-0.024051866666666713,-152782.14285714287,-193090.0,31456.2
2012-11-23,23.75,23.780001,23.5,23.6,15.812625,5878046.0,1.0012632,0.9894736842105263,0.9936842105263158,0.0799999999999983,-0.09380599999999895,-69594.0,1.003426300620096,1.0062404767395425,1.0057767395531105,0.9905884341982335,0.9921824949609442,0.9911302117613405,0.9947277909000948,0.9972969205952411,0.9957557512219349,-0.06000000000000024,-0.09071428571428568,-0.06266663333333339,-0.0574307142857141,-0.037370357142857254,-0.02826069999999999,115103.0,-103920.21428571429,20535.866666666665
2012-11-26,23.639999,23.709999,23.5,23.57,15.792525,3972143.0,1.0029610830355788,0.9940778762300286,0.9970389592656075,-0.11000100000000046,-0.020100000000001117,-1905903.0,1.0032540743870835,1.005885092103582,1.0056417961631232,0.9904567081834756,0.9918728676350071,0.9909328076356748,0.9940071719856577,0.9969436971697236,0.9955402274342152,-0.05142871428571435,-0.11142871428571434,-0.06800003333333333,-0.045944714285714436,-0.04298000000000014,-0.03131140000000006,-577620.2857142857,17945.85714285714,2108.7
2012-11-27,23.52,23.84,23.52,23.809999,15.95333,5960376.0,1.0136054421768708,1.0,1.0123298894557824,-0.11999899999999997,0.16080499999999986,1988233.0,1.0051382287887038,1.0061535953585878,1.0060053250429872,0.9927762097892803,0.9923511211844798,0.9911641998454706,0.997909657680483,0.9974868100053619,0.9961311941826256,-0.07142857142857142,-0.13357135714285714,-0.08033333333333334,0.014357571428571398,-0.043551785714285654,-0.026384133333333358,-179391.42857142858,-152828.35714285713,89690.66666666667
2012-11-28,23.76,23.83,23.700001,23.82,15.960032,4514743.0,1.0029461279461278,0.9974747895622895,1.0025252525252524,0.240000000000002,0.006702000000000652,-1445633.0,1.0050179786684537,1.0056921108061183,1.0058851606585981,0.994459717485288,0.9925797527914675,0.9911185630927221,0.9989317837026089,0.9979008982933271,0.9962025266211813,0.0,-0.04928578571428562,-0.0730000333333333,0.01627185714285722,-0.02632257142857153,-0.029839933333333294,-205990.7142857143,-2315702.5,-68944.56666666667
2012-11-29,23.85,24.115,23.83,24.09,16.14094,7641624.0,1.011111111111111,0.9991614255765198,1.010062893081761,0.08999999999999986,0.1809080000000005,3126881.0,1.006124482130868,1.0053075583597102,1.0062555310289685,0.9959626148105711,0.9926376778878758,0.993117390755266,1.0017516284562207,0.9977065718050582,0.9985647365338999,0.011428571428571692,-0.02857142857142847,-0.12599996666666666,0.05264500000000005,-0.022493500000000007,-0.023593333333333296,205807.57142857142,-170489.57142857142,27805.166666666668
2012-11-30,24.200001,24.450001,24.139999,24.360001,16.321846,14476658.0,1.0103305780855134,0.9975205786148521,1.0066115699747284,0.3500009999999989,0.18090600000000023,6835034.0,1.0074192119472969,1.0053749028585295,1.0065742018126478,0.9965137168433646,0.9926646579930184,0.993612554132482,1.003601443540425,0.9983245964825532,0.9991703289428627,0.07571442857142838,-0.02142849999999998,-0.058666599999999985,0.0804030000000002,-0.004307357142856968,-0.011286666666666651,1381307.5714285714,718528.5,200426.46666666667
2012-12-03,24.450001,24.76,24.4,24.690001,16.542957,7524444.0,1.0126788951869572,0.9979549694087947,1.009815950518775,0.25,0.2211110000000005,-6952214.0,1.0078423482203083,1.0060760421812993,1.0066438904757424,0.9965233319432875,0.9936871557601379,0.9936097446160431,1.0045812464783175,1.0001943071861,0.999288376966691,0.11142871428571409,0.0,-0.03499996666666665,0.09093228571428595,0.030629928571428624,-0.003916299999999969,225257.7142857143,36237.78571428572,81042.1
2012-12-04,24.639999,24.74,24.51,24.59,16.475954,6712454.0,1.0040584823075682,0.994724066344321,0.9979708197228417,0.18999799999999922,-0.0670029999999997,-811990.0,1.0082416742642468,1.0058339874421713,1.0064666732193281,0.9972733865338295,0.9939309103660314,0.9935250246921038,1.0051936192206783,0.9999607050603866,0.9990775097595358,0.12714271428571422,0.033571357142856986,-0.03200003333333339,0.09476128571428585,0.018665285714285877,-0.007231833333333289,119201.14285714286,117152.07142857143,77880.83333333333
2012-12-05,24.639999,24.85,24.59,24.77,16.596560999999998,4125206.0,1.0085227682030344,0.9979708197228417,1.0052760148245137,0.0,0.12060699999999613,-2587248.0,1.0090362007167406,1.006145137551912,1.0064772224420917,0.9978295213185169,0.9941431147509964,0.9934704112711158,1.0063703414433793,1.0001887567145185,0.9992403509987688,0.14285714285714285,0.045714214285714254,-0.03166670000000001,0.11486228571428546,0.03445878571428551,-0.0008310333333334085,21866.14285714286,-277877.0714285714,-24918.866666666665
2012-12-06,24.860001,24.9,24.625,24.719999,16.563055,5441103.0,1.0016089701685853,0.9905470237109001,0.9943683831710224,0.22000200000000092,-0.03350599999999915,1315897.0,1.007322419001271,1.0062303238949875,1.006504710990195,0.9964790961343598,0.99462765296182,0.9935736127150739,1.0038044119741278,1.0008570348273051,0.9992094944900906,0.19142871428571442,0.06000007142857149,-0.021333299999999986,0.08710357142857131,0.050730571428571354,0.0028135333333332586,-74181.85714285714,-126786.64285714286,-113736.53333333334
2012-12-07,24.82,24.940001,24.799999,24.889999,16.67696,4290970.0,1.004834850926672,0.9991941579371474,1.002820265914585,-0.040001000000000175,0.11390500000000259,-1150133.0,1.0075922365699201,1.0063051076191871,1.0065219689724183,0.9967247201879109,0.9955922188365994,0.9939130503710635,1.0038465567440327,1.0013891702233206,0.9996305572523926,0.15142857142857125,0.07571428571428562,-0.022000000000000006,0.10241828571428588,0.059345071428571546,0.009856600000000052,-31967.571428571428,-118979.14285714286,-354425.9666666667
2012-12-10,24.870001,24.99,24.790001,24.84,16.643457,3371634.0,1.0048250500673481,0.9967832731490441,0.998793687221806,0.050000999999998186,-0.033502999999999616,-919336.0,1.0066942278493827,1.0064093549901254,1.006379173611627,0.996384984126843,0.9961737994687071,0.9938982353836224,1.0022366701926104,1.0019941493244156,0.9996167494667169,0.14571442857142816,0.07857149999999992,-0.012666633333333384,0.071788142857143,0.062216571428571524,0.008739833333333398,-609998.5714285715,-202095.5,-83459.76666666666
2012-12-11,24.950001,24.969999,24.790001,24.889999,16.67696,5587470.0,1.000801523013967,0.9935871746057244,0.9975951103168292,0.08000000000000185,0.033502999999999616,2215836.0,1.005332934267733,1.006376073107515,1.0062743453995433,0.9958230692683961,0.9961683930558803,0.993763399819967,1.0009486045271963,1.0022750240338105,0.9994839700605453,0.10714285714285714,0.09142864285714276,-0.01299996666666665,0.05073057142857148,0.06556678571428584,0.006610366666666678,-1269884.0,55711.78571428572,35035.26666666667
2012-12-12,24.969999,24.99,24.66,24.700001,16.54966,6093764.0,1.0008010012335202,0.9875851416734137,0.989187104092395,0.01999800000000107,-0.12730000000000175,506294.0,1.0036360922743852,1.0057392202473467,1.0062224304018221,0.9943416653061988,0.995432498624743,0.9935461120818583,0.9980016264662847,1.0012914364723011,0.9991104374721067,0.07428542857142872,0.0928570714285714,-0.015666733333333245,0.000957571428571161,0.04594492857142856,0.0008520333333333241,-204382.85714285713,10437.42857142857,-21419.466666666667
2012-12-13,24.65,24.85,24.65,24.68,16.536257,5808797.0,1.0081135902636917,1.0,1.0012170385395538,-0.3199990000000028,-0.013403000000000276,-284967.0,1.004215393410974,1.0062285338376105,1.006231136246821,0.995095370114153,0.9961843783239913,0.9937685960586603,0.9984653720115293,1.0018294956161038,0.9993342262132389,0.0014287142857141483,0.06428571428571418,-0.027333300000000095,0.008614714285713936,0.051687999999999894,0.0030023666666667264,-129093.85714285714,-4946.357142857143,-102998.86666666667
2012-12-14,24.82,24.83,24.65,24.65,16.516153,4794585.0,1.000402900886382,0.9931506849315068,0.9931506849315068,0.1700000000000017,-0.0201039999999999,-1014212.0,1.003055412365738,1.0060458065412392,1.006205335205359,0.9944067794296767,0.9961181503740967,0.9940764435268232,0.996733182026814,1.0015517617350966,0.9995505345157158,0.025714428571428676,0.08428578571428577,-0.02233333333333327,-0.011486857142856926,0.05168771428571427,0.006227933333333269,95625.57142857143,58745.857142857145,-128543.83333333333
2012-12-17,24.52,24.615,24.389999,24.49,16.408947,4428170.0,1.003874388254486,0.9946981647634584,0.9987765089722674,-0.3000000000000007,-0.10720599999999791,-366415.0,1.003379043520867,1.0053507312610688,1.005961447907367,0.9949997995800421,0.9957394478572009,0.9941661691894689,0.9973629142841347,1.0005836631291314,0.9993232340287536,-0.048571571428571554,0.07142857142857142,-0.016666666666666666,-0.02201542857142818,0.03254407142857157,0.0024378999999999707,-144704.7142857143,-109443.28571428571,-96825.3
2012-12-18,24.49,24.690001,24.49,24.51,16.422352,5596432.0,1.0081666394446713,1.0,1.0008166598611679,-0.030000000000001137,0.013404999999998779,1168262.0,1.0038550133091524,1.0057236249395365,1.0059691202908885,0.9951149198747353,0.9959198200313233,0.9942190805630305,0.9970766848479322,1.0004616207959824,0.999284319783364,-0.04714285714285741,0.05214285714285692,-0.02366670000000006,-0.03637257142857158,0.033022857142857145,0.0009368999999999517,186494.57142857142,77263.5,62517.7
2012-12-19,24.719999,24.719999,24.469999,24.639999,16.509453,4750038.0,1.0,0.9898867309824729,0.9967637539143913,0.22999900000000295,0.08710100000000054,-846394.0,1.0031657204423883,1.0049299741458857,1.0056409070706622,0.9941296995652252,0.9952573418460341,0.9941051565855334,0.9967866943754444,0.9995116822840274,0.999018901255282,-0.021428857142856726,0.06214278571428571,-0.02233333333333327,-0.0191434285714287,0.02632235714285715,-0.0017867333333332644,196914.85714285713,-206541.85714285713,-111664.5
2012-12-20,24.719999,24.950001,24.620001,24.799999,16.616657,10181951.0,1.009304288402277,0.9959547732991412,1.0032362460856086,0.0,0.10720399999999941,5431913.0,1.004380401212147,1.0048566677399402,1.0056374862947146,0.994467927949999,0.9951454986091977,0.9941611841266895,0.9975925709138416,0.9992705877205188,0.9992358422416777,-0.03285742857142842,0.03714271428571436,0.00899993333333337,-0.008614714285714444,0.02105792857142852,0.009603633333333287,656354.4285714285,-306764.78571428574,-891754.2333333333
2012-12-21,24.98,25.1,24.885,24.950001,16.717163,11350696.0,1.0048038430744597,0.9961969575660529,0.9987990792634107,0.26000099999999904,0.10050599999999932,1168745.0,1.0049522357608525,1.0042941640176186,1.0052477862185025,0.9956981873632332,0.995019926334716,0.9940894002379977,0.9989657102239867,0.9984836683451358,0.9987696960865405,0.0014287142857141483,0.037857071428571434,0.02433333333333335,0.023928999999999995,0.012443285714285577,0.008710466666666623,750990.2857142857,273303.71428571426,44073.933333333334
2012-12-24,24.9,25.02,24.9,24.969999,16.730562,921329.0,1.0048192771084339,1.0,1.0028112048192772,-0.08000000000000185,0.013398999999999717,-10429367.0,1.0044816195958157,1.0043485065033948,1.0050955036187157,0.9956981873632331,0.9953967787386931,0.9941846383332359,0.9991934482639471,0.9988294101377383,0.9989314287641899,0.03571428571428571,0.018571499999999932,0.013333333333333286,0.027757857142857136,0.018186285714285537,0.011613766666666692,-698209.7142857143,-413651.78571428574,-116531.0
2012-12-27,24.91,24.98,24.85,24.91,16.690359,1403948.0,1.0028101164191088,0.9975913287836211,1.0,0.010000000000001563,-0.04020299999999821,482619.0,1.0048255075290624,1.0039404599474002,1.0050937426770798,0.9963325650563924,0.9953696722430345,0.9946496826037191,1.0001719218451603,0.9984525519359873,0.9994767620752192,0.012857142857142836,0.01928578571428576,0.015333299999999994,0.024886571428571664,0.006699857142857368,0.019207366666666677,-484376.71428571426,-194375.57142857142,-187105.56666666668
2012-12-28,24.92,25.08,24.92,25.0,16.750666,1829169.0,1.0064205457463884,1.0,1.0032102728731942,0.010000000000001563,0.06030699999999811,425221.0,1.00518924431362,1.0042841439172432,1.0050595192467808,0.997089970090184,0.9960448848351131,0.9949392992083255,1.0008053166881499,0.9990841154861424,0.9995423961882313,0.057142857142857446,0.004285642857142946,0.025,0.048816999999999666,0.013400785714285744,0.01786753333333332,-371285.85714285716,-257995.2857142857,-108105.2
2012-12-31,24.950001,25.07,24.870001,25.049999,16.784164,2103529.0,1.004809578965548,0.9967935873028622,1.0040079357111047,0.030000999999998612,0.03349800000000158,274360.0,1.0047096642451738,1.0042823387771629,1.0050809496567437,0.9966319111334501,0.9958734155040928,0.9949990868406431,1.0012612132381409,0.9991689490430365,0.9996065509897126,0.06571442857142884,0.009285785714285717,0.03166670000000001,0.05168742857142864,0.0076574285714285295,0.022334200000000002,-498986.14285714284,-156245.7857142857,-197065.2
2013-01-02,25.09,25.219999,25.0,25.09,16.810965,2350937.0,1.0051813072937426,0.9964129135113591,1.0,0.13999899999999954,0.026800999999998965,247408.0,1.0054498510014227,1.0043077857219054,1.005239781187684,0.9975642229232909,0.995846961244258,0.9954207343323761,1.0017235341075137,0.9992551142414791,1.000106134669979,0.052857285714285496,0.015714214285714383,0.03566666666666667,0.0430731428571427,0.011964857142857,0.03193793333333333,-342728.71428571426,-72906.92857142857,-162172.63333333333
2013-01-03,25.27,25.27,25.120001,25.18,16.871265,3074919.0,1.0,0.9940641472101306,0.996438464582509,0.17999999999999972,0.060300000000001575,723982.0,1.0041206669439544,1.0042505340780505,1.0051135185614215,0.9972941334820036,0.9958810307160013,0.9956998647163727,1.0007524224642137,0.9991724966890275,1.0001417378103838,0.07857157142857117,0.022857071428571376,0.050333333333333265,0.03637257142857158,0.013878928571428568,0.034171200000000054,-1015290.2857142857,-179467.92857142858,-96058.63333333333
2013-01-04,25.299999,25.299999,25.18,25.26,16.924870000000002,2933711.0,1.0,0.995256956334267,0.998419011795218,0.02999900000000011,0.05360500000000101,-141208.0,1.003434403647603,1.0041933197042279,1.005001332332281,0.9971598475917486,0.9964290174774909,0.9959203917841969,1.0006981271116147,0.9998319186678007,1.0004115722100084,0.04571414285714275,0.023571428571428448,0.05099996666666667,0.029672428571428964,0.02680071428571448,0.0384148333333334,-1202426.4285714286,-225718.07142857142,-108908.66666666667
2013-01-07,25.35,25.450001,25.290001,25.41,17.025377,6785432.0,1.0039448126232742,0.9976331755424063,1.0023668639053254,0.05000100000000174,0.1005069999999968,3851721.0,1.003309480149723,1.0038955498727693,1.0050905771073733,0.9968217298120923,0.9962599585876627,0.996052735489434,1.000634649838193,0.9999140490510701,1.0007017055273426,0.0642857142857147,0.050000000000000204,0.05599999999999999,0.04211642857142855,0.03493714285714284,0.042211733333333314,837729.0,69759.64285714286,65930.9
2013-01-08,25.450001,25.49,25.09,25.17,16.864570999999998,7990959.0,1.0015716698793056,0.9858545781589556,0.9889979965030258,0.1000009999999989,-0.1608060000000009,1205527.0,1.0031325592154654,1.003979033372264,1.0048190680608209,0.9951450511514259,0.9957388081039091,0.9956516326377546,0.9990629350529109,0.9996174284490358,1.0002363944123258,0.07714300000000003,0.04500007142857143,0.05933336666666662,0.024887428571428165,0.024886999999999913,0.031937999999999946,941001.5714285715,228312.42857142858,68110.63333333333
2013-01-09,25.08,25.25,24.93,25.02,16.764065,6119375.0,1.0067783094098883,0.9940191387559809,0.9976076555023924,-0.370001000000002,-0.10050599999999932,-1871584.0,1.0031836683102513,1.0041864563119356,1.0050029050411504,0.9942906424022802,0.995690306246232,0.9958031477892697,0.9982625611427965,0.9995339389154732,1.0003671759115285,0.02285714285714237,0.03999999999999991,0.04433333333333327,0.0019141428571428168,0.02536557142857124,0.0317146666666666,612886.5714285715,120800.35714285714,8044.3
2013-01-10,25.09,25.209999,25.01,25.15,16.851167999999998,5509075.0,1.004782742128338,0.9968114786767637,1.0023913909924271,0.010000000000001563,0.08710299999999904,-610300.0,1.003179834476364,1.003944749360769,1.005063627010909,0.9942931983128377,0.9954625547231438,0.9958942678708276,0.9980316261829854,0.9996464197105631,1.0005455903024225,0.019999857142857076,0.04285714285714296,0.048333366666666676,0.009571999999999596,0.030629714285714118,0.03528809999999994,486506.5714285714,-6239.785714285715,51231.066666666666
2013-01-11,25.34,25.370001,25.17,25.25,16.918171,4775092.0,1.0011839384372534,0.9932912391475928,0.9964483030781374,0.25,0.06700300000000325,-733983.0,1.00260878178258,1.004029316392001,1.0046495768862551,0.9938472448322996,0.9957057338777952,0.9956706425090807,0.9975242409084336,0.9996238875079736,1.0000162040898342,0.03571428571428571,0.044285785714285604,0.060666666666666674,0.015315142857143067,0.029194142857142884,0.03216136666666672,346307.85714285716,1789.5714285714287,-39509.46666666667
2013-01-14,25.33,25.370001,25.15,25.209999,16.891369,2641514.0,1.0015791946308725,0.9928938018160285,0.9952624950651402,-0.010000000000001563,-0.026801999999999992,-2133578.0,1.0028343810155618,1.003477523979758,1.0046040124424132,0.9936800526331421,0.9954870930575729,0.9955179429175387,0.9973562452630952,0.9990543338636544,0.9997741121744972,0.008571428571428388,0.04357149999999978,0.052333333333333225,0.0028719999999999857,0.019622285714285783,0.0310445666666667,-61915.0,-538602.6428571428,-62440.96666666667
2013-01-15,25.27,25.309999,25.17,25.27,16.93157,5144938.0,1.0015828650573804,0.99604273842501,1.0,-0.05999999999999872,0.04020099999999971,2503424.0,1.0030605045951873,1.0032474541213954,1.0042864042406223,0.993792307217534,0.9954760774046412,0.9954139866791549,0.9975821007209211,0.999140113916268,0.9994386824051051,-0.004285571428571444,0.020714285714285654,0.04733333333333327,0.0009571428571426566,0.01531478571428581,0.026354333333333337,315889.5714285714,-443268.4285714286,-83222.86666666667
2013-01-16,25.280001,25.415001,25.27,25.360001,16.991873000000002,4853927.0,1.005340189662176,0.999604390838434,1.0031645568368452,0.010000999999999038,0.060303000000001106,-291011.0,1.0032598441721734,1.0032846621609484,1.0041200579598444,0.9940739094026808,0.9954478196073866,0.9954834470866077,0.9976960568539954,0.9991653533460942,0.9993237819671756,-0.009999857142857544,0.027142928571428575,0.03599999999999994,-0.004786285714285299,0.018665071428571624,0.022334233333333366,-275929.28571428574,280899.85714285716,-320757.7
2013-01-17,25.469999,25.74,25.41,25.57,17.132578,7896252.0,1.0106007463918627,0.9976443265663261,1.0039262270877984,0.18999800000000278,0.14070499999999697,3042325.0,1.004549712245396,1.0038411357304307,1.0040507863333412,0.9957581591751623,0.995451605163294,0.9954730923251921,0.9998286612232486,0.9994457981380798,0.9991274578528098,0.002856857142857296,0.03999992857142866,0.03399993333333337,0.038286714285714396,0.03158707142857128,0.01965403333333325,-13529.57142857143,463736.0,12393.6
2013-01-18,25.65,25.719999,25.549999,25.59,17.145981,4333622.0,1.0027290058479534,0.9961013255360625,0.9976608187134504,0.1800009999999972,0.013403000000000276,-3562630.0,1.0039712403079766,1.003577454309114,1.004006470451354,0.9960556144294597,0.99517312841587,0.9955190009649167,0.9998362559676854,0.9990494085552409,0.9991171244858301,0.08142857142857148,0.05214285714285692,0.033666699999999966,0.05455942857142863,0.02823678571428572,0.02233423333333325,-255107.57142857142,178889.5,-79294.4
2013-01-21,25.690001,25.75,25.49,25.690001,17.212984,3578963.0,1.0023355001037175,0.9922148309764566,1.0,0.040001000000000175,0.0670029999999997,-754659.0,1.0036216343044593,1.0034007343904119,1.003800228181377,0.9953989504722729,0.9948460743925552,0.9953271346733706,0.9994946286830532,0.9987631274330192,0.998941257325013,0.08571442857142841,0.05285714285714275,0.03500006666666664,0.051688000000000144,0.030629999999999873,0.020547433333333368,-275730.28571428574,105388.14285714286,-18208.1
2013-01-22,25.75,25.84,25.51,25.66,17.192881,3740196.0,1.003495145631068,0.9906796116504855,0.996504854368932,0.059999000000001246,-0.020102999999998872,161233.0,1.0039518067607187,1.0032802942716492,1.0038631006967929,0.995025860829829,0.9944365528310642,0.9953315542713568,0.9995027074388808,0.9985134741736573,0.99901247303161,0.058571428571428594,0.04714285714285715,0.029666633333333317,0.03924428571428556,0.027279714285714313,0.020994200000000043,-147842.2857142857,99232.78571428571,-56696.9
2013-01-23,25.790001,26.049999,25.68,25.940001,17.380489,6480968.0,1.0100813489693157,0.9957347423135036,1.0058162076069714,0.040001000000000175,0.18760800000000089,2740772.0,1.005166400237639,1.0040003906266004,1.004037983964881,0.9954317094723254,0.9945558810527338,0.9952162404172354,1.0010103806591426,0.9991833129611188,0.9991123377546896,0.06571442857142884,0.03714292857142861,0.03233336666666666,0.06987428571428568,0.03637314285714283,0.023450966666666653,548493.4285714285,243289.2142857143,72999.93333333333
2013-01-24,25.92,26.129999,25.870001,26.0,17.420692000000003,6065149.0,1.0081018132716049,0.9980710262345678,1.0030864197530864,0.12999900000000153,0.040203000000001765,-415819.0,1.006097678553957,1.0045790915745723,1.004147209405023,0.9957214648736908,0.9947568860456124,0.9952591655200861,1.0014512977667263,0.9995166992438237,0.9992554288390655,0.09285714285714317,0.04428578571428586,0.03499996666666678,0.06987457142857169,0.03541585714285717,0.025907833333333366,131458.7142857143,223674.14285714287,89783.83333333333
2013-01-25,25.98,26.1,25.969999,26.07,17.467594000000002,8332840.0,1.0046189376443417,0.9996150500384912,1.0034642032332564,0.05999999999999872,0.04690199999999933,2267691.0,1.005994642551409,1.0046272433617913,1.0042744565593689,0.9957229876165561,0.9948984485096185,0.9954600947011784,1.0014941043947851,0.9995950806243902,0.999451065269613,0.0999998571428574,0.04499999999999993,0.034333300000000004,0.06796014285714287,0.031586928571428786,0.02635446666666669,496987.5714285714,110529.14285714286,91512.33333333333
2013-01-29,26.08,26.6,26.07,26.51,17.762401999999998,7956642.0,1.0199386503067487,0.9996165644171779,1.0164877300613497,0.09999999999999787,0.2948079999999962,-376198.0,1.0073286288249643,1.0059391705351801,1.004912378195143,0.9960047358809635,0.995881447528063,0.9958611421259705,1.0032886048195782,1.0015586330214135,1.000361086135245,0.08714299999999955,0.04499992857142843,0.03700003333333323,0.08997485714285704,0.06413078571428572,0.04042473333333329,8627.142857142857,-2451.214285714286,62095.933333333334
2013-01-30,26.530001,26.719999,26.41,26.58,17.809303,4274863.0,1.007161628075325,0.9954767811731331,1.0018846211125283,0.4500010000000003,0.04690100000000186,-3681779.0,1.0079618605717315,1.005966550439854,1.0048806461221973,0.995915515257688,0.9959855648435738,0.9957103681650749,1.0038920051623035,1.0018641305649945,1.0003833388876775,0.1257144285714286,0.10357150000000002,0.0626667,0.09476028571428584,0.07465985714285724,0.042434866666666696,-8394.142857142857,-131750.85714285713,-51131.13333333333
2013-01-31,26.6,26.82,26.51,26.58,17.809303,6132125.0,1.0082706766917293,0.9966165413533835,0.9992481203007517,0.06999900000000281,0.0,1857262.0,1.0088097429414478,1.0062156886229536,1.005142905315709,0.9965443310258203,0.9959716407490465,0.9958258967124708,1.0037845937766965,1.0016396112298749,1.0005865867333188,0.12999985714285753,0.10785714285714297,0.05933333333333337,0.08518842857142873,0.06843821428571444,0.043105000000000025,364737.4285714286,44503.57142857143,44584.666666666664
2013-02-01,26.65,26.795,26.59,26.74,17.91651,4652429.0,1.005440900562852,0.9977485928705442,1.0033771106941838,0.04999999999999716,0.10720699999999894,-1479696.0,1.0090877079317024,1.0065197573462106,1.0051951223926545,0.9975541854858286,0.9962900231578289,0.9959275776493737,1.0047663446803041,1.0021345260595924,1.0007399401240495,0.12857142857142836,0.09357142857142849,0.07099999999999997,0.10337557142857128,0.07130992857142841,0.05025209999999992,130319.0,-8761.642857142857,7475.3
2013-02-04,26.9,26.950001,26.549999,26.549999,17.789206,5916999.0,1.0018587732342008,0.986988810408922,0.986988810408922,0.25,-0.12730399999999875,1264570.0,1.0079130542552577,1.0065397272464482,1.0049848601856388,0.9963047666423172,0.9958682380573213,0.995493871329671,1.0020767165091542,1.0015435485841482,1.0002790118089746,0.1585712857142855,0.11214285714285717,0.08033333333333334,0.058388142857142764,0.06413121428571422,0.0455618,-80567.0,233963.2142857143,10685.566666666668
2013-02-05,26.34,26.73,26.25,26.639999,17.849504,7861839.0,1.0148063781321184,0.9965831435079727,1.011389483675019,-0.5599999999999987,0.06029799999999952,1944840.0,1.0088708492353309,1.007484263894644,1.0054784061233761,0.9960922119670893,0.9959068384203901,0.9957170850805211,1.0032628684980016,1.0023570831323638,1.000766536134329,0.059999999999999734,0.07642857142857144,0.05400003333333328,0.061258857142856726,0.06556671428571421,0.04466836666666663,256670.0,194064.35714285713,103726.7
2013-02-06,26.75,27.040001,26.75,27.030001,18.110817,5505767.0,1.0108411588785047,1.0,1.0104673271028037,0.41000000000000014,0.26131300000000124,-2356072.0,1.0097597379830685,1.0078771902672388,1.0055296351392504,0.9961472048187334,0.9959350962176448,0.9958519259705497,1.0042633147650797,1.0028787095799323,1.0010075721682352,0.10999999999999995,0.10499992857142867,0.06766669999999995,0.09188899999999986,0.07992457142857136,0.04980533333333336,-403867.5714285714,46560.0,-155872.8
2013-02-07,27.1,27.620001,26.860001,27.51,18.432432,8394469.0,1.0191882287822878,0.9911439483394834,1.0151291512915128,0.3500000000000014,0.32161499999999776,2888702.0,1.0096525349081455,1.0084905818665548,1.0060091146628447,0.9949368310933485,0.995470783487156,0.9956834923296641,1.0040692320836744,1.0036789184516264,1.0015519079025055,0.14571428571428616,0.11642864285714286,0.0706666666666667,0.09571857142857151,0.09284671428571427,0.05717563333333331,62546.71428571428,35586.92857142857,-98540.9
2013-02-08,27.450001,28.15,27.41,28.120001,18.841146,8862823.0,1.0255008733879463,0.9985427687233964,1.024408013682768,0.3500009999999989,0.4087139999999998,468354.0,1.0122724270956627,1.0101171438336973,1.0066985012054952,0.9953748293148145,0.9956451722862513,0.9956349179537773,1.0072868595937086,1.0055894323780061,1.0022718015312884,0.13142857142857167,0.12857150000000012,0.08500003333333339,0.14740614285714265,0.12108321428571424,0.07035279999999998,655422.8571428572,323514.35714285716,264716.4666666667
2013-02-11,28.18,28.25,27.75,27.77,18.606638,5456650.0,1.0024840312278211,0.9847409510290986,0.9854506742370476,0.7299989999999994,-0.23450799999999816,-3406173.0,1.0114457634579617,1.0101277531997046,1.0066876316991187,0.9936783164113453,0.9951113237185828,0.9952065720286265,1.0053157958703225,1.0045501948235096,1.0017868240058567,0.22571428571428548,0.1778570714285715,0.10899999999999999,0.11390500000000005,0.09954671428571439,0.06387596666666664,-96496.42857142857,134120.5,135090.06666666668
2013-02-12,27.77,27.91,27.559999,27.559999,18.465931,4318001.0,1.0050414115952466,0.9924378465970473,0.9924378465970473,-0.41000000000000014,-0.14070699999999903,-1138649.0,1.0113886936054466,1.0102382007685746,1.0066416605607473,0.9929196383722744,0.9952369119290515,0.9949545002485282,1.0037530438564457,1.0042596942683748,1.0014277431299852,0.16000000000000014,0.14428571428571427,0.09499999999999993,0.07848871428571462,0.09093214285714295,0.057175500000000073,-47775.42857142857,41271.78571428572,82961.06666666667
2013-02-13,27.809999,28.139999,27.790001,27.809999,18.63344,5218562.0,1.0118662355938954,0.9992809061230099,1.0,0.03999900000000167,0.16750899999999902,900561.0,1.0128183310854029,1.0103656926703302,1.006876882448359,0.9946756520457154,0.9954902093440162,0.9950374108758663,1.0056117852265998,1.0038442508678769,1.0012941452729482,0.12999985714285753,0.1442855714285715,0.0953332666666667,0.12060485714285717,0.08949649999999996,0.061642533333333326,-99776.71428571429,-90171.85714285714,103834.43333333333
2013-02-14,27.74,28.129999,27.58,28.059999,18.800943,5035578.0,1.0140590843547226,0.9942321557317952,1.0115356524873829,-0.06999900000000281,0.16750299999999996,-182984.0,1.0127115748314892,1.01079121203341,1.0071728083503917,0.9943397966491186,0.995216004308104,0.9949647189498809,1.0056326664855089,1.0044477674917551,1.0016786670225277,0.1999999999999998,0.12999999999999975,0.08833333333333329,0.13591985714285723,0.09858935714285698,0.06633260000000002,-403751.5714285714,-73540.78571428571,89488.03333333334
2013-02-15,27.6,27.99,27.57,27.77,18.606638,7302800.0,1.0141304347826086,0.9989130434782608,1.006159420289855,-0.13999999999999702,-0.19430499999999995,2267222.0,1.0131814713892184,1.0114706046861435,1.0076438228431452,0.994184517146013,0.9951658609823733,0.9951263488254852,1.005017251226516,1.004640282995798,1.0020026988794393,0.12142857142857164,0.11571428571428578,0.07766666666666673,0.07083157142857134,0.0813602857142856,0.05784576666666664,256719.0,-73574.28571428571,140929.36666666667
2013-02-18,27.969999,28.5,27.950001,28.5,19.095757,6860665.0,1.0189489102234146,0.9992850196383632,1.0189489102234146,0.36999899999999997,0.48911899999999875,-442135.0,1.013147283023665,1.0113999089659054,1.0082754531839258,0.9953475273315674,0.9951421792124578,0.9952606176022883,1.0055629310739307,1.0048160815788028,1.0026870288270457,0.12428557142857143,0.13499992857142878,0.08900000000000005,0.09476071428571434,0.09523964285714293,0.0723628999999999,-219114.85714285713,-78284.07142857143,130898.46666666666
2013-02-19,28.48,28.68,28.280001,28.530001,19.115856,5563493.0,1.0070224719101124,0.9929775632022472,1.0017556530898877,0.510000999999999,0.020099000000001865,-1297172.0,1.0105075113839745,1.0113899692398187,1.0083780418268204,0.9945524979714032,0.9949636636431088,0.9951054305242831,1.0023268795606621,1.0048068695771855,1.002666655133198,0.1471427142857143,0.13928564285714298,0.1043333333333333,0.039244285714286065,0.09332521428571436,0.0696826333333334,-471332.85714285716,92045.0,-40731.3
2013-02-20,28.65,28.82,28.549999,28.74,19.256561,4750605.0,1.005933682373473,0.9965095636998256,1.0031413612565445,0.16999999999999815,0.14070500000000052,-812888.0,1.0110003186904961,1.011223041074229,1.0085234422432927,0.9962337283529357,0.9949560223821405,0.9954605967089788,1.0048541205634474,1.0050849582168848,1.0031381006249818,0.06714285714285698,0.1464285714285712,0.10666663333333327,0.09284614285714302,0.10337557142857154,0.07973300000000011,-100863.57142857143,-98680.0,-108011.8
2013-02-21,28.65,28.83,27.92,27.98,18.747343,8125766.0,1.006282722513089,0.9745200698080281,0.9766143106457243,0.0,-0.5092180000000006,3375161.0,1.0111776488216164,1.0112831712135315,1.008506922680066,0.9936740459545044,0.9932968421633893,0.994810627744047,1.002593615427544,1.003173329641995,1.002438322463093,0.12571428571428558,0.14285714285714285,0.11900000000000001,0.04020171428571422,0.059345214285714425,0.06610926666666674,543966.4285714285,248095.5,66879.7
2013-02-22,28.15,28.594999,27.98,28.16,18.867949,12260994.0,1.0158081349911192,0.9939609236234459,1.0003552397868563,-0.5,0.12060599999999866,4135228.0,1.0117407773069342,1.0122795541961687,1.008874435775492,0.9929140484545665,0.9937948502501409,0.9947156092422698,1.0026443639685236,1.0041280745975616,1.0023704507562405,0.04857157142857105,0.08928571428571429,0.10199999999999995,0.0335012857142856,0.07705307142857139,0.0672260333333334,1006061.7142857143,453142.5,225063.96666666667
2013-02-25,28.25,28.549999,28.200001,28.469999,19.075657,3594357.0,1.0106194336283185,0.9982301238938053,1.007787575221239,0.10000000000000142,0.20770800000000023,-8666637.0,1.0112493986317337,1.0119804867316113,1.009188952281861,0.9934851867634251,0.9939124917062719,0.9948802387338102,1.0021089243590746,1.0038707954222919,1.002748426494344,0.07285714285714308,0.13642857142857143,0.097,0.03924485714285707,0.08758235714285714,0.07191619999999996,-205888.7142857143,-304820.14285714284,-39357.833333333336
2013-02-26,28.040001,28.440001,27.969999,28.16,18.867949,4767196.0,1.0142653347266286,0.9975034950961664,1.0042795647546519,-0.20999899999999982,-0.20770800000000023,1172839.0,1.011268670052308,1.0122250707207632,1.0096118236183862,0.9932838227088403,0.9937341699274266,0.9950338951764814,1.0018403735683312,1.0034288123974238,1.0030489954839943,0.06285728571428553,0.09214292857142858,0.09033336666666673,0.03733014285714274,0.05408085714285704,0.06588599999999994,-362229.14285714284,-52755.07142857143,70856.06666666667
2013-02-27,28.309999,28.35,28.030001,28.280001,18.948353,4471422.0,1.0014129636670068,0.9901095722398294,0.9989403743885684,0.26999800000000107,0.08040400000000147,-295774.0,1.008763534829964,1.0109554089268145,1.009606160238707,0.9919730445090497,0.9936602859203086,0.9948361229703088,0.9989820113062103,1.0022724711900703,1.00301367463028,0.04857142857142855,0.08642849999999999,0.10133330000000006,-0.021057714285714013,0.03685150000000016,0.06722610000000001,-341320.4285714286,-280217.64285714284,-22450.533333333333
2013-02-28,28.530001,28.889999,28.440001,28.719999,19.24316,8011621.0,1.012618225986042,0.9968454259780783,1.0066595861668566,0.22000199999999737,0.2948069999999987,3540199.0,1.0095629282693823,1.0100352198266784,1.0098487614495026,0.9925255963341685,0.9935390471527858,0.9947441574749636,0.9996825731743487,1.0010047263675053,1.0031301756079471,0.007142999999999741,0.07714285714285703,0.10833333333333334,0.018186285714285537,0.0287152857142858,0.07504289999999993,349732.5714285714,-60800.142857142855,105256.46666666666
2013-03-01,28.549999,28.799999,28.5,28.620001,19.176165,5871341.0,1.0087565677322792,0.9982487214798151,1.0024519090175799,0.01999800000000107,-0.06699499999999858,-2140280.0,1.0099661976063548,1.0104832581484253,1.0097872888275163,0.9927740474455955,0.9945038878992657,0.9947643039720798,0.9995840799973539,1.0022191002804006,1.0030810316722731,-0.014285857142856986,0.026428499999999997,0.10266666666666661,-0.011485142857142907,0.04068050000000006,0.06811956666666674,160105.14285714287,29620.785714285714,-67497.03333333334
2013-03-04,28.620001,28.889999,28.309999,28.360001,19.001955,3838738.0,1.0094338920533232,0.9891683441939783,0.9909154440630523,0.07000199999999879,-0.1742100000000022,-2032603.0,1.0104163646835311,1.0107970067525738,1.010010785034362,0.9948666580721598,0.9942703520133321,0.9945332045940104,1.001627099056972,1.002110357242258,1.002856185850593,-0.004285571428571444,0.06071435714285706,0.09900003333333333,0.03637314285714258,0.0382874285714284,0.06186579999999999,-612432.5714285715,-34233.07142857143,-16496.133333333335
2013-03-05,28.719999,29.17,28.700001,28.870001,19.343666,6954090.0,1.0156685590413843,0.9993036907835546,1.0052229110453659,0.09999800000000292,0.3417110000000001,3115352.0,1.0103964252621402,1.0110686012845373,1.010455220332284,0.995629910523604,0.9942719794890852,0.9947694999209137,1.0023224806653306,1.0024834223169272,1.0030302828854387,0.08142842857142897,0.06500000000000002,0.10099993333333342,0.06795957142857136,0.050730428571428475,0.07102273333333334,-758129.1428571428,123966.28571428571,112504.23333333334
2013-03-06,29.27,29.450001,29.120001,29.23,19.584875,6153725.0,1.0061496754355996,0.9948753331055687,0.9986334130509054,0.5500009999999982,0.24120900000000134,-800365.0,1.0097578883774663,1.0105036435046,1.010543704659102,0.9951506546967129,0.9943179207300691,0.9949093573027498,1.001014743212426,1.0015618337857501,1.0031012348415045,0.14571428571428566,0.10928571428571436,0.11733333333333332,0.07274542857142866,0.05599514285714286,0.07973313333333334,365624.0,79867.64285714286,80450.96666666666
2013-03-07,29.200001,29.290001,28.59,29.01,19.437469,6315948.0,1.0030821916752675,0.9791095555099467,0.9934931166611947,-0.06999899999999926,-0.14740600000000015,162223.0,1.008160296512986,1.009714483282647,1.010310399415967,0.9925229490415388,0.9929033858751896,0.9943551844092978,0.9994738220562176,1.0006570978122744,1.002690465143312,0.16571428571428573,0.11428578571428563,0.11366666666666667,0.0813600000000001,0.05934507142857142,0.06856599999999997,221250.2857142857,-70489.42857142857,-5500.666666666667
2013-03-08,29.1,29.24,28.74,29.120001,19.511171,6736832.0,1.0048109965635739,0.9876288659793814,1.0006873195876287,-0.1000009999999989,0.07370200000000082,420884.0,1.0086457297839242,1.008704632306944,1.0102007055256994,0.9921685624329033,0.9920708034709766,0.9940071124007918,0.9997233856560833,0.9993526984811467,1.0026104951377968,0.11285728571428574,0.08071435714285714,0.106,0.08040257142857143,0.02967242857142871,0.06968263333333329,323630.0,-8845.214285714286,22389.433333333334
2013-03-11,29.15,29.459999,29.129999,29.200001,19.564775,5677561.0,1.01063461406518,0.999313859348199,1.0017153001715267,0.04999999999999716,0.053603999999999985,-1059271.0,1.0083623566523727,1.0089626424608775,1.0104012280730605,0.992521195771492,0.9925233960528302,0.9939970727111153,0.9990170590853219,0.9993498161298353,1.0025521983690724,0.08857128571428571,0.04785714285714272,0.1056666666666666,0.04594500000000019,0.03206564285714286,0.0699060333333333,-333437.14285714284,8147.714285714285,-88509.3
2013-03-12,29.32,29.43,29.02,29.049999,19.464272,5344254.0,1.0037517053206002,0.9897680763983628,0.9907912346521146,0.1700000000000017,-0.10050299999999979,-333307.0,1.007647376307847,1.008806786957101,1.0098616632401891,0.9913096750455702,0.9920418612455829,0.9936687897771548,0.997351248461684,0.9984676642295189,1.0016956485220978,0.11000014285714295,0.04785714285714298,0.10800000000000007,0.04115814285714287,0.014836499999999983,0.056729000000000106,-75298.14285714286,42403.5,-87079.6
2013-03-13,29.01,29.049999,28.48,28.48,19.082355,6019253.0,1.0013788004136503,0.9817304377800758,0.9817304377800758,-0.3099999999999987,-0.3819170000000014,674999.0,1.0064966489307507,1.008456506807141,1.0096689023181333,0.9902471169864413,0.9925568875293006,0.9932105783307196,0.9960391047069731,0.9988331018819726,1.001023842411016,0.0557141428571433,0.02571428571428593,0.08266663333333343,0.011485714285714417,0.023929428571428497,0.04243506666666666,311502.14285714284,-150465.2142857143,58146.333333333336
2013-03-14,28.6,28.709999,28.18,28.18,18.88135,6938012.0,1.0038461188811187,0.9853146853146852,0.9853146853146852,-0.41000000000000014,-0.20100499999999855,918759.0,1.0048077289078556,1.007602077084998,1.0095214170577795,0.9882486876337457,0.9919392990786748,0.9928338497960962,0.993195072459733,0.9977587765625318,1.0005593945781472,-0.017142714285714282,0.03214285714285735,0.06666666666666667,-0.06604514285714254,0.0009572142857144124,0.03573490000000004,-2296.8571428571427,-380213.0,26862.9
2013-03-15,28.450001,28.75,28.379999,28.719999,19.24316,9095412.0,1.010544779945702,0.9975394728457128,1.0094902632868097,-0.1499990000000011,0.3618099999999984,2157400.0,1.0054356009807275,1.0075967446790968,1.0096915463705411,0.9886292790251948,0.9918899668609539,0.9928268791286018,0.994746051064862,0.997880397138644,1.0007631663312346,-0.11714271428571418,0.014285785714285737,0.06000003333333339,-0.04881642857142866,0.011964499999999998,0.044221666666666694,420241.0,392932.5,148099.43333333332
2013-03-18,28.35,28.48,28.02,28.08,18.814346,5758875.0,1.0045855379188713,0.9883597883597883,0.9904761904761904,-0.1000009999999989,-0.42881399999999914,-3336537.0,1.0056503647298138,1.0069053306214,1.009782438526697,0.9899507408608865,0.9912368449512127,0.9928725783936307,0.9943150616098615,0.9968944418330395,1.000879412333477,-0.12142871428571413,0.022142785714285802,0.04833333333333343,-0.08901757142857138,-0.0038287857142856397,0.034171333333333345,-79581.85714285714,70834.21428571429,-5270.8
2013-03-19,28.290001,28.42,27.809999,27.83,18.646837,6155841.0,1.0045952278333254,0.9830328037103994,0.9837398026249627,-0.059999000000001246,-0.16750899999999902,396966.0,1.0056195406254926,1.0071326352047085,1.0094420668500705,0.9892941605367461,0.9907313614848247,0.9924209004003782,0.9918939877580522,0.9958086867070678,0.999957756298475,-0.11571414285714303,-0.001428428571428648,0.06500003333333335,-0.12347628571428564,-0.021536857142857104,0.026577766666666728,-82998.71428571429,120315.64285714286,-56866.6
2013-03-20,27.85,28.1,27.6,27.83,18.646837,7046773.0,1.0089766606822261,0.9910233393177738,0.9992818671454218,-0.44000099999999875,0.0,890932.0,1.0053826901422134,1.006872523397293,1.0093799169101945,0.9881098005323997,0.9903154981519459,0.9921216783776374,0.9915463544686086,0.9952817067769651,0.999584907633229,-0.1857142857142853,-0.0485714999999998,0.036666666666666715,-0.13113399999999992,-0.04259449999999987,0.017867333333333353,195601.7142857143,-68917.71428571429,51366.86666666667
2013-03-21,28.1,28.34,27.92,28.139999,18.854548,10617319.0,1.0085409252669038,0.9935943060498221,1.0014234519572953,0.25,0.20771099999999976,3570546.0,1.0060668644202568,1.006857120364052,1.009025006793015,0.9886564047683225,0.9899830399069464,0.992203356967982,0.993065242655063,0.9952082455583735,0.9991280509887551,-0.17428571428571413,-0.03214278571428559,0.03333333333333333,-0.08710342857142857,-0.022972642857142844,0.01407053333333342,753295.0,338998.4285714286,74095.0
2013-03-22,28.09,28.629999,28.01,28.549999,19.129259,7217819.0,1.0192238875044501,0.9971520113919545,1.0163758988964045,-0.010000000000001563,0.2747109999999999,-3399500.0,1.0086161625760854,1.007556405753418,1.0088157739302317,0.9908594867128766,0.9905533018496591,0.9921569983902673,0.99801459424311,0.9970268494750415,0.9988603138292097,-0.13142857142857167,-0.03785721428571419,0.021333299999999986,0.006700571428571627,0.009093142857143022,0.009603766666666758,171223.7142857143,241362.92857142858,-54833.46666666667
2013-03-25,28.6,28.98,28.59,28.83,19.316868,5212333.0,1.0132867132867132,0.9996503496503496,1.008041958041958,0.5100000000000016,0.18760899999999836,-2005486.0,1.0099648189197417,1.0073862739137986,1.009175863332195,0.9929074387608287,0.9905780631972873,0.9926539783443091,1.0012613474898633,0.9972282099747981,0.9996133566227066,0.0,-0.008571357142857141,0.014000000000000058,0.0622168571428569,-0.0019141428571428168,0.023674333333333308,-246525.57142857142,-124411.21428571429,-8143.9
2013-03-26,28.629999,28.76,28.4,28.440001,19.055555,6502659.0,1.0045407266692534,0.9919665033868844,0.9933636742355456,0.02999900000000011,-0.26131300000000124,1290326.0,1.0091070970231062,1.0072713490019167,1.0091591738346617,0.9921113002667103,0.9903702896459524,0.9926382669039703,0.9989575490539684,0.9968518000594153,0.9996442175439899,0.025714000000000174,-0.045714357142857,0.0286666333333334,-0.02680071428571448,-0.03780857142857157,0.019654133333333233,-370393.28571428574,24923.85714285714,72821.93333333333
2013-03-27,28.6,28.6,28.299999,28.58,19.149359,4325664.0,1.0,0.9895104545454545,0.9993006993006992,-0.02999900000000011,0.09380400000000222,-2176995.0,1.0084520201775533,1.0070511924536836,1.0087636326481986,0.9922756811503769,0.9911132110056317,0.9923125851847184,1.0002181931717553,0.9972666273908085,0.9996209075206799,0.03571428571428571,-0.04285721428571421,0.026333366666666674,0.047859,-0.02057928571428569,0.01719730000000001,-204744.42857142858,-142163.14285714287,-29763.266666666666
2013-03-28,28.450001,28.74,28.24,28.530001,19.115856,13026721.0,1.0101932861091991,0.9926185942840564,1.0028119506920228,-0.1499990000000011,-0.033502999999999616,8701057.0,1.0092517427883922,1.0074356417069423,1.0086347727066811,0.9936450798037565,0.9914696201702513,0.992258799803127,1.002942785752764,0.997418386755408,0.9993301174608347,0.022857142857142878,-0.04642850000000008,0.02366670000000006,0.06700271428571421,-0.02823678571428572,0.010497100000000021,981554.2857142857,449277.78571428574,266371.43333333335
2013-04-02,28.440001,28.84,28.440001,28.82,19.310169,6721502.0,1.0140646619527194,1.0,1.0133614270969964,-0.010000000000001563,0.19431299999999752,-6305219.0,1.0099786001127484,1.007680645127481,1.0086325802790181,0.9949274599012173,0.9915186302168085,0.992295031687185,1.0049541514601317,0.9982502529643701,0.9995701843544059,0.08428585714285676,-0.05071421428571427,0.028000033333333244,0.09476171428571385,-0.01818614285714304,0.02345103333333327,-46467.28571428572,74567.21428571429,-19376.6
2013-04-03,29.0,29.0,28.209999,28.27,18.941652,11142112.0,1.0,0.9727585862068966,0.9748275862068966,0.5599990000000012,-0.3685169999999971,4420610.0,1.0087584679317623,1.0074126661760094,1.0080009499382376,0.9919509284950851,0.9903036666317038,0.9914108172394696,1.0011547420672176,0.9971099923611403,0.9980994735538554,0.12857142857142836,-0.022857142857142878,0.03433336666666662,0.012443428571428581,-0.03732999999999999,-0.005136833333333257,74970.42857142857,414132.71428571426,142714.9
2013-04-04,28.200001,28.299999,27.98,28.030001,18.780846,7640465.0,1.0035460282430486,0.9921985463759381,0.9939716314194457,-0.7999989999999997,-0.1608060000000009,-3501647.0,1.006518773751562,1.0075674681638236,1.0078850684826688,0.9912432906356542,0.9910513886742655,0.9913848500119259,0.997954132427652,0.997984363335381,0.9978400061648406,0.015714428571428636,-0.057857071428571515,-0.009333300000000004,-0.04977328571428582,-0.021536357142857097,-0.011167000000000015,60378.0,115800.85714285714,69232.4
2013-04-05,28.1,28.17,27.700001,27.75,18.593237,6885389.0,1.002491103202847,0.9857651601423487,0.9875444839857651,-0.1000009999999989,-0.1876090000000019,-755076.0,1.004976543739581,1.0074706813296612,1.007770315843648,0.9892596921345113,0.99108356544767,0.9910267032266767,0.9950259218481958,0.9981436346690294,0.9973201102558147,-0.07142857142857142,-0.03571428571428571,-0.01833333333333324,-0.10337585714285728,-0.020579500000000195,-0.022110800000000097,239008.0,-3758.785714285714,71159.46666666666
2013-04-08,27.870001,27.99,27.719999,27.860001,18.666941,3984175.0,1.0043056690238368,0.994617797107363,0.9996411912579408,-0.22999900000000295,0.07370400000000288,-2901214.0,1.0049429640759502,1.0070250305495283,1.007704414060673,0.9896384483802939,0.9908748743235021,0.9916966274699879,0.9959227099942524,0.9974401295241104,0.9980876729428886,-0.1085711428571433,-0.04142857142857156,-0.02599996666666667,-0.055516285714285275,-0.041158499999999876,-0.0026800666666666473,-359783.4285714286,-365088.35714285716,-138053.03333333333
2013-04-09,28.07,28.48,28.040001,28.48,19.082355,6643271.0,1.0146063412896331,0.9989312789454934,1.0146063412896331,0.19999900000000181,0.4154139999999984,2659096.0,1.0070295842601833,1.0077408022188683,1.0076643542706234,0.9909842804374424,0.9916299807939096,0.9918623059807228,0.9981092302783858,0.9991637117250706,0.9985627096596478,-0.07571428571428587,-0.02000000000000008,-0.0026666666666666098,-0.009572000000000105,0.01914349999999995,0.007146866666666678,331086.71428571426,63171.142857142855,-187257.43333333332
2013-04-10,28.459999,28.475,28.200001,28.25,18.928247,6535769.0,1.0005270906720694,0.990864441000156,0.9926212576465656,0.38999899999999954,-0.1541080000000008,-107502.0,1.0056486991977363,1.0074502209930642,1.0073279428387485,0.9907336871111708,0.9921893834574637,0.9916167832176012,0.9966534169861776,0.9997981013694707,0.998057165740492,0.001428285714285644,0.01214271428571426,0.006999966666666661,-0.02680128571428599,0.020100714285714107,-0.00491366666666669,-927278.8571428572,27137.714285714286,98047.06666666667
2013-04-11,28.360001,28.690001,28.35,28.690001,19.223061,5915687.0,1.0116361067829298,0.999647355442618,1.0116361067829298,-0.09999799999999937,0.29481400000000235,-620082.0,1.0053017627449092,1.007640181428829,1.0072403019072917,0.990683309317259,0.9928053846092383,0.9916882452291494,0.9964069426555967,1.0006805470578644,0.9983023838081012,-0.011428571428571186,0.03642864285714279,0.010666666666666677,-0.012443999999999582,0.04115885714285713,0.011837066666666729,-115116.42857142857,-80791.85714285714,38283.03333333333
2013-04-12,28.85,28.860001,28.709999,28.709999,19.236462,5140468.0,1.0003466551126516,0.9951472790294627,0.9951472790294627,0.48999900000000096,0.01340099999999822,-775219.0,1.0053512849038595,1.0070548764178109,1.0072047582888133,0.9938816940061972,0.9929163112506412,0.991856168788804,0.9993097559159633,1.0002322489915905,0.9981759472961311,-0.021428571428571224,0.05357142857142857,0.01800003333333334,0.042115714285714034,0.02727957142857131,0.009603633333333287,-857377.7142857143,-391203.64285714284,22301.533333333333
2013-04-15,28.690001,28.860001,28.52,28.790001,19.290066,4842866.0,1.005925409343834,0.9940745558008172,1.0034855349081375,-0.15999900000000267,0.053603999999999985,-297602.0,1.005691196489686,1.006104985120624,1.0069816644007397,0.9941496953526084,0.9926964929941313,0.9917638064495619,1.0006688849857763,0.9993115087067143,0.9980701455875071,0.06999999999999977,0.04285721428571421,0.005333333333333338,0.07274571428571416,0.01148621428571417,0.0015635333333333297,-399657.0,-169639.5,-105625.16666666667
2013-04-16,28.6,28.91,28.6,28.860001,19.336964,4252679.0,1.0108391608391607,1.0,1.0090909440559441,-0.09000099999999733,0.046897999999998774,-590187.0,1.0068837761520164,1.0059301599457988,1.007051084170969,0.9961832439037016,0.9927214680191064,0.9918221824002347,1.0037469507100878,0.9993864362791418,0.9982914467554524,0.07142857142857142,0.0,0.001666700000000058,0.10624671428571426,0.0014354285714284845,0.005359966666666575,-376101.4285714286,-68546.71428571429,-53955.4
2013-04-17,29.0,29.190001,28.959999,29.09,19.491074,5051203.0,1.0065517586206896,0.9986206551724138,1.003103448275862,0.3999999999999986,0.15411000000000286,798524.0,1.007204646094424,1.0060738050851872,1.006955013056548,0.9967550807701373,0.9931967645752157,0.9921372594328494,1.004241558855505,1.0000821344248787,0.9986977135625461,0.16142842857142878,0.026428642857142748,0.012666633333333384,0.11773328571428568,0.031108500000000205,0.016303966666666742,152432.57142857142,-103675.42857142857,40415.5
2013-04-18,29.049999,29.34,28.950001,28.98,19.417368,8113221.0,1.009982823063092,0.9965577279365827,0.9975903957862443,0.04999899999999968,-0.07370600000000138,3062018.0,1.0065441434906324,1.0067868638754078,1.0067654885239383,0.9964160020545786,0.9937001412460106,0.9920457273379502,1.0018107094978779,0.9999599698881318,0.9984432963872422,0.13999985714285706,0.03214278571428559,0.010999999999999944,0.047859,0.01914349999999995,0.002456733333333361,209992.85714285713,270539.78571428574,38637.7
2013-04-19,28.83,29.059999,28.41,28.41,19.035456,7621182.0,1.0079777662157476,0.9854318418314256,0.9854318418314256,-0.2199990000000014,-0.3819119999999998,-492039.0,1.0076085257111578,1.006628612454447,1.0068264248832766,0.9956399164590456,0.9931868017851082,0.9917309442954788,1.000783650095715,0.9987185335409464,0.9980032440132596,0.052857285714285496,0.02714278571428557,-0.01466666666666671,0.01531557142857157,-0.005742857142857208,-0.018313966666666678,155059.0,-386109.9285714286,48915.23333333333
2013-04-22,28.51,28.629999,28.440001,28.57,19.142656,4136002.0,1.004209014380919,0.9975447562258856,1.0021045247281655,-0.31999999999999673,0.10719999999999885,-3485180.0,1.0065475125108707,1.0059246376278899,1.0068639856401316,0.9953395451423697,0.9930114272298144,0.99234545098601,0.999421995516463,0.99791446908603,0.9982902909488253,0.02142842857142873,0.004999928571428772,-0.02300003333333329,-0.011486428571428928,-0.011965214285714256,-0.009827100000000043,-254240.7142857143,-184678.57142857142,-72664.86666666667
2013-04-23,28.77,29.25,28.75,29.25,19.598276,6963977.0,1.0166840458811262,0.9993048314216197,1.0166840458811262,0.259999999999998,0.4556199999999997,2827975.0,1.0088814254777956,1.0071163551908275,1.0072597539507167,0.9959334811983921,0.9949075876022946,0.9927346498340845,1.0024986764952721,1.0009042162056176,0.9988235151586085,-0.011428571428571692,-0.01642857142857146,-0.011000000000000062,0.051687714285714136,0.04690171428571409,0.0029034999999999183,260501.2857142857,-298438.21428571426,7571.5
2013-04-24,29.469999,30.07,29.43,29.9,20.033792,13663523.0,1.0203597224417957,0.9986427213655487,1.0145911440309177,0.6999990000000018,0.4355159999999998,6699546.0,1.0109434702060758,1.008317333347881,1.0075839242299371,0.996586076279068,0.9953678858158381,0.9927122785679963,1.0040851920842409,1.0023770385350086,0.9992527099539215,0.11142828571428609,0.09071414285714294,0.010666633333333427,0.10624657142857126,0.0894961428571427,0.015633899999999912,1260093.857142857,430218.4285714286,266198.73333333334
2013-04-26,30.0,30.18,29.790001,29.879999,20.020388,5293935.0,1.006,0.9930000333333333,0.9959999666666667,0.5300009999999986,-0.013403999999997751,-8369588.0,1.0102521615147673,1.008567968833392,1.0076588673859173,0.9955860810409727,0.9958846624723371,0.9928200104658287,1.0022150524572013,1.0029810015836444,0.9994263343544066,0.1999999999999998,0.13571428571428562,0.022666666666666658,0.09763200000000032,0.10193935714285729,0.01853719999999998,148750.85714285713,-113675.28571428571,-1677.3
2013-04-29,30.1,30.16,30.0,30.1,20.167803,5513106.0,1.0019933554817275,0.9966777408637874,1.0,0.10000000000000142,0.14741499999999874,219171.0,1.0096009610663441,1.008402803580384,1.007679352554853,0.9953085218540262,0.9960318013120817,0.9933182539019524,1.0017717027035065,1.0030066307795058,1.0000353197617373,0.15714285714285733,0.15928564285714306,0.03633333333333333,0.09667557142857117,0.10720442857142842,0.03618159999999999,65986.14285714286,109209.35714285714,-16871.566666666666
2013-04-30,31.1,31.879999,31.049999,31.84,21.333647,13926448.0,1.0250803536977493,0.9983922508038585,1.0237942122186494,1.0,1.1658439999999999,8413342.0,1.0117577511570093,1.009150947323821,1.008387160382074,0.9955705965493512,0.9959932993019649,0.9937541727515915,1.005515105050993,1.0036629072744356,1.001317970658536,0.292857285714286,0.2164285714285715,0.08333333333333333,0.2737541428571428,0.16080657142857138,0.08174323333333326,830461.0,520226.9285714286,232947.86666666667
2013-05-01,31.84,32.09,31.540001,31.690001,21.233143,5318760.0,1.00785175879397,0.9905779208542713,0.9952889761306533,0.7399999999999984,-0.10050400000000081,-8607688.0,1.0117397500967553,1.0096741379039567,1.0082973930103496,0.9963057506954721,0.9959728335772589,0.9935221210185434,1.0069232670937398,1.0038534585947274,1.0008445944199977,0.4300000000000002,0.24142864285714286,0.11299996666666665,0.3139552857142855,0.16463542857142852,0.06633276666666663,-328917.4285714286,-86929.21428571429,-125888.4
2013-05-02,31.6,31.639999,31.389999,31.5,21.105835,5060408.0,1.0012657911392404,0.9933543987341772,0.9968354430379747,-0.23999999999999844,-0.1273079999999993,-258352.0,1.0113192896336582,1.0089334010722646,1.008186734784362,0.9957071281966565,0.9955233366695131,0.9936886080310231,1.0061705411379982,1.002796268327231,1.0010565695053903,0.4414285714285714,0.23142850000000006,0.10833333333333334,0.2804541428571429,0.134483857142857,0.07638296666666662,132058.0,-61091.357142857145,-23282.233333333334
2013-05-03,31.85,31.879999,31.52,31.6,21.172838,7187673.0,1.0009418838304553,0.9896389324960753,0.9921507064364207,0.25,0.0670029999999997,2127265.0,1.0090704093407055,1.0089759174092505,1.008064956650933,0.9943262854930073,0.9951298833456997,0.993908812323879,1.0026657783601833,1.0025822274277276,1.0013369329657722,0.4400000000000003,0.21428571428571427,0.11866663333333337,0.2249374285714286,0.13831257142857137,0.08420003333333324,31956.571428571428,146228.92857142858,34394.4
2013-05-06,31.799999,31.870001,31.4,31.51,21.112532,4528153.0,1.0022013208239409,0.9874214146987866,0.9908805343044194,-0.05000100000000174,-0.060305999999997084,-2659520.0,1.0064763519667264,1.008709911086401,1.0078391119889902,0.9927232416834698,0.9946546589812689,0.9937887481699127,0.9992785483992549,1.0016818702417478,1.0010568885377389,0.33285714285714263,0.22214271428571436,0.13166663333333328,0.15410571428571476,0.13017614285714302,0.08218983333333334,-1305052.857142857,-22479.5,-83954.0
2013-05-07,31.5,31.6,31.004999,31.190001,20.89813,6462351.0,1.0031746031746032,0.9842856825396826,0.9901587619047618,-0.2999989999999997,-0.2144020000000033,1934198.0,1.0060727238488123,1.00816244268179,1.0076602345859134,0.9914783344272341,0.9935322077341034,0.9934784607195747,0.9984440905761255,1.0003295715166634,1.000681398869321,0.21428571428571427,0.20714285714285705,0.11333333333333329,0.12539171428571397,0.11151185714285715,0.0681193999999999,166916.57142857142,157833.7142857143,-138498.93333333332
2013-05-08,31.469999,31.555,31.280001,31.459999,21.079039,6312986.0,1.0027010169272645,0.9939625673327793,0.9996822370410624,-0.030000999999998612,0.18090900000000332,-149365.0,1.006173818341032,1.007887389703688,1.0071094722333407,0.991090452494233,0.9931994871741295,0.9933721459176023,0.9983986958677058,1.0000851992856064,1.000124943474143,0.19571414285714286,0.1764285000000001,0.11266663333333339,0.13017657142857178,0.11342607142857146,0.06499266666666668,114268.57142857143,90127.35714285714,-30161.1
2013-05-09,30.41,30.66,30.315001,30.59,20.983006,45139696.0,1.0082209799408088,0.9968760605064123,1.0059191055573824,-1.0599990000000012,-0.09603300000000203,38826710.0,1.0037653363757548,1.007761543766382,1.0069406144551438,0.9908738538803121,0.9932222252148317,0.9932796696128042,0.9958451092018106,1.0006801071264018,1.0000541817246573,-0.09857142857142875,0.0971429285714286,0.06033333333333329,-0.05009157142857136,0.1118312857142857,0.05553793333333334,4459035.428571428,2644748.214285714,1330912.1
2013-05-10,30.48,30.559999,29.92,30.129999,20.667469,9524044.0,1.0026246391076117,0.9816272965879266,0.9885170275590551,0.07000000000000028,-0.31553699999999907,-35615652.0,1.0030186049919891,1.0073791775443723,1.0068767448697558,0.9895951932708342,0.9929504719831532,0.9929350293861724,0.9948776879772966,1.0009004775355181,0.999892626835441,-0.1942857142857142,0.11785714285714301,0.06166669999999996,-0.0808105714285711,0.11657235714285719,0.05373046666666674,600754.8571428572,135918.7142857143,100712.83333333333
2013-05-13,30.040001,30.379999,29.9,30.09,20.640028,4929322.0,1.0113181753888758,0.9953395141365008,1.0016644140591073,-0.43999900000000025,-0.027440999999999605,-4594722.0,1.0044546598847943,1.0078869747592265,1.0072540173827182,0.989878781185452,0.9927929546910542,0.9931293313725406,0.9955675409803156,1.000869041059157,0.9999714173273878,-0.22285700000000017,0.10928578571428561,0.04800003333333329,-0.06654385714285686,0.10695514285714301,0.04968896666666668,-18726.571428571428,56665.71428571428,20121.933333333334
2013-05-14,30.0,30.139999,29.809999,29.889999,20.502844,7312412.0,1.0046666333333334,0.9936666333333334,0.9963333,-0.040001000000000175,-0.1371840000000013,2383090.0,1.0049867669566341,1.0070285881486698,1.0070697956235228,0.990454167019346,0.9923902262561767,0.9931642660075165,0.9961650543465411,0.9994154163533622,0.9997554623043203,-0.2642857142857145,0.08785714285714288,0.05166663333333332,-0.09571342857142844,0.06461200000000009,0.046232933333333295,17819.85714285714,24888.214285714286,-190476.96666666667
2013-05-15,30.1,30.219999,29.67,29.98,20.564577,5440401.0,1.0039866777408637,0.9857142857142858,0.9960132890365448,0.10000000000000142,0.06173300000000026,-1872011.0,1.005241817944766,1.005859084955746,1.0067338628164608,0.9902102914501316,0.9914667665668009,0.992688075531326,0.9968983050225592,0.9980884267109069,0.9991771910356386,-0.24285699999999974,0.04500007142857143,0.05533330000000009,-0.07827928571428597,0.037913214285714404,0.04181360000000005,130321.14285714286,-587365.8571428572,-42703.36666666667
2013-05-16,30.15,30.190001,29.75,29.860001,20.482264,6870085.0,1.0013267330016584,0.9867330016583749,0.9903814593698177,0.04999999999999716,-0.08231299999999919,1429684.0,1.004977836491488,1.0055252801701502,1.0067780872498495,0.9905599084670876,0.9910191214471608,0.9931538893797086,0.9969301189461385,0.9976871047611321,0.9996956534744027,-0.19285714285714306,0.010714285714285612,0.03833333333333329,-0.05940942857142823,0.03299114285714287,0.05135373333333331,58247.71428571428,112582.14285714286,-142400.9
2013-05-17,30.129999,30.34,30.0,30.26,20.756641,5561450.0,1.0069698309648134,0.9956853964714701,1.0043146699075562,-0.02000099999999705,0.27437699999999765,-1308635.0,1.0055876670682806,1.0058807427046565,1.0068922140072416,0.9908060269154719,0.9909482397048526,0.9932701177162264,0.9975918950699235,0.9979952954688146,1.0000404214240064,-0.19142857142857142,0.002142785714285722,0.06433326666666671,-0.046056857142857614,0.04205985714285708,0.06585983333333327,-107362.28571428571,3453.1428571428573,-69300.5
2013-05-20,30.33,30.68,30.23,30.23,20.736065,5114794.0,1.01153972964062,0.9967029343883944,0.9967029343883944,0.20000099999999676,-0.020575999999998373,-446656.0,1.0060617741682536,1.004913555272004,1.0071938348885008,0.990781294612898,0.9908275742466051,0.9936347101910944,0.9962752991886393,0.996060204195225,1.000345703104094,-0.011428571428571692,-0.05500000000000022,0.07433333333333322,-0.035277285714285664,-0.04268442857142851,0.07142760000000005,-5717843.142857143,-629403.8571428572,-59019.833333333336
2013-05-21,30.290001,30.299999,29.51,29.639999,20.331358,8702941.0,1.000330075921754,0.9742488948745825,0.9785407072122579,-0.03999899999999812,-0.4047069999999984,3588147.0,1.005733979427417,1.004376292209703,1.0070613151184313,0.9897272372252773,0.9896612152480558,0.9929557467833352,0.9948501105676684,0.9948638992724825,0.9996423536359046,-0.027142714285714322,-0.11071421428571426,0.08066666666666672,-0.04801585714285699,-0.06441321428571405,0.055480566666666675,-117300.42857142857,241727.2142857143,157292.2
2013-05-22,29.65,29.74,29.08,29.299999,20.098137,6789311.0,1.003035413153457,0.9807757166947724,0.9881955817875211,-0.6400010000000016,-0.23322100000000034,-1913630.0,1.0045507276795,1.004502693782147,1.0066756175138922,0.9876466947336019,0.9887627379595268,0.9923505613749779,0.9929259916717275,0.9942467663260215,0.9987619949858342,-0.055714428571428797,-0.13928571428571448,0.05266666666666661,-0.07741299999999995,-0.07197842857142842,0.03385940000000005,265712.71428571426,123493.07142857143,4868.0
2013-05-23,28.98,29.0,28.07,28.129999,19.295582,11848728.0,1.0006901311249137,0.9685990338164251,0.9706693926846102,-0.6699999999999982,-0.8025550000000017,5059417.0,1.00398265593544,1.0044847114460371,1.0066810521956535,0.9840656090883293,0.9872598880538377,0.9916083811355202,0.9892597191981004,0.9927123867723209,0.998030266153769,-0.14571428571428566,-0.20500000000000007,0.017333366666666686,-0.172466,-0.13408971428571423,0.012244500000000021,648045.1428571428,332932.5,177098.63333333333
2013-05-24,28.41,28.48,27.65,27.68,18.986912,10313627.0,1.002463921154523,0.9732488560366068,0.9743048222456882,-0.5700000000000003,-0.30866999999999933,-1535101.0,1.0037651192802486,1.0045034686125072,1.0063753126747068,0.9822848334200894,0.9862475624351106,0.9907284311553197,0.9861585096565494,0.9915284073395542,0.9967858900025276,-0.2414285714285716,-0.24214278571428569,0.0016666333333333228,-0.22538071428571424,-0.1518300000000001,-0.007871633333333369,696175.1428571428,413248.14285714284,146598.0
2013-05-27,27.6,27.950001,27.280001,27.85,19.103519,7679501.0,1.012681195652174,0.9884058333333332,1.0090579710144927,-0.8099999999999987,0.11660699999999835,-2634126.0,1.0053871853731793,1.0051825109323336,1.006786464026024,0.9825238093736549,0.9865418589203713,0.9905037162987821,0.9888265827486459,0.9928783508473922,0.9972495797353619,-0.3642857142857139,-0.27857142857142847,-0.041666666666666664,-0.19696357142857174,-0.12818649999999998,-0.004431433333333364,115630.85714285714,86939.28571428571,84634.43333333333
2013-05-28,27.780001,28.190001,27.639999,28.08,19.261286,6224133.0,1.0147588187631815,0.9949603313549197,1.0107990996832577,0.1800009999999972,0.15776699999999977,-1455368.0,1.0064998979158033,1.006043782492042,1.007080911006669,0.9824202286427192,0.9866131277790956,0.9905332421505856,0.9897529298594604,0.9936724124646918,0.997493365227866,-0.3357140000000004,-0.2635712857142859,-0.030333333333333337,-0.21362214285714284,-0.12983950000000025,-0.0009593333333333713,94669.0,-6346.642857142857,46042.23333333333
2013-05-29,28.360001,28.469999,27.530001,27.6,18.932032,7892591.0,1.0038786317391173,0.9707334283944489,0.9732016582086863,0.5800000000000018,-0.3292539999999988,1668458.0,1.0054054553584457,1.0057336147633498,1.0068488933700008,0.9787102992150125,0.9847457969139553,0.9895576897637338,0.9863956046909307,0.9913354519397849,0.9962970556996241,-0.28142842857142825,-0.1464285,-0.007999966666666698,-0.2577190000000001,-0.14649814285714285,-0.013497733333333291,396828.14285714284,-2660507.5,121330.4
2013-05-30,27.35,27.73,27.18,27.530001,18.884018,6616118.0,1.0138939670932359,0.9937842778793418,1.0065813893967093,-1.010000999999999,-0.04801399999999845,-1276473.0,1.0073431540972289,1.006538566762323,1.007093633652419,0.9815010682156926,0.985614152720485,0.9893964771872981,0.9904014164315663,0.9926257634996174,0.996412987070319,-0.42000014285714266,-0.2235714285714285,-0.05499999999999995,-0.20676285714285722,-0.1273893571428571,-0.020235200000000002,-298117.5714285714,-207709.0,52163.833333333336
2013-05-31,27.809999,27.84,27.35,27.540001,18.890877,13113693.0,1.0010787846486437,0.9834592227061928,0.9902913337033921,0.4599989999999998,0.006858999999998616,6497575.0,1.0070636357393983,1.0058071817094492,1.0067968323719374,0.9818844262173242,0.9847655604754629,0.9889598603462851,0.9907008095624052,0.9918134006170664,0.9961696850008905,-0.26285728571428535,-0.15928585714285706,-0.041333333333333284,-0.1724657142857145,-0.12493935714285723,-0.0175497,903483.1428571428,584597.9285714285,166682.4
2013-06-03,27.5,28.07,27.48,27.85,19.103519,6465469.0,1.0207272727272727,0.9992727272727273,1.0127272727272727,-0.30999900000000125,0.2126419999999989,-6648224.0,1.0099260845397353,1.0069543702375878,1.0072218159223216,0.9862663824253672,0.9851659957568482,0.9894212231943285,0.9967090781399285,0.9929843986690143,0.9970795326974188,-0.2114285714285715,-0.17857142857142858,-0.04433333333333327,-0.027437571428571568,-0.09995178571428578,0.002268766666666622,-769037.0,-60495.92857142857,-38523.76666666667
2013-06-04,28.07,28.1,27.639999,27.91,19.144674,4634055.0,1.0010687566797294,0.9846811186319914,0.9942999643747773,0.5700000000000003,0.04115499999999983,-1831414.0,1.0097267753290506,1.0067459473046496,1.0071171406656154,0.9878995627961364,0.9850921981081129,0.9889924352745321,0.9995655270155126,0.9928620183360309,0.9968193806856391,-0.04857142857142855,-0.14500000000000007,-0.01466666666666671,0.022537428571428313,-0.10142164285714296,6.726666666665438e-05,-811367.4285714285,-57596.142857142855,16601.766666666666
2013-06-05,27.940001,28.0,27.200001,27.200001,18.657658,8567519.0,1.0021474229725331,0.9735146752500117,0.9735146752500117,-0.12999900000000153,-0.487015999999997,3933464.0,1.0082219506605306,1.006804568016855,1.0066325865686623,0.985772254498519,0.984148031936087,0.9881327634021452,0.9944879133348724,0.991657248041759,0.9953804016646021,0.04857157142857105,-0.15785707142857142,-0.02766663333333336,-0.06369442857142817,-0.13032899999999994,-0.031353933333333237,126859.71428571429,121245.28571428571,53451.4
2013-06-06,27.0,27.35,26.700001,26.860001,18.424435,7281554.0,1.012962962962963,0.9888889259259259,0.9948148518518519,-0.9400009999999988,-0.2332230000000024,-1285965.0,1.0079653998319278,1.0072326488738654,1.006386027919368,0.9849049108658058,0.9836625697542624,0.987807636887491,0.9922044493589572,0.9909786896092088,0.9947211919253,-0.11142871428571409,-0.22357135714285725,-0.08233330000000004,-0.11955014285714276,-0.16658614285714282,-0.053645233333333306,151060.14285714287,122864.57142857143,-212732.3
2013-06-07,27.07,27.15,26.700001,26.700001,18.314686,6681407.0,1.0029553010712966,0.9863317694865165,0.9863317694865165,0.07000000000000028,-0.10974900000000076,-600147.0,1.0078334954508106,1.0066194754046283,1.0062845379550778,0.9871332453075297,0.9829217722612712,0.9875853614259305,0.9940801795415044,0.9902378921162175,0.9943989186859614,-0.18428585714285717,-0.2328571428571427,-0.09766666666666665,-0.0881922857142859,-0.172955642857143,-0.05685673333333341,-173026.2857142857,111900.92857142857,46249.066666666666
2013-06-11,26.790001,26.889999,26.355,26.879999,18.438152,6923381.0,1.0037326613015056,0.9837625612630623,1.0033593877058833,-0.2799990000000001,0.12346600000000052,241974.0,1.0063818803377063,1.0068625172174677,1.006342514815737,0.9857015715052039,0.9836013198604483,0.9871548554392395,0.9936198935856722,0.9920106550086193,0.9945108982761576,-0.07999985714285732,-0.25,-0.11033330000000004,-0.06369514285714319,-0.1352290000000002,-0.05765503333333335,43894.71428571428,-127111.42857142857,47009.166666666664
2013-06-12,26.6,26.73,26.299999,26.549999,18.211794,8023483.0,1.0048872180451127,0.9887217669172932,0.9981202631578947,-0.19000099999999875,-0.22635799999999762,1100102.0,1.0069259422514876,1.0069947889954431,1.0056694102939825,0.9864533635353611,0.9841688948763426,0.9868325059763541,0.9947383120791725,0.9927195608207889,0.9936550999741325,-0.17285699999999998,-0.21785714285714267,-0.15,-0.09701185714285694,-0.1347387857142857,-0.1040617666666666,-727172.8571428572,88155.14285714286,-196765.5
2013-06-13,26.35,27.120001,26.35,27.01,18.527327,9949339.0,1.0292220493358633,1.0,1.0250474383301709,-0.25,0.3155329999999985,1925856.0,1.0081394817670006,1.0090327831533679,1.0063817533120456,0.9865572596392572,0.9864118210323122,0.9871465752812117,0.9964983357367295,0.9966037069383289,0.9946470487141162,-0.1642857142857141,-0.18785714285714278,-0.18299999999999994,-0.08231314285714271,-0.054875357142857135,-0.09019386666666662,497695.71428571426,-135670.64285714287,154352.63333333333
2013-06-14,27.639999,27.950001,27.469999,27.82,19.082937,8749107.0,1.0112157022871093,0.9938494932651771,1.0065123374280875,1.2899989999999981,0.5556100000000015,-1200232.0,1.0095890454251977,1.0096579103771242,1.0067134170169745,0.987867027443998,0.9878832951200672,0.9871630784322449,0.9982429604586309,0.9989042437370718,0.9949696118604534,-0.06142871428571439,-0.055000071428571475,-0.1320000333333334,-0.008819571428571038,0.006858928571428636,-0.06742993333333326,587864.5714285715,-111751.42857142857,122956.63333333333
2013-06-17,27.65,28.450001,27.610001,28.450001,19.515087,8198496.0,1.028933128390597,0.9985533815551538,1.028933128390597,0.010000999999999038,0.43215000000000003,-550611.0,1.0134155747706353,1.010818762715583,1.0076464585023126,0.9914439854875898,0.9886081199930544,0.9874602267342143,1.0061598823358575,1.0003238978353648,0.9961956925922594,-0.04142871428571431,0.0035714285714283684,-0.1400000000000001,0.12248985714285711,0.02939771428571447,-0.055258366666666586,-52717.57142857143,37071.07142857143,33694.1
2013-06-18,28.450001,28.450001,27.98,28.379999,19.467068,6297381.0,1.0,0.9834797545349823,0.9975394728457128,0.8000010000000017,-0.048019000000000034,-1901115.0,1.0115637229187835,1.0097645613753556,1.0075730811415144,0.990671246717455,0.9877880787916303,0.9873288380620875,1.0065491139064089,0.9993767816326831,0.9964176572103025,0.20714300000000005,0.04785714285714298,-0.11166659999999998,0.14894757142857173,0.014698714285714485,-0.05484880000000002,-140596.14285714287,5232.0,58974.26666666667
2013-06-19,28.530001,28.65,28.139999,28.35,19.446489,6067587.0,1.0042060636450731,0.9863301091366944,0.9936908169053342,0.0799999999999983,-0.020579000000001457,-229794.0,1.011742403286466,1.0097879493686384,1.007607463157197,0.9906710095246234,0.9889021274160765,0.9873969856153212,1.0076004063948114,1.000840292968158,0.9965353923769882,0.2085715714285712,0.012142857142857011,-0.09899996666666672,0.16168614285714306,0.03674692857142858,-0.04838803333333329,-87688.57142857143,-130357.42857142857,-13158.8
2013-06-20,27.950001,28.08,27.450001,27.65,18.96633,13206533.0,1.0046511268461134,0.9821109129835094,0.9892665120119315,-0.5799999999999983,-0.48015900000000045,7138946.0,1.0118736126499812,1.0091277464938437,1.0076724668211585,0.9904350597704015,0.9880683156378026,0.9870019304703456,1.0055871384385326,0.9996035160121025,0.9961882015426838,0.16571428571428573,0.04285721428571421,-0.1173332666666667,0.07545400000000006,0.00587942857142844,-0.07042363333333342,897593.1428571428,470743.9285714286,229784.9
2013-06-21,27.200001,27.639999,27.1,27.41,18.801701,9408489.0,1.016176396464103,0.9963234927822245,1.0077205511867444,-0.75,-0.16462899999999792,-3798044.0,1.0134863524241227,1.0102061473378052,1.0079376473719348,0.9915210206082489,0.9889871920718051,0.986983511546206,1.0069586081569397,1.0008484601180563,0.9962482497303291,0.08571442857142841,-0.04357128571428578,-0.10699996666666665,0.0842724285714286,-0.006369714285714169,-0.0727101666666666,197858.0,-264657.4285714286,-1191040.2333333334
2013-06-24,27.43,27.540001,27.190001,27.379999,18.781126,6203033.0,1.0040102442581116,0.9912504921618666,0.9981771418155305,0.2299989999999994,-0.020575000000000898,-3205456.0,1.009884665984444,1.0090120738757222,1.007983834210285,0.9902710909170869,0.9884141752781721,0.9873042847320039,1.003119994369134,0.9998091650529318,0.9965702535388784,0.15428571428571405,-0.00500000000000002,-0.1016666666666667,0.03625700000000011,-0.023028071428571297,-0.0628781,-535186.5714285715,-18745.428571428572,-110700.36666666667
2013-06-25,27.17,27.76,27.17,27.379999,18.781126,7686174.0,1.021715126978285,1.0,1.0077290761869708,-0.259999999999998,0.0,1483141.0,1.0113845837974689,1.0104868146113333,1.0083303992632653,0.9911497347363473,0.9895083810901727,0.9874596342607873,1.0032938141918315,1.0007683873252313,0.9967724089431405,-0.06714271428571397,-0.06428571428571418,-0.09566669999999995,-0.04311585714285725,-0.025967714285714143,-0.061963400000000016,-151847.57142857142,218008.5,91895.06666666667
2013-06-26,27.66,28.049999,27.610001,27.84,19.096661,10690183.0,1.0140997469269704,0.9981923716558206,1.0065075921908893,0.48999999999999844,0.31553500000000057,3004009.0,1.0092655293026653,1.0113405520366503,1.0086448363830531,0.9910981618935855,0.9912710736905875,0.9876104922048702,1.000090166163302,1.0031250242495797,0.9971115520161701,0.001428571428571652,-0.02000007142857133,-0.078,-0.05977514285714288,0.03135735714285711,-0.04687276666666662,355955.28571428574,151618.85714285713,112592.36666666667
2013-06-27,28.190001,28.610001,28.17,28.51,19.556242,8140031.0,1.014898899790745,0.9992904931078223,1.0113515072241397,0.5300009999999986,0.459581,-2550152.0,1.011393943558486,1.0114788332386346,1.0090085771180493,0.9933568388325626,0.9920140427750088,0.9880630324513214,1.0020633139316486,1.0043062139190289,0.9976228259557567,-0.037142857142857366,0.08500007142857134,-0.06366663333333342,0.012739142857142838,0.08084335714285729,-0.03361116666666663,263235.71428571426,61319.78571428572,89987.66666666667
2013-06-28,28.73,28.9,28.530001,28.58,19.604258,12802851.0,1.0059171597633136,0.9930386703793943,0.994778976679429,0.5399990000000017,0.0480160000000005,4662820.0,1.0116383858610918,1.0116903945737787,1.0091615913434377,0.9943152047243767,0.9924931071245,0.9882732214086887,1.002218765327948,1.0049095858613797,0.9977694098660771,0.028571285714285972,0.11857142857142858,-0.04733333333333327,0.02253842857142883,0.09211228571428595,-0.029266866666666638,962180.5714285715,437246.0,197758.86666666667
2013-07-01,28.42,28.450001,27.75,27.82,19.082937,8670301.0,1.0010556298381421,0.9764250527797326,0.9788881069669246,-0.3099999999999987,-0.5213210000000004,-4132550.0,1.0111247434313815,1.0114991780406812,1.008964451305882,0.9935029389809802,0.9919689993756908,0.9876312099522974,1.000736136035804,1.0031616372371683,0.996921857768056,0.06714271428571449,0.11642850000000012,-0.05699996666666666,0.016658142857143128,0.0460560714285716,-0.05579013333333324,-648033.1428571428,124780.0,103628.36666666667
2013-07-02,28.4,28.48,27.879999,28.48,19.535664,7655944.0,1.0028169014084507,0.9816901056338029,1.0028169014084507,-0.020000000000003126,0.45272699999999944,-1014357.0,1.0092162441377168,1.0113512982809199,1.0086736903648097,0.9914124551026341,0.9914667378554415,0.9871307823271445,1.000035614638905,1.0034971113979223,0.9971256566687247,0.17142842857142832,0.12857142857142836,-0.06433333333333333,0.10485185714285704,0.09456214285714282,-0.04001336666666665,-250363.57142857142,-26252.785714285714,84705.0
2013-07-03,28.450001,28.5,27.785,27.870001,19.117239,8453392.0,1.0017574340331306,0.9766256247231766,0.9796133574828345,0.05000100000000174,-0.41842499999999916,797448.0,1.0088944141055767,1.0093895400450104,1.0087212689685223,0.9893231883256784,0.9897971396213826,0.9872100066554309,0.9973836454485198,1.0002518199088268,0.9971614116777437,0.14571442857142866,0.15000007142857136,-0.06133333333333333,0.048016142857143,0.04213657142857156,-0.04047063333333334,321479.85714285716,-106853.35714285714,-8318.3
2013-07-04,28.27,28.389999,28.0,28.190001,19.336739,3996551.0,1.004244747081712,0.9904492394764769,0.9971701804032543,-0.18000100000000074,0.21950000000000003,-4456841.0,1.0063986455489236,1.0088916146731963,1.008761580099464,0.9879587939651753,0.9895542643507612,0.987532457414821,0.9958752317651316,0.9995845229784817,0.997460564964935,0.15714285714285683,0.04500007142857143,-0.045999999999999965,0.07937328571428585,0.018128714285714307,-0.025379933333333327,-527089.0,-339468.28571428574,-93092.0
2013-07-05,28.48,28.549999,28.24,28.4,19.480789,5071489.0,1.0024578300561797,0.9915730337078651,0.997191011235955,0.21000000000000085,0.14405,1074938.0,1.004735514567382,1.0070005219350235,1.008820503397173,0.9870131742583244,0.9890556680759549,0.9882982574112024,0.9945442916287125,0.9973172288960072,0.9983446189166465,0.11714285714285719,0.05928571428571442,-0.016666666666666666,0.05487542857142864,-0.0024498571428571226,0.00617356666666673,-802670.5714285715,-223357.64285714287,-225907.96666666667
2013-07-08,28.18,28.5,27.950001,28.129999,19.295582,5592350.0,1.0113555713271825,0.9918382185947481,0.9982256564939674,-0.3000000000000007,-0.1852070000000019,520861.0,1.004229324786873,1.0078116341726795,1.0091168917362616,0.9859485636135995,0.989652701223081,0.9889179028298071,0.9926691700958308,0.9973662420137398,0.9991419800582556,-0.0014287142857141483,-0.01928578571428576,-0.007666666666666681,-0.037237142857143066,-0.012249000000000112,0.010288999999999977,-363954.4285714286,-50359.357142857145,-157375.9
2013-07-09,28.48,28.889999,28.450001,28.66,19.659132,6137658.0,1.0143960323033707,0.9989466643258427,1.0063202247191012,0.3000000000000007,0.36355000000000004,545308.0,1.0054405922925955,1.0085394890768435,1.009174052957968,0.9867925627488063,0.9905538837365916,0.9892692638628907,0.994317919815784,0.998268342571866,0.9990507218484093,-0.03571428571428571,-0.0035714999999998704,0.0293333333333333,0.007839142857142585,0.015188785714285708,0.018520433333333367,-952170.4285714285,5005.071428571428,-51394.76666666667
2013-07-10,28.860001,29.139999,28.6,28.639999,19.645412,5329457.0,1.0097019400657679,0.9909909566531201,0.9923769233410629,0.38000100000000003,-0.013719999999999288,-808201.0,1.0066757794679706,1.008900261449676,1.009005490334721,0.9888734061592903,0.9911881725701353,0.9891369513728308,0.996244893583518,0.998490514809661,0.9984366493036696,0.06285728571428553,0.06500000000000002,0.03600000000000006,0.08035357142857132,0.04850585714285722,0.012804200000000066,-477263.4285714286,-562648.2857142857,-29822.533333333333
2013-07-11,28.959999,29.0,28.68,28.98,19.878633,5344144.0,1.001381250047695,0.9903315259092378,1.0006906422890416,0.09999799999999937,0.23322100000000034,14687.0,1.006470686416434,1.0078434652770754,1.0089222442783403,0.9901078947700667,0.9907601749363504,0.9897902212899904,0.9959411422807454,0.997988378459825,0.9993529487730146,0.07999985714285732,0.12571414285714283,0.019999933333333313,0.04899557142857144,0.07692371428571423,0.03155336666666671,-330257.14285714284,-290310.35714285716,-84948.23333333334
2013-07-12,29.049999,29.125,28.629999,28.719999,19.700287,5478180.0,1.0025817901060858,0.985542168177011,0.988640274996223,0.08999999999999986,-0.17834600000000123,134036.0,1.0065884515697134,1.007741432837645,1.008545171712102,0.9913816866920431,0.9903524375088608,0.9895154842999127,0.997230701925515,0.9973071736870175,0.9987549116263317,0.08571399999999992,0.11571421428571428,0.05666663333333328,0.08329257142857115,0.06565435714285707,0.027208966666666612,-425030.28571428574,-51775.21428571428,-37931.26666666667
2013-07-15,28.700001,29.01,28.52,28.950001,19.858059,7115157.0,1.0108013585086635,0.9937281883718401,1.008710801090216,-0.34999799999999937,0.15777200000000136,1636977.0,1.0075251103449923,1.0069618779469578,1.0088692575074358,0.9918501079628091,0.9899044509639923,0.9898577831554342,0.9988793620236525,0.997377296894392,0.9993688938725592,0.06142871428571439,0.10928578571428561,0.029666733333333303,0.07447428571428562,0.07692378571428574,0.032239400000000036,445515.14285714284,-40786.92857142857,-199951.2
2013-07-16,29.02,29.18,28.93,29.15,19.995245,4665815.0,1.005513439007581,0.9968986905582357,1.0044796691936595,0.31999899999999926,0.1371859999999998,-2449342.0,1.0079616259094781,1.00634857023843,1.0083621297167795,0.9926109160842908,0.9898120451713075,0.9897786485982845,0.999920598874753,0.9972324452517327,0.999093973754772,0.07714285714285703,0.0971428571428571,0.05066666666666665,0.07349371428571416,0.0641845714285714,0.02972420000000007,-57953.42857142857,-430312.0,-59988.46666666667
2013-07-17,29.200001,29.200001,28.77,28.799999,19.755167,4607152.0,1.0,0.9852739388604815,0.9863013018389964,0.18000100000000074,-0.24007800000000046,-58663.0,1.0063394014341662,1.0052843631105197,1.0083265044941219,0.9916731618365384,0.9888108627250689,0.9897984092725676,0.9982171196383287,0.9954431448670797,0.998827351670246,0.14571442857142866,0.07214285714285726,0.037666700000000004,0.06565500000000009,0.01420892857142851,0.020349766666666724,-140742.57142857142,-252348.5,-896.7666666666667
2013-07-18,28.99,29.07,28.82,28.950001,19.858059,4629429.0,1.0027595722662987,0.9941359089341153,0.998620248361504,-0.21000100000000188,0.10289200000000065,22277.0,1.0046770500002988,1.005058821146447,1.0083469094705808,0.9909859110662917,0.988889236907549,0.9904857837287043,0.9971171230158147,0.9957175214157994,0.9996642041072958,0.07285714285714258,0.01857142857142843,0.03499996666666665,0.028418142857143027,0.018128642857142805,0.04001336666666665,-215461.2857142857,-583815.8571428572,-131269.66666666666
2013-07-19,29.139999,29.15,28.700001,28.82,19.768885,5011178.0,1.0003432052279755,0.9849005485552693,0.9890185651687908,0.1499990000000011,-0.08917399999999986,381749.0,1.0033400878806142,1.0050079336742923,1.0079262508794145,0.9901158527665987,0.9894946294629445,0.9903528378163491,0.9966373575626329,0.9964411255730755,0.9994709945511938,0.03999971428571415,0.05142849999999984,0.07133329999999999,0.01763900000000009,0.0489962857142857,0.04481500000000006,-45468.42857142857,-261365.92857142858,-75679.2
2013-07-22,29.0,29.1,28.84,28.91,19.830618,3667362.0,1.003448275862069,0.9944827586206897,0.9968965517241379,-0.13999899999999954,0.06173300000000026,-1343816.0,1.0036353772826678,1.005053031849551,1.0079426833724403,0.9907088860110917,0.9904083903905793,0.9906245374541548,0.9960953446247895,0.9960182434527675,0.9998231539591146,0.005714428571428597,0.04285714285714296,0.06433333333333333,-0.006859285714285639,0.0210681428571429,0.05053106666666676,-239540.2857142857,-284898.71428571426,-100468.16666666667
2013-07-23,29.049999,29.09,28.790001,28.92,19.837477,5189968.0,1.0013769707875033,0.9910499824802059,0.9955249912401031,0.04999899999999968,0.006858999999998616,1522606.0,1.0034632602371558,1.0050258559034346,1.007864160355307,0.9914957166258339,0.9914387016589385,0.9908674514947263,0.9970788755167727,0.9971547887211437,0.9995620074102551,0.0,0.04285699999999996,0.07533326666666665,0.019598571428571483,0.05144557142857131,0.0466441666666667,-41173.142857142855,-233101.7142857143,-57780.433333333334
2013-07-24,28.790001,29.15,28.790001,28.98,19.878633,6168820.0,1.0125043066167312,1.0,1.0065994787565309,-0.2599979999999995,0.04115600000000086,978852.0,1.0037065385383084,1.0056158244416502,1.008118063307694,0.9923916897155711,0.9921208988391902,0.9912433925974832,0.9967772580405317,0.997828310032092,0.9998446479302098,0.012857142857142836,0.03714292857142861,0.0730000333333333,0.0029391428571428385,0.038706714285714226,0.05556129999999999,-135191.0,155162.07142857142,-61822.1
2013-07-25,28.98,29.209999,28.860001,29.120001,19.974665,6279373.0,1.0079364734299516,0.9958592477570738,1.0048309523809522,0.18999900000000025,0.096032000000001,110553.0,1.0040526863129329,1.0060071561112054,1.0074085441108303,0.9922431978868336,0.9924270569855622,0.991105367522719,0.9968274413530022,0.9983740201138777,0.9991707650652358,-0.005714285714285593,0.03571428571428571,0.08766666666666663,-0.0029399999999998477,0.03527685714285716,0.04824460000000007,230508.2857142857,86277.42857142857,-122332.2
2013-07-26,29.15,29.57,29.120001,29.41,20.17359,8967490.0,1.014408233276158,0.9989708747855918,1.0089193825042881,0.16999999999999815,0.19892499999999913,2688117.0,1.0061110053523838,1.006225203393275,1.0075149618104655,0.9941999030189922,0.9929365324277653,0.9912760802400662,1.0000585957337582,0.9991378576860434,0.9992509999011091,-0.007143000000000248,0.0692857142857142,0.050333366666666636,0.05977471428571438,0.06271485714285722,0.03635509999999999,622905.4285714285,241081.42857142858,7279.433333333333
2013-07-29,29.49,29.68,29.42,29.639999,20.331358,3190919.0,1.0064428619871144,0.9976263140047474,1.0050864360800271,0.33999999999999986,0.1577680000000008,-5776571.0,1.0066371895982147,1.0056571197992568,1.0067652862636827,0.9946985323147969,0.9928422216905443,0.991245177988386,1.0009823368364044,0.9990497299261095,0.9984561101574234,0.07142857142857142,0.072142857142857,0.06133333333333333,0.06761414285714297,0.048016142857143,0.027209033333333348,-205501.42857142858,-210481.35714285713,-166919.23333333334
2013-07-30,29.6,29.67,29.4,29.59,20.297062,4927267.0,1.0023648648648649,0.9932432432432432,0.9996621621621621,0.11000000000000298,-0.034296000000001214,1736348.0,1.0069259981177703,1.0051330429991923,1.0068441150925114,0.9958903458416503,0.9930030993041246,0.9915706276119945,1.0025028506926001,0.9995701041276167,0.9985268664679717,0.06571442857142884,0.052857071428571496,0.038333300000000035,0.07545385714285706,0.04654642857142858,0.027666466666666643,-11987.285714285714,-28727.85714285714,-45670.46666666667
2013-07-31,29.790001,30.139999,29.76,29.76,20.413671,5250466.0,1.011748841498864,0.9989929171200767,0.9989929171200767,0.19000099999999875,0.1166090000000004,323199.0,1.0081117932087411,1.0058735852457044,1.007095541020971,0.9965346541987056,0.9936217701048987,0.9919927212114408,1.0028023314634484,0.999448838044119,0.9987036031417965,0.11285728571428574,0.05928585714285717,0.04200000000000005,0.08329328571428565,0.03821700000000001,0.032239400000000036,226157.7142857143,-6691.285714285715,-27237.366666666665
2013-08-01,29.870001,29.959999,28.975,29.389999,20.159872,6501456.0,1.003012989520824,0.9700367937717848,0.9839302984958053,0.0799999999999983,-0.2537990000000008,1250990.0,1.008345510170644,1.0059043852038998,1.0070409364434616,0.9935327700975025,0.9925142433616683,0.9915902505710499,1.0011459467856916,0.9991124111512322,0.9985257293579256,0.11714314285714268,0.05857157142857134,0.06399999999999993,0.0460564285714286,0.032827500000000044,0.03978473333333336,187355.42857142858,73091.14285714286,-223502.56666666668
2013-08-02,29.68,29.924999,29.639999,29.92,20.523424,4609393.0,1.0082546832884096,0.9986522574123989,1.0080862533692723,-0.19000099999999875,0.36355199999999854,-1892063.0,1.0077384211237408,1.0057224798310247,1.006776879337605,0.9933402354421309,0.9928659625788511,0.9916678760587223,1.0013583431589406,0.9990678005997361,0.9985379194306766,0.12714271428571422,0.06999992857142853,0.08266663333333331,0.0921129999999997,0.04752607142857127,0.05739076666666657,-222775.2857142857,-178983.14285714287,-159969.86666666667
2013-08-05,29.780001,29.870001,29.67,29.82,20.454826,3124148.0,1.0030221624237017,0.9963062123470043,1.0013431497198406,0.1000009999999989,-0.06859799999999794,-1485245.0,1.0070363766942765,1.0055445315036047,1.0067439432764582,0.9934040875264066,0.9928236427066202,0.9918364000648936,1.0008600856359247,0.9988437634944634,0.9986434530274869,0.11428585714285688,0.05428578571428565,0.07833336666666663,0.06859442857142842,0.032827214285714286,0.055790000000000006,-450746.4285714286,-110119.07142857143,-102629.5
2013-08-06,29.950001,29.950001,29.549999,29.76,20.413671,5879366.0,1.0,0.9866443410135445,0.9936560603119847,0.1700000000000017,-0.04115499999999983,2755218.0,1.0049780576548255,1.0055445315036047,1.0060201057105151,0.9916431541303999,0.9929215285746961,0.9913912114320117,0.9986796110370241,0.9993691033853912,0.9981743524983206,0.1142858571428574,0.05357142857142857,0.09266669999999995,0.03429728571428571,0.04703600000000004,0.05441816666666668,-441160.5714285714,90872.42857142857,-60226.933333333334
2013-08-07,29.6,29.635,29.040001,29.1,19.960951,6777246.0,1.0011824324324325,0.9810811148648648,0.9831081081081081,-0.3500009999999989,-0.45271999999999935,897880.0,1.0042265677184423,1.0054318786583285,1.0055895285606973,0.9892795542532739,0.9919890432840354,0.9908208362056466,0.9955398498981786,0.9982610933672913,0.9973943696955614,0.015714285714286142,0.04357142857142878,0.0646666666666667,-0.052915285714285734,0.007349428571428618,0.02880966666666668,512332.4285714286,153415.5,-130431.23333333334
2013-08-08,29.139999,29.530001,29.030001,29.389999,20.159872,4740905.0,1.013383734158673,0.996225188614454,1.0085792727721095,-0.4600010000000019,0.19892099999999857,-2036341.0,1.005800691903272,1.0063633450105214,1.0055390230396282,0.9897055464491612,0.9927979461454056,0.990718659389201,0.9968137228424567,0.9996582867675284,0.9973019618804937,-0.06571442857142884,0.0,0.031666600000000024,-0.019598571428571483,0.027927642857142793,0.020120999999999965,-26623.14285714286,-19305.214285714286,-113304.2
2013-08-09,29.5,29.5,29.025,29.23,20.050121,5388010.0,1.0,0.9838983050847457,0.9908474576271187,0.36000100000000046,-0.10975099999999927,647105.0,1.0041222859748629,1.006117039591802,1.005341784380851,0.9875491733012566,0.9920419137499811,0.9904139805460461,0.9956500857720342,0.9992262086177414,0.9971709112454167,-0.04142871428571431,0.03571428571428571,0.025666666666666654,-0.05193571428571429,0.015678785714285683,0.014862099999999974,19649.14285714286,122903.42857142857,-247161.36666666667
2013-08-12,29.059999,29.57,29.0,29.540001,20.262766,4346742.0,1.017549931780796,0.9979353406034184,1.016517619288287,-0.44000099999999875,0.21264499999999842,-1041268.0,1.0061989920120018,1.007272251091323,1.0058915944456062,0.9915346799914901,0.9925337250444962,0.9911309901401689,1.0003054173138173,1.0007256820497545,0.9984252283227953,-0.11571457142857103,0.000714285714285826,0.021333299999999986,0.014699142857142735,0.03037778571428567,0.039327633333333264,-307816.28571428574,-60230.42857142857,-144118.63333333333
2013-08-13,29.59,29.940001,29.33,29.870001,20.489126,4345121.0,1.0118283541737072,0.9912132477188239,1.009462690098006,0.5300009999999986,0.22635999999999967,-1621.0,1.0067095164241873,1.0072239687739641,1.0061919762044482,0.9904719643209793,0.9919060998815551,0.9914484282096695,1.0005020511322076,1.0009301971455742,0.9986467546124472,-0.012857142857142836,0.057142785714285695,0.03966666666666671,-0.004899714285714245,0.043606642857142726,0.03178206666666661,-37753.142857142855,-130264.21428571429,-110360.76666666666
2013-08-14,29.98,30.24,29.950001,30.15,20.681187,6240195.0,1.0086724482988658,0.9989993662441627,1.0056704469646431,0.39000000000000057,0.19206100000000248,1895074.0,1.0075167001206393,1.0072765384074578,1.0064224766799728,0.9908567005920019,0.9921303940592043,0.9921942195937025,1.0011202364528937,1.0009901610444092,0.9995153242618409,0.028571285714285972,0.07142857142857142,0.05099996666666667,0.03233728571428581,0.05046585714285712,0.05213159999999999,445149.5714285714,-2798.4285714285716,-73773.23333333334
2013-08-15,30.200001,30.370001,30.030001,30.360001,20.825239,5569108.0,1.0056291388864522,0.9943708611135476,1.0052980130696023,0.2200009999999999,0.14405199999999851,-671087.0,1.0083208628187037,1.0066494602367648,1.0064686230734639,0.9919604891777167,0.9918018216540584,0.9923249403149382,1.0027833725611248,1.0007314917990746,0.9997862520173857,0.03571428571428571,0.07500007142857155,0.0643333666666667,0.058795428571428436,0.04654635714285708,0.049616666666666615,-44322.57142857143,-242741.57142857142,52418.566666666666
2013-08-16,29.51,29.6,29.16,29.450001,20.201029,10768718.0,1.0030498136225008,0.9881396136902745,0.9979668248051508,-0.6900009999999988,-0.6242100000000015,5199610.0,1.008587631560142,1.0064070996392922,1.006488355859008,0.9929688461527754,0.9911242002030246,0.9922104929810184,1.0049060463749881,1.0002229481365834,0.9998121124696923,-0.012857142857142836,0.001428571428571652,0.03433333333333337,0.0342968571428567,-0.009309214285714518,0.024007999999999897,570210.2857142857,541271.3571428572,189907.63333333333
2013-08-19,29.450001,29.700001,29.25,29.440001,20.194168,9813380.0,1.0084889640580996,0.993208794797664,0.999660441437676,-0.059999000000001246,-0.006860999999997119,-955338.0,1.0078883786886317,1.0068445352959519,1.006392802283372,0.9925379327503767,0.9911217395997688,0.992256178854449,1.0036319276129262,1.0002228252276915,0.9998599386344826,0.04428600000000011,-0.010714214285714365,0.042333366666666684,0.0048994285714287445,-0.007349571428571368,0.029952866666666723,724639.2857142857,349008.0714285714,140701.0
2013-08-20,29.290001,29.709999,29.18,29.559999,20.276484,9449247.0,1.0143392961987265,0.9962444180182854,1.0092180945982214,-0.16000000000000014,0.08231599999999872,-364133.0,1.009936849574164,1.0070295677745136,1.0063909110798839,0.9943016631694538,0.9909254182353553,0.9921661039775304,1.0062563043230839,1.000953195047559,0.9999565342971198,-0.029999857142857116,-0.03571428571428571,0.027000033333333326,0.03233757142857131,-0.009799071428571489,0.02057840000000001,580176.7142857143,299912.9285714286,110386.3
2013-08-21,29.6,29.870001,29.440001,29.73,20.393089,4634095.0,1.0091216554054052,0.9945946283783783,1.004391891891892,0.30999900000000125,0.11660499999999985,-4815152.0,1.0087328100919652,1.0074659010519835,1.0063715682578718,0.9938244185658768,0.9926795492786835,0.9922862263683724,1.0045240575521703,1.0024147374329937,1.000357033248814,0.07714300000000003,-0.019285785714285502,0.024666633333333365,0.018617571428571518,0.016658357142857128,0.02492256666666665,41050.42857142857,-133382.92857142858,-23178.733333333334
2013-08-22,29.450001,29.65,29.34,29.5,20.235325,5893694.0,1.0067911372906235,0.9962648218585799,1.0016977588557636,-0.1499990000000011,-0.15776400000000024,1259599.0,1.0080132076800963,1.0073613620521418,1.006551897832636,0.9945460720144131,0.9925090181676962,0.992484002900017,1.0034147816604213,1.0019584163963147,1.0003906038010382,-0.019999857142857076,-0.016428499999999957,0.016333400000000015,-0.03625728571428561,-0.020578499999999927,0.011889733333333296,221224.7142857143,91735.78571428571,18318.333333333332
2013-08-23,29.629999,29.790001,29.549999,29.639999,20.331358,6125396.0,1.0054000001822476,0.9973000336584553,1.000337495792693,0.1799980000000012,0.09603300000000203,231702.0,1.007545715092008,1.0075312076063236,1.006645838168508,0.994303310216455,0.9925800054042285,0.9928759317493987,1.002652931493,1.001886583972947,1.0007805111609207,-0.0500001428571427,-0.010714428571428363,0.019333333333333393,-0.04997557142857139,-0.008819142857142788,0.02103570000000007,-16399.85714285714,214374.85714285713,21573.866666666665
2013-08-26,29.65,29.959999,29.540001,29.82,20.454826,5669470.0,1.0104552782462057,0.9962900843170321,1.005733558178752,0.02000099999999705,0.12346799999999902,-455926.0,1.0082351635719726,1.0082780131953382,1.0066343021597595,0.9945774849598099,0.9932689870687633,0.9929613282809051,1.0027151522228783,1.0027492623920016,1.0006812697305385,-0.07857157142857167,-0.021428642857142983,0.03166663333333328,-0.052916142857142745,0.002939642857142845,0.01989223333333333,14337.42857142857,-14992.57142857143,-48189.566666666666
2013-08-27,29.75,30.120001,29.700001,29.879999,20.495983,4792514.0,1.0124370084033614,0.9983193613445378,1.0043697142857144,0.10000000000000142,0.041156999999998334,-876956.0,1.00957619139781,1.0090819114789762,1.0068650878062855,0.9960317346247046,0.99450029038874,0.9930086839737818,1.0036298507201018,1.004267948547545,1.0006776045669403,0.034285714285714065,0.010714285714285612,0.02433333333333335,0.0421362857142858,0.03821657142857125,0.01669126666666661,-853743.4285714285,-141766.57142857142,4223.3
2013-08-28,29.51,29.709999,29.51,29.639999,20.331358,6920720.0,1.0067773297187395,1.0,1.0044052524567941,-0.23999999999999844,-0.16462499999999736,2128206.0,1.009331672206473,1.008610025447552,1.00709099879691,0.9970019067964669,0.9947699197734219,0.9934995526784324,1.0043076808656901,1.0039698042393082,1.0012810695875336,0.008571285714285892,0.026428642857143,0.010333300000000042,0.019598571428571483,0.012249000000000112,0.019206366666666714,-413237.14285714284,155701.07142857142,77118.93333333333
2013-08-29,29.65,29.700001,29.27,29.469999,20.214745,6889495.0,1.0016863743676223,0.9871838111298482,0.9939291399662733,0.13999999999999702,-0.11661300000000097,-31225.0,1.0075241119448866,1.0087304807595252,1.007055225533621,0.9957075343838332,0.9950045987766434,0.9932678160849567,1.0021235444896974,1.0041899244063905,1.0011246993076925,0.05142842857142834,0.010714285714285612,0.022000000000000006,-0.008819857142857046,0.011758857142857135,0.011889533333333329,-365678.85714285716,107248.92857142857,75335.53333333334
2013-08-30,29.469999,29.690001,29.299999,29.690001,20.365654,7861824.0,1.0074652869855882,0.9942314215891218,1.0074652869855882,-0.1800009999999972,0.15090899999999863,972329.0,1.0072874878849127,1.008010148988439,1.0072926282588746,0.9956556476996535,0.9947400331327652,0.9935788451860853,1.0025626009316542,1.0035433292419123,1.001739590034919,-0.018571571428571434,0.029285714285714297,0.011000000000000062,-0.003919285714285792,0.007349142857142864,0.019892299999999943,461104.14285714284,251077.2857142857,95021.53333333334
2013-09-02,29.799999,30.08,29.780001,30.0,20.578297,4655360.0,1.0093960070267116,0.9993289261519773,1.0067114431782365,0.3299999999999983,0.21264299999999992,-3206464.0,1.0076596121329253,1.0078364099065107,1.0074908859643628,0.9960933768844248,0.9953197244494189,0.9937403841037947,1.0032788415491503,1.0033468116047857,1.002066753083389,0.049999714285714196,0.014999928571428558,0.02666663333333332,0.04899599999999994,0.006369357142857167,0.024922633333333267,-176904.85714285713,22159.928571428572,32933.26666666667
2013-09-03,30.08,30.165001,29.92,30.049999,20.612597,4085527.0,1.0028258311170213,0.9946808510638299,0.9990026263297873,0.2800009999999986,0.034300000000001774,-569833.0,1.0072918736950356,1.0074187943935218,1.00753918130868,0.9957192079423354,0.9950112590793952,0.9938614130565822,1.0030881459115923,1.002870538702296,1.002182674253045,0.06428585714285669,0.007142857142856991,0.03433336666666662,0.04017699999999991,-0.0048992857142857405,0.025837333333333372,-291409.85714285716,-153904.85714285713,-36814.7
2013-09-04,29.9,29.93,29.709999,29.77,20.42053,6087706.0,1.0010033444816053,0.9936454515050168,0.9956521739130435,-0.17999999999999972,-0.19206700000000154,2002179.0,1.00594159744295,1.0070883805074613,1.0071558159041758,0.9953414032549046,0.9949594441073571,0.9936495947734161,1.001647948159348,1.002181550191113,1.0018177640915955,0.03571428571428571,-0.021428642857142983,0.03699996666666661,-0.0048994285714287445,-0.028907785714285743,0.018063233333333293,59748.0,37042.71428571428,-2703.8
2013-09-05,29.98,29.98,29.5,29.6,20.303917,3926021.0,1.0,0.9839893262174783,0.9873248832555037,0.08000000000000185,-0.11661300000000097,-2161685.0,1.0041648819567555,1.0068705366772828,1.0068912667898442,0.9932942553796104,0.9946629950021576,0.9932539307220962,0.9992129722978894,1.0014214115089957,1.0012342284540805,0.03285714285714292,0.03357142857142849,0.03333333333333333,-0.027438000000000073,0.007349142857142864,0.010975066666666559,-123784.71428571429,-488764.0714285714,-78445.06666666667
2013-09-06,29.719999,29.76,29.42,29.690001,20.365654,5048208.0,1.001345928712851,0.9899058206563197,0.9989906459956475,-0.26000099999999904,0.06173700000000082,1122187.0,1.0033889675273429,1.0063603198669078,1.0064558566377337,0.9918522297590846,0.9944270682777759,0.9929517622511205,0.9984394570891543,1.0013735689774221,1.0009032705704592,0.029999857142857116,0.019285571428571506,0.01899996666666676,0.004899428571428237,0.012248999999999859,0.006402133333333282,-267501.71428571426,-340369.4285714286,-130642.73333333334
2013-09-09,29.799999,29.950001,29.610001,29.940001,20.537142000000003,4135140.0,1.0050336243299873,0.9936242279739674,1.0046980538489279,0.0799999999999983,0.17148800000000364,-913068.0,1.003867146093395,1.0056956290191408,1.0064088820491628,0.9927722893082445,0.9942399118460389,0.9928183593834278,0.999977873358105,1.0010507089239014,1.0008903244960894,0.02142842857142873,0.036428428571428535,0.010333300000000042,0.04605671428571461,0.018618428571428782,0.00685946666666671,-393479.28571428574,-379579.0714285714,31474.033333333333
2013-09-10,29.940001,30.200001,29.84,30.17,20.694906,4564790.0,1.008684034446091,0.996659953351371,1.0076819970714097,0.14000199999999907,0.15776399999999668,429650.0,1.0040412528734668,1.0056643703791897,1.0066195210352038,0.9931192224171372,0.9943874350583953,0.9929322497203654,1.0000088319417937,1.001285716436724,1.0011576523263976,0.06714314285714248,0.024285785714285524,0.011333366666666577,0.04703600000000004,0.021558357142857126,0.01326146666666664,-471004.85714285716,-4950.357142857143,-12082.566666666668
2013-09-11,30.25,30.4,30.23,30.4,20.852674,4925904.0,1.0049586776859503,0.9993388429752066,1.0049586776859503,0.30999900000000125,0.1577680000000008,361114.0,1.0034073486819295,1.0055334804074272,1.00639318224144,0.99312063910617,0.9946070079952972,0.9929437805822031,0.9997584368714671,1.0015186392103086,1.0013565110119267,0.06428585714285719,0.057142785714285695,0.015333299999999994,0.03919671428571446,0.0440963571428572,0.014633433333333319,38649.142857142855,-69127.85714285714,-10818.733333333334
2013-09-12,30.34,30.5,30.25,30.370001,20.832096,5074799.0,1.005273566249176,0.9970336189848386,1.0009888266315095,0.08999999999999986,-0.02057800000000043,148895.0,1.0037570251293801,1.005524449412208,1.0064685347990516,0.9934567488091712,0.9945879783757532,0.9938436747559717,1.0000421797717132,1.0015651628416526,1.0019251286164503,0.037142857142857366,0.050714357142857026,0.01566663333333338,0.03135699999999986,0.03576699999999988,0.022407466666666664,141324.57142857142,-75042.64285714286,-47555.23333333333
2013-09-13,30.280001,30.370001,30.08,30.27,20.763502,5432996.0,1.0029722588186176,0.993394947377974,0.9996697159950556,-0.059999000000001246,-0.06859400000000093,358197.0,1.0040382986060963,1.0049899480245232,1.006292453983392,0.993420962505308,0.9943811828801064,0.9936684310881574,1.0006161143548578,1.001132031257103,1.001644577370643,0.05428585714285715,0.04500007142857143,0.020000033333333295,0.04899599999999994,0.0220482857142856,0.008002600000000016,-93530.0,-16891.0,27453.433333333334
2013-09-16,30.5,30.5,30.33,30.35,20.818378,3578640.0,1.0,0.9944262295081967,0.9950819672131148,0.2199990000000014,0.05487600000000015,-1854356.0,1.004038298606096,1.0041015902814259,1.0061917152359352,0.9949119486896963,0.9941031020346534,0.9936057649935305,1.0017242692059452,1.0004686207519173,1.0014358712870854,0.07428571428571422,0.05357142857142857,0.023999966666666712,0.07349442857142867,0.0230282142857143,0.012118399999999951,-49625.857142857145,-86705.28571428571,15149.733333333334
2013-09-17,30.34,30.860001,30.299999,30.790001,21.120195,6797158.0,1.0171391232696112,0.9986815754779169,1.0148319380355966,-0.16000000000000014,0.3018169999999998,3218518.0,1.006294469257062,1.0048417183922023,1.0067630193449224,0.9961656279499245,0.9940089288545045,0.9940070061423429,1.0039873109259378,1.001213384007546,1.0021417338778726,0.08857157142857121,0.059285714285714164,0.01299996666666665,0.10779157142857139,0.05634549999999981,0.023550799999999938,249850.0,-8825.857142857143,30593.066666666666
2013-09-18,30.65,30.780001,30.51,30.73,21.079039,5846089.0,1.0042414681892333,0.9954323001631322,1.002610114192496,0.3099999999999987,-0.041155999999997306,-951069.0,1.006181304094097,1.005024225093746,1.0068649872034823,0.996423923976948,0.9945981066425962,0.9944853789856185,1.0036890338321618,1.0018334535951332,1.0027918007473522,0.12142871428571413,0.07142857142857142,0.034999999999999906,0.07741385714285696,0.061735285714285784,0.03726960000000001,244421.2857142857,-74529.0,-31038.566666666666
2013-09-19,31.219999,31.280001,31.01,31.26,21.442585,8958930.0,1.0019219090942315,0.9932735744161939,1.0012812620525708,0.5699990000000028,0.3635459999999995,3112841.0,1.0052152861866885,1.0046282695300777,1.0064829263680009,0.9959401555576369,0.9945296889873871,0.9943869918456765,1.0027746431151847,1.0013917375284893,1.0025485337233675,0.18285685714285752,0.125,0.0693333333333334,0.10681128571428593,0.076923642857143,0.042757100000000034,627734.2857142857,78364.71428571429,140600.83333333334
2013-09-20,31.200001,31.299999,31.030001,31.09,21.325975,6448744.0,1.0032050639998378,0.9945512822259204,0.9964743270360793,-0.01999800000000107,-0.11661000000000143,-2510186.0,1.0049647699458153,1.0041860593138725,1.0065897618346622,0.9952562183077388,0.9941884287069546,0.9947420910837156,1.001562593022346,1.0006605149469066,1.0027360960369995,0.13571442857142862,0.1000001428571429,0.05666670000000001,0.06761442857142848,0.05340557142857146,0.04252846666666663,217548.57142857142,128098.85714285714,35357.8
2013-09-23,30.879999,31.25,30.82,31.190001,21.394571,4003631.0,1.0119818980564086,0.9980570271391523,1.010038925195561,-0.3200019999999988,0.06859599999999944,-2445113.0,1.0059231030611342,1.0048400640952573,1.006404160710516,0.9954024194726409,0.9944295841409062,0.9947461473015734,1.0028554642457819,1.0014488220087476,1.002520139567242,0.07714271428571452,0.057142785714285944,0.060666666666666674,0.08035357142857132,0.05585528571428559,0.037726833333333334,-153024.0,-5849.714285714285,-11437.033333333333
2013-09-24,30.940001,31.059999,30.84,30.99,21.25738,3187968.0,1.003878409700116,0.9967679057282514,1.001615998654945,0.060001999999997224,-0.13719099999999784,-815663.0,1.0060525531870625,1.0050454258965795,1.0061391625613962,0.9958842706655376,0.9946526165854228,0.9949313025685543,1.0031335046257663,1.001874809490312,1.0022585831858066,0.0942857142857143,0.07428578571428572,0.04500003333333329,0.07055400000000032,0.059775000000000134,0.02560846666666675,-320718.28571428574,-207124.14285714287,-38571.76666666667
2013-09-25,30.969999,31.445,30.889999,31.41,21.545475,5294485.0,1.0153374560974315,0.99741685493758,1.0142073301326229,0.029998000000002634,0.28809499999999844,2106517.0,1.0082436183438386,1.0061409584749674,1.0063613294880152,0.9963115028697354,0.9956117257797158,0.9948785521916682,1.005865699328553,1.003794984267249,1.0025431459580727,0.06714271428571449,0.07071421428571435,0.0329999666666667,0.10387100000000007,0.08868271428571438,0.028809599999999946,245120.7142857143,97747.42857142857,-31523.666666666668
2013-09-26,31.209999,31.6,31.1,31.559999,21.648365,4544791.0,1.012496027314836,0.9964755205535252,1.0112143547329175,0.23999999999999844,0.1028899999999986,-749694.0,1.0075803189217278,1.0069373940893949,1.0065902257689612,0.9959963521662507,0.9960809900580875,0.9949487075063341,1.0053489017138848,1.0046681063199112,1.0027403573468499,0.12428557142857143,0.10642857142857132,0.033666599999999984,0.07545285714285706,0.09162221428571422,0.02743753333333328,-321766.71428571426,-35958.357142857145,-34143.9
2013-09-27,31.620001,31.75,31.450001,31.52,21.62093,10490350.0,1.0041112901925588,0.9946236560840084,0.9968374131297466,0.41000199999999865,-0.02743499999999699,5945559.0,1.0075617220650601,1.0068715130795787,1.0066256083212965,0.9958808315835189,0.9961523777802334,0.9951648422527921,1.004524230133492,1.004106631982827,1.002702710291003,0.1385715714285714,0.13000014285714276,0.07033336666666656,0.07741299999999995,0.07741342857142845,0.04733003333333343,663465.8571428572,453943.5714285714,-9278.933333333332
2013-09-30,31.299999,31.35,30.780001,30.780001,21.113333,6094996.0,1.0015974760893762,0.983386644836634,0.983386644836634,-0.3200019999999988,-0.5075970000000005,-4395354.0,1.007515374492938,1.0063653303398132,1.0063958920556724,0.9944684130721531,0.995204284314895,0.994837437254091,1.001967856245501,1.002371249680343,1.0021602504043015,0.011428571428571186,0.09714271428571435,0.06166659999999998,-0.04703600000000004,0.029887642857142942,0.03063883333333332,-409133.4285714286,109300.42857142857,-123946.13333333333
2013-10-01,30.75,31.065001,30.639999,30.84,21.15449,4408936.0,1.0102439349593495,0.9964227317073171,1.0029268292682927,-0.5499989999999997,0.041156999999998334,-1686060.0,1.0085209274871538,1.0067428487164845,1.0062593800143598,0.9947357629980669,0.994995990652903,0.9948433810437255,1.0028896422786742,1.0022261176505103,1.0019505415599705,-0.06428585714285719,0.03571428571428571,0.04866663333333333,-0.02449785714285722,0.021558285714285624,0.029266866666666638,-291401.14285714284,-36926.28571428572,-168010.36666666667
2013-10-02,31.0,31.09,30.85,30.9,21.195648,3033848.0,1.0029032258064516,0.9951612903225807,0.996774193548387,0.25,0.04115799999999936,-1375088.0,1.0072239743085887,1.0065735386848613,1.006052099027728,0.9943220863099853,0.994862252891313,0.9948622697751988,1.0009946806147922,1.001925072430287,1.0016966182818539,0.01714299999999978,0.04714285714285715,0.04666666666666662,-0.028417571428571518,0.025967999999999897,0.026751966666666623,-138540.42857142858,-145782.2142857143,-53341.566666666666
2013-10-03,30.9,31.24,30.85,30.959999,21.236803,3955403.0,1.0110032362459547,0.9983818770226538,1.001941715210356,-0.10000000000000142,0.04115499999999983,921555.0,1.0082418066722798,1.0071471799296712,1.006192502326239,0.994552653637757,0.9952184621516473,0.994932838280668,1.0010412115512797,1.002087358088523,1.0017047501603402,-0.005714428571428597,0.04428564285714286,0.04833329999999994,-0.0029395714285718505,0.03380721428571424,0.03338259999999996,109633.57142857143,-105542.35714285714,-64609.7
2013-10-04,30.799999,31.0,30.709999,30.76,21.099615,3356922.0,1.0064935391718681,0.9970779219830495,0.9987013311266667,-0.1000009999999989,-0.1371879999999983,-598481.0,1.006978389968628,1.0076110041562332,1.0062289536258933,0.9945042346442526,0.9954078687569939,0.9949254345581544,0.998826068836143,1.002345884082348,1.0016502113381394,-0.02428571428571453,0.02142849999999998,0.03899999999999994,-0.06369428571428568,0.020088357142857203,0.025608566666666614,-276794.71428571426,-15837.0,-92282.46666666666
2013-10-07,30.799999,30.924999,30.379999,30.459999,20.893829,3966247.0,1.0040584416902092,0.9863636359208974,0.9889610386026312,0.0,-0.2057859999999998,609325.0,1.0057730205936812,1.0066766697577045,1.0060157257406932,0.9930596796967344,0.9945280159314925,0.9945945529449498,0.9956470236746735,1.0004979626942792,1.0010911273522687,-0.058571428571428594,0.032857071428571416,0.038333300000000035,-0.10779085714285687,-0.01616899999999991,0.014633433333333319,-82649.14285714286,-202207.92857142858,-56774.1
2013-10-08,30.459999,30.58,30.200001,30.440001,20.880112,4858514.0,1.0039396258680113,0.991464280744067,0.9993434668202057,-0.33999999999999986,-0.013716999999999757,892267.0,1.0057484971187458,1.006655109591903,1.0057324796561815,0.9926083403624572,0.9942445859729879,0.9943660502582675,0.996005031344739,1.0002646307391154,1.000923585770085,-0.16571457142857124,-0.013571499999999912,0.02366663333333333,-0.10583114285714298,-0.014209071428571514,0.01280430000000005,-804548.0,-70541.07142857143,2200.0
2013-10-09,30.32,30.555,30.105,30.450001,20.886974,3169749.0,1.007750659630607,0.9929089709762533,1.0042876319261214,-0.13999899999999954,0.006861999999998147,-1688765.0,1.0066275233389217,1.0070714489159298,1.0057649239865771,0.9939686726681171,0.994218542870135,0.9941296826241426,0.9989908866432372,1.0004793714443692,1.0009196650857293,-0.13999985714285706,-0.06428564285714293,0.026999999999999958,-0.03233700000000032,-0.03968650000000018,0.018520533333333235,-417892.4285714286,-413512.9285714286,-125032.36666666667
2013-10-10,30.450001,30.65,30.32,30.549999,20.955564000000003,3741905.0,1.006568111442755,0.995730673375019,1.0032840064602953,0.13000100000000003,0.06859000000000393,572156.0,1.0061024056936938,1.0073116665904238,1.0059276485557482,0.9938698071920744,0.9943027850950706,0.994414578032315,0.9990419119563805,1.0009657771175273,1.0012314939688634,-0.04285699999999996,-0.05357142857142857,0.026666700000000057,-0.028417999999999517,-0.02645792857142837,0.02469396666666673,-95290.14285714286,-193345.64285714287,-104919.66666666667
2013-10-11,31.0,31.370001,30.969999,31.290001,21.463165,5683640.0,1.0119355161290322,0.9990322258064517,1.009354870967742,0.5499989999999997,0.5076009999999975,1941735.0,1.007392732882634,1.0073083535956113,1.006076656193863,0.9944227979754844,0.9943724421427349,0.9945746048395593,1.0008391515877169,1.0009169161012546,1.001294480101602,0.0,0.00857149999999989,0.051000033333333285,0.038216714285714506,0.004899571428571495,0.036583700000000025,378541.71428571426,120000.64285714286,-72606.13333333333
2013-10-14,31.25,31.25,30.950001,31.139999,21.360275,2770968.0,1.0,0.990400032,0.9964799679999999,0.25,-0.1028899999999986,-2912672.0,1.0058208419903547,1.0070313243313171,1.0057634559596393,0.9932825344008196,0.9939175940192884,0.9942769750344934,1.0000589019862374,1.0005500567687584,1.000953430928994,0.050000000000000204,0.022142785714285802,0.048333366666666676,0.01763885714285759,0.00734964285714287,0.02606593333333341,-169205.0,-29785.714285714286,-62813.066666666666
2013-10-15,31.43,31.52,31.4,31.469999,21.586636,3841445.0,1.0028635062042635,0.9990454979319121,1.0012726376073815,0.17999999999999972,0.22636099999999715,1070477.0,1.0053022658521253,1.0061403279103767,1.0057647117958808,0.9935636166792287,0.9940339256617406,0.9944224632634295,1.0004262314834824,0.9996261501598127,1.0010290979715806,0.09000014285714286,0.03285721428571416,0.04500000000000005,0.06957442857142837,0.0029400714285713497,0.03246796666666659,69217.57142857143,-103788.57142857143,-8136.066666666667
2013-10-16,31.25,31.58,31.219999,31.48,21.593489,3584801.0,1.01056,0.9990399680000001,1.00736,-0.17999999999999972,0.006853000000003107,-256644.0,1.0062310598963813,1.0060020402450311,1.0060832669798272,0.9953745212619577,0.994217100479346,0.994602280479929,1.0030546545402494,0.9993508391074615,1.0014193588411457,0.06428585714285719,0.0028572142857142984,0.04500000000000005,0.09995142857142879,-0.003919714285714042,0.03909863333333341,-54492.28571428572,-68570.71428571429,-83430.16666666667
2013-10-17,31.6,31.75,31.57,31.690001,21.737541,3781339.0,1.004746835443038,0.9990506329113924,1.0028481329113923,0.3500000000000014,0.14405199999999851,196538.0,1.0063463755499564,1.0060474363343512,1.0062414948279284,0.9964582858572897,0.9945333131098735,0.9951043240363927,1.0035553211247046,0.9997801762347219,1.001936800496342,0.16285728571428595,-0.0014286428571426463,0.054000000000000034,0.12248985714285711,0.008329357142857065,0.04778746666666673,-153882.14285714287,-479215.0714285714,-4822.733333333334
2013-10-18,31.809999,31.99,31.709999,31.860001,21.854153,3647499.0,1.0056586295397243,0.9968563343871844,1.0015718956797202,0.20999899999999982,0.11661199999999994,-133840.0,1.006047514108402,1.0063375187236616,1.0063852515221574,0.9970221949159942,0.9954954337920556,0.9953360078274217,1.0031673588037902,1.0010791227235136,1.0020228421524775,0.21285700000000013,0.03642857142857154,0.06966666666666667,0.1381684285714288,0.05291571428571424,0.04961663333333336,68250.0,-174821.2142857143,-46690.3
2013-10-21,32.0,32.279999,31.99,32.119999,22.032497,3962351.0,1.00874996875,0.9996875,1.00374996875,0.19000099999999875,0.17834399999999917,314852.0,1.0063592080094368,1.0062308068515653,1.0065091296694912,0.99758745586242,0.9957286315272472,0.995538116894956,1.0032339248451767,1.0011379184007785,1.0019912393158468,0.22142842857142853,0.08928571428571429,0.07333336666666668,0.15384757142857097,0.06271478571428572,0.049845166666666545,31492.285714285714,-31898.928571428572,-5759.633333333333
2013-10-22,32.18,32.334999,32.049999,32.23,22.107952,3404290.0,1.0048166252330641,0.9959601926662524,1.0015537600994406,0.17999999999999972,0.0754550000000016,-558061.0,1.005342223595727,1.0063674782391805,1.0063802160290571,0.9971485939852488,0.9957856959803666,0.9955147915387853,1.0021194804354192,1.001479316011568,1.0017869647501145,0.16857142857142854,0.08428571428571427,0.07466663333333337,0.09211242857142869,0.0651645714285716,0.047101533333333376,-325621.4285714286,26460.14285714286,-38683.333333333336
2013-10-23,32.349998,32.400002,31.879999,31.969999,21.929605,4152265.0,1.0015457187972625,0.9854714365051893,0.98825350777456,0.16999799999999965,-0.17834700000000225,747975.0,1.0055630405667646,1.0056919412785597,1.0062664507327677,0.9964445089145615,0.9948635216576907,0.9950525446564514,1.000944271831785,1.0005015869090113,1.001230125753068,0.15714257142857133,0.10357128571428577,0.0699999333333333,0.08133285714285675,0.04948585714285717,0.03589769999999994,197328.14285714287,14061.57142857143,-25787.966666666667
2013-10-24,32.02,32.474998,31.98,32.369999,22.203983,4925378.0,1.014209806371018,0.9987507807620236,1.0109306371018112,-0.32999799999999624,0.27437800000000223,773113.0,1.0071839405905867,1.0062431032213561,1.0065643254034957,0.9964024064617203,0.9949830115704744,0.9951097833823576,1.0023239860452748,1.0013751087643787,1.0015615194354115,0.08428571428571477,0.08714292857142882,0.05600000000000011,0.08819242857142891,0.07888342857142863,0.0457295666666667,154847.57142857142,112032.57142857143,-4980.7
2013-10-25,32.5,32.84,32.470001,32.66,22.402905,9723864.0,1.0104615384615385,0.9990769538461539,1.0049230769230768,0.4799999999999969,0.1989219999999996,4798486.0,1.007169874656521,1.006700467276451,1.0068139680582595,0.996407690154028,0.9958911057079928,0.9952991835979638,1.0019758541771429,1.0025152543586962,1.0017366314663456,0.17857142857142858,0.12142864285714287,0.07399996666666671,0.11563085714285697,0.10779114285714288,0.054646766666666714,877009.0,411258.35714285716,143028.93333333332
2013-10-28,32.810001,33.32,32.810001,33.240002000000004,22.800755,10756297.0,1.0155440104985063,1.0,1.0131057905179583,0.31000099999999975,0.39784999999999826,1032433.0,1.0087123282358734,1.007529351892915,1.007332101741543,0.9965433140238291,0.9965007999405594,0.9954849759476905,1.0034412338352239,1.0034982774799643,1.002337425576507,0.17285728571428546,0.1678572857142857,0.07700003333333333,0.15188771428571407,0.13718878571428558,0.06607923333333332,996422.5714285715,421270.21428571426,239255.23333333334
2013-10-29,33.560001,34.060001,33.560001,33.630001,23.068274,11511807.0,1.0148986884714335,1.0,1.0020858163860007,0.75,0.26751900000000006,755510.0,1.010032336654689,1.0080399253815453,1.0072574205816038,0.9969924091113741,0.9970073020136841,0.9955289234317599,1.0035146510789783,1.0033410049413842,1.0019125548548538,0.2500002857142855,0.23142864285714282,0.10733336666666667,0.17344585714285696,0.15580714285714287,0.06493596666666666,1123472.5714285714,595861.2857142857,157154.96666666667
2013-10-30,33.75,34.02,33.700001,33.700001,23.116285,9779943.0,1.008,0.9985185481481481,0.9985185481481481,0.18999900000000025,0.04801100000000247,-1731864.0,1.0099251982618318,1.0081422031356342,1.0073827049752961,0.9968254159896811,0.9972064359260505,0.9956317983645937,1.0027673052787136,1.003000615061945,1.0017761693200422,0.25,0.23571421428571426,0.10333333333333337,0.15482685714285743,0.1543372142857142,0.06790819999999999,831084.5714285715,431288.4285714286,131128.46666666667
2013-10-31,33.400002,33.950001,33.299999,33.84,23.212317,7579591.0,1.0164670349420937,0.9970058983828803,1.0131735920255336,-0.34999799999999937,0.09603199999999745,-2200352.0,1.0115895425059789,1.0084658830508528,1.0078675425035581,0.9969748025206279,0.9970616982529383,0.9957562091634833,1.0044272812681554,1.0032733808517873,1.002172580319141,0.17428600000000014,0.17142871428571432,0.07266676666666665,0.15776642857142825,0.12493942857142848,0.058991066666666585,596471.5714285715,135425.07142857142,-45977.96666666667
2013-11-01,33.799999,33.950001,33.650002,33.720001,23.130005,4065401.0,1.0044379291253824,0.995562218803616,0.9976331951962485,0.39999699999999905,-0.08231199999999816,-3514190.0,1.0120027154099962,1.0087828779883803,1.007908638007743,0.9984163428489746,0.997430425881768,0.9957899070494064,1.005767236614111,1.003355754222948,1.0022112092578133,0.20714300000000005,0.1821427857142857,0.08666659999999998,0.17148571428571455,0.12640928571428564,0.060134333333333366,-12409.142857142857,92459.5,-79444.76666666666
2013-11-04,33.880001,33.98,33.470001,33.509998,22.985954,6083887.0,1.0029515642576279,0.9878984655283807,0.9890790144899938,0.08000200000000035,-0.14405100000000104,2018486.0,1.0103943951080832,1.008789167849335,1.0076076268811172,0.9968660121013112,0.9966342092815158,0.9954512883290474,1.0026455762409943,1.0024847811431346,1.0015125455676277,0.26571442857142813,0.17500007142857146,0.10000006666666662,0.11171014285714266,0.09995128571428578,0.05304610000000001,165501.2857142857,160174.42857142858,69341.86666666667
2013-11-05,33.73,33.880001,33.700001,33.790001000000004,23.178022,3436095.0,1.004447109398162,0.9991106136970057,1.001778861547584,-0.15000100000000316,0.19206799999999902,-2647792.0,1.009535190956172,1.0083525328063465,1.0076265835377185,0.9968708206514331,0.9966392554027305,0.9955293785946726,1.0021964026159238,1.0020861283965334,1.0015179743307157,0.17571428571428527,0.1771428571428569,0.0929999666666666,0.11073099999999972,0.11318092857142835,0.06402139999999991,-898252.7142857143,-10621.857142857143,8270.9
2013-11-06,33.549999,33.880001,33.549999,33.799999,23.184881,7996786.0,1.0098361254794672,1.0,1.0074515650507172,-0.1800009999999972,0.006859000000002169,4560691.0,1.0087197788105953,1.0087160535232342,1.007443205850453,0.9968708206514331,0.996707067337631,0.9956154834300865,1.0013886561206036,1.0024149449779138,1.0012927821613187,0.10571399999999999,0.13928564285714273,0.08599999999999994,0.054875142857143136,0.10338142857142861,0.0546468666666667,-394215.85714285716,301103.35714285716,90076.7
2013-11-07,32.599998,32.790001000000004,32.290001000000004,32.380001,22.825373000000003,20730346.0,1.0058283132410009,0.9904908889871712,0.9932516253528605,-0.9500010000000003,-0.35950799999999816,12733560.0,1.0074240109205335,1.0087281737876113,1.0072209487146586,0.9955123762210288,0.9962523926662016,0.995415995711208,1.0001266288301551,1.0018206399545666,1.0006940245153169,-0.13714328571428577,0.05642849999999987,0.04633329999999999,-0.034700142857142326,0.06937285714285732,0.03923360000000014,1316934.142857143,1220203.357142857,539518.5
2013-11-08,32.259998,32.709999,32.200001,32.709999,23.057995,5881420.0,1.0139491949131554,0.9981402044724242,1.0139491949131554,-0.3399999999999963,0.23262199999999567,-14848926.0,1.008273895908127,1.0090995470849795,1.0075488788720117,0.9954583271244969,0.996141871557089,0.9955332139908218,1.0023310069394418,1.0025491561090778,1.0012644172414304,-0.21285742857142814,0.018571285714285932,0.021333233333333486,-0.008327142857143295,0.07324985714285706,0.047902166666666565,-556931.8571428572,137076.35714285713,-153631.0
2013-11-11,32.880001,32.959999,32.0,32.139999,22.656191,5666478.0,1.0024330291230832,0.9732359801327256,0.9774938571321821,0.620002999999997,-0.4018039999999985,-214942.0,1.0062690379339827,1.008929290219981,1.007576730639802,0.9920626245173318,0.99451871351898,0.9951948585006917,0.9972339019546773,1.0008305916114164,1.0010679909846154,-0.07428585714285722,0.05000007142857145,0.05266673333333335,-0.07944657142857128,0.039159928571428484,0.05142859999999996,-273301.85714285716,161584.85714285713,-14283.933333333332
2013-11-12,32.360001000000004,32.369999,31.9,32.110001000000004,22.635044,6090025.0,1.00030896167154,0.9857848891908253,0.9922744130941158,-0.519999999999996,-0.02114699999999914,423547.0,1.0056791854405767,1.0088409504252864,1.0072455648635417,0.9906658631440761,0.9945411029965253,0.9948402637501419,0.9964683616543726,1.001117799134242,1.0007129104454762,-0.20571399999999937,0.000714500000000332,0.053666700000000137,-0.07070871428571428,0.050388500000000135,0.04935180000000005,289232.0,138411.42857142858,56036.3
2013-11-13,32.299999,32.299999,31.33,31.440001,22.162746,7547036.0,1.0,0.9699690702776802,0.973374674098287,-0.06000200000000433,-0.4722980000000021,1457011.0,1.0052575334037726,1.007825964255928,1.0071487906699932,0.9881045209654046,0.992485266533358,0.9940005230819786,0.9942248844555575,0.9984352303482759,0.9999329264638063,-0.2257145714285715,0.019999928571428325,0.04333329999999999,-0.117601142857143,-0.0029455000000001724,0.0322366,209021.2857142857,187261.2857142857,150439.6
2013-11-14,31.6,32.139999,31.549999,31.84,22.444712,6795425.0,1.017088575949367,0.9984176898734176,1.0075949367088608,-0.6999989999999983,0.2819660000000006,-751611.0,1.007063457196802,1.008299324076487,1.0073516353267737,0.9880055318477491,0.9924381762495911,0.9940017168436707,0.9950557523357398,0.9986260774758318,1.000121367180423,-0.30428571428571366,-0.06428571428571418,0.023333333333333428,-0.10475857142857135,0.0029862142857141854,0.04026363333333336,479904.28571428574,-209174.2142857143,94667.4
2013-11-15,31.9,32.310001,31.719999,32.279999,22.754875,5383386.0,1.012852695924765,0.9943573354231976,1.0119121943573668,0.29999999999999716,0.3101629999999993,-1412039.0,1.0074943958318445,1.00810708732122,1.007563607218537,0.987199436908206,0.9920351287798195,0.993911030625009,0.9956929850938326,0.998540820607218,1.000561729288113,-0.235714142857143,-0.06500007142857152,0.03666669999999996,-0.061429428571428905,-0.0032771428571428834,0.05517533333333328,-373342.85714285716,-383779.35714285716,67548.8
2013-11-18,32.290001000000004,32.349998,31.879999,32.099998,22.627993,4348547.0,1.0018580674556188,0.9873025089098014,0.994115732607131,0.39000100000000515,-0.12688199999999838,-1034839.0,1.0069272178625044,1.0071756143915187,1.0074902614107173,0.9867439540400104,0.9911281651305196,0.9939423263913058,0.9958164289872998,0.9979715289087274,1.0007335524215963,-0.04428528571428509,-0.09071428571428543,0.04966673333333347,-0.028197142857143222,-0.03144864285714277,0.05780546666666666,-2340257.0,-511661.4285714286,12743.333333333334
2013-11-19,31.950001,32.130001,31.82,31.92,22.501106,5114869.0,1.0056338026405696,0.9959311112384629,0.9990610015943349,-0.3400000000000034,-0.12688699999999997,766322.0,1.0057393046807062,1.0070066002944167,1.0075467339698025,0.9864283692923015,0.9909433482083992,0.994091220741119,0.9936895442274684,0.9980102755834551,1.0007241369140674,-0.0442852857142861,-0.1285713571428571,0.04966673333333335,-0.07955557142857117,-0.04394135714285723,0.05403313333333332,-109507.28571428571,-333219.5714285714,8545.166666666666
2013-11-20,31.799999,31.93,31.51,31.559999,22.247334,5138503.0,1.0040880818895623,0.9908805343044194,0.9924528299513469,-0.15000200000000063,-0.25377200000000144,23634.0,1.0059757407902032,1.006122389362093,1.007424648045101,0.9889490198882578,0.9905058222027948,0.9940236061853912,0.9958265403444919,0.9965302211495846,1.0003296435149083,-0.15428600000000006,-0.11428592857142864,0.04933329999999998,-0.05840814285714302,-0.06892735714285715,0.045345333333333335,-75425.0,-174363.42857142858,65625.13333333333
2013-11-21,31.42,31.700001,31.35,31.459999,22.17684,5222037.0,1.0089115531508592,0.9977721196690006,1.0012730426479948,-0.379998999999998,-0.07049400000000006,83534.0,1.0072046824301062,1.0064419339353414,1.0075027627687045,0.9906614813851399,0.9906636722646079,0.9940916543951904,0.997112058852189,0.9967902102532806,1.0002626113878315,-0.13428585714285748,-0.16999992857142843,0.032333300000000044,-0.06545771428571458,-0.06808321428571443,0.04070919999999987,-123998.28571428571,82616.85714285714,49337.73333333333
2013-11-22,31.65,31.809999,31.530001,31.68,22.331926,5111748.0,1.0050552606635073,0.9962085624012639,1.0009478672985783,0.22999999999999687,0.15508600000000072,-110289.0,1.007926862524893,1.0065921979643326,1.0072734209198537,0.9944099802599377,0.9912572506126711,0.9939975322816843,1.0010510864522304,0.9976379854538939,0.9999823779321927,-0.09285700000000016,-0.1592857857142858,0.02166666666666662,0.02416857142857154,-0.04671628571428573,0.028958699999999973,-347898.28571428574,-69438.5,-19063.066666666666
2013-11-25,31.799999,31.93,31.74,31.790001,22.40947,5359469.0,1.0040880818895623,0.9981132389343785,0.9996855974743899,0.1499990000000011,0.07754399999999961,247721.0,1.0060696490877779,1.0065665531422898,1.0074096903161724,0.9943664872686463,0.9911860095581977,0.994254639179497,0.9999211808473062,0.997488466591523,1.0000892322480057,0.028571285714285466,-0.1378572142857141,0.01833329999999999,-0.005034571428571459,-0.054896571428571406,0.03497316666666658,-205136.57142857142,137383.85714285713,86283.36666666667
2013-11-26,31.9,32.119999,31.75,31.950001,22.522255,6265901.0,1.0068965203761755,0.9952978056426333,1.0015674294670847,0.1000009999999989,0.11278500000000236,906432.0,1.0052187668665507,1.0063565813491977,1.0075441241219028,0.9945008401571371,0.9908501385326716,0.9941297161031877,0.9984433572915515,0.997068171192692,1.0000990586433292,0.0,-0.1178570714285715,0.015666666666666627,-0.03323142857142817,-0.04733042857142854,0.031187300000000088,126073.57142857143,-123634.64285714286,80815.2
2013-11-27,31.950001,32.27,31.9,32.080002,22.613895,5896522.0,1.010015617839887,0.9984350235231604,1.0040688887615372,0.05000100000000174,0.09163999999999817,-369379.0,1.0063841312071604,1.0066556745348323,1.007525978049899,0.996091199387617,0.9914175767138136,0.994109551287293,0.999865236742181,0.9978408328647405,0.9999893549353803,-0.04857142857142906,-0.04642835714285708,0.023333366666666678,-0.0020140000000000873,-0.015105571428571654,0.034013533333333255,221139.2857142857,-1059558.857142857,77057.36666666667
2013-11-28,32.060001,32.299999,32.025002,32.040001000000004,22.585699,5652434.0,1.007485901201313,0.9989083281687983,0.9993761697013048,0.10999999999999943,-0.028195999999997667,-244088.0,1.0066487167158382,1.006194010698272,1.0076172802418415,0.9965165160919506,0.9914724426921261,0.9941048077958732,0.9999102607574624,0.9967999024924653,0.9998736228283776,0.015714285714285632,-0.014285500000000237,0.01533336666666661,0.012084714285714528,-0.03373542857142832,0.028271933333333384,76795.0,-16356.142857142857,62369.833333333336
2013-11-29,32.080002,32.16,31.82,31.9,22.487009,8525978.0,1.0024937030864274,0.9918952000065336,0.9943889654370969,0.0200010000000006,-0.09869000000000128,2873544.0,1.0064209483153903,1.0061983445527969,1.0075117826933984,0.9966614683351098,0.9928052441116837,0.9939394366498514,1.000186851541141,0.9980066959428164,0.99963419182029,0.040000428571428666,-0.057142785714285695,0.009000099999999971,0.03423928571428598,-0.01208442857142852,0.021095200000000012,483925.0,204250.0,162615.96666666667
2013-12-02,32.049999,32.139999,31.639999,31.85,22.451763,5652374.0,1.0028081124121098,0.9872074879003896,0.9937597813965611,-0.030003000000000668,-0.03524600000000078,-2873604.0,1.0055490282098545,1.0063768553199803,1.0073137208154688,0.9951522352253084,0.9929068583052241,0.9935234362465312,0.9991135285052218,0.9981127936787054,0.9993011855751753,0.08999985714285685,-0.02214300000000031,0.0016666333333333228,0.03927471428571445,-0.013091500000000065,0.013975533333333345,61476.71428571428,-31260.785714285714,56334.1
2013-12-03,31.65,31.92,31.6,31.709999,22.353073,4392699.0,1.008530805687204,0.9984202211690364,1.0018957030015798,-0.3999990000000011,-0.09869000000000128,-1259675.0,1.0060455346418113,1.006986198583352,1.0074375268306066,0.9954681864778472,0.9949390833688925,0.993605437196624,0.9992489336056506,1.0001500100289407,0.9993125836719133,0.0,-0.04642850000000008,-0.017666666666666705,0.003020999999999877,0.013594785714285709,0.008170699999999916,-102721.28571428571,-225309.7857142857,32946.96666666667
2013-12-04,31.5,31.790001,31.360001,31.76,22.388321,3712904.0,1.009206380952381,0.9955555873015873,1.0082539682539684,-0.14999999999999858,0.03524800000000283,-679795.0,1.006776720222214,1.0064231846549958,1.0076928822357774,0.9951028076731628,0.9947346474709045,0.9939415755565039,1.0004729865741617,1.000197083710734,0.9999792656878937,-0.04285699999999996,-0.007142857142857244,-0.028333266666666645,-0.0030212857142853772,-0.0040279285714284185,0.015290533333333418,-235223.57142857142,-220180.07142857142,-14645.366666666667
2013-12-05,31.610001,31.68,31.15,31.190001,21.986513,7785929.0,1.0022144573801184,0.9854476119757161,0.9867130659059453,0.11000100000000046,-0.4018080000000026,4073025.0,1.00610785407992,1.0056633104732353,1.007293037269414,0.9936956371493174,0.9940982386532272,0.9934981365969603,0.9983509346368562,0.9983971459642039,0.9991720133146982,-0.041428428571428304,-0.020714214285714152,-0.013666633333333423,-0.0765345714285718,-0.05488299999999998,-0.007249000000000076,217146.85714285713,171610.2142857143,95351.7
2013-12-06,31.200001,31.209999,30.6,30.99,21.84553,4855704.0,1.000320448707678,0.9807691993343206,0.9932691989336795,-0.41000000000000014,-0.14098299999999853,-2930225.0,1.0047228299181759,1.0055534805626682,1.0069550009442854,0.991171947979483,0.99363157368355,0.9928878781132325,0.9968081218043051,0.9983366792732431,0.9987835507150515,-0.10714285714285714,-0.0778571428571431,-0.04333329999999999,-0.10976642857142847,-0.05589021428571428,-0.01857916666666668,-148688.2857142857,36225.5,-162272.0
2013-12-09,31.200001,31.34,30.52,30.75,21.676348,6448921.0,1.0044871472920787,0.9782050968524008,0.9855768914879202,0.0,-0.16918199999999928,1593217.0,1.004294436502571,1.0054715766092046,1.0065864388374044,0.988214343505712,0.9923654297988314,0.9921613813416458,0.9948367963452502,0.9973735285513563,0.9978659207473836,-0.12285714285714278,-0.05357142857142857,-0.05366666666666665,-0.12990728571428584,-0.05891128571428566,-0.037480233333333265,113783.85714285714,95289.42857142857,-143579.2
2013-12-10,30.700001,31.18,30.690001,30.780001,21.697496,5316670.0,1.0156351460705164,0.9996742671115874,1.0026058631073007,-0.5,0.021148000000000167,-1132251.0,1.006171785500298,1.006296366907844,1.0066109874240403,0.9893256388064341,0.9929935535707718,0.9921505235786987,0.996010638869565,0.998098745205353,0.9978832556380937,-0.197143,-0.07857128571428566,-0.09533333333333331,-0.11278757142857135,-0.03927414285714269,-0.04569259999999993,-458472.5714285714,12726.214285714286,-206504.56666666668
2013-12-11,30.76,30.875,30.549999,30.59,21.56356,4424991.0,1.0037386215864759,0.9931729193758126,0.9944733420026007,0.059999000000001246,-0.13393600000000205,-891679.0,1.0063047153823503,1.0059268717961025,1.0064689414769228,0.990177843302923,0.9926650392641158,0.9919723359529542,0.9961125760989992,0.9976130523021106,0.997748415433242,-0.18428557142857116,-0.04714285714285715,-0.09966666666666661,-0.12688614285714298,-0.04380571428571426,-0.05175750000000008,-175340.42857142858,-56931.857142857145,-178498.4
2013-12-12,30.68,30.75,30.0,30.35,21.394381,8705944.0,1.0022816166883963,0.9778357235984355,0.9892438070404173,-0.08000000000000185,-0.16917899999999975,4280953.0,1.0054119740968064,1.005728754369309,1.0059960942017996,0.9872372007928372,0.9913526936353422,0.9913333301268061,0.9943051623902618,0.9967770479979562,0.9969507559337382,-0.1385714285714284,-0.0692857142857142,-0.09066673333333336,-0.13695599999999988,-0.0669675,-0.06059786666666665,616177.8571428572,256728.2857142857,37545.1
2013-12-13,30.389999,30.49,30.129999,30.25,21.323889,6875185.0,1.0032905891178212,0.9914445538481262,0.9953932542083993,-0.2900010000000002,-0.070491999999998,-1830759.0,1.0045668609775835,1.0056717905998986,1.0059578495348809,0.9866499102994856,0.9908763589863242,0.9911960746282898,0.992467917526609,0.9964704520503853,0.9968760912341431,-0.1585715714285715,-0.10071428571428573,-0.11366666666666667,-0.1520617142857143,-0.07754149999999983,-0.06020386666666665,451754.4285714286,108265.42857142857,93659.46666666666
2013-12-16,30.08,30.59,29.98,30.290001,21.352081,4308462.0,1.0169547872340425,0.9966755319148937,1.0069814162234043,-0.30999900000000125,0.028191999999997108,-2566723.0,1.006672622385287,1.0063902382326035,1.0064246236340948,0.9882538988622251,0.9909747680057713,0.9914886435078402,0.9953633961433888,0.9968571653901226,0.9974728379585901,-0.21857157142857173,-0.13000000000000003,-0.12666670000000005,-0.0906331428571429,-0.08358385714285735,-0.05446243333333337,-496781.0,-139817.07142857142,-59180.833333333336
2013-12-17,30.709999,30.92,30.35,30.48,21.486021,5442666.0,1.0068381962500228,0.9882774662415327,0.9925106151908374,0.6299990000000015,0.1339400000000026,1134204.0,1.0076037291770505,1.0061632795476132,1.006504326529157,0.9893265084203984,0.9902492281999409,0.9911275385926577,0.9952550270372686,0.9960315744207868,0.9971638964133652,-0.07000028571428578,-0.08857157142857146,-0.1006666999999999,-0.05135842857142846,-0.08056242857142847,-0.05640003333333325,83851.71428571429,-32418.285714285714,66885.7
2013-12-18,30.5,30.76,30.5,30.700001,21.6411,5092487.0,1.0085245901639346,1.0,1.0065574098360657,-0.20999899999999982,0.15507900000000063,-350179.0,1.008180506730173,1.0062374716163718,1.0064606086853058,0.9924400660129127,0.9903272047593124,0.9911275385926577,0.9982522439441466,0.9965445201446983,0.9971340912395436,-0.1000001428571429,-0.11142864285714284,-0.10166663333333333,-0.0050354285714284686,-0.06747135714285715,-0.05145936666666664,-193776.2857142857,-39996.21428571428,-96809.96666666666
2013-12-19,30.9,31.15,30.75,31.129999,21.94422,8294243.0,1.0080906148867315,0.9951456310679612,1.0074433333333335,0.3999999999999986,0.30311999999999983,3201756.0,1.0071027165610607,1.0066372510306794,1.0065360187401635,0.9917931180066802,0.9905593784065572,0.9912826966620174,0.9989433111192939,0.9974769749944296,0.9976071481722261,0.028571285714285466,-0.08428585714285727,-0.056666600000000025,0.03524628571428577,-0.03877064285714279,-0.029371766666666705,425367.5714285714,-16552.5,-414536.76666666666
2013-12-20,31.440001,31.780001,31.23,31.780001,22.402420000000003,16006289.0,1.010814249019903,0.993320579092857,1.010814249019903,0.5400010000000002,0.4582000000000015,7712046.0,1.0081135204801217,1.007209117931236,1.0064315205437218,0.9918142122519723,0.9909960277774477,0.9911220424826985,1.0012777264074801,0.9986951512532396,0.9975026499757842,0.0971429999999996,-0.04357128571428578,-0.027333233333333477,0.11983714285714342,-0.0035244999999997717,-0.021852499999999844,1654471.142857143,739565.3571428572,337495.63333333336
2013-12-23,31.85,32.029999,31.65,31.950001,22.522255,4176264.0,1.0056514599686026,0.9937205651491365,1.003139748822606,0.40999900000000267,0.11983499999999836,-11830025.0,1.0085949266630083,1.0070034503799075,1.0065388015719057,0.9940834753306439,0.9906603380617405,0.9918048619832456,1.0032628609477927,0.9987840116690273,0.9983575130321317,0.1671428571428574,0.014285714285714488,-0.03433336666666662,0.16112485714285743,0.012084428571428774,-0.004464533333333283,-647097.1428571428,-15459.642857142857,-49673.8
2013-12-24,32.130001,32.16,31.92,32.130001,22.649143,1785419.0,1.0009336756634397,0.9934640213674442,1.0,0.2800009999999986,0.12688799999999745,-2390845.0,1.008258224740954,1.0064125428592687,1.0065596253716358,0.9943719706905465,0.990510940495016,0.9920608330557994,1.0039209674894498,0.9981944425080295,0.9986150325956612,0.24857171428571437,0.04500007142857143,-0.007666666666666799,0.18932199999999963,0.018630142857142675,0.00046996666666660283,-727109.4285714285,-137677.5,-143486.86666666667
2013-12-27,32.299999,32.435001,32.040001000000004,32.16,22.670288,2081087.0,1.0041796286123723,0.9919505260665799,0.9956656655004849,0.16999799999999965,0.021145000000000636,295668.0,1.0064332020807152,1.006552912233001,1.0066989463253815,0.9936969698550732,0.9909754343586491,0.9927935482487629,1.00230443167189,0.9988339139076394,0.999358065642401,0.3171427142857145,0.04928557142857137,0.0,0.18831528571428585,0.04884107142857148,0.016918066666666693,-318196.4285714286,-407488.71428571426,-182198.3
2013-12-30,32.299999,32.32,32.09,32.209999,22.705532,1891190.0,1.000619226025363,0.993498482770851,0.9972136222047562,0.0,0.035244000000002274,-189897.0,1.0055447777629067,1.0065742534699786,1.0061499679945813,0.9944428293592614,0.9918846688898298,0.9926295746786773,1.0029762898167356,0.9991156584270021,0.9990120218255977,0.22714285714285712,0.07857128571428566,0.023333299999999942,0.17421585714285723,0.06142871428571439,0.008694000000000084,-507353.71428571426,-211751.0,-163474.5
2013-12-31,32.09,32.389999,32.049999,32.23,22.719635,1805632.0,1.0093486755998753,0.9987534746026798,1.0043627298223743,-0.20999899999999627,0.014102999999998644,-85558.0,1.0056625042537555,1.006921505491964,1.006033167317085,0.9942647543025013,0.9933524101577069,0.9927761126513267,1.002662764100494,1.0004575040223203,0.9987603730077645,0.22714285714285762,0.06357135714285736,0.0063333333333334945,0.1540764285714284,0.07452049999999996,-0.0011746666666666054,-469550.71428571426,-331663.5,-119258.46666666666
2014-01-02,32.23,32.41,32.055,32.220001,22.71258,1906968.0,1.0055848588271796,0.9945702761402421,0.9996897610921504,0.13999999999999346,-0.007055000000001144,101336.0,1.0053045391023907,1.006203627831726,1.006157393696137,0.9941825607413987,0.9929878393740396,0.9930183715590081,1.0015551109231822,1.0002492110212382,0.9989461739572651,0.18999999999999975,0.10928564285714261,-0.0020000333333335617,0.10976571428571395,0.07250599999999986,0.002819566666666636,-912467.8571428572,-243550.14285714287,-81385.96666666666
2014-01-03,32.150002,32.23,31.940001,32.209999,22.705532,1895665.0,1.00248827356216,0.9934680874980971,1.0018661585153246,-0.07999799999999624,-0.007047999999997501,-11303.0,1.0041151140369988,1.0061143172585603,1.0060525427268567,0.9942036333707186,0.9930089228113455,0.9929362707676624,1.0002768122796708,1.0007772693435755,0.9990396791879648,0.10142871428571455,0.09928585714285708,0.006666700000000011,0.0433017142857141,0.08156942857142876,0.0068142000000000515,-2015803.4285714286,-180666.14285714287,-107306.8
2014-01-06,32.389999,32.455002,31.959999,31.99,22.550449,2870236.0,1.0020068849029602,0.9867242972128526,0.987650539908939,0.23999700000000246,-0.1550830000000012,974571.0,1.0035944604561928,1.0060946935596005,1.00598316949397,0.9932041665226781,0.993643820926661,0.9927977295312771,0.9980640681491469,1.0006634645484698,0.998879602853218,0.07714271428571452,0.12214278571428595,0.01966666666666678,0.004027714285714167,0.0825762857142858,0.010103833333333393,-186575.42857142858,-416836.28571428574,-75608.9
2014-01-07,31.99,32.200001,31.799999,31.860001,22.458815,3794215.0,1.0065645826820881,0.9940606126914662,0.9959362613316662,-0.39999900000000466,-0.0916339999999991,923979.0,1.0043988757445714,1.0063285502427626,1.0059049371450108,0.9932893938546812,0.9938306822726138,0.9926740126320258,0.9974835340536706,1.0007022507715604,0.9987017101426736,-0.020000142857143084,0.11428578571428563,0.018999999999999892,-0.02718971428571391,0.08106614285714286,0.009399166666666759,286970.85714285716,-220069.2857142857,-47594.066666666666
2014-01-08,32.099998,32.150002,31.66,31.709999,22.353073,4299671.0,1.0015577571064023,0.9862928963422366,0.9878504976853892,0.10999800000000093,-0.10574200000000289,505456.0,1.0040243226722898,1.0052287623765026,1.0057883536931074,0.9924811610369179,0.9930890654459955,0.9923434904300582,0.996367081508657,0.9993357565902735,0.9982651311555674,-0.028571571428571474,0.1442855714285715,0.01499993333333336,-0.0453164285714287,0.07149942857142857,0.0007048999999999713,316940.5714285714,-627.9285714285714,-27069.233333333334
2014-01-09,31.719999,31.790001,31.385,31.59,22.268484,3990415.0,1.0022068727051348,0.9894388710415786,0.9959016707409101,-0.379998999999998,-0.08458899999999758,-309256.0,1.0042511293408285,1.0048979535518676,1.005725646720293,0.9919012165041649,0.993172022931713,0.9920543448336315,0.9961796598709648,0.9995779748438502,0.9981390002644513,-0.08285714285714262,0.07214285714285726,-0.0026666666666666098,-0.06243542857142868,0.05589021428571428,-0.004699533333333269,299889.28571428574,-103732.21428571429,-45635.13333333333
2014-01-10,31.469999,31.889999,31.469999,31.559999,22.247334,2710435.0,1.0133460442753748,1.0,1.0028598666304374,-0.25,-0.021150000000002223,-1279980.0,1.004822182008757,1.0052423431312563,1.0059406308502665,0.9920792915609249,0.993172022931713,0.9922110846455438,0.9959649651292596,0.9993138646148767,0.9981820815032297,-0.08857157142857172,0.06928564285714296,-0.014333366666666573,-0.06747157142857166,0.04330242857142836,-0.009164033333333422,129257.57142857143,-170146.57142857142,-118515.53333333334
2014-01-13,31.700001,31.74,31.25,31.33,22.085205,2436452.0,1.0012617980674512,0.9858043853058553,0.9883280445322383,0.23000199999999893,-0.1621290000000002,-273983.0,1.0042046019002246,1.0047545705013075,1.005648836857852,0.9908270214417266,0.9925047910915625,0.9917900633716336,0.9943418627635578,0.99794848684337,0.9976573866955865,-0.07571414285714237,0.0571429285714287,-0.008333333333333333,-0.0896250000000001,0.010070357142856931,-0.017623000000000034,75640.57142857143,-418413.64285714284,-115335.66666666667
2014-01-14,31.27,31.27,30.735001,30.790001,21.704548000000003,5117605.0,1.0,0.9828909817716661,0.9846498560921011,-0.43000100000000074,-0.3806569999999958,2681153.0,1.0038491342484874,1.0039821241427431,1.0053993068178082,0.9893160063379508,0.9917598198543347,0.9912561518250625,0.9918823909888117,0.9960796016342413,0.9971665095752796,-0.1257145714285716,-0.012142928571428513,-0.026333366666666674,-0.14299771428571414,-0.04984800000000002,-0.02937169999999997,460277.14285714284,-777763.1428571428,-17827.633333333335
2014-01-15,31.1,31.219999,30.799999,30.969999,21.831427,3993794.0,1.0038584887459807,0.9903536655948553,0.9958199035369775,-0.16999999999999815,0.12687899999999885,-1123811.0,1.0041136490832046,1.0038540547696988,1.0054447996731266,0.9898344875353796,0.991519327029029,0.9912047673446732,0.9930494429356742,0.9955567555424106,0.9972142075119422,-0.18428557142857166,-0.05357142857142857,-0.032666733333333295,-0.10271742857142842,-0.04934485714285713,-0.0218527333333333,160508.2857142857,-13033.57142857143,-151072.8
2014-01-16,31.139999,31.18,30.725,31.09,21.916021,4956341.0,1.0012845536700241,0.9866731209593167,0.9983943801668074,0.03999899999999812,0.08459399999999917,962547.0,1.0033593592243382,1.0038791174844548,1.0053940143817237,0.9887791315736442,0.9910342627141626,0.9911869551133042,0.9934006027692658,0.9954420684114683,0.9973686941376172,-0.12142871428571413,-0.07071442857142861,-0.030333333333333337,-0.0775420000000001,-0.052365857142857006,-0.017858066666666634,166018.0,226494.42857142858,-23201.1
2014-01-17,30.889999,31.030001,30.74,31.030001,21.873726,3407487.0,1.0045322759641397,0.9951440917819389,1.0045322759641397,-0.25,-0.042294999999999305,-1548854.0,1.0037842904897294,1.0039043065810096,1.0052607300576217,0.9900435880650301,0.9912623745509741,0.991077750800401,0.9957837139519444,0.9960753977303008,0.9974565799030359,-0.17285699999999998,-0.10071428571428573,-0.025333366666666635,-0.06847814285714245,-0.056897285714285574,-0.015978233333333237,-127454.85714285714,94742.85714285714,-32840.4
2014-01-20,30.83,30.93,30.66,30.870001,21.760941,3726074.0,1.0032435939020434,0.9944858903665261,1.0012974699967565,-0.059999000000001246,-0.11278500000000236,318587.0,1.0039323935178592,1.0040917614293439,1.005061970489277,0.990764590825737,0.9913329036649509,0.9910420942358988,0.9965545424170654,0.996367101144015,0.9972246966277954,-0.12714271428571472,-0.10499992857142867,-0.02233333333333339,-0.07250614285714312,-0.0674707857142859,-0.020912666666666743,-37763.0,131063.14285714286,439.0
2014-01-21,30.85,31.190001,30.799999,31.15,21.958317,2830984.0,1.011021102106969,0.9983792220421394,1.0097244732576984,0.020000000000003126,0.197376000000002,-895090.0,1.0036002589223727,1.0042112204655649,1.0053555253135054,0.9905330511174711,0.991306171339198,0.9914731479047796,0.9975352005066741,0.9967500828179668,0.9979917435395206,-0.08857128571428571,-0.08857142857142872,-0.025333366666666635,-0.04128814285714252,-0.05437985714285709,-0.0009398666666665889,17221.285714285714,73239.42857142857,-165164.83333333334
2014-01-22,31.139999,31.43,31.07,31.4,22.134548,4708061.0,1.0093128134011822,0.9977521193883148,1.0083494222334433,0.2899989999999981,0.1762309999999978,1877077.0,1.0047504039700483,1.0044775029351365,1.0056552708032889,0.9922398702721082,0.9915334458569174,0.9920392452399127,1.000395397321132,0.9973686300423449,0.9984944176495127,-0.08000028571428583,-0.0778572142857141,-0.0020000666666666928,0.007049000000000051,-0.041288000000000026,0.009633933333333289,324515.5714285714,200078.07142857142,-4921.433333333333
2014-01-23,31.309999,31.41,30.84,30.969999,21.831427,4593962.0,1.0031938998145609,0.984988852922033,0.989140849222001,0.1700000000000017,-0.3031209999999973,-114099.0,1.0052066753721285,1.004527904810308,1.0056121625540382,0.9925395661507321,0.9909277862443414,0.9922653704422338,1.0010369677682605,0.9964596793785361,0.9986132162406488,0.005714142857143096,-0.06000021428571424,0.003666600000000031,0.018125571428571265,-0.06243607142857144,0.005169300000000021,-74806.14285714286,192735.5,-61831.96666666667
2014-01-24,30.83,30.91,30.57,30.65,21.605854,5342210.0,1.002594875121635,0.9915666558546871,0.9941615309763218,-0.47999900000000295,-0.2255730000000007,748248.0,1.005026159140079,1.0045699041116418,1.0051774868557422,0.9927128504735652,0.9912736690044724,0.9919951167336706,1.0008000574024527,0.9969247501690635,0.9983317385029494,-0.03857142857142902,-0.11142850000000035,0.004333299999999932,-0.032224714285714384,-0.06747107142857141,-0.003054733333333341,192630.85714285713,176569.57142857142,851.3333333333334
2014-01-28,30.200001,30.459999,30.0,30.139999,21.246344,7883880.0,1.0086092050129403,0.9933774505504155,0.9980131788737358,-0.629998999999998,-0.3595100000000002,2541670.0,1.006072537903353,1.0047159485638457,1.0053398396366244,0.9936706118437221,0.991224871708683,0.9920019344394907,1.000745600074871,0.9970731014220684,0.9984497330653207,-0.13428542857142847,-0.1278570714285713,-0.018666633333333373,-0.09566814285714287,-0.08660507142857148,-0.010573866666666614,418219.85714285716,292118.9285714286,115296.3
2014-01-29,30.27,30.42,30.030001,30.370001,21.408476,7214756.0,1.0049554013875124,0.9920713908159894,1.0033036339610175,0.06999899999999926,0.16213199999999972,-669124.0,1.0061329843924063,1.0049586374410677,1.0054289657932616,0.9932316545628721,0.9916376213139512,0.9924764566800757,1.0005700797887107,0.9981768968703275,0.998918393962674,-0.08857128571428571,-0.13071414285714283,-0.01366666666666667,-0.06646428571428586,-0.06747121428571415,0.0004698333333333693,543895.5714285715,208220.35714285713,-49706.26666666667
2014-01-30,30.0,30.139999,29.950001,30.049999,21.182903,5868343.0,1.0046666333333334,0.9983333666666667,1.0016666333333333,-0.2699999999999996,-0.2255730000000007,-1346413.0,1.0063362757397332,1.0051343346287962,1.0054748339337787,0.9937812940343208,0.9922729424300288,0.9927060837740271,1.0006228174082217,0.9985886799126434,0.9991275066001718,-0.11857142857142833,-0.12285707142857152,-0.01299996666666665,-0.08257685714285705,-0.07754150000000008,-0.004699533333333387,306038.4285714286,134137.7142857143,-33561.4
2014-01-31,30.27,30.309999,29.93,30.129999,21.239296,7716208.0,1.0013214073339942,0.9887677568549719,0.9953749256689792,0.2699999999999996,0.056392999999999915,1847865.0,1.0049506050578798,1.0042754319901261,1.0049537212704436,0.9924082275790111,0.9914706393482412,0.9924424912720297,0.9985728820384044,0.9980540412725393,0.998740623581691,-0.08285714285714312,-0.08571421428571442,0.006333333333333376,-0.10271728571428593,-0.07200271428571423,-0.00375949999999996,697889.1428571428,357555.21428571426,113591.53333333334
2014-02-03,30.0,30.08,29.75,29.83,21.027817,5432172.0,1.0026666666666666,0.9916666666666667,0.9943333333333333,-0.2699999999999996,-0.21147900000000064,-2284036.0,1.0040011555243775,1.004375779747213,1.004814670284332,0.9915388771902043,0.9918893737311562,0.9925554646195341,0.9965705836241031,0.9984829904726176,0.9988013808531075,-0.16285699999999995,-0.12142864285714287,-0.02366663333333333,-0.15810442857142856,-0.07552771428571425,-0.015273466666666735,103444.42857142857,213980.0,-349.8
2014-02-04,29.49,29.58,29.209999,29.299999,20.654209,9021230.0,1.0030518819938963,0.9905052221091896,0.9935571041030858,-0.5100000000000016,-0.3736079999999973,3589058.0,1.0039808672642825,1.0045937713182056,1.004632246678664,0.9923269299312266,0.9924332480409793,0.9922389720231739,0.9972014771785439,0.9991192224734021,0.9983680373286749,-0.25999985714285756,-0.12714285714285722,-0.03366666666666672,-0.168174,-0.07502421428571436,-0.03289636666666666,632466.8571428572,278830.35714285716,130958.1
2014-02-05,29.4,29.450001,28.84,29.02,20.456835,8225494.0,1.0017007142857144,0.980952380952381,0.9870748299319728,-0.08999999999999986,-0.19737399999999994,-795736.0,1.0038531300020082,1.0044396445710437,1.0044192499919633,0.9908106049451829,0.991761727709374,0.9917658636859878,0.9961890913150654,0.9984945743587589,0.997689087215296,-0.20428571428571424,-0.12142857142857164,-0.05,-0.1641455714285713,-0.09818514285714285,-0.04957949999999999,411897.71428571426,302264.28571428574,-2291.633333333333
2014-02-06,29.049999,29.52,29.049999,29.43,20.745852,6756275.0,1.016179036701516,1.0,1.013080929882304,-0.3500009999999989,0.28901699999999764,-1469219.0,1.0049345345289475,1.0055035362161502,1.0045980762480171,0.9917566834379807,0.9927136476408515,0.9919885110495593,0.9983416271734323,0.9995436136241516,0.9977646432440429,-0.1642860000000001,-0.14928571428571427,-0.07966673333333331,-0.07149885714285732,-0.0835835000000001,-0.055218933333333456,-161086.42857142858,128566.71428571429,-308333.8
2014-02-07,29.719999,29.73,29.33,29.450001,20.759949,4815759.0,1.0003365074137451,0.9868775567590025,0.990915275602802,0.6700000000000017,0.014096999999999582,-1940516.0,1.004274692532695,1.0052038384625506,1.0044209111628553,0.9910147071441254,0.9921231808534988,0.9917604107698882,0.9965718616936873,0.998570970741199,0.9973571608033827,-0.07857157142857117,-0.08357142857142844,-0.07100003333333334,-0.09264671428571448,-0.07955550000000018,-0.05874353333333341,-342713.85714285716,100590.85714285714,21316.5
2014-02-10,29.77,29.93,29.620001,29.91,21.084213,5128651.0,1.0053745381256298,0.9949614040980853,1.0047027208599262,0.050000999999998186,0.32426399999999944,312892.0,1.0043758217887375,1.0053560487642355,1.004568939911595,0.9905329982057568,0.9921571461200387,0.9918103235275761,0.9970055884832004,0.9988142029457111,0.9975139181653802,-0.03285714285714292,-0.07571428571428562,-0.07866670000000002,-0.014098571428571611,-0.04833771428571433,-0.05216433333333335,-105670.28571428571,100184.07142857143,111441.06666666667
2014-02-11,30.059999,30.690001,29.860001,30.559999,21.542412,9845519.0,1.0209581510631454,0.9933467063654925,1.0166334004202728,0.28999900000000167,0.45819900000000047,4716868.0,1.0071810708929019,1.0060658379753908,1.0051282239932873,0.9911871338501168,0.991797680714564,0.9918568628708733,1.0000425134476711,0.9993076977430377,0.9982128426627065,-0.030000142857142618,-0.05642864285714287,-0.07466666666666662,0.04330228571428561,-0.029707500000000157,-0.037595866666666686,304187.28571428574,501038.21428571426,258814.4
2014-02-12,30.879999,31.040001,30.620001,30.98,21.838478,7853163.0,1.0051814120848903,0.9915803753750121,1.003238374457201,0.8200000000000003,0.2960659999999997,-1992356.0,1.0075403202383624,1.00577073788137,1.005280296861938,0.9911748065227375,0.991356841856471,0.9917929259576787,1.001314662179652,0.9989426229018777,0.998413667737788,0.12571414285714308,-0.01857142857142843,-0.04733333333333327,0.11580871428571424,-0.021147857142857163,-0.028901800000000102,345855.85714285716,224650.14285714287,198732.43333333332
2014-02-13,31.0,31.225,30.889999,30.99,21.84553,4896861.0,1.007258064516129,0.9964515806451613,0.9996774193548387,0.12000099999999847,0.0070520000000016125,-2956302.0,1.0081412034558244,1.0060610353600534,1.0052106098258133,0.9920242863135906,0.9921756081224087,0.9917161961590947,1.0021889929299026,0.9996952350542232,0.9982574907222034,0.21571428571428594,-0.022142785714285802,-0.03633333333333345,0.17018871428571408,0.001007357142857046,-0.029136833333333337,-589195.5714285715,21635.64285714286,103040.96666666666
2014-02-14,31.200001,31.34,30.950001,31.34,22.092251,5020779.0,1.0044871472920787,0.9919871797440006,1.0044871472920787,0.20000100000000032,0.24672100000000086,123918.0,1.0085392653138763,1.0061961976579423,1.00517401944131,0.993600686140965,0.992205645543074,0.9916300929458866,1.004676466838489,1.000432779076777,0.9984174035955343,0.25714300000000023,0.026428642857143,-0.034333299999999886,0.23363085714285706,0.03474264285714287,-0.02067763333333327,-457816.4285714286,-22959.35714285714,103793.7
2014-02-17,31.5,31.75,31.49,31.620001,22.289631,6740799.0,1.007936507936508,0.9996825396825396,1.0038095555555555,0.2999989999999997,0.197379999999999,1720020.0,1.0073617612045893,1.0061481478667686,1.0053556272537882,0.993555334667042,0.9926560090525113,0.9918372413520348,1.0033519847918106,1.0008468059826214,0.9984821834968755,0.3500001428571429,0.0928570714285714,-0.021666733333333354,0.22053985714285723,0.07452049999999996,-0.01386336666666672,-2210.8571428571427,-81648.64285714286,161504.46666666667
2014-02-18,31.66,31.67,31.459999,31.639999,22.303726,3603604.0,1.0003158559696779,0.9936828490208465,0.9993682564750473,0.16000000000000014,0.014095000000001079,-3137195.0,1.007358810998294,1.0058167517654948,1.0052992596226789,0.9945275192758769,0.992771113210001,0.9920691930789677,1.0045595534878458,1.0005657075907666,0.998872774049079,0.2771429999999998,0.09928571428571432,-0.0243333000000001,0.22053957142857175,0.06394642857142863,-0.008224099999999979,-173165.0,-257939.42857142858,24445.6
2014-02-19,31.700001,31.93,31.66,31.85,22.451763,6235918.0,1.0072554887301108,0.9987381388410682,1.0047318295037277,0.040001000000000175,0.14803699999999864,2632314.0,1.0076275182275058,1.0060016700081216,1.0053222898242795,0.9950670528105886,0.9928000255081727,0.9922251106172879,1.0045637118655315,1.000784650174366,0.9991659596548145,0.2757144285714287,0.12142864285714287,-0.00966663333333327,0.1953642857142859,0.09063285714285715,-0.00023506666666672042,158181.0,26255.35714285714,81390.1
2014-02-20,31.76,31.9,31.58,31.6,22.275532,6965092.0,1.0044080604534005,0.9943324937027707,0.9949622166246851,0.059999000000001246,-0.17623100000000136,729174.0,1.0052632195689708,1.0062221452309363,1.0054172999358462,0.995207879573057,0.9931975067115868,0.9924930971959723,1.001467828466162,1.0007551709569165,0.999403016952791,0.24285728571428575,0.10642857142857157,-0.011333266666666593,0.1047314285714285,0.07401685714285706,-0.0025847000000000027,-411489.5714285714,-53651.142857142855,88847.36666666667
2014-02-21,31.950001,31.950001,31.66,31.82,22.430614,4822097.0,1.0,0.9909232866690677,0.9959311112384629,0.19000099999999875,0.15508200000000016,-2142995.0,1.004523017842558,1.00603166904046,1.0053437375123417,0.9951140097579222,0.9931444081403298,0.9925425777168886,1.000423933720628,1.0008692979501401,0.9994039983027094,0.1528574285714284,0.13928578571428574,0.007666733333333298,0.08459085714285715,0.10019978571428569,0.005404333333333256,-433009.4285714286,-43576.78571428572,27722.733333333334
2014-02-24,31.870001,32.049999,31.83,32.0,22.557501,5049689.0,1.0056478818434929,0.9987448698228782,1.0040790397213983,-0.08000000000000185,0.12688699999999997,227592.0,1.004292991746467,1.0062170976011457,1.0050871320979455,0.9954416224975959,0.9937329544055933,0.9925007400443179,1.0010527366301365,1.0016208647800195,0.9994446374057414,0.12428585714285692,0.17000007142857143,0.013333399999999903,0.10171014285714262,0.13594942857142836,0.010338899999999995,21832.571428571428,-283681.5,77975.13333333333
2014-02-25,32.150002,32.150002,31.860001,32.02,22.571596,4040536.0,1.0,0.9909797517275426,0.9959563921644546,0.28000100000000216,0.014095000000001079,-1009153.0,1.0036519707047413,1.006095618009309,1.0050450721623638,0.9952977042095305,0.9944491951752478,0.9926732522583742,0.9998340573261902,1.0022552620823397,0.9996989156601487,0.13571442857142862,0.19642871428571443,0.015000033333333345,0.06847785714285694,0.151054357142857,0.01621303333333337,-140034.7142857143,-298925.5714285714,53469.46666666667
2014-02-26,32.0,32.169998,31.940001,32.080002,22.613895,6166939.0,1.0053124375,0.99812503125,1.0025000625,-0.15000200000000063,0.042298999999999864,2126403.0,1.003277103499526,1.0053194323520578,1.005222153412364,0.995075203004882,0.994315268835962,0.9931810539076519,0.9996469868896823,1.0014994858407464,1.000293922540412,0.07142857142857142,0.21071435714285716,0.02433333333333335,0.046323428571428495,0.13343164285714287,0.03031156666666656,-81980.0,-42095.42857142857,34977.8
2014-02-27,32.02,32.169998,32.02,32.150002,22.663237,3050001.0,1.004684509681449,1.0,1.0040600249843847,0.020000000000003126,0.04934199999999933,-3116938.0,1.0039011968869218,1.005630003942608,1.0052496874435461,0.995977653144761,0.995252586210319,0.9935025983878235,1.0003172395338733,1.0024383965108596,1.0005685932553257,0.05142857142857186,0.16428578571428584,0.030666666666666724,0.05135871428571396,0.13594914285714285,0.027726999999999908,-79086.14285714286,-126125.57142857143,-31459.766666666666
2014-02-28,32.25,32.349998,32.055,32.139999,22.656191,8522775.0,1.0031007131782945,0.993953488372093,0.9965891162790699,0.22999999999999687,-0.0070459999999989975,5472774.0,1.0033076575223767,1.0054675878749413,1.0053102260938218,0.9952941316491932,0.995180592229891,0.9937452773015828,0.9991539947874938,1.0018588533265127,1.000508417792401,0.07857128571428566,0.17714285714285719,0.03700003333333335,0.029204000000000008,0.11228414285714296,0.024672333333333303,326693.85714285716,242437.42857142858,118881.13333333333
2014-03-03,32.139999,32.16,31.639999,31.950001,22.522255,4850700.0,1.00062230866902,0.9844430611214392,0.9940884254539024,-0.1100009999999969,-0.1339359999999985,-3672075.0,1.0027668358388937,1.0040150277039321,1.005179893850651,0.9938813555661458,0.9945446175696013,0.9933885762795661,0.9990291674773818,1.000248497971772,1.0001602894420596,0.05428557142857165,0.14857142857142872,0.04166666666666678,0.035246142857143274,0.06998878571428589,0.02161763333333333,-302056.0,-356772.78571428574,48107.1
2014-03-04,31.75,32.240002000000004,31.75,32.18,22.684385,5055566.0,1.0154331338582678,1.0,1.0135433070866142,-0.3899990000000031,0.16212999999999766,204866.0,1.0049715692472176,1.0047472935448878,1.005586211849192,0.9951780288991362,0.9951460193285291,0.9935723799340153,1.001545195455689,1.0009845645881585,1.0005684840117215,-0.028571571428571474,0.06214292857142846,0.030666666666666724,0.036253000000000056,0.0604219285714286,0.030781466666666663,33352.71428571428,-199828.35714285713,44316.4
2014-03-05,32.389999,32.52,32.299999,32.52,22.924061,6689319.0,1.0040136154372836,0.9972213645329225,1.0040136154372836,0.6399990000000031,0.23967599999999933,1633753.0,1.0047381026177593,1.0045155471821132,1.0053526289602024,0.9949603852862854,0.9952010038919407,0.993533784683708,1.001535849129387,1.0012942928797617,1.0003781220843744,0.07428542857142924,0.09928564285714307,0.051333300000000054,0.05236571428571425,0.07703792857142844,0.03219146666666658,234232.85714285713,128032.71428571429,128611.16666666667
2014-03-06,32.490002000000004,32.599998,32.360001000000004,32.57,22.959307,4447005.0,1.0033855338020599,0.9959987383195605,1.0024622343821339,0.10000300000000095,0.03524600000000078,-2242314.0,1.005221750303768,1.0044368605042546,1.005155052973565,0.9956773833708593,0.9954875437901949,0.9934753386480828,1.002465255160484,1.0011496562433373,1.0001818824893307,0.04857142857142906,0.09214292857142883,0.04500010000000015,0.05538728571428564,0.06193257142857129,0.027491966666666676,58067.0,-40983.857142857145,-8701.866666666667
2014-03-07,32.59,32.610001000000004,32.450001,32.580002,22.966358,3420547.0,1.0006137158637618,0.9957042344277385,0.9996932187787664,0.09999799999999937,0.007051000000000585,-1026458.0,1.0045505043557337,1.0039138039276299,1.005069046841872,0.9953315552533935,0.9952033791291378,0.9938325180316063,1.0020642774860222,1.0008556321878523,1.000533628141223,0.08428571428571477,0.0778571428571431,0.04266670000000007,0.05035185714285717,0.04833764285714283,0.03783103333333327,-392341.71428571426,-237160.85714285713,-39113.833333333336
2014-03-10,32.369999,32.599998,32.25,32.310001,22.776028,3836115.0,1.0071053137814432,0.9962928945410224,0.9981464936097156,-0.22000100000000344,-0.19032999999999944,415568.0,1.0048963335128758,1.004398765199899,1.0052193947971988,0.9948019687592538,0.9953898109520074,0.9939900593211508,1.001219487289641,1.000768363411757,1.0006664602290027,0.049999857142856693,0.05071421428571427,0.051333300000000054,0.016113000000000204,0.03373585714285708,0.03900579999999998,112302.0,16607.928571428572,-50203.166666666664
2014-03-11,32.259998,32.450001,32.16,32.34,22.797173,4250257.0,1.005889739980765,0.9969002477929476,1.002479913358953,-0.1100009999999969,0.021145000000000636,414142.0,1.0052947659132287,1.0043012117178027,1.005128745962793,0.9952229343908044,0.9952585330199987,0.9941074858959019,1.0020610297296242,1.000607512258559,1.00081535137851,0.0014282857142861513,0.03999978571428591,0.06866656666666676,0.020140285714285864,0.024672142857142938,0.051694300000000006,-610359.7142857143,-141832.92857142858,-121120.76666666666
2014-03-12,32.139999,32.200001,31.825001,32.18,22.684385,4733338.0,1.0018668948931828,0.9901991907342622,1.0012445862241626,-0.11999899999999997,-0.11278800000000189,483081.0,1.005472563945252,1.004119699892073,1.0050257957463153,0.9960452386212076,0.9949632970936768,0.994045079226511,1.00308333841109,1.001056252944236,1.0007467164539483,0.0,0.027142785714285824,0.06233330000000012,0.02316142857142824,0.029203785714285755,0.04253029999999995,-16766.0,-159411.0,-82713.93333333333
2014-03-13,32.209999,32.470001,32.110001000000004,32.23,22.719635,4068909.0,1.008072089663834,0.9968954361035528,1.0006209562440531,0.07000000000000028,0.035250000000001336,-664429.0,1.00442098620319,1.004696277725204,1.0051393109573319,0.9956017294931438,0.9953898791961401,0.9939971482077404,1.0012372882907241,1.0013912418732065,1.0007118605509722,0.06571414285714335,0.018571285714285932,0.07366663333333344,0.0050357142857144765,0.020644357142857266,0.051224400000000024,-140951.0,-53799.142857142855,-59981.13333333333
2014-03-14,31.889999,32.0,31.799999,31.870001,22.465858,3978382.0,1.0034493886312132,0.9971777985944748,0.9993729068476922,-0.32000000000000384,-0.2537769999999995,-90527.0,1.0043403823737516,1.0045392424957553,1.0052102436672392,0.9955955057876513,0.9952779455369684,0.9942774829323907,1.0005743299207823,1.0010550895250847,1.0008451265902627,-0.07142857142857194,0.001428428571428648,0.05399996666666666,-0.06545757142857107,-0.006545928571428407,0.040885400000000044,-387276.71428571426,-76521.92857142857,-124594.2
2014-03-17,31.75,32.189999,31.719999,32.060001,22.599798,6144207.0,1.0138582362204724,0.9990550866141733,1.009763811023622,-0.13999899999999954,0.13393999999999906,2165825.0,1.005836482719239,1.0055291165115032,1.0055832959856994,0.9960321269725959,0.9958547551717275,0.9945237635973075,1.0016174122981378,1.002041333729311,1.0013594758466056,-0.105714571428572,-0.028571571428571474,0.058333333333333334,-0.05135842857142846,0.0020144285714285915,0.0523993666666667,242457.42857142858,150262.2142857143,23734.5
2014-03-18,32.200001,32.380001,32.200001,32.259998,22.74078,4265578.0,1.0055900619381968,1.0,1.0018632608117,0.4500010000000003,0.14098200000000105,-1878629.0,1.006547389301301,1.0055489468285175,1.0056679019838428,0.9966458077686333,0.9959886815110133,0.9948402561936678,1.0019274183028428,1.0019958478944324,1.0016363477368926,-0.0557141428571433,0.014285785714285737,0.09033336666666673,-0.03222542857142839,0.009063214285714391,0.06955236666666664,120718.71428571429,-135811.5,-158521.73333333334
2014-03-19,32.209999,32.43,32.205002,32.43,22.860617,6076045.0,1.006830208221987,0.9998448618393312,1.006830208221987,0.00999800000000306,0.11983700000000042,1810467.0,1.006508088507093,1.0057022110099845,1.0058388851150517,0.9971532316683918,0.9959776002138226,0.9954700055565662,1.0031679489617387,1.0021937181256897,1.00229486034656,-0.02285714285714237,0.013571357142857161,0.0936666333333335,0.012084142857143019,0.014098571428571611,0.08012606666666665,319990.0,216146.0,-71648.3
2014-03-20,32.450001,32.474998,32.060001,32.119999,22.64209,10509376.0,1.0007703235509915,0.9879815103857778,0.9898304471546857,0.24000199999999694,-0.2185270000000017,4433331.0,1.0057767433028397,1.0055357546080343,1.0053252613433679,0.9958791263245103,0.9955510303576574,0.995069389236092,1.0013608823611289,1.0017109560453765,1.0015198442556392,0.02714328571428532,0.014285785714285737,0.11333340000000001,-0.022154714285714455,-0.0010072142857142957,0.06320793333333334,894159.8571428572,141900.07142857142,125103.36666666667
2014-03-21,32.200001,32.299999,32.060001,32.25,22.733728,5456554.0,1.0031055278538656,0.9956521740480692,1.0015527639269328,-0.25,0.09163799999999966,-5052822.0,1.0059536908686515,1.0057131274069517,1.005417562024705,0.9966581239407685,0.996351681280988,0.9953618764790609,1.001404907747239,1.0022441230791643,1.001874427199777,0.00857171428571389,0.004285857142856945,0.0826667333333333,0.007049000000000051,0.015105214285714144,0.06579263333333335,103316.57142857143,43275.28571428572,21359.833333333332
2014-03-24,32.099998,32.450001,32.060001,32.400002,22.83947,3068293.0,1.0109035209285684,0.9987539874613076,1.0093459195854155,-0.10000300000000095,0.10574199999999934,-2388261.0,1.0063581810493278,1.005389583626259,1.0056018614514697,0.9969236312775906,0.9962626803853671,0.9954882959245018,1.0026513310817193,1.0019443096862217,1.0020292004906266,-0.015714428571429146,0.024999857142857098,0.07766659999999999,0.01711928571428548,0.011077499999999978,0.05850856666666668,-142945.14285714287,-141948.07142857142,-68678.6
2014-03-25,32.400002,32.549999,32.259998,32.310001,22.776028,5313079.0,1.0046295367512632,0.9956788891556242,0.9972221915294943,0.30000400000000127,-0.06344199999999844,2244786.0,1.0065267736379064,1.0054335780058288,1.0050575743077403,0.9967095013577547,0.996152503572703,0.9955660353508394,1.0023440860362625,1.0014592079785225,1.0013821601942674,0.07285757142857159,0.0007144999999998244,0.07800009999999998,0.04430999999999991,-0.010573785714285577,0.04112053333333338,190671.0,-98302.85714285714,-151081.33333333334
2014-03-26,32.419998,32.740002000000004,32.41,32.549999,22.94521,5667223.0,1.009870574328845,0.9996916100981869,1.0040099015428687,0.019995999999999015,0.16918199999999928,354144.0,1.0059571076533882,1.0058967951863136,1.005213879715872,0.9968004332840424,0.9964162801283193,0.9958364098416119,1.0015220989675835,1.0015697556328607,1.0014078777637896,0.09571399999999995,-0.005000285714286028,0.051333299999999936,0.04934457142857137,-0.0010069285714285417,0.0368910666666667,-68140.57142857143,87158.42857142857,-72864.66666666667
2014-03-27,32.330002,32.599998,32.299999,32.549999,22.94521,4554060.0,1.008351252189839,0.9990719765498313,1.0068047320256892,-0.0899959999999993,0.0,-1113163.0,1.0063515634036229,1.0064494763524618,1.0052503193049958,0.9966678585054468,0.9966568331370401,0.9959237563717677,1.002228023426725,1.0020777208647837,1.001645454852818,0.018571571428571434,-0.018571285714285932,0.04433340000000001,0.02920428571428551,-0.0015105714285714405,0.03665599999999998,41211.71428571428,80965.21428571429,-11426.7
2014-03-28,32.75,32.869999,32.68,32.82,23.135538,10190762.0,1.0036640916030535,0.9978625954198473,1.0021374045801528,0.41999799999999965,0.19032800000000094,5636702.0,1.0058992610294895,1.0062036747682914,1.0052228841153616,0.9963846775883777,0.9967689546283848,0.9961196035609625,1.0015576229064629,1.0023627859341007,1.0015671300957538,0.07714299999999952,0.027142928571428575,0.05166663333333332,0.03927442857142844,0.02567928571428573,0.034776233333333316,587816.7142857143,453903.35714285716,172332.76666666666
2014-03-31,32.939999,33.200001,32.93,33.060001,23.304718,5243548.0,1.0078931999967577,0.9996964480782163,1.0036430480765952,0.18999900000000025,0.16918000000000077,-4947214.0,1.006916814807456,1.006346779055148,1.0052214405173698,0.998058240115869,0.9969686832201897,0.9961200671741518,1.0035308516095927,1.0024458669853609,1.001561579846455,0.06999971428571428,0.0485714999999998,0.04799996666666668,0.09466114285714308,0.03625321428571431,0.033836233333333375,-752261.1428571428,70949.35714285714,-49908.36666666667
2014-04-01,33.150002,33.200001,32.825001,33.07,23.311768,3835182.0,1.0015082653690337,0.9901960488569503,0.9975866668122675,0.21000300000000038,0.007049999999999557,-1408366.0,1.00668863445248,1.006321162660566,1.0052611874973485,0.9972787936599949,0.9969684588003817,0.996003840502022,1.0029642663074976,1.0021845870273682,1.0015021935243624,0.13571442857142862,0.07214307142857125,0.04966673333333335,0.08257714285714306,0.044813071428571556,0.03360139999999999,-231624.57142857142,-64154.0,7719.266666666666
2014-04-02,33.25,33.25,33.0,33.099998,23.332916,2905433.0,1.0,0.9924812030075187,0.9954886616541353,0.09999799999999937,0.021148000000000167,-929749.0,1.0051309886055417,1.005744584827435,1.0050193378730115,0.9963826815951679,0.9966531564363791,0.9957952759742369,1.0009846580316004,1.0018179945566599,1.001194087929376,0.1642860000000001,0.07428578571428547,0.05166663333333332,0.07049228571428603,0.04380578571428576,0.029371766666666705,-23265.714285714286,-83105.42857142857,-111016.16666666667
2014-04-03,33.25,33.25,33.07,33.209999,23.410456,3150358.0,1.0,0.9945864661654136,0.9987969624060151,0.0,0.07753999999999905,244925.0,1.0044696262125041,1.0054981999252053,1.0048724025245648,0.996226621167995,0.9964680612628748,0.9958037417229916,1.001209625299675,1.0017768556679687,1.0013219127887536,0.12142828571428563,0.0971429285714286,0.049666666666666616,0.0906325714285714,0.06747128571428565,0.03783080000000005,-308960.14285714284,-59144.57142857143,-127157.8
2014-04-04,33.25,33.389999,33.09,33.369999,23.523245000000003,4287293.0,1.0042104962406015,0.9951879699248122,1.003608992481203,0.0,0.11278900000000291,1136935.0,1.0036610436284694,1.0048090756409287,1.0050127523992516,0.99558324400037,0.9961918386422062,0.9959458978315165,1.0011523525765798,1.0013372257720816,1.0015778421635118,0.11857171428571434,0.10714285714285714,0.04333329999999999,0.08257642857142906,0.06596050000000021,0.03642103333333348,-197132.85714285713,-132636.7142857143,-17826.8
2014-04-07,33.279999,33.549999,33.200001,33.48,23.600784,3251873.0,1.0081129810130103,0.9975962138700787,1.0060096456132706,0.029998999999996556,0.07753899999999803,-1035420.0,1.0036270048889224,1.0049892841462726,1.0050949223715686,0.9953724207604052,0.9960201396329261,0.9959076092997565,1.001038768803377,1.0016333961150508,1.0016421956932406,0.1357138571428566,0.07714271428571402,0.04699993333333327,0.09365342857142878,0.06142885714285714,0.03477610000000008,-186026.7142857143,-72407.5,-59927.2
2014-04-08,33.459999,33.689999,33.400002,33.549999,23.650129,3935957.0,1.0068738794642522,0.9982069037121011,1.0026897789207943,0.18000000000000682,0.04934499999999886,684084.0,1.0040855460119509,1.00499240352072,1.0053240516870436,0.9954216076592987,0.9959031426238383,0.9961485143659083,1.0011176794234686,1.0013376511649656,1.001866641918452,0.10142842857142906,0.08928571428571429,0.04366656666666676,0.07351299999999991,0.05639371428571417,0.03595110000000001,-893543.5714285715,-152863.42857142858,-3485.9666666666667
2014-04-09,33.75,33.98,33.700001,33.860001000000004,23.868656,5444601.0,1.0068148148148148,0.9985185481481481,1.003259288888889,0.2900009999999966,0.2185270000000017,1508644.0,1.003931490985959,1.0054241528967076,1.0053741309308708,0.9952533362407175,0.9966557881782933,0.9961616315958467,1.0010628566823678,1.0022968541459802,1.0018919494647482,0.11571442857142854,0.0928570714285714,0.058333333333333334,0.08056257142857147,0.08761185714285727,0.04182536666666673,28721.85714285714,-361769.64285714284,-24077.933333333334
2014-04-10,34.099998,34.189999,34.040001000000004,34.189999,24.101276,4352424.0,1.0026393256679957,0.9982405570815577,1.0026393256679957,0.34999799999999937,0.23261999999999716,-1092177.0,1.004093071028668,1.005390852740574,1.0053059581304225,0.9964025517013757,0.9968406726806852,0.9961029834985653,1.001784665090329,1.0023744656989133,1.0018445928208688,0.1357137142857141,0.13571407142857136,0.06933326666666655,0.11278685714285684,0.09768199999999995,0.04793463333333333,73891.71428571429,-78866.42857142857,43414.1
2014-04-11,33.93,34.080002,33.764999,33.849998,23.861605,3945221.0,1.0044209254347185,0.9951370173887416,0.9976421455938698,-0.16999799999999965,-0.23967099999999775,-407203.0,1.0047246318050562,1.004927810205299,1.0053499652056366,0.9967819537558361,0.996582317675502,0.9961424344657869,1.002092305653148,1.0015384818423743,1.0018796937980285,0.0971428571428571,0.1307144285714286,0.05599999999999999,0.075527,0.07300964285714302,0.040180466666666706,148541.14285714287,62637.71428571428,-152585.13333333333
2014-04-14,33.689999,33.77,33.34,33.34,23.502096,4048754.0,1.0023746216199056,0.9896111899558087,0.9896111899558087,-0.24000099999999946,-0.3595089999999992,103533.0,1.0050638634650428,1.0047667448387734,1.0054083756373329,0.9960712000116069,0.9961489105898008,0.9963147054269326,1.0007800524459758,1.0009948388728254,1.001730452614759,0.06285700000000004,0.09214264285714283,0.05166666666666657,0.013091428571428818,0.05186200000000011,0.03266136666666668,128342.28571428571,-90308.92857142857,-26731.533333333333
2014-04-15,33.470001,33.73,33.380001,33.52,23.628983,2908421.0,1.007768120473017,0.9973110248786666,1.001493845189906,-0.2199979999999968,0.12688699999999997,-1140333.0,1.0055720954982448,1.004616569563357,1.0051528751911578,0.9963744935764433,0.9959788687884066,0.9962250729228881,1.0004778885472192,1.0008151205618994,1.0013288038848687,0.031428714285714775,0.07500021428571456,0.05733336666666678,0.015105428571428397,0.04884092857142873,0.031486600000000094,-196981.7142857143,-197057.2857142857,-71571.5
2014-04-16,33.599998,33.740002000000004,33.505001,33.650002,23.720621,2586388.0,1.004166785962309,0.9971727081650422,1.0014882143742985,0.12999699999999592,0.09163799999999966,-322033.0,1.0050083533481446,1.0043176791185335,1.0051579808753253,0.996313992761438,0.9958432067609218,0.9962234510439587,0.9998319697987946,1.0004353693010857,1.0012446238494357,0.04571414285714326,0.09071399999999993,0.04033329999999988,0.017119571428571487,0.05538650000000013,0.0265520000000001,-95069.28571428571,-140548.0,-136764.36666666667
2014-04-17,33.799999,33.93,33.709999,33.880001,23.882755,3863324.0,1.003846183545745,0.9973372780277302,1.0023669231469503,0.20000100000000032,0.16213399999999822,1276936.0,1.0045758253597865,1.0043306856858687,1.0051733358667816,0.9961897605208136,0.9958056840900561,0.996268069034231,0.9997858475453884,1.0004517634844285,1.0012414468082629,0.048571428571428044,0.07499992857142855,0.043666566666666524,0.03323228571428568,0.05337264285714279,0.030781600000000017,-10376.142857142857,-451959.85714285716,-19456.033333333333
2014-04-22,34.049999,34.279999,33.959999,34.279999,24.164722,3760693.0,1.0067547725919168,0.9973568281162065,1.0067547725919168,0.25,0.28196700000000163,-102631.0,1.0045672478993724,1.0042493694426657,1.00537803775772,0.9960238005162506,0.995638568378484,0.9963231554905133,1.0002852023601065,1.0006740295212373,1.001476831935368,0.04285699999999996,0.07928571428571425,0.04866663333333321,0.042295142857142816,0.06142885714285714,0.03994546666666672,-240558.2857142857,-105918.21428571429,11338.2
2014-04-23,34.43,34.630001,34.400002,34.59,24.383251,5068254.0,1.005808916642463,0.9991287249491723,1.00464711007842,0.38000100000000003,0.2185290000000002,1307561.0,1.0050200466100105,1.0045565588193393,1.005334824519754,0.9961506816401954,0.9962766166707856,0.996417683170785,1.0005720287044528,1.001178346897391,1.0016935191509915,0.047143142857142904,0.09142842857142851,0.0686667,0.04028214285714325,0.07653450000000005,0.05357410000000004,102261.42857142857,88076.57142857143,41071.3
2014-04-24,34.669998,34.740002000000004,34.549999,34.669998,24.43964,10602247.0,1.0020191521210935,0.9965388229904137,1.0,0.23999799999999993,0.056388999999999356,5533993.0,1.004676936136636,1.004700783970846,1.0052058049244317,0.9963509395832915,0.9965664466695638,0.9964056356773673,1.0009088650481857,1.0015005853506669,1.0016108553723597,0.10571399999999999,0.10142842857142854,0.08033333333333322,0.08257642857142855,0.07905171428571427,0.054748899999999996,951003.7142857143,549772.4285714285,211733.0
2014-04-28,34.834999,34.939999,34.810001,34.939999,24.629969,5902616.0,1.0030142099329469,0.9992823883818683,1.0030142099329469,0.16500100000000373,0.19032899999999842,-4699631.0,1.0047683058956416,1.0049160846803422,1.0052440487590903,0.997732539358443,0.9969018696850248,0.9967084089322874,1.002823582187777,1.0018018173168763,1.0016698428293191,0.163571428571429,0.11321421428571453,0.08983333333333335,0.16112471428571393,0.08710807142857137,0.0648528,264837.4285714286,196589.85714285713,38975.933333333334
2014-04-29,35.009998,35.07,34.349998,34.599998,24.390295,10478824.0,1.0017138532827108,0.9811482422821046,0.9882890595994892,0.17499899999999968,-0.23967400000000083,4576208.0,1.0039034105827407,1.0047377530404928,1.0050321075463862,0.9954235704160769,0.9958990319962601,0.9961835024715725,1.0009371842462889,1.000707536396754,1.0012587796078336,0.21999957142857138,0.12571414285714308,0.0933333,0.10875885714285667,0.06193214285714253,0.0556886666666666,1081486.142857143,442252.21428571426,213663.83333333334
2014-04-30,34.779999,34.84,34.220001,34.470001,24.29866,6368644.0,1.0017251581864626,0.983898849450801,0.9910868887604053,-0.2299990000000065,-0.09163499999999658,-4110180.0,1.0035546066147627,1.0042814799814537,1.0049746331982279,0.9935273048854709,0.9949206488234544,0.99574087083345,0.9994512805871612,0.999641625192978,1.000982579004924,0.16857157142857102,0.10714285714285714,0.09633333333333323,0.08257700000000005,0.049848285714285775,0.061093400000000034,540322.2857142857,222626.5,79675.4
2014-05-01,34.73,34.75,33.84,34.07,24.016685,9031157.0,1.000575871004895,0.9743737402821769,0.9809962568384683,-0.04999899999999968,-0.28197500000000275,2662513.0,1.003087419108927,1.0038316222343568,1.0045318876910418,0.9902467994932491,0.9932182800070313,0.9949181592890501,0.9963983282573781,0.9980920879013832,1.0000236605320858,0.13285728571428532,0.09071435714285668,0.09933333333333323,0.019132857142857063,0.02618257142857137,0.04722956666666664,738261.8571428572,363942.85714285716,96231.66666666667
2014-05-02,34.07,34.349998,34.0,34.34,24.207018,5700626.0,1.008218315233343,0.9979454065159965,1.0079248605811566,-0.6599999999999966,0.19033300000000253,-3330531.0,1.0032964966291307,1.0039318722642516,1.0046194961342134,0.9903308821217903,0.9931773413190205,0.9948496728395834,0.9965654836844122,0.9984253430222594,1.0002257138577344,0.0028572857142858004,0.022857142857142878,0.0623333,0.006042285714285762,0.02416871428571429,0.04887460000000002,277133.28571428574,18287.5,47834.933333333334
2014-05-05,34.5,34.5,33.759998,33.970001,23.946196,5708984.0,1.0,0.9785506666666668,0.9846377101449276,0.4299999999999997,-0.260822000000001,8358.0,1.0024666513944933,1.0037433490022518,1.0043918225268138,0.987391159510004,0.9917709205750997,0.9941398663338279,0.9937069979796277,0.9971395133420404,0.9994859639218323,0.01000000000000004,0.028571571428571474,0.07633336666666656,-0.06243642857142869,-0.011077142857142721,0.03618596666666664,91532.85714285714,96897.14285714286,-12235.366666666667
2014-05-06,34.02,34.23,33.919998,34.080002,24.023737,3935228.0,1.0061728395061726,0.9970604938271604,1.0017637272192828,-0.4799999999999969,0.07754100000000008,-1773756.0,1.0030600353066474,1.0038684857216416,1.0045719063919867,0.9874656839152536,0.9919083117492724,0.9944424991152073,0.9939589590109537,0.9974339120295699,0.9998837399239856,-0.09285685714285664,0.006428571428571672,0.052333300000000096,-0.05941471428571431,0.011580857142857124,0.04605490000000003,-952431.2857142857,-713.7857142857143,-219138.26666666666
2014-05-07,33.880001,33.939999,33.625,33.77,23.805212,5881049.0,1.0017708972322639,0.9924734063614697,0.99675321733314,-0.1399990000000031,-0.21852499999999964,1945821.0,1.0028824192065497,1.0038253625510956,1.0045274187045998,0.9864929721980537,0.9921127557782483,0.9943365401923207,0.9930645314966958,0.9979440568422363,0.9997237550375258,-0.1364282857142862,0.013571571428571414,0.05599999999999999,-0.11782242857142831,0.021651142857142806,0.035716133333333386,-3081.0,130878.21428571429,14149.833333333334
2014-05-08,34.0,34.0,33.759998,33.799999,23.826361,7238415.0,1.0,0.992941117647059,0.9941176176470589,0.11999899999999997,0.021148999999997642,1357366.0,1.0026375830233054,1.003270496803023,1.004163968006981,0.9881776686787614,0.9918006195474192,0.994142777865179,0.9938971826463485,0.9974171834463187,0.9992161449729139,-0.144285428571429,0.037857071428571185,0.06333340000000003,-0.08056199999999995,0.014098428571428354,0.03289636666666666,-462915.5714285714,309285.28571428574,139004.06666666668
2014-05-09,32.82,32.900002,32.68,32.720001,23.645693,11134987.0,1.0024375990249847,0.9957343083485679,0.9969531078610604,-1.1799999999999997,-0.18066799999999716,3896572.0,1.0027393602859516,1.003146983450357,1.0040909034161052,0.9898684485212996,0.9916978767033852,0.9941446251716105,0.9947352139464422,0.9970932472668016,0.9992071755172993,-0.27999985714285663,-0.05571414285714279,0.013999933333333322,-0.09328100000000004,-0.005351999999999991,0.028988833333333373,680906.1428571428,610614.2142857143,194063.6
2014-05-12,32.75,32.900002,32.59,32.68,23.616789,3862783.0,1.004580213740458,0.995114503816794,0.9978625954198473,-0.07000000000000028,-0.028904000000000707,-7272204.0,1.0033114092481747,1.0031994141785507,1.0039145580631588,0.9928314147405307,0.9915391071168899,0.9939920549622308,0.9971446908866392,0.9967715095720086,0.9990022653131987,-0.2828571428571424,-0.07499992857142855,0.011000066666666678,-0.05712799999999975,-0.018997571428571343,0.022385966666666708,-738339.1428571428,-38.642857142857146,-60148.0
2014-05-13,32.950001,32.959999,32.689999,32.900002,23.775774,4786249.0,1.0003034294293345,0.9921091959906162,0.9984825797122131,0.20000100000000032,0.1589849999999977,923466.0,1.0021807112761734,1.002738603952652,1.0036462973044753,0.991997670379762,0.9911642762507763,0.9937599622769236,0.9957957936196473,0.9961806386520298,0.9987248602360829,-0.15999985714285714,-0.07857128571428566,0.020666633333333333,-0.061606285714286155,-0.027782000000000195,0.027685466666666634,-130625.28571428571,73254.0,7739.633333333333
2014-05-14,33.0,33.150002,32.900002,33.150002,23.956438,3690086.0,1.0045455151515152,0.9969697575757576,1.0045455151515152,0.04999899999999968,0.18066400000000016,-1096163.0,1.0028300705835327,1.0026483609890129,1.003675678089424,0.9946289690810607,0.9910100642955323,0.993730201015454,0.9986397657634455,0.9961733818715366,0.9988051305884615,-0.21428571428571427,-0.10214285714285712,0.008333333333333333,0.0014631428571425836,-0.030486642857143056,0.027363333333333274,-288414.0,-98440.57142857143,-216689.2
2014-05-15,33.080002,33.200001,32.860001000000004,33.200001,23.992573,4822080.0,1.0036275390793508,0.9933494260369151,1.0036275390793508,0.08000200000000035,0.03613500000000158,1131994.0,1.0024664562368437,1.0027632457717457,1.003533489392177,0.9940988165395971,0.9907822502274254,0.9935186336140772,0.998906024600598,0.996432491805776,0.9988046136218868,-0.13428542857142897,-0.1135711428571428,0.00466676666666667,-0.004452000000000059,-0.03193335714285718,0.022928499999999966,126693.14285714286,-412869.0714285714,-14048.933333333332
2014-05-16,32.900002,33.080002,32.860001000000004,32.939999,23.804678,5180020.0,1.0054711242874697,0.9987841642076497,1.0012157142118108,-0.17999999999999972,-0.18789500000000103,357940.0,1.0029950601018733,1.0029387396542115,1.0036655846894584,0.9950003533747657,0.9907466627864097,0.9938049041257672,0.9995435241546937,0.9963040278256947,0.9989255818685383,-0.13999985714285706,-0.13821407142857162,-0.008333333333333333,-7.628571428597297e-05,-0.058949357142857144,0.01643033333333328,-100147.0,-51614.0,44827.933333333334
2014-05-19,32.869999,32.900002,32.619999,32.66,23.602331,4476294.0,1.0009127776365312,0.9923942802675473,0.9936112258476185,-0.030003000000000668,-0.2023469999999996,-703726.0,1.003125456907092,1.0028815199651986,1.003696010610676,0.9949222337491211,0.9915499512139413,0.9938020067011014,0.9994711824690595,0.9966841825577041,0.9988630006749877,-0.1614287142857143,-0.15285707142857166,-0.012666700000000001,-0.03200428571428558,-0.05628314285714277,0.008980499999999954,-394588.71428571426,-428752.14285714284,52362.03333333333
2014-05-20,32.889999,32.919998,32.52,32.75,23.667374,3932739.0,1.0009121009702675,0.9887504101170693,0.9957434173226942,0.020000000000003126,0.0650429999999993,-543555.0,1.002907528613561,1.0028234444497561,1.0037264139763515,0.9939245340017643,0.9918964912615319,0.9936074714994899,0.9992983695350072,0.9970167917407247,0.998761215838877,0.009999857142857544,-0.13499999999999954,-0.012000033333333231,0.003097285714285342,-0.04509185714285735,0.008563933333333296,-1028892.5714285715,-173993.2142857143,26079.366666666665
2014-05-21,32.509998,33.040001000000004,32.5,33.029999,23.869717,5915187.0,1.0163027693818991,0.9996924638383551,1.0159951101811815,-0.38000100000000003,0.2023430000000026,1982448.0,1.0045821794194811,1.0039467943338278,1.0041294897477282,0.9945785282905586,0.9937049715155446,0.993757621296608,1.0018887287866263,0.9995167098366328,0.9991740864288762,-0.03428599999999956,-0.15857157142857098,-0.024666733333333232,0.03613257142857153,-0.01049771428571411,0.011549066666666618,293200.5714285714,-222569.2857142857,54263.13333333333
2014-05-22,33.169998,33.630001,33.150002,33.41,24.144335,7202697.0,1.0138680442489023,0.9993971660776103,1.00723551445496,0.6599999999999966,0.27461800000000025,1287510.0,1.0065199815365622,1.0043503464063677,1.0043213251889247,0.9956196668744149,0.9938086686270884,0.9938176530368591,1.0031391480355902,0.9994674708276187,0.9992149487235993,0.03142814285714276,-0.06428585714285719,-0.003666699999999897,0.052651571428571894,-0.00447735714285713,0.018118366666666694,345206.85714285716,107290.78571428571,131694.13333333333
2014-05-23,33.5,33.825001,33.470001,33.599998,24.281639,5643715.0,1.0097015223880597,0.9991045074626866,1.0029850149253732,0.33000200000000035,0.13730399999999676,-1558982.0,1.0072565539989258,1.0050433122912292,1.0044155799530516,0.9959246311439761,0.9952768001125184,0.9938475731618788,1.0029162194318555,1.0007779925976503,0.9992247899237517,0.07142857142857142,-0.07142857142857142,0.001333366666666554,0.046457285714285694,0.023960214285714137,0.02105033333333329,279089.85714285716,-4662.071428571428,56925.26666666667
2014-05-26,33.77,33.82,33.595001,33.669998,24.332224,2448761.0,1.0014806040864672,0.9948179153094463,0.9970387326029019,0.2700000000000031,0.050585000000001656,-3194954.0,1.0069498489999424,1.0047081526183932,1.0042377729287735,0.9961344153257663,0.9951166159326817,0.993724218733922,1.0019749613637916,1.0004404929821946,0.9990174380475523,0.09857114285714326,-0.017857142857142856,0.0006666666666667708,0.04852157142857142,0.02203478571428568,0.015452266666666622,-339045.5714285714,-106176.21428571429,-99861.33333333333
2014-05-27,33.66,33.764999,33.490002000000004,33.549999,24.24551,3140255.0,1.0031193998811647,0.9949495543672017,0.9967319964349377,-0.11000000000000654,-0.08671400000000062,691494.0,1.0066138883704703,1.0048044742361717,1.0042537754025456,0.9955866139199882,0.9952934836473768,0.9936145186434434,1.0013344302528098,1.0004389772037516,0.9988205270731171,0.10857114285714228,-0.015714357142857387,-0.014666600000000092,0.06297600000000005,0.031449857142857036,0.004807800000000029,-291395.0,-195771.0,-40405.63333333333
2014-05-28,33.759998,33.810001,33.639999,33.689999,24.346682,2568807.0,1.0014811316043324,0.9964455270406118,0.9979265697823796,0.09999800000000647,0.10117200000000182,-571448.0,1.0066950817944418,1.0049102693507668,1.0041557822748661,0.9961653634589973,0.9955437986040592,0.9936581356318391,1.0019509079577753,1.0007110452134176,0.9988300078794007,0.12714271428571472,-0.01714299999999978,-0.0056667333333332215,0.1063358571428574,0.03716578571428591,0.01616923333333335,-272498.14285714284,-333543.4285714286,-45880.46666666667
2014-05-29,33.650002,33.814999,33.610001000000004,33.73,24.375587,3133938.0,1.0049033280889552,0.998811263072139,1.002377354985001,-0.10999600000000243,0.028904999999998182,565131.0,1.0072652570971117,1.0050863928553362,1.004240072490501,0.9976026281668645,0.9957635810843143,0.9939648047357167,1.002898613338105,1.0010984914365562,0.9992555467137071,0.10857185714285679,0.05928585714285717,-0.0013332333333333204,0.10117328571428581,0.05213528571428557,0.029116366666666595,-114114.42857142857,-571503.5,-30493.866666666665
2014-05-30,33.77,33.810001,33.43,33.490002000000004,24.202148,7989988.0,1.0011845128812555,0.9899318922120224,0.9917086763399467,0.11999800000000249,-0.17343899999999834,4856050.0,1.0051055061684482,1.0048438427939648,1.004020618904109,0.996208260791674,0.9953933945411163,0.9937188336468287,0.9994291227893571,1.0006589257879919,0.9989293744187084,0.18000028571428572,0.07285714285714308,0.009999966666666657,0.047490142857142814,0.04181135714285717,0.019105499999999984,296400.14285714284,294800.35714285716,169385.56666666668
2014-06-02,33.5,33.799999,33.5,33.709999,24.361134,3090734.0,1.0089551940298507,1.0,1.0062686268656718,-0.2700000000000031,0.15898599999999874,-4899254.0,1.0044036704228694,1.0054618259797157,1.0041802325063605,0.9962943799234439,0.9959570233989294,0.9938130767079939,0.9992909959908874,1.0012150720132387,0.9990887215017543,0.047143142857142904,0.03928564285714283,-0.0033332666666666456,0.030971285714285455,0.04181142857142867,0.021350433333333287,-587423.2857142857,-121108.21428571429,16811.533333333333
2014-06-03,33.810001,33.900002,33.615002000000004,33.709999,24.361134,5953929.0,1.0026619638372682,0.994232505346569,0.9970422361123268,0.31000099999999975,0.0,2863195.0,1.0033980192013277,1.0053272866001268,1.0041407585160778,0.9955983796211415,0.9957615053825588,0.9937095842852884,0.9984420275890236,1.0006791235104395,0.9989112319339334,0.044285857142857106,0.05785721428571427,0.0003334000000000022,0.011356428571428776,0.028906857142857234,0.01594596666666668,44316.28571428572,161703.07142857142,69686.83333333333
2014-06-04,33.77,33.779999,33.349998,33.389999,24.129881,3811214.0,1.0002960912052115,0.9875628664495113,0.988747379330767,-0.04000099999999662,-0.23125299999999882,-2142715.0,1.0032288030754342,1.005089326037688,1.003925469136521,0.9945619440697222,0.9953481796977443,0.9933831188963986,0.9972575485501471,0.9996162549569693,0.998310985491895,0.0,0.04928557142857163,-0.009333299999999885,-0.02890614285714272,0.009807714285714348,-0.0011613666666666707,194636.14285714287,-72204.71428571429,1684.0333333333333
2014-06-05,33.380001,33.470001,33.049999,33.23,24.014254,4580960.0,1.002696225203828,0.9901137810031821,0.9955062613688956,-0.3899990000000031,-0.11562699999999992,769746.0,1.0031683495501,1.0048911189602852,1.0038217127552331,0.9938711193034336,0.9947288666117109,0.9930826207648658,0.9970824435407125,0.9992084368967611,0.9980062905349109,-0.03999985714285665,0.03428564285714281,-0.03499996666666665,-0.03303657142857119,0.014969714285714428,-0.012299900000000008,205815.0,-42790.0,-16243.133333333333
2014-06-06,33.419998,33.700001,33.290001000000004,33.669998,24.332224,5057382.0,1.008378306904746,0.996110203238193,1.007480551016191,0.039996999999999616,0.317969999999999,476422.0,1.0041536603073022,1.005424371050872,1.004033684581355,0.9938232159030882,0.9949942896810428,0.9930683334397917,0.9984472980026856,1.0001991029802306,0.9982556422354506,-0.04857142857142906,0.03928564285714283,-0.041666666666666664,-0.002065428571428742,0.052135214285714326,-0.003580533333333354,355510.71428571426,41506.28571428572,-184828.83333333334
2014-06-10,33.860001000000004,33.93,33.720001,33.759998,24.397268,3273442.0,1.002067306495354,0.9958653279425479,0.9970465742159901,0.44000300000000436,0.06504400000000032,-1783940.0,1.003748514365359,1.0055068857312353,1.0040021211334351,0.9934023680274322,0.9955024980971483,0.9929544314251476,0.9976857578928271,1.0002921856154658,0.9980567210448855,0.029999857142857626,0.0692858571428572,-0.032499933333333314,0.00309728571428585,0.05213528571428583,-0.0077566999999999576,19929.14285714286,-47092.642857142855,-87639.13333333333
2014-06-11,33.77,33.900002,33.720001,33.900002,24.498444,3202095.0,1.0038496298489783,0.9985194255256145,1.0038496298489783,-0.09000100000000089,0.10117599999999882,-71347.0,1.004129245360748,1.0046173757645982,1.0040733136856441,0.9946291585008026,0.9954187096462384,0.9935334708665979,0.9994201798226887,0.9994246513060229,0.9985754067198684,0.0,0.09000014285714286,-0.04133326666666667,0.042327999999999734,0.04490907142857127,0.003604966666666698,-683984.7142857143,-193792.2857142857,-242557.63333333333
2014-06-12,33.799999,33.91,33.68,33.830002,24.447855,3323279.0,1.0032544675519073,0.9964497336227732,1.0008876627481558,0.029998999999996556,-0.05058899999999866,121184.0,1.0033148558638991,1.0038592631433843,1.0041242906644923,0.9941219775897702,0.995208178756607,0.9939518336723304,0.9986514706630436,0.9989712333269656,0.9989020991861268,0.04285699999999996,0.04500007142857143,-0.03266666666666656,0.012388714285714388,0.02167999999999992,0.004973166666666628,33220.71428571428,-277101.28571428574,-101512.16666666667
2014-06-13,33.619999,33.849998,33.560001,33.75,24.390039,5663816.0,1.0068411364319196,0.9982154074424571,1.003866775843747,-0.17999999999999972,-0.05781599999999898,2340537.0,1.0039118805202778,1.0036549498608027,1.004333132845393,0.9946909636034684,0.9951446716123049,0.9947465559110064,0.9996264049103892,0.9990342162497065,0.9996644498196361,-0.027143142857142828,0.008571357142857141,-0.03700003333333323,0.004129285714285962,0.007742857142857369,0.01244513333333342,-41444.71428571428,1435.7857142857142,-112244.7
2014-06-16,33.810001,34.080002,33.68,34.060001,24.614071,7484131.0,1.0079858323577098,0.9961549542693003,1.0073942618339466,0.19000199999999978,0.22403199999999757,1820315.0,1.0050104149706347,1.0041196090230344,1.0043253834162054,0.9959184047205811,0.9952401743951517,0.9946868741694498,1.0022902452679863,0.9997738969090667,0.999646763194729,0.005714428571428089,0.0028572142857140443,-0.00866663333333335,0.06916999999999973,0.020131928571428506,0.013568433333333256,524702.4285714285,359669.28571428574,59450.166666666664
2014-06-17,34.049999,34.185001,33.93,33.93,24.520121,5771238.0,1.0039648165628434,0.996475800190185,0.996475800190185,0.23999799999999993,-0.09394999999999953,-1712893.0,1.005191642307637,1.0041799959288686,1.0044575439683001,0.9968272646044386,0.9953491919539362,0.9952843786202338,1.002428750813885,0.9997555971772988,1.0000413661962377,0.09571399999999995,0.02785707142857165,-0.015000033333333345,0.07226671428571407,0.01961507142857144,0.019130833333333305,170039.7142857143,187927.35714285713,2075.133333333333
2014-06-18,33.919998,33.985001000000004,33.700001,33.740002000000004,24.382816,5360023.0,1.001916362141295,0.9935142390043773,0.994693513838061,-0.13000100000000003,-0.13730500000000134,-411215.0,1.0042685073414297,1.0042110838243659,1.0043156613894708,0.9964564125710365,0.9951398142370623,0.9951661701261411,1.0006020312170092,0.9995246646098473,0.9998056924168636,0.07142857142857142,0.011428571428571186,-0.003333400000000116,0.007227428571428314,0.0025809999999997857,0.011969299999999924,43234.42857142857,199372.57142857142,47493.166666666664
2014-06-19,34.110001000000004,34.279999,33.84,34.279999,24.773054,8383011.0,1.0049838169163348,0.9920844036328231,1.0049838169163348,0.19000300000000436,0.3902380000000001,3022988.0,1.0046851516872841,1.0042168330263217,1.0044227587122732,0.9959162805267902,0.9946593242771112,0.9951532033685194,1.001735923031344,0.9997108404620855,1.0000800457363033,0.03571428571428571,0.03285707142857167,0.007666666666666799,0.053683714285713995,0.028390499999999923,0.03226139999999991,729938.4285714285,374933.78571428574,83398.73333333334
2014-06-20,34.049999,34.18,33.919998,33.98,24.55625,5632712.0,1.0038179443118338,0.9961820556881661,0.9979442290145147,-0.06000200000000433,-0.21680399999999977,-2750299.0,1.0046806251819778,1.0044049352713629,1.0045500235226676,0.9955823705500118,0.9951057645254071,0.9952612346365564,1.0008922943407064,1.0001562370816974,1.000207599448552,0.03999985714285665,0.019999928571428325,0.0016666333333333228,0.008257999999999908,0.02529299999999982,0.024329633333333333,347231.0,-168376.85714285713,-53523.433333333334
2014-06-23,34.029999,34.18,33.959999,33.98,24.55625,4744408.0,1.0044079049194214,0.9979429914176609,0.9985307375413088,-0.020000000000003126,0.0,-888304.0,1.0048454019487654,1.0040801289063324,1.0046157003858154,0.9957956930921386,0.9949588353409543,0.9953348574055261,1.0005555907397283,0.9996035307013859,1.0002601871045602,0.03285714285714241,0.037857071428571185,0.04033329999999988,0.015484999999999718,0.013936857142857053,0.030351899999999907,203018.42857142858,118119.57142857143,-213019.3
2014-06-24,33.900002,33.950001,33.595001,33.619999,24.296093,5083754.0,1.0014748966681477,0.9910029208847835,0.9917403249710722,-0.12999699999999592,-0.2601569999999995,339346.0,1.0040787962682265,1.0039953383942521,1.0045121898167386,0.9947653378696139,0.994728150736541,0.9951978046411258,0.9988232406150603,0.9992248227627248,1.0000561114229343,0.040000428571428666,0.00642864285714292,0.038333400000000024,-0.013420857142857503,-0.004645785714285771,0.022643466666666612,-82866.0,-62155.357142857145,40699.03333333333
2014-06-25,33.5,33.529999,33.310001,33.419998,24.151558,6138402.0,1.0008954925373132,0.9943283880597015,0.9976118805970149,-0.40000200000000063,-0.14453499999999764,1054648.0,1.0030658905795986,1.0040381527751165,1.0045319252536713,0.994504399839671,0.9952114022801262,0.9952717777100951,0.997425757581213,0.9998580014245997,1.0000270881190945,-0.044285857142857106,-0.01928571428571451,0.01833329999999999,-0.06607328571428539,0.0015483571428571707,0.012526133333333434,-192247.0,166227.7142857143,45071.76666666667
2014-06-26,33.580002,33.900002,33.549999,33.900002,24.498444,4971628.0,1.0095294812668565,0.9991065217923453,1.0095294812668565,0.08000200000000035,0.3468859999999978,-1166774.0,1.0038608426801718,1.0045262424939043,1.004698057457516,0.9948802172114082,0.9958537409079234,0.9953430031839815,0.9992905691635947,1.0008596599887398,1.0001932203229391,-0.06714242857142848,0.014285785714285737,0.01933340000000001,-0.0030967142857143415,0.034584999999999866,0.018066866666666688,-114230.0,27904.85714285714,42718.066666666666
2014-06-27,33.98,33.98,33.57,33.599998,24.281639,10899456.0,1.0,0.9879340788699236,0.9888168922895821,0.3999979999999965,-0.2168050000000008,5927828.0,1.0035870766599868,1.0039277920007081,1.0045771394882042,0.9940830514779149,0.9952697320244758,0.9951624916117484,0.9984510517995263,0.9995265415082677,0.9996995320966134,0.00857171428571389,0.04000014285714266,0.029999933333333218,-0.01445385714285712,-0.003613214285714404,0.009635533333333276,791347.5714285715,417291.0,202579.2
2014-06-30,33.599998,33.610001000000004,33.34,33.34,24.093746,5368751.0,1.0002977083510542,0.992261963825117,0.992261963825117,-0.3800019999999975,-0.18789299999999898,-5530705.0,1.0029176325792324,1.0038013921332583,1.0044046922903236,0.9941084172196711,0.9950123488732306,0.9949450849323307,0.9966336442150666,0.9991847836232053,0.9994010737503903,-0.07285757142857209,-0.01857164285714319,0.023333199999999957,-0.09704399999999984,-0.021680142857142926,0.009635600000000012,-430608.5714285714,149664.92857142858,6291.033333333334
2014-07-01,33.360001000000004,33.439999,32.77,32.84,23.732412,5481098.0,1.0023980215108506,0.9823141192351883,0.9844124405152146,-0.23999699999999535,-0.3613339999999994,112347.0,1.002714786464806,1.003697705823392,1.0044542004194676,0.9921272834406744,0.993854826995343,0.9946090795645853,0.9947005315723095,0.9977964129565079,0.9990944475726435,-0.09857114285714223,-0.029285642857142795,0.016333400000000133,-0.11769114285714265,-0.05471657142857137,0.004336033333333352,-21659.14285714286,162785.92857142858,33493.46666666667
2014-07-02,33.049999,33.389999,33.025002,33.389999,24.129881,4318000.0,1.0102874435790452,0.9992436610966312,1.0102874435790452,-0.31000200000000433,0.39746900000000096,-1163098.0,1.003554720559038,1.0042000612539017,1.0047667118397603,0.9923130933948129,0.9940543932434757,0.9949588545972374,0.9963800610062717,0.998467825873,0.9995792484478553,-0.13999999999999954,-0.05357142857142857,0.0053333333333332195,-0.060909857142856794,-0.02271242857142854,0.015416900000000074,-60915.42857142857,71051.5,12842.033333333333
2014-07-03,33.419998,33.669998,33.400002,33.639999,24.310549,3435246.0,1.007480551016191,0.999401675607521,1.0065829148164522,0.36999899999999997,0.18066800000000072,-882754.0,1.004412671180187,1.004245733724207,1.0044726378942366,0.9935129154980611,0.9941391266838374,0.9949491616562097,0.9985004309841832,0.9986618357996218,0.9992655086023644,-0.06857200000000015,-0.014285785714285737,0.03033333333333322,0.002065142857143241,-0.005677857142857131,0.014694400000000012,-235501.14285714287,-159183.57142857142,-82664.7
2014-07-04,33.790001000000004,33.900002,33.740002000000004,33.779999,24.411722,2910915.0,1.0032554305044263,0.9985203019082479,0.9997039952736312,0.3700030000000041,0.10117299999999929,-524331.0,1.004749805175489,1.0039078478775438,1.004118884102754,0.9941117603335677,0.9943080800866194,0.9949199328505642,0.998799304509414,0.9981125310453136,0.9990144579629867,0.04142871428571482,-0.0014285714285711443,0.0206667666666668,0.03716628571428566,-0.014453499999999866,0.008912899999999979,-461069.5714285714,-326658.28571428574,-143059.4
2014-07-07,33.889999,33.950001,33.720001,33.869999,24.476759,3491997.0,1.0017704928229711,0.9949838298903462,0.999409855397163,0.09999799999999937,0.06503700000000023,581082.0,1.003641378254934,1.003751110467553,1.0038545164505845,0.9935228043475678,0.9942015107794882,0.9947825769314863,0.9973536436708864,0.9983221064172406,0.9988952859787131,0.0442852857142861,-0.011428571428571186,0.01299996666666677,-0.0030978571428568508,-0.0030972857142855964,0.006504000000000095,-211375.85714285713,-162802.92857142858,-71723.93333333333
2014-07-08,33.880001,33.880001,33.529999,33.59,24.274414,3739495.0,1.0,0.9896693627606444,0.9914403485407218,-0.00999800000000306,-0.2023450000000011,247498.0,1.003641378254934,1.0036142274574604,1.0038051629810356,0.9937707020462423,0.9939268767620785,0.9946109585131928,0.997728423135335,0.9980897374674306,0.9987086731766404,-0.014285571428570978,-0.002856928571428544,0.003666699999999897,-0.0010321428571426086,-0.0077429999999998654,-0.0019269999999999973,-1022851.5714285715,-115752.0,43024.46666666667
2014-07-09,33.380001,33.48,33.060001,33.18,23.978123,4327303.0,1.0029957758239731,0.9904134214975009,0.9940083584778802,-0.5,-0.2962910000000001,587808.0,1.0040268164653512,1.0034722245222916,1.0038010421791292,0.9935066245708686,0.9938075208952697,0.9944597540842028,0.9979779080857297,0.9973057761503982,0.9986178852447385,-0.03142814285714276,-0.05214285714285743,-0.009333299999999885,-0.016517571428571336,-0.05678078571428559,-0.008912899999999979,-148778.2857142857,-289693.4285714286,39568.26666666667
2014-07-10,33.200001,33.310001,33.009998,33.16,23.963669,3222412.0,1.0033132529122515,0.9942770182446682,0.9987951506387002,-0.17999999999999972,-0.014454000000000633,-1104891.0,1.0041575638084084,1.0034361751366074,1.003862112889393,0.9952156101436513,0.9936714467921629,0.9943874704576713,1.0000325809605133,0.9973665562664114,0.9986468379399491,-0.022857142857143384,-0.060714142857142814,-0.01866656666666676,0.0330367142857142,-0.042327214285714225,-0.01276710000000006,-322669.4285714286,-172164.2857142857,21786.833333333332
2014-07-11,33.009998,33.5,32.959999,33.349998,24.100975,6113267.0,1.0148440481577732,0.9984853376846615,1.0102999097424967,-0.19000299999999726,0.13730599999999882,2890855.0,1.004808507319655,1.0041816139393467,1.0041934702250204,0.9951072782276558,0.9937101858112344,0.9943766062780888,1.0000343618410064,0.9982072114236392,0.9989109230985324,-0.005714428571428089,-0.07285721428571382,-0.021333466666666585,-0.004129428571428966,-0.03251964285714288,-0.009153733333333374,256466.7142857143,97775.64285714286,99310.96666666666
2014-07-14,33.450001,33.630001,33.419998,33.540001000000004,24.238281,2595385.0,1.0053811657584106,0.9991030493541689,1.0026905828792054,0.44000299999999726,0.13730600000000237,-3517882.0,1.0045085951399724,1.0044606331600796,1.0043333586542589,0.9950646173343198,0.9942887664161905,0.9946823115161603,0.9994783144213998,0.9989893727027915,0.9992769866498409,0.004286142857142953,-0.03214292857142859,-0.010666633333333427,-0.010324000000000158,-0.0041294285714284585,0.0012044333333333175,-119980.14285714286,-177740.64285714287,-179820.1
2014-07-15,33.57,33.619999,33.075001,33.23,24.014254,5552190.0,1.0014893952934167,0.9852547214775097,0.9898719094429549,0.11999899999999997,-0.22402699999999953,2956805.0,1.0042563043955424,1.0045030547855158,1.0040844986963777,0.9931695344156427,0.9936406473746053,0.9941908022320773,0.9980737307313033,0.9984365176203587,0.9987304294024171,-0.031428714285714775,0.00500000000000002,0.0023333333333333426,-0.05678114285714285,-0.009807428571428594,-0.011562666666666626,377325.0,-41872.28571428572,82048.53333333334
2014-07-16,33.200001,33.279999,33.009998,33.150002,23.956438,4394599.0,1.0024095782406752,0.9942770182446682,0.9984940060694577,-0.36999899999999997,-0.05781600000000253,-1157591.0,1.0043476023123572,1.0039944902836457,1.004076085843158,0.9930685613234032,0.9932956828354855,0.9941922859953473,0.9979428951130596,0.9976482693919732,0.9987788217343214,-0.09857114285714326,-0.027142928571428575,-0.020333333333333314,-0.07433157142857182,-0.03871471428571433,-0.01348986666666671,128943.14285714286,-41216.357142857145,-51977.666666666664
2014-07-17,33.349998,33.369999,33.150002,33.209999,23.9998,5214900.0,1.0005997301708984,0.9940031180811465,0.9958021286837859,0.14999699999999905,0.0433620000000019,820301.0,1.004433278051057,1.0040373281529955,1.0040862071420142,0.993687669226332,0.9937291856362871,0.9944069610497352,0.9985660065620687,0.9981472148487018,0.9990139800460887,-0.07571471428571439,-0.045000142857142676,-0.014000066666666791,-0.039230571428571386,-0.020131357142856996,-0.004336033333333352,210772.14285714287,-406039.71428571426,46789.53333333333
2014-07-18,33.0,33.419998,33.0,33.419998,24.151558,5678230.0,1.012727212121212,1.0,1.012727212121212,-0.34999799999999937,0.15175800000000095,463330.0,1.0058234832363768,1.0049251498508638,1.0044205733725937,0.9950571804409748,0.9942819025059216,0.9947365016829625,1.001240128511116,0.999609018298423,0.9995880117378326,-0.05428585714285715,-0.04285699999999996,-0.012666700000000001,0.02477642857142876,0.004129428571428713,0.00457680000000001,192989.57142857142,22105.64285714286,36575.666666666664
2014-07-21,33.5,33.529999,33.299999,33.389999,24.129881,2575587.0,1.0008954925373132,0.9940298208955224,0.9967163880597015,0.5,-0.02167700000000039,-3102643.0,1.0054780888971,1.004817826352754,1.0041711462270126,0.995021866533954,0.9951187383388026,0.9946671556048733,1.000943162428402,1.0004878716944579,0.9992292063059497,0.04285699999999996,0.009999928571428285,0.002666733333333345,0.023744571428571653,0.028390642857142927,-0.006744766666666635,-92403.57142857143,-207536.5,-82726.5
2014-07-22,33.48,33.490002000000004,33.25,33.369999,24.115425,3660934.0,1.0002987455197134,0.9931302270011948,0.9967144265232976,-0.020000000000003126,-0.014456000000002689,1085347.0,1.0034001885202344,1.0041043479199447,1.0041121941944913,0.9942568507220301,0.994682064474843,0.9945759855734949,0.9990023791113735,0.9995183704761901,0.9992181347161931,0.06714314285714197,0.030714357142856943,-0.012666700000000237,0.0020642857142857247,-0.0010325714285716206,-0.009394766666666736,-350333.28571428574,-46933.28571428572,12916.4
2014-07-23,33.490002000000004,33.68,33.330002,33.5,24.209372,4925348.0,1.005673275265854,0.9952224547493308,1.000298536858851,0.010002000000007172,0.093947,1264414.0,1.003441918449869,1.0039752567949205,1.0041729823750538,0.993702480064196,0.9943835486992578,0.9944660865476188,0.998660658251323,0.9990694863363615,0.9990997649498555,0.005714428571429104,0.005000285714286028,-0.009333266666666637,-0.0041298571428574704,-0.0072269285714288145,-0.009635733333333363,332851.85714285716,106435.85714285714,57441.76666666667
2014-07-24,33.48,33.599998,33.41,33.580002,24.267187,3233439.0,1.0035841696535246,0.9979091995221028,1.0029869175627242,-0.010002000000007172,0.057815000000001504,-1691909.0,1.0037411719298845,1.0039987381627133,1.0041839724451076,0.995510262641995,0.9943398985288189,0.9945147354109297,1.0005342308398615,0.9993039807855822,0.9991697401103411,-0.012857142857143344,-0.02214292857142906,-0.010666633333333427,0.036133285714285535,-0.010323928571428656,-0.006022266666666691,-331250.14285714284,23037.428571428572,-2994.6666666666665
2014-07-25,33.700001,33.75,33.540001000000004,33.75,24.390039,7039306.0,1.0014836498076067,0.9952522256601715,1.0014836498076067,0.22000100000000344,0.12285200000000174,3805867.0,1.0036088964394463,1.0039782493759017,1.0040053895576306,0.995649577987067,0.994359069655235,0.9944159626848535,1.000961322802454,0.9994521089577569,0.9990903025758031,0.07142857142857142,-0.013571285714285912,0.002666733333333345,0.06194300000000043,-0.006194285714285692,0.0,377815.28571428574,253379.2142857143,45849.666666666664
2014-07-28,33.610001000000004,33.695,33.52,33.52,24.223825,3286865.0,1.0025289793951508,0.9973221958547398,0.9973221958547398,-0.0899999999999963,-0.16621400000000008,-3752441.0,1.003884503471482,1.0041588907612695,1.0038234944588786,0.9961237319547231,0.9949057005905276,0.9944548707377017,1.0011784752554476,0.9998722409087583,0.998754567043163,0.03714328571428638,-0.019285714285714,-0.006666666666666525,0.032003571428571576,-0.0036134999999999045,-0.013008199999999921,-275433.5714285714,-32330.714285714286,-139908.86666666667
2014-07-29,33.5,33.73,33.5,33.689999,24.346682,3006990.0,1.006865671641791,1.0,1.0056716119402984,-0.11000100000000401,0.12285699999999977,-279875.0,1.0030471405458505,1.0044353118911138,1.0039201896281769,0.9961237319547231,0.995590456197849,0.9945723440646954,1.00017053237246,1.000705330441788,0.9990610941015,0.07142857142857142,0.008571357142857141,-0.01833329999999999,0.02787485714285712,0.026325642857142943,-0.005781299999999945,-381605.71428571426,-94308.07142857143,-92141.6
2014-07-30,33.68,33.93,33.599998,33.860001000000004,24.469532,3809141.0,1.0074228028503562,0.9976246437054632,1.005344447743468,0.17999999999999972,0.12284999999999968,802151.0,1.0039796134477137,1.0047288511724068,1.0041037376518123,0.996637278070429,0.9958295723021914,0.9947093575547316,1.0014031123272837,1.001173137377843,0.9994161252316803,0.025714285714285672,0.03428564285714281,-0.00799993333333333,0.04852157142857142,0.036133071428571535,0.0028905333333334227,176222.0,41909.21428571428,-51696.066666666666
2014-07-31,33.860001000000004,34.09,33.82,33.970001,24.549032,3760125.0,1.006792645989585,0.9988186355930703,1.0032486709022839,0.1800010000000043,0.07949999999999946,-49016.0,1.0049073135148383,1.0041537510175362,1.004164031954254,0.9974499078692683,0.9958533792956492,0.9949338319534066,1.002336575809996,1.0006694774606848,0.999358287031212,0.05428585714285816,0.06071450000000007,-0.008333333333333333,0.06194385714285744,0.03200407142857158,-0.007467399999999931,14170.142857142857,-168081.57142857142,-154096.2
2014-08-01,33.700001,33.75,33.404999,33.560001,24.252733,4835015.0,1.0014836498076067,0.9912462317137616,0.99584569745265,-0.1600000000000037,-0.2962990000000012,1074890.0,1.0043087955922316,1.0038753570210504,1.0040862221374465,0.9968818760070441,0.9952921780356201,0.994769304487593,1.0017004558948244,1.0001805570730737,0.9992883359791499,0.02999985714285661,0.017857142857142856,-0.011666599999999978,0.006194428571428696,0.0010322857142856126,-0.010117233333333312,-12904.714285714286,159973.57142857142,-26589.9
2014-08-04,33.459999,33.560001,33.279999,33.34,24.093746,2772813.0,1.0029887030181919,0.9946204421584111,0.99641365799204,-0.24000199999999694,-0.15898699999999977,-2062202.0,1.004223728930041,1.0039824504299628,1.0040389154074054,0.9964120535265167,0.9959611580842559,0.9946585528456181,1.000761418813298,1.0006478248265798,0.9992177666608408,-0.002857285714284785,-0.007857214285714065,-0.018999999999999774,-0.024777285714285772,0.005677999999999882,-0.015416799999999972,-65803.71428571429,-198526.92857142858,-65719.83333333333
2014-08-05,33.360001000000004,33.43,33.029999,33.139999,23.949213,4071807.0,1.002098291304008,0.9901078540135533,0.9934052160250235,-0.09999799999999937,-0.14453299999999913,1298994.0,1.0043115348580987,1.0039602156487724,1.0040596952286007,0.9956771432912855,0.9956633606391762,0.9946287172832436,0.9996073568443576,1.0002843398234058,0.9992732630293059,-0.048571428571428044,0.011428571428571692,-0.01800003333333322,-0.06297514285714303,-0.0005160714285713043,-0.011562666666666626,-423928.4285714286,-23056.571428571428,-33731.566666666666
2014-08-06,33.009998,33.099998,32.860001000000004,32.98,23.833586,4210186.0,1.002726446696543,0.9954560130539845,0.9990912450221897,-0.35000300000000095,-0.11562699999999992,138379.0,1.0043397444725832,1.0041121239720325,1.0041207270339083,0.9954105457483206,0.9957671388515219,0.9946663047830532,0.9998600781539934,1.0005192767047204,0.9993225751768117,-0.08571471428571442,-0.024285714285714022,-0.016333399999999897,-0.05574842857142873,-0.011872428571428577,-0.010599066666666702,131903.0,-71765.28571428571,-64273.86666666667
2014-08-07,32.950001,33.040001000000004,32.610001000000004,32.849998,23.739637,5144782.0,1.0027314111462395,0.9896813356697624,0.9969650076793624,-0.05999700000000274,-0.09394900000000206,934596.0,1.0037491358303616,1.003398138188106,1.0038941246965545,0.9939364508440008,0.9950300913993619,0.9943521319123004,0.9986162775452883,0.999393404958874,0.9989037593905619,-0.07857128571428566,-0.00357135714285712,-0.021000033333333334,-0.0867207142857147,-0.02942292857142879,-0.025293566666666698,305398.85714285716,-38103.42857142857,5771.8
2014-08-08,32.700001,32.744999,32.220001,32.259998,23.313265,6309975.0,1.0013760855848293,0.9853211013663272,0.9865442511760169,-0.25,-0.4263719999999971,1165193.0,1.0028853190781433,1.0034324662629286,1.0039399942160487,0.99217880193841,0.9944080400044195,0.9942650326621806,0.9959305351785096,0.9986668237528965,0.9988280046867765,-0.13999985714285706,-0.057142785714285695,-0.04266663333333322,-0.16518099999999997,-0.05832971428571427,-0.03227913333333324,357262.0,266742.0,-152982.7
2014-08-11,32.549999,32.619999,32.41,32.439999,23.443346,3530179.0,1.0021505377004774,0.9956989553210124,0.9966205836135356,-0.15000200000000063,0.130080999999997,-2779796.0,1.002222160751128,1.0035647371329832,1.004001755194363,0.991733133328116,0.9945915205986922,0.9943795990453771,0.9949836655658312,0.9986601206879137,0.998973292013057,-0.18714314285714348,-0.06642864285714266,-0.03499996666666665,-0.15795514285714315,-0.048005642857142865,-0.02168000000000004,-32849.42857142857,-9339.642857142857,-61285.73333333333
2014-08-12,32.459999,32.990002000000004,32.459999,32.880001,23.761324,4877676.0,1.0163278809712841,1.0,1.012939063861339,-0.0899999999999963,0.3179780000000001,1347497.0,1.0043427652030819,1.0043257803976569,1.004466083843044,0.9929836716547216,0.994932773830883,0.9949691284042042,0.9974255750527866,0.9995630154738055,0.9999241794579278,-0.17714314285714242,-0.0735716428571429,-0.03000006666666669,-0.07020128571428584,-0.03200342857142857,0.0009637333333332757,6094.428571428572,-3405.1428571428573,-20114.066666666666
2014-08-13,32.720001,32.880001,32.619999,32.740002000000004,23.660147,3101529.0,1.004889975400673,0.9969437042498867,1.0006112774874305,0.26000200000000007,-0.10117699999999985,-1776147.0,1.0046143755434362,1.0044190522367387,1.0042861682370983,0.9933155662392181,0.9948638098828674,0.9948924631759793,0.9980252349806996,0.9993933268969989,0.9996016405882072,-0.10571399999999999,-0.05428564285714239,-0.010999933333333208,-0.06194271428571442,-0.0433600000000001,-0.015657800000000086,46959.42857142857,-9422.142857142857,-40549.03333333333
2014-08-14,32.900002,32.955002,32.724998,32.740002000000004,23.660147,4949886.0,1.0016717324211712,0.9946807298066426,0.9951367784111382,0.1800009999999972,0.0,1848357.0,1.004553438560174,1.004432486709136,1.0040925409505976,0.9939688342096594,0.9948229887504725,0.99473509831595,0.9982726010358588,0.9989399789401082,0.9992201027080302,-0.06571414285714335,-0.057142785714285695,-0.01733319999999997,-0.04129514285714312,-0.05213514285714308,-0.021680066666666775,125439.85714285714,-149244.2857142857,50488.0
2014-08-15,32.459999,32.639999,32.259998,32.389999,23.407211,7115866.0,1.005545286677304,0.9938385395514029,0.9978434996254929,-0.44000299999999726,-0.2529359999999983,2165980.0,1.0049561299859968,1.00464793722929,1.0041688694896935,0.9937377665664335,0.994574156157377,0.9945790395707218,0.9980943516934736,0.9989772149237334,0.9991580861864257,-0.07857128571428566,-0.08214300000000005,-0.04433340000000001,-0.06091071428571431,-0.05832957142857152,-0.033483700000000026,415097.14285714284,273500.0714285714,140165.03333333333
2014-08-18,32.5,32.57,32.290001000000004,32.549999,23.522837,4281931.0,1.0021538461538462,0.9935384923076924,1.0015384307692308,0.04000099999999662,0.1156259999999989,-2833935.0,1.0048736207013693,1.0043113782658655,1.004181647934056,0.9942887889432807,0.9941126198936407,0.9945308616513001,0.9987476978491691,0.9986819876972286,0.9992290386988277,-0.06428585714285719,-0.07142857142857142,-0.046333300000000105,-0.03097142857142846,-0.05884607142857158,-0.03179740000000007,-123264.42857142857,91067.21428571429,26331.133333333335
2014-08-19,32.709999,32.900002,32.580002,32.82,23.71796,6666323.0,1.0058087131094071,0.996025771813689,1.0033629166420945,0.20999900000000338,0.19512300000000238,2384392.0,1.0055068532048805,1.0041960861415118,1.0043752717043695,0.995818027578618,0.993998414758514,0.9947427419530681,1.001150364344323,0.9985404497614162,0.9996264576355401,0.0014282857142861513,-0.06928578571428545,-0.039000066666666555,0.057813571428571464,-0.053683714285714244,-0.01854846666666662,50906.857142857145,204084.42857142858,97560.93333333333
2014-08-20,32.939999,33.330002,32.91,33.27,24.043158,4751672.0,1.0118397999951365,0.999089283518193,1.010018245598611,0.22999999999999687,0.32519799999999677,-1914651.0,1.0068910335326888,1.0045565971419084,1.004670072510075,0.9963023601782152,0.9940177467531656,0.995031937353758,1.0030643160564767,0.999023990811154,1.0001601205395645,0.05571428571428579,-0.06571442857142884,-0.014666733333333326,0.08568742857142857,-0.036133857142857294,0.0021678333333332725,174499.0,70824.78571428571,14145.633333333333
2014-08-21,33.529999,33.540001000000004,33.18,33.209999,23.9998,5691233.0,1.0002983000387207,0.9895616161515544,0.9904563074994427,0.5899999999999963,-0.04335799999999779,939561.0,1.0046010933994656,1.0044719293012736,1.0045695740809575,0.9948111624855801,0.9938974170701508,0.9948747572839876,0.9998524937190629,0.9986390343859248,0.9998821591015894,0.1528571428571419,-0.012143000000000268,0.010999933333333208,0.034068000000000306,-0.018066642857142767,0.0012043666666667007,116222.42857142857,61158.42857142857,82294.03333333334
2014-08-22,33.369999,33.52,33.32,33.470001,24.187693,3462596.0,1.0044950855407577,0.9985016781091303,1.0029967636498882,-0.1599999999999966,0.18789299999999898,-2228637.0,1.0045446805623348,1.0045795280528855,1.00422460866039,0.9950337301797577,0.994174648209488,0.9948753019648031,1.000193277456557,0.9991092562186282,0.9996387208985025,0.09285685714285664,-0.006428571428571672,0.012000033333333231,0.07536371428571442,0.0067105,0.0028906000000000396,51581.0,49270.21428571428,-88355.7
2014-08-25,33.400002,33.525002,33.16,33.220001,24.007023,3906734.0,1.003742514745957,0.9928143118075261,0.9946107488257038,0.030003000000000668,-0.18066999999999922,444138.0,1.0048405066087327,1.0046969725844535,1.0041699869599752,0.9947670990370269,0.994367966623343,0.994665677379915,1.0001181303729234,0.9991953657043912,0.9993693930967191,0.07142857142857142,0.0028572142857140443,-0.0016666333333333228,0.049553714285714534,0.004129285714285709,-0.007708600000000013,-149021.7142857143,-11790.92857142857,43711.63333333333
2014-08-26,33.279999,33.400002,33.189999,33.299999,24.06484,3421852.0,1.0036058594833492,0.9972956729956634,1.0006009615565195,-0.12000300000000408,0.05781700000000001,-484882.0,1.004563445581025,1.0047597877835108,1.004240535766306,0.9952609752433498,0.9944993709048916,0.9950670424305201,1.000512053505927,0.9993032025997005,0.9997270281671712,0.11714285714285617,0.01928578571428525,-0.009666700000000123,0.093947,0.016518142857142846,0.001686199999999971,-527716.2857142857,-56309.57142857143,-71011.26666666666
2014-08-27,33.349998,33.560001,33.299999,33.540001000000004,24.238281,3454187.0,1.006296941906863,0.9985007795202866,1.0056972417209742,0.06999900000000281,0.1734410000000004,32335.0,1.0051553164028844,1.0050144685521267,1.004370114555179,0.9959698734165775,0.9951293311799291,0.9952078344730407,1.0011061693561762,0.9999269336026727,0.9999671360222216,0.12142828571428563,0.028571214285714217,0.004999899999999969,0.10220628571428593,0.03561742857142874,0.009394766666666736,-118249.14285714286,-120756.78571428571,-31347.066666666666
2014-08-28,33.560001,33.560001,33.299999,33.369999,24.115425,3384641.0,1.0,0.9922526224001006,0.9943384387861014,0.21000300000000038,-0.1228560000000023,-69546.0,1.0043255002443978,1.0049161767246393,1.0043501235494825,0.9954308520717792,0.9956244398251987,0.9951494846170058,0.9998169582338916,1.0004836612891073,0.9999183463589656,0.12142885714285663,0.06142857142857139,0.0070001000000000126,0.05678071428571384,0.05729714285714265,0.0038541666666665956,-468811.71428571426,-208952.42857142858,-61008.63333333333
2014-08-29,33.400002,33.5,33.27,33.43,24.158789,5900083.0,1.0029939519165298,0.9961077247839687,1.0008981436587938,-0.15999899999999911,0.0433640000000004,2515442.0,1.0030618076617397,1.0049764205972143,1.0040256815426598,0.9950049151097472,0.9956536376439812,0.9950197421098047,0.9985140865282034,1.00078920129234,0.999524044076885,0.06571471428571433,0.06071450000000007,0.013333400000000021,0.016518714285714355,0.05110307142857146,0.0002410333333332441,164058.7142857143,169278.85714285713,7395.1
2014-09-01,33.450001,33.580002,33.34,33.43,24.158789,1962214.0,1.0038864273875507,0.9967114799189394,0.9994020627981446,0.04999899999999968,0.0,-3937869.0,1.0035743972830011,1.0040877453412334,1.004125379371001,0.9960263242193735,0.9954187433524769,0.9951091307439187,0.999792051570875,0.9998222726449689,0.9996135665681664,-0.011428285714285178,0.07071442857142836,-0.0016666333333333228,0.022712714285714038,0.028390357142857172,0.0009635999999999238,-532717.0,-208247.2857142857,-20445.766666666666
2014-09-02,33.450001,33.610001000000004,33.349998,33.610001000000004,24.288868,2994588.0,1.0047832584519207,0.9970103737814536,1.0047832584519207,0.0,0.13007900000000205,1032374.0,1.0036155648417386,1.0040801227020368,1.004274863135408,0.9958132807439913,0.9954235054618745,0.9952384689699273,1.0000472651140224,1.0001202712852897,0.9998825276324539,0.011428857142857194,0.05214285714285692,-0.000999966666666552,0.014453571428571621,0.04490864285714302,0.0057814333333334154,-66858.28571428571,-7638.642857142857,-22211.533333333333
2014-09-03,33.439999,33.84,33.439999,33.669998,24.332224,4171668.0,1.0119617527500524,1.0,1.0068779607319964,-0.010002000000000066,0.043355999999999284,1177080.0,1.0047897416994667,1.0048151241540997,1.0044844790515477,0.9968398076286303,0.9958034533328286,0.995397720478283,1.0017997239577787,1.000958927165351,1.0001018417615586,0.005713857142857088,0.03857121428571426,-0.0016667666666667932,0.046457285714285694,0.04800550000000011,0.004095066666666725,37847.71428571428,-55587.0,-25122.666666666668
2014-09-04,33.529999,33.669998,33.389999,33.52,24.223825,3233334.0,1.004175335644955,0.9958246345310063,0.9997017894333968,0.0899999999999963,-0.10839899999999858,-938334.0,1.004871095436839,1.004717270508932,1.0045041845845954,0.9966296592765366,0.9959453172599432,0.9953282349785798,1.0016712707973325,1.00109166215163,0.9999923374905811,0.03571428571428571,0.07642857142857094,0.0016666333333333228,0.022712142857143038,0.05832957142857152,-0.0014453999999999448,-26931.14285714286,-277323.71428571426,-3.5
2014-09-05,33.450001,33.535,33.310001,33.34,24.093746,2521479.0,1.0025410761572173,0.9958146488545695,0.9967114799189394,-0.07999799999999624,-0.13007900000000205,-711855.0,1.0043345431868895,1.004744929794887,1.0045394321295824,0.9962459263242912,0.9961078998704344,0.9953469824183931,1.0003875905398991,1.0007468799480377,0.9998332651609589,0.014286142857142994,0.06785721428571431,-0.008333333333333333,-0.02064785714285731,0.04077921428571431,-0.009876433333333405,-133244.0,-125746.57142857143,-150594.23333333334
2014-09-08,33.5,33.5,33.16,33.279999,24.050386,2389006.0,1.0,0.9898507462686567,0.9934328059701492,0.04999899999999968,-0.04335999999999984,-132473.0,1.0043345431868895,1.0043300217156437,1.0044551328164109,0.9959028011626563,0.9956668266172178,0.9950979340988568,1.0002582144233343,1.0000375863286128,0.9997036188314724,-0.008571571428571392,0.056428642857142615,-0.0036667000000001337,-0.009291285714285533,0.02374471428571415,-0.005781300000000063,-142233.57142857142,-305522.64285714284,-29928.633333333335
2014-09-09,33.240002000000004,33.48,33.220001,33.48,24.19492,3145062.0,1.0072201560036005,0.9993982852347602,1.0072201560036005,-0.25999799999999595,0.14453400000000016,756056.0,1.0049382866278995,1.0040000471448196,1.0044669489618046,0.996372881227055,0.9956888981684011,0.9950778769400156,1.0011613590440211,0.9998377227861123,0.9997552369669159,-0.02285714285714237,0.021428785714285987,-0.008666599999999865,0.005161571428571575,0.010840142857142965,-0.005058733333333384,-393574.4285714286,-114757.85714285714,4602.4
2014-09-10,33.310001,33.465,33.220001,33.360001000000004,24.108204,3826478.0,1.0046532271193869,0.9972981087571868,1.001501050690452,0.0699989999999957,-0.08671599999999913,681416.0,1.0050478294467333,1.004311113364867,1.004374629770772,0.9964566853468048,0.9962415047830891,0.9950669924417397,1.001461214457208,1.0006266330140414,0.9996271237318154,-0.02000000000000008,-0.015714142857142628,-0.012333299999999998,-0.0072264285714283005,0.0077431428571428694,-0.012044266666666676,266323.4285714286,-133196.7857142857,577.9
2014-09-11,33.43,33.459999,33.099998,33.139999,23.949213,4182993.0,1.000897367633862,0.9901285671552498,0.9913251271313193,0.11999899999999997,-0.15899100000000033,356515.0,1.0044927021870105,1.0040541335143747,1.004178120492248,0.9954735701144898,0.9956434254292406,0.9947773234938123,0.9995386242685506,0.9997929446912865,0.9992296722727833,-0.0028572857142858004,0.004285785714285696,-0.01433336666666681,-0.04852214285714292,-0.01703428571428565,-0.01999396666666667,169772.14285714287,51456.92857142857,14095.6
2014-09-12,33.18,33.200001,32.669998,32.830002,23.725189,5086143.0,1.0006028028933092,0.9846292344786015,0.9894515370705245,-0.25,-0.224024,903150.0,1.0028699950646187,1.0038298683820426,1.0041487589284381,0.9932777464685758,0.9950587770486031,0.994556756919307,0.9970491351740545,0.9994244295659166,0.999016533593379,-0.03714271428571436,-0.015714428571428636,-0.017333366666666686,-0.08671928571428568,-0.020130999999999993,-0.017584799999999963,130639.28571428571,84243.5,8370.933333333332
2014-09-15,32.5,32.700001,32.345001,32.369999,23.392757,5446025.0,1.006153876923077,0.9952308000000001,0.9959999692307693,-0.6799999999999997,-0.3324320000000007,359882.0,1.003152643818636,1.0040118696277376,1.0042542647252677,0.9931929129641464,0.9949112861203415,0.9945771021806933,0.9965203037165363,0.9990957872569345,0.9990027439680033,-0.1471427142857138,-0.05571421428571404,-0.03199996666666678,-0.11872400000000027,-0.048005928571428616,-0.023366299999999996,316098.71428571426,144583.7857142857,89107.06666666667
2014-09-16,32.349998,32.490002000000004,32.060001,32.119999,23.212093,5836401.0,1.0043277900666332,0.9910356408677367,0.9928902932235112,-0.15000200000000063,-0.18066400000000016,390376.0,1.0034078886628384,1.003871215924864,1.0043285813506886,0.992510197537456,0.9943780619308736,0.9946080284091662,0.9959744199029038,0.9981810052214014,0.9989855798746196,-0.15714328571428585,-0.07142857142857142,-0.03366676666666682,-0.12595042857142857,-0.07329914285714294,-0.024570666666666695,473560.28571428574,170158.14285714287,58819.8
2014-09-17,32.220001,32.25,31.375,31.43,22.713451,10371303.0,1.0009310676309413,0.9737740231603343,0.9754810373842011,-0.12999699999999592,-0.49864200000000025,4534902.0,1.0035408983244014,1.0039377207556455,1.0042687353818351,0.9902135228076957,0.993058161985176,0.9938852954127111,0.9934098815334825,0.9968340479784086,0.9981985729533533,-0.18285699999999952,-0.09571428571428545,-0.02633323333333332,-0.19099071428571435,-0.10014099999999994,-0.037337833333333376,1140328.142857143,499047.28571428574,205370.56666666668
2014-09-18,31.129999,31.68,31.129999,31.42,22.706224,10998246.0,1.0176678772138732,1.0,1.0093158049892645,-1.090002000000002,-0.0072270000000003165,626943.0,1.005033429925869,1.0049858582768842,1.0047666175840895,0.9902994820598726,0.9933361816434639,0.9942292508903857,0.993709259960006,0.9974353095020135,0.9986102661970168,-0.30142900000000034,-0.16214307142857137,-0.06066673333333329,-0.21267085714285727,-0.10375464285714285,-0.03444709999999998,1121883.4285714286,364154.5,195115.46666666667
2014-09-19,31.49,31.92,31.450001,31.92,23.06756,7312922.0,1.013655128612258,0.9987297872340426,1.013655128612258,0.3600009999999969,0.36133600000000143,-3685324.0,1.0063194158534219,1.0056836226500776,1.0051759190183371,0.9905040075565664,0.9934803464516856,0.9946762070859763,0.9954455568059782,0.9984533856315931,0.9995139621115581,-0.26000014285714307,-0.14000007142857157,-0.04033336666666673,-0.1486634285714286,-0.07794492857142846,-0.008190166666666698,498063.4285714286,382193.4285714286,33431.566666666666
2014-09-22,31.99,32.0,31.110001,31.209999,22.554466,5769182.0,1.0003125976867773,0.9724914348233824,0.9756173491716161,0.5,-0.5130939999999988,-1543740.0,1.0062358772895528,1.0053642897382815,1.0051146543512137,0.9879844172234425,0.9917289936689662,0.9939026230693885,0.9932015885260207,0.9963701063972856,0.9988138542968275,-0.2057142857142859,-0.10428578571428584,-0.018666633333333373,-0.19924957142857128,-0.12388585714285709,-0.029629333333333226,226598.42857142858,198185.2857142857,74633.43333333333
2014-09-23,31.15,31.83,31.129999,31.65,22.872438,8249771.0,1.0218298555377208,0.9993579133226326,1.0160513643659712,-0.8399999999999999,0.3179719999999975,2480589.0,1.0092683133816116,1.006069154223115,1.0052980535034284,0.9900885142011612,0.9916831303348684,0.9938812201801429,0.9970015638539417,0.9970253495139981,0.9989175976469818,-0.29000000000000015,-0.16357135714285725,-0.043666633333333496,-0.12182157142857163,-0.10427042857142865,-0.029629533333333312,451946.85714285716,291293.0714285714,112403.16666666667
2014-09-24,31.440001,31.59,31.24,31.379999,22.677315,4418726.0,1.0047709604080484,0.993638645240501,0.9980915395009053,0.2900010000000002,-0.19512299999999883,-3831045.0,1.0090707538794645,1.0061116988490504,1.0052940863370075,0.9898610635212328,0.9915269882426896,0.9937710515464968,0.9973003596068182,0.9969103316616773,0.9988336063807643,-0.15142842857142874,-0.14928557142857127,-0.042666666666666825,-0.10220599999999992,-0.1104650000000001,-0.03276106666666661,-146757.0,84670.85714285714,43906.566666666666
2014-09-25,31.75,31.76,31.309999,31.32,22.633955,5572144.0,1.0003149606299213,0.9861417007874016,0.9864566929133859,0.30999900000000125,-0.04335999999999984,1153418.0,1.008497492531363,1.0059526905971006,1.0052488606106325,0.989161929224042,0.990836063380749,0.9934864172458553,0.9963812738482288,0.9961778468755663,0.9985442701975059,-0.08571399999999992,-0.12142864285714287,-0.038333400000000024,-0.08259114285714274,-0.10427078571428565,-0.03420639999999994,-37751.0,217904.64285714287,20741.933333333334
2014-09-26,31.049999,31.200001,30.950001,30.99,22.395475,10615346.0,1.0048309824422217,0.996779452392253,0.9980676649941277,-0.7000010000000003,-0.23847999999999914,5043202.0,1.0090546232186886,1.006297760771545,1.005225050469463,0.9924484191143161,0.991330970961006,0.9935844476738838,0.9996079349353613,0.996508908234422,0.9985517423764604,-0.1671431428571434,-0.17500007142857146,-0.047000000000000125,-0.045425142857142574,-0.11820792857142846,-0.0337245333333333,34863.28571428572,587595.7142857143,116649.33333333333
2014-09-29,30.969999,30.99,30.51,30.530001,22.063047,4722594.0,1.000645818554918,0.9851469481803987,0.9857927667353169,-0.0799999999999983,-0.33242800000000017,-5892752.0,1.0066229005531235,1.0058281652394963,1.0051747828828321,0.9903265545686588,0.9903130183142659,0.9933047295363073,0.9962475008990831,0.9949783804295445,0.9980268869086634,-0.022857142857142878,-0.16214307142857162,-0.051000033333333285,-0.09188242857142827,-0.15227664285714276,-0.04865966666666661,-896521.7142857143,112680.85714285714,14688.766666666666
2014-09-30,30.51,30.92,30.469999,30.92,22.344891,6757490.0,1.01343821697804,0.9986889216650279,1.01343821697804,-0.4599989999999998,0.28184399999999954,2034896.0,1.0065919131768069,1.0064556645151144,1.0054290996784532,0.9903207166302282,0.9904123620933973,0.9933935011980187,0.9962165135227662,0.9958310351643721,0.9983627302531949,-0.13999999999999954,-0.2000000714285713,-0.07333330000000006,-0.10323842857142854,-0.1259509285714286,-0.0457689666666667,-79347.42857142857,209358.0,3038.9
2014-10-01,30.74,31.445,30.59,31.43,22.713451,6287802.0,1.0229342875731946,0.9951203643461288,1.0224463240078074,0.22999999999999687,0.36855999999999867,-469688.0,1.0098235831605806,1.0080297302250667,1.0057989159310552,0.9935534208477633,0.9907689190356029,0.9932612038922831,1.0029063670707934,0.9980539777984071,0.9987769995335014,-0.17857142857142858,-0.19214285714285723,-0.07333330000000006,0.02271214285714253,-0.08826871428571437,-0.04432356666666663,74088.57142857143,150343.5,51204.333333333336
2014-10-02,31.16,31.51,31.110001,31.219999,22.561691,4651909.0,1.011232349165597,0.9983954107830552,1.001925513478819,0.4200000000000017,-0.15175999999999945,-1635893.0,1.0083096536788487,1.0087889835302302,1.0061633842352844,0.9934159204849665,0.9917522173430641,0.9935556637133331,1.0008883883726287,0.9989449761132853,0.9991593063994806,0.001428571428571652,-0.14428571428571427,-0.07899996666666655,-0.04439242857142846,-0.08310700000000004,-0.04793696666666669,-513980.28571428574,-31016.714285714286,-34644.13333333333
2014-10-03,31.209999,31.73,31.16,31.639999,22.865213,5212943.0,1.0166613590727767,0.9983979813648824,1.0137776358147272,0.04999899999999968,0.30352200000000096,561034.0,1.0100082820595242,1.0095395179694944,1.0065689266863518,0.9940958256455925,0.9919784445834127,0.9935522071551915,1.0031292592746035,1.0002148094407108,0.9995186688049752,-0.03285742857142842,-0.09214292857142858,-0.07200000000000001,0.02684257142857151,-0.03768171428571421,-0.044082666666666624,113459.57142857143,-16648.714285714286,58344.9
2014-10-06,31.83,31.860001,31.48,31.549999,22.800171,2154957.0,1.0009425384857054,0.9890040841972982,0.9912032359409363,0.6200009999999985,-0.06504200000000182,-3057986.0,1.0100979360389217,1.0092977142851425,1.0064755941443433,0.9945047375612921,0.991833333392667,0.993425199568184,1.0038073368499678,1.0000943053490983,0.9994050850421495,0.011428571428571186,-0.03714271428571436,-0.05233340000000008,0.023745142857142656,-0.02942300000000004,-0.040228400000000046,-488169.5714285714,-262960.28571428574,-58392.566666666666
2014-10-07,31.780001,31.834999,30.885,31.51,22.771265,6958174.0,1.001730585219302,0.9718376031517433,0.9915040594240385,-0.04999899999999968,-0.02890599999999921,4803217.0,1.0096550221499334,1.009354822684311,1.0064130850022084,0.9909416162412192,0.9916950176777677,0.9925765972400532,1.0028696789113836,1.0012388069233724,0.999101854971067,0.10428599999999985,-0.03142857142857177,-0.04999993333333327,0.053684285714285504,0.0041295714285714625,-0.04311916666666669,-522453.14285714284,-243794.92857142858,117877.4
2014-10-08,31.110001,31.459999,30.969999,31.299999,22.619503,4769001.0,1.0112503371504231,0.9954997751366192,1.0061072964928546,-0.6699999999999982,-0.15176199999999795,-2189173.0,1.0111699533778626,1.0088964269654932,1.0065781981769937,0.9924205915206793,0.991373573044669,0.9924765637605977,1.0057717545910319,1.0010096277450573,0.999115523463463,0.02000028571428558,-0.001428428571428648,-0.07466656666666663,0.07949371428571439,-0.00619435714285694,-0.05395926666666663,6629.571428571428,-444946.0714285714,43827.13333333333
2014-10-09,31.690001,31.969999,31.540001,31.82,22.995295,5670013.0,1.008835531434663,0.9952666457789004,1.0041022087692582,0.5799999999999983,0.375791999999997,901012.0,1.0105124268716659,1.0085521700242364,1.0068727158914825,0.9919316949655181,0.9911262057978732,0.9925770312065577,1.0044380391326344,1.0003272763277002,0.9994409824629016,0.16857157142857102,0.014285785714285737,-0.062333333333333366,0.09291485714285688,-0.005161785714285827,-0.03733766666666665,-155353.85714285713,-117350.64285714286,76179.06666666667
2014-10-10,31.309999,31.49,31.209999,31.219999,22.561691,6266721.0,1.0057489941152664,0.9968061321241178,0.9971255189117061,-0.3800019999999975,-0.433603999999999,596708.0,1.0080573849491048,1.0089404840548428,1.0069645506314404,0.9921725189338024,0.9928629698907828,0.9926003114512293,1.0008207812617627,1.001863574166278,0.9993152283046652,0.08142842857142897,-0.0485714999999998,-0.06966676666666664,-0.02167999999999992,0.0005160714285713043,-0.05323659999999997,-3011.5714285714284,35538.5,12221.266666666666
2014-10-13,30.85,31.15,30.75,31.01,22.409933,5190596.0,1.0097244732576984,0.9967585089141004,1.0051863857374392,-0.4599989999999998,-0.15175800000000095,-1076125.0,1.0078419741051192,1.008075813891984,1.0071591521604453,0.991938675809666,0.9926772981473163,0.9926018790844015,1.0012866201558515,1.00108750426424,0.9995080390693084,-0.0442857142857141,-0.021428571428571224,-0.08666669999999996,-0.02167971428571442,-0.03303607142857144,-0.0582952,76955.28571428571,-218512.5,107612.73333333334
2014-10-14,30.799999,31.290001,30.799999,31.15,22.511106,5138764.0,1.015909156360687,1.0,1.011363669200119,-0.05000100000000174,0.10117300000000284,-51832.0,1.0077345165748208,1.0088713993171725,1.007530015424071,0.9921675356146827,0.9931316806301377,0.9927015332916863,1.000941767782336,1.0020355135284698,0.9997273860942483,-0.058571428571428594,-0.0457144285714285,-0.08833340000000002,-0.05058671428571415,-0.01187207142857132,-0.059258733333333306,-10597.0,51431.28571428572,71472.53333333334
2014-10-15,31.1,31.459999,31.025,31.370001,22.67009,5111425.0,1.0115755305466236,0.9975884244372989,1.0086817041800642,0.30000100000000174,0.15898399999999668,-27339.0,1.009253515440666,1.009675725739794,1.0075171413506232,0.9933938699346828,0.9939493037479875,0.9926211474395962,1.003438691816497,1.0036230143332325,0.9997875108758507,-0.10428571428571384,-0.046428571428571326,-0.07799996666666663,-0.01858300000000008,0.0025810714285712877,-0.05540446666666673,422352.5714285714,-32908.5,31325.233333333334
2014-10-16,31.139999,31.709999,30.91,31.58,22.821854,8267601.0,1.0183044321870403,0.9926140331603736,1.014129769239877,0.03999899999999812,0.151764,3156176.0,1.0116212078646287,1.010638115007281,1.0079881112353595,0.9963619313644871,0.9936517738028533,0.9925141273939084,1.0066709360759025,1.0047703074936432,1.0002684435360665,-0.091428857142857,0.006428571428571418,-0.07966666666666657,0.007226999999999809,0.030455642857142657,-0.046732366666666775,187061.0,-167696.07142857142,167808.9
2014-10-17,31.84,32.115002000000004,31.780001,31.93,23.074785,7450121.0,1.0086369974874374,0.9981156092964824,1.002826633165829,0.7000010000000003,0.25293100000000024,-817480.0,1.0112478736270594,1.011208913502461,1.0081913086130334,0.9967356219587534,0.9945781067397164,0.9925908260753055,1.0062022698863278,1.0059870122386798,1.0004722819776295,0.10428557142857134,0.06214292857142846,-0.05366670000000002,0.06504028571428526,0.07226699999999983,-0.0339653666666667,383017.14285714284,194823.35714285713,164288.06666666668
2014-10-20,32.400002,32.549999,32.32,32.450001,23.450573,5825450.0,1.0046295367512632,0.9975308026215554,1.0015431789170877,0.5600020000000008,0.375788,-1624671.0,1.0106470172437165,1.0105797220576913,1.0083456265047421,0.9970590729362756,0.9944953839508968,0.9928468279537356,1.0058366941931605,1.0051373666628973,1.0007426277425275,0.10142871428571455,0.1350001428571428,-0.03666659999999998,0.06503971428571427,0.07897728571428557,-0.0199937666666667,22205.285714285714,-66574.28571428571,114548.13333333333
2014-10-21,32.59,32.650002,32.360001000000004,32.470001,23.465027,4516648.0,1.0018411169070267,0.9929426511199755,0.9963179196072415,0.18999800000000278,0.014454000000000633,-1308802.0,1.010088749071111,1.009073067010108,1.008166325201523,0.9965071470785408,0.9943398330061717,0.9926316401499093,1.0057213228639512,1.003271052062857,1.0003792198626489,0.18285728571428603,0.1321428571428575,-0.021666733333333354,0.1290479999999999,0.053684,-0.024329766666666686,-250010.42857142858,-126511.0,45719.53333333333
2014-10-22,32.810001,32.970001,32.630001,32.880001,23.761324,6272977.0,1.004876561875143,0.9945138678904643,1.002133495820375,0.22000099999999634,0.29629699999999914,1756329.0,1.0093961903021744,1.008619082203647,1.0081737696933815,0.9961864840751644,0.9940625799424151,0.9925388321210187,1.0052851957329418,1.0032859079443968,1.0004003013669798,0.28000014285714264,0.11785721428571426,-0.016666666666666666,0.19305585714285708,0.08568807142857134,-0.011562666666666744,154625.85714285713,115790.57142857143,81549.96666666666
2014-10-23,32.779999,32.98,32.73,32.93,23.797457,5093333.0,1.006101311961602,0.9984747101426086,1.0045759915978034,-0.030002000000003193,0.03613300000000308,-1179644.0,1.0079950696737339,1.0078647931242772,1.0083472345043063,0.9959685855241084,0.9940680605693956,0.992817036887264,1.0043155275040399,1.0026286476431878,1.0008419968491957,0.2828571428571424,0.1121428571428569,-0.021666700000000105,0.18376442857142855,0.0665888571428572,-0.005058533333333296,-6490.142857142857,-8543.57142857143,30344.666666666668
2014-10-24,33.060001,33.220001,32.959999,33.02,23.862492,4953710.0,1.0048396852740569,0.9969751362076488,0.998790048433453,0.2800020000000032,0.06503499999999818,-139623.0,1.007032806063367,1.0081431607520168,1.008488463916998,0.9958809729198727,0.9946374214272778,0.9932285669448988,1.0029024338259525,1.0031705628212249,1.0011532805612935,0.28000014285714264,0.08785721428571439,-0.003999966666666665,0.17034314285714305,0.07588007142857148,0.004576766666666643,-22530.714285714286,199910.92857142858,-4414.433333333333
2014-10-27,33.18,33.380001,33.110001000000004,33.345001,24.097359,3134510.0,1.0060277576853527,0.9978903254972876,1.0049729053646776,0.11999899999999997,0.23486700000000127,-1819200.0,1.0052789954202688,1.0084501016424487,1.008484259942407,0.9966347289680033,0.9964983301662452,0.9933172177948085,1.0015943104152096,1.004132623245556,1.0014523784324239,0.2914287142857143,0.09999992857142866,0.022666666666666658,0.18221500000000038,0.09472100000000008,0.023486733333333377,-733298.7142857143,-273118.85714285716,-77050.5
2014-10-28,33.400002,33.59,33.209999,33.41,24.144335,5907506.0,1.0056885625336192,0.9943112877657913,1.0002993412994405,0.22000200000000092,0.046976000000000795,2772996.0,1.0048577904268663,1.0080528320269628,1.0085296190246398,0.9960912544636188,0.9964134382111861,0.9934264060247435,1.0012332687200112,1.0037177693031694,1.0016993467016215,0.22285742857142868,0.1635715,0.03500013333333338,0.1527928571428576,0.10891657142857143,0.031074733333333406,-220373.57142857142,81321.78571428571,2370.1666666666665
2014-10-29,33.41,33.41,32.82,32.93,23.797457,7316292.0,1.0,0.9823406165818618,0.9856330439988028,0.009997999999995955,-0.34687800000000024,1408786.0,1.0041964280338287,1.0074217226387725,1.008498583436942,0.9939212278865196,0.9954901504113975,0.9937119591387945,0.9989603923031135,1.0023985432481368,1.0020377469221082,0.14428542857142798,0.12285707142857127,0.039666633333333104,0.04955485714285755,0.057297285714285905,0.036133533333333405,212977.42857142858,117591.35714285714,-101833.7
2014-10-30,33.09,33.310001,32.939999,33.259998,24.035934,4945616.0,1.0066485645210033,0.9954668782109398,1.0051374433363554,-0.3199999999999932,0.2384769999999996,-2370676.0,1.0048832062643966,1.0074859776677538,1.008131273013846,0.9942818317566574,0.9953944894175991,0.9935608550791593,1.0002203242644154,1.0029708235641832,1.0018984682003444,0.07142857142857142,0.12714292857142873,0.06533336666666673,0.08155814285714312,0.10530307142857152,0.04432366666666674,61281.142857142855,-94364.64285714286,-201754.33333333334
2014-10-31,33.48,33.509998,33.23,33.5,24.209372,14702906.0,1.0008959976105138,0.9925328554360813,1.0005973715651135,0.38999999999999346,0.17343799999999732,9757290.0,1.0043145542265925,1.0068553722643836,1.0077059686471215,0.9939988299774598,0.9950926570263121,0.9933542906858938,1.0000008779422351,1.0026430368375885,1.0014632096321063,0.09571414285714244,0.18785714285714253,0.06633333333333329,0.06400685714285714,0.1285313571428571,0.03806039999999993,1204275.5714285714,679450.7142857143,246332.8
2014-11-03,33.529999,33.630001,33.400002,33.580002,24.267187,4716439.0,1.0029824635545024,0.9961229643937658,1.0014912914253293,0.04999899999999968,0.057815000000001504,-9986467.0,1.0038690044541496,1.0059320370639417,1.0077949641760455,0.9936628662990536,0.9948157259115812,0.9941420083382398,0.9995602064890247,1.001937866996532,1.0023256743738969,0.10714285714285714,0.19499999999999978,0.051333299999999936,0.06710428571428549,0.12543435714285703,0.057090699999999946,-53842.0,-30166.071428571428,-35091.433333333334
2014-11-04,33.849998,33.849998,33.540001000000004,33.650002,24.317772,5164405.0,1.0,0.990842037863636,0.9940916983215184,0.3199990000000028,0.050585000000001656,447966.0,1.00317762084357,1.0051052134534688,1.0070673023247882,0.9927867093927663,0.9943338411563193,0.99385814582294,0.998889013615891,1.0008957237209217,1.0015936855057483,0.11285671428571423,0.19642842857142842,0.08999993333333337,0.06504000000000028,0.11769157142857166,0.04817780000000008,30099.285714285714,3784.285714285714,-102845.53333333334
2014-11-05,33.580002,33.790001000000004,33.360001000000004,33.790001000000004,24.418947,6861357.0,1.0062536923017456,0.9934484518494073,1.0062536923017456,-0.269995999999999,0.1011749999999978,1696952.0,1.0032098972173407,1.0042444463188047,1.0071167267212449,0.9921521560144976,0.9943934424912504,0.9938518060432368,0.9990719831783293,1.0003331467967695,1.0018657572657763,0.05714314285714295,0.17428592857142863,0.07133336666666672,0.04594114285714263,0.1140780714285715,0.05805439999999997,532406.7142857143,-100446.0,81421.03333333334
2014-11-06,33.799999,33.889999,33.514999,33.599998,24.281639,6595424.0,1.00266272197227,0.9915680470878121,0.9940828104758228,0.21999699999999933,-0.13730800000000087,-265933.0,1.002777634280005,1.0038177123534358,1.0071949854326563,0.991760264489072,0.9939257594763454,0.9940326842532505,0.998183907346384,0.9997085880331975,1.0021199611845242,0.057142428571428434,0.13999992857142857,0.06833329999999999,0.01961485714285668,0.08620385714285714,0.05492279999999994,98274.0,-61049.78571428572,34109.333333333336
2014-11-07,32.68,32.880001,32.630001,32.880001,24.452692000000003,12082375.0,1.006119981640147,0.9984700428396573,1.006119981640147,-1.119999,0.17105300000000412,5486951.0,1.0036519173714546,1.0039241727026416,1.0072379520725872,0.9940644682401857,0.9939928480633526,0.994089037268164,1.0011106127237188,1.000035502513416,1.0023883717393915,-0.10428571428571384,0.019999857142857076,0.05433336666666667,0.09360500000000016,0.07157992857142885,0.06857390000000005,680869.0,446923.21428571426,48900.96666666667
2014-11-10,32.650002,32.669998,32.240002000000004,32.52,24.184961,7712751.0,1.0006124348782581,0.9874425735104091,0.9960183157109761,-0.02999799999999908,-0.2677310000000013,-4369624.0,1.0027896131367766,1.0038364097005867,1.0072368392833653,0.9929181389972527,0.993599985376955,0.9941655581124976,0.9998078802058076,1.0000141022351114,1.0027292233719136,-0.06285685714285753,0.004285857142856945,0.056000099999999976,0.021289571428571463,0.05142385714285729,0.07073046666666667,395305.0,228293.07142857142,99671.9
2014-11-11,32.68,32.799999,32.360001000000004,32.509998,24.177523,6217093.0,1.0036719400244798,0.9902081089351287,0.9947979804161567,0.02999799999999908,-0.0074380000000005,-1495658.0,1.003186176338772,1.0037503652826822,1.0069112967182465,0.9925860323542596,0.9932924311658597,0.9938828643548343,0.9989793957559565,0.9994901368490959,1.0021078821531841,-0.11428571428571388,-0.009285785714285717,0.07233333333333328,-0.004549857142856796,0.029728500000000175,0.061087733333333345,-1212259.0,-3991.714285714286,-18013.233333333334
2014-11-12,32.400002,32.459999,32.130001,32.209999,23.954412,6887963.0,1.0018517591449532,0.9916666363168742,0.9941357102385365,-0.2799979999999991,-0.2231109999999994,670870.0,1.0030246471374078,1.0034468257957787,1.0062085457706387,0.9919494140575608,0.9928061401783072,0.9937677400871926,0.9979285984435575,0.998744402466291,1.0011641950275416,-0.16142814285714227,-0.027142642857142567,0.055333400000000074,-0.044682142857142636,0.011211071428571426,0.04136536666666674,310217.71428571426,128187.85714285714,20005.366666666665
2014-11-13,32.25,32.305,31.969999,32.049999,23.835424,5570548.0,1.0017054263565892,0.9913177984496124,0.9937984186046511,-0.15000200000000063,-0.11898800000000165,-1317415.0,1.0032682794740633,1.0032229501588168,1.005890981677005,0.9920173798555573,0.9924020446241617,0.9935318196760777,0.997886701341148,0.9983878574785195,1.0008932918650695,-0.22857114285714278,-0.05785721428571427,0.03633333333333333,-0.0689068571428574,-0.001933428571428562,0.04245776666666667,58020.42857142857,44059.857142857145,30621.3
2014-11-14,32.09,32.389999,31.790001,32.330002,24.043659,5372290.0,1.0093486755998753,0.9906513244001246,1.0074790277344967,-0.1599999999999966,0.20823500000000195,-198258.0,1.0037104199452247,1.0034601585812826,1.0056472255612416,0.9916177902199454,0.9918849731172215,0.9932735977772525,0.9980617492601124,0.9985668662192209,1.0006833382623952,-0.21285742857142814,-0.0778571428571426,0.029333366666666787,-0.053612571428571086,-0.003835714285714228,0.03928153333333337,-212723.85714285713,159841.42857142858,5311.566666666667
2014-11-17,32.299999,32.349998,31.834999,31.9,23.723867,5080517.0,1.001547956704271,0.9856037147245732,0.9876161296475582,0.20999899999999627,-0.3197920000000032,-291773.0,1.003551167764082,1.0031644010220435,1.0056674061685271,0.9907657427394828,0.9912630036142774,0.9931602521281617,0.9971379377132175,0.9976609225298008,1.0005637680526158,-0.21428571428571427,-0.07857164285714292,0.01566663333333338,-0.07968171428571427,-0.030033428571428798,0.030789866666666655,-216415.2857142857,-59070.642857142855,97518.66666666667
2014-11-18,31.950001,32.099998,31.629999,31.83,23.67181,3699629.0,1.0046947416370973,0.9899842882634026,0.99624410027405,-0.34999799999999937,-0.0520569999999978,-1380888.0,1.0033475620493604,1.0034997397104075,1.0057662113824537,0.9895534920857321,0.9918089801629588,0.9937651416318837,0.9957270975180608,0.9984188551208898,1.000721769414283,-0.10428557142857134,-0.10428564285714259,0.0056666666666667235,-0.1115545714285717,-0.008974785714285767,0.0300181666666667,-1197535.142857143,-258333.07142857142,-108618.16666666667
2014-11-19,31.9,31.950001,31.690001,31.77,23.627188,3643109.0,1.0015674294670847,0.993416959247649,0.9959247648902821,-0.05000100000000174,-0.044622000000000384,-56520.0,1.0034839898477643,1.0031368014922706,1.005443447793009,0.9904069757624807,0.9916625573798666,0.9936957144355847,0.9957137331151046,0.997760806660456,1.000382351694197,-0.10714314285714314,-0.08500000000000034,0.026333299999999938,-0.07968185714285728,-0.02919614285714291,0.03358949999999995,-581377.4285714285,-93036.21428571429,-37529.73333333333
2014-11-20,31.73,32.150002,31.67,31.940001,23.753616,6159358.0,1.0132367475575166,0.9981090450677592,1.0066183737787582,-0.16999999999999815,0.12642800000000065,2516249.0,1.0048503909239126,1.004018283631342,1.005590154997104,0.991535680924285,0.9920608566392722,0.9937904610785466,0.9974023607383333,0.9981908782471448,1.0004662238611806,-0.13571428571428562,-0.12499999999999975,0.0013333000000000557,-0.06055814285714283,-0.03255399999999981,0.02527736666666674,-8247.857142857143,-610253.4285714285,16311.5
2014-11-21,32.130001,32.23,31.67,31.82,23.664375,4154948.0,1.0031123248331053,0.9856831314757818,0.9903516654107791,0.4000009999999996,-0.08924100000000124,-2004410.0,1.0050304717365057,1.0040275594369565,1.005502266021032,0.9906808945184146,0.9913151542879877,0.9934196943902688,0.9968617829057964,0.9973951906746771,1.0002404287444828,-0.03857157142857152,-0.09999985714285689,0.02733339999999996,-0.041433857142857376,-0.043058000000000006,0.036756133333333336,-390430.71428571426,-40106.5,-70392.43333333333
2014-11-24,31.9,32.049999,31.719999,31.870001,23.701559,4152610.0,1.0047021630094044,0.9943573354231976,0.999059592476489,-0.23000100000000145,0.037183999999999884,-2338.0,1.005458576972622,1.0043634282233427,1.0053348556794224,0.9911151140860698,0.9915662469708135,0.9933396552739053,0.9976133791732019,0.997750040257175,1.0000362023024512,-0.050000000000000204,-0.13928557142857148,0.034999999999999906,-0.019123571428571445,-0.04401521428571442,0.04305420000000003,-202562.57142857142,-72271.07142857143,-34599.53333333333
2014-11-25,31.85,32.099998,31.67,32.099998,23.872608,5439518.0,1.0078492307692306,0.994348508634223,1.0078492307692306,-0.04999999999999716,0.171049,1286908.0,1.0052443705682443,1.0044773952567345,1.0050661914930403,0.9916432832623695,0.9916305367411574,0.9931512722283794,0.9976662653210209,0.9978640072905668,0.9999190543547549,-0.03428571428571457,-0.12357157142857135,0.03500003333333339,-0.024435857142857436,-0.039024214285714266,0.045383399999999935,9604.0,-101559.92857142857,10025.133333333333
2014-11-26,32.130001,32.419998,32.110001000000004,32.380001,24.080843,4238266.0,1.0090257389036497,0.9993775288086671,1.0077808898916623,0.2800009999999986,0.20823500000000195,-1201252.0,1.0063126251681556,1.0049318964661187,1.0049811984382746,0.9936109709886686,0.9921883568640757,0.9932109090407585,1.000546945355893,0.9988424415345553,0.9998890272118082,-0.02428542857142852,-0.11928557142857141,0.03433336666666662,0.05099657142857187,-0.014342571428571205,0.04702510000000011,-120321.57142857143,-168368.42857142858,-29105.3
2014-11-27,32.290001000000004,32.59,32.290001000000004,32.450001,24.132904,4436932.0,1.0092907708488457,1.0,1.0049550943030319,0.1600000000000037,0.05206099999999836,198666.0,1.0069692007698339,1.0051583814095972,1.0046807430603348,0.9950417869510397,0.9922976395183859,0.9934571079354126,1.001791373074319,0.9987592352961899,0.9995832047139134,0.04857142857142906,-0.02785707142857114,0.03833340000000014,0.06587057142857132,-0.02284200000000019,0.04370166666666672,105329.0,-546103.0714285715,-127688.96666666666
2014-11-28,32.450001,32.48,31.92,31.92,23.738743,7872870.0,1.0009244683844538,0.9836671499640324,0.9836671499640324,0.1599999999999966,-0.3941610000000004,3435938.0,1.006877349186601,1.0051806695171825,1.004423658756902,0.9936489570533801,0.9920279664079305,0.9929754926243308,1.0000402852277117,0.9978770091714082,0.9989445552738534,0.07857157142857167,-0.014285785714285737,0.020333366666666682,0.015936428571428456,-0.031872714285714414,0.022131933333333364,604251.5714285715,11437.07142857143,14091.633333333333
2014-12-01,32.0,32.16,31.6,31.66,23.545382,5269843.0,1.005,0.9875,0.989375,-0.4500010000000003,-0.19336099999999945,-2603027.0,1.0057006709640985,1.0052755309440056,1.00443600753186,0.9921333791865575,0.9918345300554211,0.9926411325369457,0.9975769461164606,0.997489653427397,0.9985389493099505,0.038571428571428513,-0.04857142857142855,-0.013333400000000021,-0.029747714285714415,-0.04515292857142862,0.003160300000000049,-127073.57142857143,-67660.71428571429,-18520.233333333334
2014-12-02,31.719999,31.790001,31.290001,31.719999,23.590004,6312327.0,1.0022068727051348,0.9864439466092039,1.0,-0.2800009999999986,0.044622000000000384,1042484.0,1.0055713206601027,1.0053008961983043,1.0044481993917969,0.9922420670627606,0.9914614807905877,0.9924245090532533,0.9989552796292066,0.9979085312675016,0.9986616853230426,-0.058571714285714095,-0.048571642857142806,-0.0290000333333334,-0.01062442857142847,-0.026029142857142924,0.004165900000000041,308197.0,-41116.857142857145,59855.96666666667
2014-12-03,31.549999,32.07,31.450001,31.77,23.627188,4754482.0,1.0164818071785042,0.9968304911832169,1.0069730905538221,-0.1700000000000017,0.037183999999999884,-1557845.0,1.0072541269699742,1.0063563519712981,1.004835040901909,0.9925953750284776,0.9918552445572736,0.9925017298296784,1.00008577935454,0.9988495792638707,0.9988230051474908,-0.0500001428571427,-0.05000007142857145,-0.04200006666666667,-0.01062442857142847,-0.014873999999999958,-0.004471199999999935,85981.71428571429,-58290.42857142857,-50616.5
2014-12-04,31.85,32.290001000000004,31.85,32.220001,23.961853,4394774.0,1.0138147880690738,1.0,1.0116169858712716,0.30000100000000174,0.3346650000000011,-359708.0,1.0081063494413802,1.0066753600048124,1.005092156772158,0.9934027309378743,0.9925230071001219,0.9925525728249248,1.000624030083403,0.999145147702212,0.9990577049566063,0.0,-0.017142857142857286,-0.030999966666666504,0.012749285714285971,-0.005843285714285733,0.005479866666666666,-149249.14285714287,-69822.57142857143,-23285.3
2014-12-05,32.16,32.375,31.700001,32.099998,23.872608,5210316.0,1.0066853233830846,0.9856965485074628,0.9981342661691543,0.30999999999999517,-0.0892450000000018,815542.0,1.0077720043670138,1.0070423147675847,1.0051536780424588,0.9914483051805594,0.9925296380846139,0.9921766199015852,0.9992459409801874,0.9998964431680403,0.9990358455477965,0.004285571428570937,-0.009999928571428793,-0.03000003333333344,-0.02974785714285742,0.010624357142857224,0.00033720000000000044,138864.2857142857,9271.357142857143,8553.533333333333
2014-12-08,32.200001,32.610001000000004,32.150002,32.400002,24.095718,7400776.0,1.0127329188592262,0.9984472360730672,1.0062112109872294,0.04000100000000373,0.22311000000000192,2190460.0,1.0082637397970682,1.0076164702834511,1.0053771834149212,0.9912264817624262,0.9931341343567329,0.9921951835874446,0.9994253862207871,1.000608379647553,0.9990771224018815,-0.012857142857143344,0.017857142857142856,-0.03266663333333331,-0.005312285714285484,0.030279142857142918,-5.469999999997792e-05,423406.28571428574,264367.64285714284,142208.86666666667
2014-12-09,32.169998,32.41,31.83,31.879999,23.708996,7077354.0,1.0074604294349039,0.9894312085440602,0.9909854206394418,-0.030003000000000668,-0.38672200000000245,-323422.0,1.009197448518561,1.0080373988525808,1.0054362456449641,0.9920499187024302,0.9928494378779051,0.9920325142800536,1.0004708534601314,1.0002555693439217,0.9987666583798814,-0.040000428571428666,0.019285571428571506,-0.04100013333333337,-0.004249571428571487,0.005843428571428484,-0.014511300000000086,-113645.14285714286,245303.2142857143,38994.933333333334
2014-12-10,31.85,31.9,31.309999,31.49,23.418955,6489984.0,1.0015698587127158,0.9830454945054945,0.9886970172684457,-0.31999799999999823,-0.29004099999999866,-587370.0,1.0087074283346633,1.0072040496493808,1.0054885742687214,0.9914135607746436,0.9917734699806005,0.9920560102108413,1.000373998784195,0.9989754724503278,0.9988687908222028,-0.021428571428571224,0.008571428571428643,-0.05199999999999984,-0.018060999999999945,-0.023904357142857182,-0.012616733333333368,174305.85714285713,23616.14285714286,-27543.6
2014-12-11,31.209999,31.469999,31.059999,31.209999,23.21072,5631943.0,1.0083306635158815,0.9951938479716068,1.0,-0.6400010000000016,-0.20823500000000195,-858041.0,1.0095822555933414,1.007576788126722,1.0055446442352174,0.9926635466835583,0.9924528068731594,0.9920469092028635,1.0003739987841949,0.9996646392067008,0.9986975427109911,-0.07285714285714308,-0.06571442857142859,-0.06266670000000012,-0.05418342857142885,-0.03240392857142866,-0.02750713333333342,-97197.71428571429,105499.64285714286,22877.566666666666
2014-12-12,31.08,31.27,30.85,31.0,23.054541,5645795.0,1.0061132561132562,0.9925997425997427,0.9974259974259975,-0.12999900000000153,-0.15617899999999807,13852.0,1.0081010340125915,1.007677580491283,1.0057185528519754,0.9920591540287763,0.992327264528627,0.9920491387749856,0.9990101283373629,0.9995479538459514,0.9985918302396873,-0.06714271428571449,-0.058571428571428594,-0.07999999999999995,-0.08180671428571427,-0.04621557142857137,-0.0384943666666666,127330.42857142857,106656.07142857143,-301903.7
2014-12-15,30.719999,30.959999,30.559999,30.76,22.876057,3394035.0,1.007812500254313,0.9947916664971246,1.0013021159278033,-0.3600009999999969,-0.17848400000000098,-2251760.0,1.0072435643247686,1.0076749568830745,1.0058795540753025,0.9913151063855083,0.9923589186616913,0.9920047621784309,0.997536575488296,0.9990803027858494,0.9985855243897697,-0.1614287142857143,-0.08071435714285714,-0.09366666666666651,-0.15511371428571458,-0.0711822142857143,-0.046371000000000016,-142962.7142857143,-146105.92857142858,-44080.13333333333
2014-12-16,30.700001,30.879999,30.559999,30.74,22.861181,5883007.0,1.0058631268448492,0.9954396744156458,1.0013028989803616,-0.01999800000000107,-0.014876000000001,2488972.0,1.0071261076764493,1.0074490560217315,1.0060749916367973,0.9927069815152488,0.992077643347904,0.9921580167301646,0.9979892373184684,0.9986175891493281,0.9988258977450644,-0.20857128571428518,-0.10214285714285712,-0.10499989999999997,-0.1444895714285716,-0.08711871428571451,-0.04855303333333343,96098.71428571429,117481.5,23953.4
2014-12-17,30.6,30.870001,30.469999,30.469999,22.660381,6551329.0,1.0088235620915031,0.9957516013071895,0.9957516013071895,-0.1000009999999989,-0.20079999999999742,668322.0,1.0065676281382032,1.0074156839676358,1.0061606539631225,0.9923218908344091,0.9917741862984177,0.9922347883787573,0.9964950073641771,0.9979601967924822,0.9984758280452459,-0.22857157142857126,-0.1207143571428573,-0.09933339999999996,-0.20504814285714293,-0.10518021428571421,-0.05861886666666661,-121349.57142857143,151028.35714285713,-10334.266666666666
2014-12-18,30.620001,31.209999,30.620001,30.98,23.039673,9329334.0,1.0192683860461011,1.0,1.011756988512182,0.02000099999999705,0.3792919999999995,2778005.0,1.00825447908266,1.0087259638006105,1.006714176098917,0.9938317181852577,0.992940818443844,0.9925158534758302,0.99946237420314,0.9999666138316358,0.9990649673131246,-0.22142814285714302,-0.13071428571428584,-0.10599993333333338,-0.09561757142857122,-0.049933571428571355,-0.041398866666666596,321711.4285714286,104033.14285714286,91130.33333333333
2014-12-19,31.450001,31.68,31.24,31.68,23.560255,13748846.0,1.0073131635194543,0.9933227029150173,1.0073131635194543,0.8300000000000018,0.520582000000001,4419512.0,1.0090749511979082,1.008891189766286,1.0067539488282273,0.9952998908151895,0.9933567257949166,0.9923442754783423,1.00212182366757,1.0012479112258823,0.9991047400424348,-0.05714271428571444,-0.03928564285714283,-0.040999966666666644,0.020185714285714442,0.0010623571428572478,-0.029747900000000035,1036980.2857142857,605643.0714285715,55549.03333333333
2014-12-22,31.690001,32.09,31.530001,32.09,23.865170000000003,5941148.0,1.0126222463672376,0.9949510888308271,1.0126222463672376,0.23999999999999844,0.30491500000000116,-7807698.0,1.0096880344623878,1.0096351450278647,1.0071542758778598,0.9952652109379353,0.9939643788107467,0.9925945593223562,1.0039250017200323,1.0021495002521135,0.9996582043976435,0.06857171428571414,-0.0021427142857144738,-0.03200003333333339,0.09349285714285774,0.019654714285714445,-0.010659699999999954,44172.142857142855,-26512.785714285714,-59053.433333333334
2014-12-23,31.99,32.169998,31.870001,31.870001,23.701559,2862474.0,1.005626695842451,0.9962488590184433,0.9962488590184433,0.2999989999999997,-0.16361100000000306,-3078674.0,1.0096185258522727,1.0088597799324321,1.0072194344051255,0.9957865132834639,0.9939228336561202,0.9927959176584668,1.0037568390903817,1.0013834837138724,0.9997065670177198,0.13000000000000003,0.031428642857142766,-0.02300000000000004,0.09243114285714274,0.005312214285714235,-0.015865466666666706,-397617.28571428574,-135143.42857142858,-111820.63333333333
2014-12-24,31.9,32.0,31.719999,32.0,23.798241,1450712.0,1.0031347962382446,0.9943573354231976,1.0031347962382446,-0.08999999999999986,0.09668200000000127,-1411762.0,1.0089502824214058,1.0080969233730872,1.0072622023082354,0.9957244659871887,0.9935197861863486,0.9928856076286774,1.0040186505633018,1.0007776130257988,1.0000065365510433,0.16857157142857102,0.0035714285714283684,-0.016666733333333402,0.13174057142857162,-0.011686571428571466,-0.005205700000000017,-277617.5714285714,-210290.14285714287,-181241.7
2014-12-29,32.080002,32.299999,32.009998,32.23,23.969288,3019068.0,1.0068577614178453,0.9978178305599857,1.0046757478381703,0.18000200000000177,0.17104699999999795,1568356.0,1.0090923730746912,1.0081092403755703,1.0074339468102773,0.9960642025792372,0.9943855920472432,0.9931022753656898,1.0045004861144176,1.001244861716443,1.0003691141921607,0.197143,-0.005714142857142589,-0.005666599999999989,0.15830100000000005,0.0069057142857142295,0.004462133333333303,-409134.14285714284,-156517.7142857143,-85049.33333333333
2014-12-30,32.27,32.48,31.98,32.040001000000004,23.82799,3598698.0,1.0065075921908893,0.9910133250697242,0.9928726681127983,0.18999800000000278,-0.14129799999999904,579630.0,1.0087615202317461,1.0076645741849748,1.0073392440299775,0.9953873059738851,0.9938545984041471,0.9931143420546765,1.0040892099437901,1.0002921086539835,0.9998822355381041,0.23857142857142882,0.004999928571428772,0.005999999999999991,0.16680128571428554,-0.019123428571428697,-0.007188966666666729,-421804.4285714286,-271577.0,-59119.73333333333
2014-12-31,32.049999,32.18,32.0,32.09,23.865170000000003,1577997.0,1.0040561935742962,0.998439968750077,1.0012480811621867,-0.22000100000000344,0.03718000000000288,-2020701.0,1.0065883498786312,1.0074214144806457,1.0074228519256452,0.9951644443667532,0.9944980812760055,0.99354221718886,1.0025879374652191,1.0010251558341796,1.000336633921925,0.20428542857142876,-0.008571357142857141,-0.008333333333333333,0.11792814285714316,0.01115528571428597,0.004710100000000139,-1107333.857142857,-392811.21428571426,-116750.66666666667
2015-01-02,32.09,32.290001000000004,31.91,32.23,23.969288,1925826.0,1.0062325023371768,0.9943907759426611,1.0043627298223743,0.04000100000000373,0.10411799999999616,347829.0,1.0064339697097344,1.0077544604538213,1.0074741106156477,0.995317026227845,0.9953084585215174,0.9936891001115018,1.002166446937065,1.0021441353023175,1.000607254906869,0.09142842857142901,0.017142857142857286,0.004666633333333436,0.058433285714285334,0.039309499999999886,0.00991593333333327,-1689002.857142857,-326011.28571428574,-59126.76666666667
2015-01-05,32.209999,32.41,32.0,32.169998,23.924667000000003,2507257.0,1.0062092830241935,0.9934803164694291,0.9987581185581532,0.11999899999999997,-0.0446209999999958,581431.0,1.0055178320892995,1.0076029332758438,1.0076288390675514,0.9951069158905026,0.9951860634142189,0.9936912120188947,1.0001858572500528,1.0020554294850428,1.0007017000291316,0.07428542857142924,0.07142857142857169,0.01033330000000016,0.00849957142857148,0.05099621428571461,0.009915966666666757,-490555.85714285716,-223191.85714285713,-37861.73333333333
2015-01-06,31.84,32.009998,31.59,31.780001,23.634626,4771084.0,1.0053391331658292,0.9921482412060302,0.9981156092964824,-0.3699990000000035,-0.2900410000000022,2263827.0,1.0054767517069252,1.007547638779599,1.0073655852544952,0.9945211133458721,0.995153813314668,0.993492518556837,1.0004525358612013,1.0021046874757915,1.000418274546389,-0.021428571428571224,0.054285714285714395,0.0036666666666666475,-0.009561857142856971,0.041434642857142885,-0.003966333333333338,272658.5714285714,-62479.357142857145,-46275.8
2015-01-07,31.780001,31.91,31.459999,31.719999,23.590004,4039936.0,1.0040905914383074,0.9899307114559248,0.9981119572651996,-0.059999000000001246,-0.044622000000000384,-731148.0,1.0056132938783626,1.0072817881498841,1.0073981941413352,0.9938887384934045,0.9948066022402966,0.9936341045561751,0.9997349874364806,1.0018768189998914,1.0006769509415363,-0.017142714285714282,0.07571442857142838,-0.011666666666666714,-0.02974814285714292,0.05099621428571436,-0.00247903333333331,369889.14285714284,46135.78571428572,-3833.733333333333
2015-01-08,31.92,32.09,31.700001,31.91,23.731308,3043671.0,1.0053258145363408,0.9931078007518797,0.9996867167919798,0.1399990000000031,0.1413039999999981,-996265.0,1.0053944443238618,1.0072434086992765,1.0074189825255666,0.9932158770922467,0.994640039835742,0.9935924534004644,0.9990222687155963,1.001761377415007,1.000697855085386,-0.02285742857142838,0.08714278571428581,0.0006666666666667708,-0.0339971428571429,0.06215192857142858,0.0009916333333332972,3514.714285714286,-202809.7142857143,-36964.63333333333
2015-01-09,32.150002,32.450001,32.119999,32.389999,24.08828,4851631.0,1.0093312280353823,0.9990667807734507,1.0074649139990723,0.23000199999999893,0.3569720000000025,1807960.0,1.0057978208730751,1.0072796705524107,1.0074683824344381,0.9943663707642074,0.9948768383690462,0.9937497291384388,1.0011068752707784,1.0025980426072842,1.0006850445263809,-0.017142571428571785,0.11071442857142852,0.01000006666666664,0.03718428571428589,0.10199278571428572,0.007189066666666714,178990.42857142858,-121407.0,-19596.233333333334
2015-01-12,32.099998,32.389999,32.099998,32.23,23.969288,2500186.0,1.0090342996283055,1.0,1.0040499067943867,-0.05000400000000127,-0.11899200000000221,-2351445.0,1.0065089788807908,1.006548664379711,1.0074686677919267,0.9945892323713393,0.9948768383690462,0.9937704781781498,1.0015071360753782,1.0020475367702988,1.0005606784231382,0.00714271428571424,0.10571407142857149,-0.0010001000000000222,0.014873999999999452,0.06640107142857131,-0.003718500000000091,131741.2857142857,-487796.28571428574,-57936.0
2015-01-13,32.0,32.18,31.879999,32.16,23.917231,3234690.0,1.005625,0.99624996875,1.005,-0.09999799999999937,-0.0520569999999978,734504.0,1.0064221928326227,1.0064280812711786,1.0073464754302985,0.9948548313438162,0.9950859287858308,0.9936454771364832,1.001598174672182,1.0018823108046235,1.0005621752797038,-0.012857142857143344,0.03928564285714283,-0.009666700000000123,-0.007436714285713971,0.025498285714285678,-0.007189099999999963,186980.57142857142,-751011.1428571428,-40074.73333333333
2015-01-14,32.23,32.23,31.615,31.67,23.552818,4555398.0,1.0,0.9809183990071363,0.9826248836487745,0.22999999999999687,-0.36441300000000254,1320708.0,1.005535152400595,1.0055264922449472,1.0073156598174833,0.993060271706346,0.9940835937984243,0.9935538521045866,0.999293426827985,0.999739642039019,1.0005274330691953,0.002857285714284785,0.03857135714285701,-0.007333366666666782,-0.05312128571428636,-0.02231085714285744,-0.006197500000000034,292591.5714285714,-98982.14285714286,-110582.4
2015-01-15,31.5,31.540001,31.24,31.5,23.426392,7411413.0,1.0012698730158731,0.9917460317460317,1.0,-0.7299999999999969,-0.1264259999999986,2856015.0,1.0049538295220297,1.0052152906144776,1.0071913222513458,0.9930028132120604,0.9937619632789663,0.993695386496121,0.999562625499916,1.0000075806805588,1.000881599735862,-0.04857142857142855,-0.034999999999999885,-0.016666666666666666,-0.029747714285714415,-0.019654785714285694,-0.003966333333333338,377189.85714285716,324924.21428571426,71385.66666666667
2015-01-16,31.26,31.4,31.049999,31.26,23.247906,4586378.0,1.0044785668586051,0.9932821177223288,1.0,-0.23999999999999844,-0.17848599999999948,-2825035.0,1.0050092545820724,1.0053112742302175,1.007267045389795,0.9934815855358324,0.9936851620146185,0.9939233255332253,0.9998323458906019,0.9997836666635413,1.000881599735862,-0.07428585714285672,-0.0457142857142855,-0.015333299999999994,-0.048871142857142856,-0.03930964285714289,-0.011403266666666667,78063.14285714286,223976.14285714287,-57531.63333333333
2015-01-19,31.6,31.65,31.16,31.280001,23.262777,4711237.0,1.0015822784810127,0.9860759493670885,0.9898734493670885,0.33999999999999986,0.014870999999999412,124859.0,1.0044744637170255,1.0049344540204437,1.0067703944332118,0.9924770353380051,0.9928464562151259,0.9935648408060209,0.9984304505441888,0.9987263596298926,1.000311611696304,-0.045714285714285756,-0.03428585714285707,0.001666700000000058,-0.06693299999999981,-0.05046507142857136,-0.01214703333333335,238223.7142857143,120869.21428571429,-1441.5
2015-01-20,31.299999,31.610001,31.219999,31.51,23.433828,4055062.0,1.0099042175688249,0.9974440893752106,1.0067092973389553,-0.30000100000000174,0.1710509999999985,-656175.0,1.0045563193646603,1.0051770701188676,1.0066400420832033,0.9922452222811138,0.9933057965226606,0.9934796437851946,0.9983225053070294,0.9997146902889037,1.0001480220785601,-0.12142900000000013,-0.06928578571428597,-0.018333366666666726,-0.09349314285714325,-0.028154428571428674,-0.017600833333333437,-113795.57142857143,32597.428571428572,-11323.733333333334
2015-01-21,31.610001,31.809999,31.469999,31.629999,23.523071,5703672.0,1.0063270482022446,0.9955709586975338,1.0006326478762213,0.3100020000000008,0.08924300000000329,1648610.0,1.0041695691609374,1.005339274020864,1.0066280995771755,0.9916125020950471,0.9931008672331932,0.9938087907915303,0.997834325461577,0.9996707307684777,1.0002313014687958,-0.06999957142857127,-0.03142842857142852,-0.018333299999999872,-0.06374528571428531,-0.02443564285714293,-0.011651233333333266,457640.85714285716,294691.0714285714,16445.2
2015-01-22,31.82,31.98,31.690001,31.77,23.627188,4832397.0,1.0050282840980516,0.9959145505971086,0.9984286612193589,0.20999899999999982,0.10411699999999868,-871275.0,1.0040843240320874,1.005253258432355,1.0063712784184697,0.9915645852160626,0.9932097082799395,0.9937243679423317,0.9968955627786283,0.9992468687254051,0.9999718831432001,-0.025714285714285672,-0.01928571428571451,-0.012666700000000001,-0.04143471428571439,-0.02443571428571418,-0.015617666666666707,228243.85714285713,207612.2142857143,-85612.63333333333
2015-01-23,32.060001,32.27,32.0,32.200001,23.946978,5658329.0,1.0065501869447853,0.9981284779123993,1.0043668120908669,0.24000099999999946,0.31979000000000113,825932.0,1.0050200650241996,1.0052776087123974,1.0063409370021323,0.9940231679168144,0.9935417198115802,0.9940142769212763,1.0000015525560702,0.9996474896920275,1.0004179295249143,-0.024285571428571018,-0.010714142857143116,-0.0036665666666666633,0.05630857142857185,0.0015936428571427439,0.007932733333333412,157561.57142857142,225076.57142857142,-47300.833333333336
2015-01-27,32.32,32.610001000000004,32.220001,32.57,24.222147,5425400.0,1.0089728032178218,0.9969059715346535,1.0077351485148516,0.25999900000000054,0.2751689999999982,-232929.0,1.006120483624478,1.0055371565732538,1.0065877018189693,0.9947603021723319,0.9938815576921962,0.9944762928222484,1.0011065737724776,1.0003345996361968,1.0010525338997944,0.11714285714285719,0.034285714285714315,0.015666666666666627,0.11367928571428568,0.04196578571428563,0.02677306666666664,-283716.14285714284,46736.857142857145,-35486.13333333333
2015-01-28,32.5,32.73,32.23,32.639999,24.274206,5292642.0,1.007076923076923,0.9916923076923077,1.0043076615384616,0.17999999999999972,0.052058999999999855,-132758.0,1.006491677369952,1.0057504659760121,1.006545910471004,0.9945331864537575,0.9940073859947949,0.9943595748129384,1.0017219539922577,1.0007771499414297,1.0011961226177433,0.1771428571428569,0.0514285000000001,0.04300003333333334,0.14661428571428559,0.04887157142857136,0.035449533333333366,100894.85714285714,89479.0,-11310.033333333333
2015-01-29,32.389999,33.07,32.349998,32.950001,24.504751,6416777.0,1.0209941655138672,0.9987650200297936,1.0172893490981583,-0.1100009999999969,0.23054499999999933,1124135.0,1.0092648040889312,1.0068696339029783,1.0070419407843576,0.9963459108341439,0.9944114730860745,0.9945650840606067,1.0056385110966963,1.0020344808204427,1.0018582343401485,0.11285700000000023,0.03357135714285724,0.043666633333333496,0.177424857142857,0.05524592857142859,0.048340333333333284,243648.57142857142,240936.14285714287,25699.4
2015-01-30,33.16,33.27,32.959999,33.0,24.541935,11988358.0,1.003317249698432,0.9939686067551269,0.9951749095295538,0.7700009999999935,0.037183999999999884,5571581.0,1.008323808678875,1.0064400640217677,1.0068920990991617,0.9958494133169891,0.9940473177990513,0.9945376487358734,1.003990741409639,1.001156623358334,1.0016539941268736,0.26571442857142813,0.07214271428571399,0.0813333666666665,0.15830100000000005,0.03240392857142841,0.055529266666666646,1133328.0,509766.21428571426,286477.43333333335
2015-02-02,33.0,33.48,33.0,33.369999,24.817099,4916730.0,1.0145454545454544,1.0,1.011212090909091,-0.1599999999999966,0.2751640000000002,-7071628.0,1.0094978667279049,1.0068337179444211,1.0071815100225152,0.9964821335030557,0.9940473177990514,0.9946896595886852,1.0055020904143346,1.0016682079379557,1.001984300524498,0.19857128571428564,0.06428585714285719,0.07666663333333332,0.18486114285714247,0.060557928571428575,0.06519726666666668,-112420.28571428571,172610.2857142857,-32209.233333333334
2015-02-03,33.490002000000004,34.139999,33.459999,34.110001000000004,25.367435,8667285.0,1.01940868800187,0.9991041206865261,1.0185129579866852,0.49000200000000405,0.5503360000000015,3750555.0,1.0115522101427363,1.0078182670874118,1.0075343475528606,0.9969377863729724,0.9942511857945175,0.9948014102346632,1.0083712756668097,1.002633419222719,1.0027430124138144,0.23857171428571483,0.10642871428571457,0.09633340000000008,0.2486067142857143,0.10358599999999996,0.09023513333333331,547841.1428571428,388042.5,70531.86666666667
2015-02-04,34.59,34.740002000000004,34.32,34.619999,25.746719,7687623.0,1.004336571263371,0.9921942758022549,1.0008672737785487,1.0999979999999994,0.3792839999999984,-979662.0,1.0112359793311056,1.0081280221776525,1.0070366203934364,0.9960900432143803,0.9950566055655975,0.9945412194280717,1.0078713416221927,1.0039364470891314,1.0023800219226933,0.3614284285714291,0.16857142857142904,0.13233330000000015,0.2571058571428568,0.1567072142857143,0.09023486666666661,289899.14285714284,223730.35714285713,-54723.7
2015-02-05,34.599998,35.07,34.43,34.98,26.014448,6185635.0,1.013583873617565,0.9950867627217782,1.010982717397845,0.009997999999995955,0.26772900000000277,-1501988.0,1.011894703673926,1.009007593649202,1.0072456440633735,0.9958301562411124,0.9952952292067222,0.9946000214216303,1.008335280034049,1.004720926903263,1.0025023403853062,0.3257139999999999,0.22142842857142853,0.10499989999999997,0.2560430000000003,0.18486114285714297,0.08180643333333333,108605.0,-87555.57142857143,-252107.03333333333
2015-02-06,35.02,35.27,34.700001,34.900002,25.954956,5391211.0,1.0071387778412335,0.9908623929183323,0.9965734437464305,0.42000200000000376,-0.05949200000000232,-794424.0,1.0119035400688277,1.0091976087193897,1.0070628617791733,0.9957115969876874,0.9951223917207225,0.9944637315578805,1.0072303917780447,1.0044761728851512,1.001967380297946,0.36000000000000043,0.2685714285714287,0.11099996666666681,0.24010714285714282,0.1933607142857142,0.06965953333333322,14081.285714285714,57488.07142857143,-18331.233333333334
2015-02-09,34.75,34.98,34.549999,34.98,26.014448,3042276.0,1.0066187050359712,0.9942445755395684,1.0066187050359712,-0.2700000000000031,0.05949200000000232,-2348935.0,1.0098499028576995,1.0095573534733153,1.0070959287522905,0.9950658192033696,0.9957058650187566,0.9943969221085847,1.005706014054875,1.0056722625757855,1.0023130418318638,0.3371429999999996,0.2249999999999999,0.09200000000000005,0.2156710000000004,0.1965479285714287,0.07709630000000006,-482071.5714285714,-119211.5,5993.4
2015-02-10,34.98,34.98,34.790001000000004,34.900002,25.954956,2943790.0,1.0,0.9945683533447687,0.9977130360205833,0.22999999999999687,-0.05949200000000232,-98486.0,1.009376010043638,1.0088499093612564,1.006991435544349,0.995151497287604,0.9955004553022967,0.9944039560393036,1.0060686035535935,1.0050296724816161,1.002132316491275,0.26000000000000006,0.26285721428571407,0.10266666666666661,0.20186014285714293,0.1800805714285715,0.07189049999999994,-1292081.142857143,-79376.57142857143,49769.26666666667
2015-02-11,35.049999,35.259998,34.834999,35.09,26.096256,4035130.0,1.0059914124391274,0.9938659056737777,1.0011412553820616,0.06999900000000281,0.1413000000000011,1091340.0,1.0081540040284482,1.0088259353781768,1.0069625572450585,0.9942751980981438,0.9953786658005997,0.9942722252097635,1.004629912764018,1.0050660015891764,1.0020145000760714,0.292857,0.2457141428571428,0.09899989999999997,0.1827367142857145,0.1837989285714285,0.07089893333333339,-125942.85714285714,-119181.57142857143,33868.73333333333
2015-02-12,35.150002,35.23,34.939999,34.98,26.014448,5263779.0,1.002275903142196,0.9940255195433559,0.9951635280134549,0.10000300000000095,-0.08180799999999877,1228649.0,1.005706463334209,1.0086293367384727,1.0068215009434354,0.9935496836491194,0.995243735011046,0.9943726316922177,1.0012942799106992,1.0048327777887545,1.0020908620727598,0.23714285714285666,0.23785728571428574,0.09600006666666658,0.09243042857142873,0.17051857142857152,0.0728819333333334,-486215.14285714284,30813.0,55502.7
2015-02-13,35.09,35.75,35.060001,35.740002000000004,26.57966,7532324.0,1.018808777429467,0.9991450840695354,1.0185238529495584,-0.060001999999997224,0.5652119999999989,2268545.0,1.007773921357937,1.0095049503445213,1.0073132537386078,0.994542656258731,0.9953163497365558,0.9943961355361997,1.0038166483637008,1.0058439949929467,1.0026667211323388,0.07142857142857142,0.21642850000000027,0.10133336666666679,0.11899157142857167,0.1880487142857142,0.09048299999999992,-22185.571428571428,133856.7857142857,198477.56666666668
2015-02-16,35.740002000000004,35.869999,35.330002,35.869999,26.676338,3069185.0,1.0036372969425127,0.988528260295005,1.0036372969425127,0.6500020000000006,0.09667800000000071,-4463139.0,1.0063529818329298,1.009123842753428,1.0072267468921188,0.9936057273406205,0.9947179417908665,0.9942007183479445,1.0027673025843673,1.0055512913092082,1.0026425400363437,0.16285771428571497,0.24428585714285742,0.12166673333333336,0.09455571428571423,0.17529935714285724,0.09023500000000008,-445207.14285714284,-168301.07142857142,38111.96666666667
2015-02-17,34.790001000000004,35.27,34.549999,34.990002000000004,26.021885,9594896.0,1.0137970389825512,0.9931014086489964,1.005748806963242,-0.9500010000000003,-0.6544530000000002,6525711.0,1.007304161995975,1.0096038510324015,1.0074796720907309,0.9939255867307154,0.9948185918592014,0.9941880880872634,1.0040780687581976,1.005654230268121,1.0028755629831798,-0.032856999999999914,0.16357150000000026,0.08600006666666668,0.00956128571428597,0.1248342142857144,0.0699072666666666,600526.4285714285,307303.85714285716,236254.63333333333
2015-02-18,35.139999,35.139999,34.57,35.130001,26.126003,7222349.0,1.0,0.9837791970341262,0.9997154809253124,0.34999799999999937,0.10411799999999971,-2372547.0,1.0063586327051222,1.008104267781411,1.0073017009852032,0.9924305326585093,0.9937481759309394,0.9939091199482,1.0030918938852464,1.0043989539700606,1.0029288920374742,0.0557141428571433,0.19642857142857142,0.10999996666666677,0.015936428571428456,0.11580371428571443,0.08304589999999999,597153.2857142857,57540.857142857145,81708.83333333333
2015-02-19,35.16,35.209999,34.830002,35.0,26.029324,4658303.0,1.001422042093288,0.9906143913538112,0.9954493742889648,0.020000999999993496,-0.09667900000000174,-2564046.0,1.0065617815755918,1.0079688958096147,1.0072127493403693,0.9918656809455154,0.9935085891165597,0.9939319092781296,1.0027685136378723,1.004418558595733,1.0028401392715998,0.025714285714285672,0.14285714285714285,0.11266663333333327,0.010623999999999967,0.10624207142857145,0.08131066666666661,244930.42857142858,-523575.35714285716,20612.233333333334
2015-02-20,34.98,35.080002,34.759998,34.810001,25.888021,3787610.0,1.002858833619211,0.9937106346483707,0.995140108633505,-0.17999999999999972,-0.14130300000000062,-870693.0,1.0061142703156036,1.007134137172026,1.0071305166431315,0.9918434993704572,0.9930593487343006,0.9939520037413458,1.001911206959507,1.0032705598617624,1.0026885856663172,-0.009999857142857544,0.1414285714285712,0.10199999999999984,-0.02974785714285742,0.07649442857142853,0.07189043333333332,-35360.0,-80651.42857142857,24797.966666666667
2015-02-23,34.939999,35.119999,34.75,35.040001000000004,26.059072,3713731.0,1.005151688756488,0.9945621349330891,1.0028621065501462,-0.04000099999999662,0.17105100000000206,-73879.0,1.006525096831931,1.00611578008307,1.0069911986671685,0.9919201587118478,0.9927349211804836,0.9938018488800004,1.0030110038933202,1.0021526419020097,1.0025351587513531,-0.030000428571428626,0.10357121428571402,0.09299989999999998,0.0063748571428569835,0.04940264285714286,0.06569306666666665,-221435.42857142858,-353825.28571428574,-37930.0
2015-02-24,35.040001000000004,35.310001,34.740002000000004,35.290001000000004,26.244997,6138027.0,1.0077054792321494,0.9914383849475347,1.0071347029927311,0.10000200000000348,0.185925000000001,2424296.0,1.0049389113751714,1.0063564163665544,1.0069469046539632,0.990819201694419,0.992680928976575,0.9935164617115849,1.0013839824709163,1.0026003154173087,1.0026379852912979,-0.00714271428571424,0.03214292857142859,0.09800010000000015,-0.047808999999999865,0.0355912857142859,0.07585696666666676,-199185.2857142857,-110685.42857142857,121261.36666666667
2015-02-25,35.380001,35.52,35.27,35.310001,26.259872,3611349.0,1.003957009498106,0.9968908706362106,0.9980214811186693,0.3399999999999963,0.014874999999999972,-2526678.0,1.004984584597399,1.0056687832151643,1.0068913049705668,0.9920138603145913,0.9928097938276059,0.993537825107792,1.0005817230675103,1.0016745128259388,1.0024053679952536,-0.05142871428571486,0.05571450000000005,0.1126667,-0.05949514285714282,0.017530285714285703,0.07808803333333335,77452.0,-183877.57142857142,12555.3
2015-02-26,35.220001,35.310001,35.029999,35.16,26.14831,3754953.0,1.0025553661966107,0.9946052812434615,0.9982963941426348,-0.1599999999999966,-0.11156200000000283,143604.0,1.0033786313422648,1.0053413966691198,1.0069764838437871,0.9922286992566577,0.9930771429936865,0.9939940545156696,0.9995170926645663,1.001797580711382,1.002927751678382,0.06142857142857139,0.014285785714285737,0.09966670000000022,0.018060714285713937,0.013810999999999954,0.08651640000000001,-834277.5714285715,-116875.57142857143,-26681.5
2015-02-27,35.299999,35.509998,34.970001,35.34,26.282183000000003,11279765.0,1.0059489803384982,0.9906516144660515,1.001133172836634,0.07999799999999624,0.1338730000000048,7524812.0,1.004228485676336,1.005293559190729,1.0071324540878746,0.9932104731755043,0.9928205029170069,0.9939575739396702,0.9997196200804694,1.001405756982858,1.0029655241062698,0.02285714285714237,0.03928564285714283,0.12666663333333333,0.02231142857142895,0.0191239285714287,0.09519303333333345,579630.8571428572,588392.0714285715,128945.06666666667
2015-03-02,35.360001000000004,35.880001,35.349998,35.700001,26.549911,4960456.0,1.0147058819370507,0.999717109736507,1.0096153843434563,0.06000200000000433,0.2677279999999982,-6319309.0,1.0061261770825876,1.0063439793290898,1.0074733645904894,0.9945108615158892,0.9931882712307024,0.9941720736734762,1.0017433358025396,1.002255924720206,1.0032860369177186,0.02857157142857249,0.02714292857142908,0.13666670000000009,0.0743695714285718,0.04249678571428588,0.11006683333333338,43164.71428571428,144047.57142857142,12469.266666666666
2015-03-03,35.73,36.09,35.43,35.66,26.520157,4740505.0,1.0100755667506298,0.9916036943744753,0.9980408620207109,0.36999899999999286,-0.029754000000000502,-219951.0,1.0071571389585048,1.0066357046370542,1.0077564741994767,0.99420987004819,0.9930266847093235,0.9943563318403891,1.002157729143569,1.002034468051538,1.0035582840061725,0.10714285714285714,0.0485714999999998,0.13766666666666652,0.09030514285714324,0.03027864285714291,0.10857933333333337,136127.85714285713,50383.92857142857,975.6
2015-03-04,35.849998,35.889999,35.41,35.52,26.416042,3608624.0,1.0011157880678265,0.9877266938759661,0.9907950343539769,0.11999800000000249,-0.10411500000000018,-1131881.0,1.0065805817172673,1.0065528392745993,1.0074635265494434,0.9932333784686008,0.9925767685902243,0.9940324186570809,1.0004338616869732,1.0017224327901466,1.00302780857334,0.12999985714285703,0.049999714285714196,0.15166663333333333,0.05099571428571435,0.028685285714285667,0.09940713333333343,-15015.285714285714,-118225.35714285714,-14881.266666666666
2015-03-05,35.5,35.630001,35.294998,35.5,26.401171,6492415.0,1.003662,0.9942252957746479,1.0,-0.34999799999999937,-0.014870999999999412,2883791.0,1.0060029418269603,1.005470926601066,1.0073746916093687,0.9936315085867601,0.9922253551405894,0.993987563226318,0.9994146184022975,1.0003993004366067,1.0030067203107993,0.06571414285714232,0.029285714285714044,0.1296666333333333,0.022310571428571433,-0.012749214285714214,0.09593666666666666,50626.857142857145,-74279.21428571429,26291.433333333334
2015-03-06,35.389999,35.669998,35.25,35.389999,26.319368,3198641.0,1.0079118114696752,0.9960441083934475,1.0,-0.1100009999999969,-0.08180300000000074,-3293774.0,1.0065679135371843,1.005776249067292,1.0074708091884228,0.9935105425520795,0.9927622014333355,0.9939918818195292,0.9996972639567733,1.0001394935121417,1.003059098270154,0.0014282857142861513,-0.025000214285714355,0.11899996666666676,0.008499428571428476,-0.025497857142857176,0.08973933333333335,-58958.28571428572,9246.857142857143,-54458.53333333333
2015-03-09,35.150002,35.330002,35.049999,35.16,26.14831,3030214.0,1.0051209100926937,0.997154964600002,1.0002844381061484,-0.23999700000000246,-0.17105800000000215,-168427.0,1.0069344198080536,1.005156525575159,1.0074231666266864,0.9938747830315854,0.9930517411441215,0.9939594313757828,0.9999812702372751,0.9997491814509207,1.00292301913733,-0.009999857142857544,0.02571435714285692,0.10300003333333337,0.0,0.009030357142856969,0.07337773333333324,-103534.14285714286,-468905.85714285716,-87603.83333333333
2015-03-10,35.290001000000004,35.529999,35.110001000000004,35.299999,26.252434,3526711.0,1.006800736559911,0.994899405075109,1.0002833097114392,0.1399990000000031,0.10412400000000233,496497.0,1.0070560992682553,1.0056422924722956,1.007350764404756,0.9944816102614507,0.9938460417184775,0.9938925458271313,0.9998598612193904,0.9997897406499298,1.0026746245105496,-0.0014282857142851363,0.010714428571428616,0.09900003333333345,-0.004249857142857495,0.009030785714285727,0.06767623333333338,-1107579.142857143,-263974.14285714284,-63289.63333333333
2015-03-11,35.0,35.349998,34.900002,35.220001,26.192936,3511560.0,1.009999942857143,0.9971429142857143,1.006285742857143,-0.29000100000000373,-0.05949800000000138,-15151.0,1.00638382225684,1.0062549996697139,1.00744819839743,0.9941138680541945,0.994312364785042,0.9940742327135781,0.999384198149917,1.0005637669762282,1.0027405605545057,-0.05142871428571486,-0.011428571428571186,0.08333333333333333,-0.050996428571428866,0.011686571428571466,0.06395766666666666,-206985.14285714287,-81910.21428571429,-59369.4
2015-03-12,35.16,35.75,35.139999,35.639999,26.505289,3581716.0,1.0167804323094427,0.9994311433447101,1.0136518486916952,0.1599999999999966,0.31235300000000166,70156.0,1.0073416601938132,1.0072493995761589,1.0073077406239492,0.9952320750499425,0.9947209725490662,0.9940964368240753,1.0016143391029149,1.0018860341232418,1.0026193105409569,-0.08142857142857148,0.012857142857142836,0.09233336666666644,-0.002123999999999983,0.04409057142857163,0.06668460000000008,-165541.2857142857,-14706.714285714286,-94502.03333333334
2015-03-13,35.650002,35.810001,35.299999,35.439999,26.356552,2794838.0,1.0044880502390996,0.9901822445900563,0.9941093130934466,0.49000200000000405,-0.14873700000000056,-786878.0,1.0078234119325664,1.0072019968249168,1.0073467673086383,0.9955828680090981,0.9944081232388495,0.9939702247519064,1.0020878074942676,1.0012608345906204,1.0025837906597532,-0.02857085714285696,0.05071450000000003,0.0830000666666668,-0.008498571428571466,0.021248571428571443,0.0604872333333334,-116255.14285714286,-65635.21428571429,-306450.6666666667
2015-03-16,35.5,35.68,35.200001,35.549999,26.438354,3055436.0,1.0050704225352112,0.991549323943662,1.0014084225352113,-0.15000200000000063,0.08180199999999971,260598.0,1.0080246151518824,1.0070137784894213,1.0070309329082965,0.9952005863189574,0.9944160474528586,0.9936885355500285,1.0022890107135836,1.0008518145579404,1.0022570017139574,0.0,0.03285707142857116,0.08333333333333333,0.005311857142856979,0.013811214285714206,0.05404183333333338,-490997.0,-220185.07142857142,-62043.13333333333
2015-03-17,35.82,36.049999,35.77,35.91,26.706087,4020567.0,1.0064209659408152,0.998604131769961,1.0025125628140703,0.3200000000000003,0.2677329999999998,965131.0,1.007811637219188,1.0071897753781862,1.0065980088395947,0.9955663039441734,0.9945384232481265,0.9936718692528095,1.0026479482584507,1.001172606107612,1.0017236552082036,0.061428714285713885,0.03142850000000002,0.07766659999999988,0.05524557142857134,0.03187249999999991,0.04462173333333332,117418.0,29229.85714285714,-154890.6
2015-03-18,35.740002000000004,35.970001,35.5,35.919998,26.713526,4662636.0,1.0064353381961197,0.9932847793349311,1.0050362616096102,-0.07999799999999624,0.007439000000001528,642069.0,1.0079994126625347,1.007466916235294,1.0066679677373531,0.9950134203348776,0.9944441016832315,0.9937082193705654,1.0033267801875165,1.001654025212396,1.0018626214692388,0.08428571428571477,0.03714292857142861,0.038333400000000024,0.08074514285714329,0.040372571428571646,0.03222690000000009,233203.14285714287,64834.5,-100832.9
2015-03-19,36.290001,36.68,36.110001,36.630001,27.241545,8311940.0,1.0107467343415064,0.9950399560473971,1.0093689719104721,0.5499989999999926,0.5280189999999969,3649304.0,1.008563126631334,1.0078096129497947,1.0065733964281511,0.9950334990452046,0.9947575546533277,0.9937066591480861,1.0046247319302355,1.0022422965748128,1.001808829952993,0.14285714285714185,0.07071442857142836,0.056333433333333245,0.14130157142857108,0.06852585714285679,0.04090323333333323,683604.1428571428,-211987.5,70876.83333333333
2015-03-20,36.580002,36.869999,36.459999,36.790001,27.360542,7294936.0,1.0079277469695054,0.9967194370301019,1.0057408143389384,0.29000100000000373,0.11899700000000024,-1017004.0,1.0082670986473856,1.007325460452113,1.0065996953990937,0.9949730022944028,0.9945434351742987,0.9939018939518116,1.0045468849990633,1.0019655415744901,1.0021144089727434,0.2257145714285715,0.08714292857142832,0.052000066666666574,0.16680085714285703,0.057902214285714085,0.04685286666666665,540482.2857142857,166748.57142857142,63457.5
2015-03-23,36.889999,37.049999,36.759998,36.799999,27.367973,3614944.0,1.0043372188760427,0.9964759825555972,0.9975603143822258,0.30999700000000274,0.0074310000000004095,-3679992.0,1.0064894967283287,1.0069155784610708,1.0065236458604292,0.9945508364673866,0.9948914557586646,0.9939762741856792,1.0022480943834249,1.0019312167431698,1.0018124626176186,0.24714271428571521,0.08285707142857188,0.0713333000000001,0.12324057142857114,0.06055828571428558,0.04511749999999992,4746.857142857143,-80397.21428571429,19088.933333333334
2015-03-24,36.689999,36.939999,36.610001,36.889999,27.434904,3616235.0,1.0068138459202465,0.9978196238162884,1.0054510767361973,-0.20000000000000284,0.0669310000000003,1291.0,1.0068217532542068,1.0073225825933867,1.0067507740577708,0.9956418906425627,0.9956123793258305,0.9940846498680634,1.0038683463323894,1.0029780769133285,1.002070397308139,0.14857099999999995,0.06000007142857149,0.056999966666666776,0.15405028571428556,0.07277585714285704,0.04933160000000001,117342.42857142857,543.6428571428571,22414.833333333332
2015-03-25,36.700001,37.189999,36.700001,37.189999,27.658012,4968789.0,1.0133514437778899,1.0,1.0133514437778899,0.010002000000000066,0.22310799999999986,1352554.0,1.0080047562888752,1.0080146857203787,1.0069961084357295,0.9968491300791824,0.9960248581990699,0.9942891196789374,1.0055744922242005,1.003931751468892,1.002477403588,0.17142871428571432,0.08571435714285716,0.05500006666666669,0.174236857142857,0.08977435714285699,0.0520585333333333,273336.14285714284,-108830.42857142857,31121.966666666667
2015-03-26,36.869999,36.900002,36.400002,36.400002,27.070499,6642925.0,1.000813751039158,0.9872525898359802,0.9872525898359802,0.16999799999999965,-0.5875129999999977,1674136.0,1.0072037255886384,1.0075076814039132,1.006947370032295,0.9952274812314708,0.9953968925878222,0.9940633553553583,1.0033944960844734,1.003021222171462,1.0022137056487508,0.1499998571428571,0.1057142857142855,0.05733323333333331,0.05205885714285736,0.05365221428571435,0.0352017,374622.5714285714,246020.2857142857,45971.53333333333
2015-03-27,36.389999,36.799999,36.310001,36.799999,27.367973,11840293.0,1.0112668318567417,0.9978016487442057,1.0112668318567417,-0.4799999999999969,0.2974739999999976,5197368.0,1.0078939389687271,1.007946675815631,1.0066959718465374,0.9958727482899387,0.9954430843124082,0.9940185741778472,1.0042845775483493,1.0038056788679328,1.001971804945657,0.09285671428571415,0.08857121428571446,0.04333329999999999,0.09349242857142823,0.08711878571428576,0.026277099999999956,1025379.5714285715,629291.3571428572,143598.96666666667
2015-03-30,36.549999,36.59,36.299999,36.360001,27.040751,4063043.0,1.0010944186345943,0.9931600545324228,0.994801696164205,0.1599999999999966,-0.327221999999999,-7777250.0,1.0065150367248827,1.0075390816781082,1.0066112092362736,0.9956041909306566,0.9953188449879306,0.9941729673190945,1.0022035381560255,1.0034141350431305,1.001677284919713,0.037142571428571865,0.08999985714285685,0.026999899999999855,-0.028684857142856908,0.05630835714285709,0.012147099999999966,-606985.2857142857,38309.42857142857,33128.6
2015-03-31,36.549999,36.82,36.549999,36.639999,27.248985,4373839.0,1.0073871684647653,1.0,1.002462380368328,0.0,0.20823400000000092,310796.0,1.0064378112242056,1.0073524549357955,1.0063975468856807,0.9960728427834992,0.995522922538951,0.9944029203641279,1.0017351904459384,1.0031410377225007,1.0015677373665495,-0.004286142857142953,0.11071421428571426,0.05866659999999987,-0.015936714285713954,0.07543207142857154,0.04090333333333333,-417299.5714285714,61591.357142857145,-174035.23333333334
2015-04-01,36.32,36.66,36.32,36.450001,27.107683,5507078.0,1.009361233480176,1.0,1.0035793226872247,-0.2299989999999994,-0.1413019999999996,1133239.0,1.0071555275962245,1.0068225121622765,1.0067095880016865,0.9965762738469852,0.995563555157186,0.9949436137963237,1.0025950487752238,1.0024215715793243,1.0016965320919466,-0.08142842857142897,0.08285714285714312,0.03933336666666657,-0.037184285714285385,0.04302814285714288,0.03272266666666669,270304.85714285716,137525.85714285713,-57175.7
2015-04-02,36.459999,36.779999,36.459999,36.669998,27.271294,3005871.0,1.0087767418753903,1.0,1.0057597094284065,0.1399990000000031,0.1636109999999995,-2501207.0,1.0074359413041023,1.0071288472791544,1.0069547446610898,0.9968877561589442,0.9962648234007535,0.9952564674178634,1.002639139159825,1.0032537427461072,1.002040209929928,-0.03285714285714241,0.05785692857142877,0.04333330000000023,-0.023372857142856925,0.06533871428571432,0.04139900000000007,-87194.85714285714,15073.785714285714,-55081.066666666666
2015-04-07,37.049999,37.25,36.509998,36.900002,27.442347,4246821.0,1.0053981377975205,0.9854250738306364,0.9959514978664372,0.5899999999999963,0.17105300000000057,1240950.0,1.006299754735478,1.0071522555121766,1.0070393881337003,0.994805623849035,0.9958273769641087,0.9949802820572722,1.0001534326010462,1.0028639624126234,1.0020672562376922,0.049999714285714196,0.11071421428571426,0.06899996666666676,-0.030809285714285397,0.0717137857142858,0.051810866666666774,-103138.28571428571,85098.92857142857,15307.033333333333
2015-04-08,36.900002,37.049999,36.66,36.790001,27.360542,3212427.0,1.0040649591292705,0.9934958811113342,0.9970189432510057,-0.14999699999999905,-0.08180500000000279,-1034394.0,1.0067642130340655,1.006983969311352,1.007003163812793,0.9956975226026571,0.995462501917064,0.9949447402632138,1.0015486259460498,1.0024715610152615,1.001872484127721,0.004286142857142953,0.07714300000000003,0.06533343333333334,0.04143471428571388,0.04674678571428562,0.04338233333333328,-490071.14285714284,-57724.28571428572,-16710.133333333335
2015-04-09,36.799999,36.919998,36.52,36.619999,27.23411,3406381.0,1.003260842479914,0.9923913313149819,0.9951086955192581,-0.10000300000000095,-0.12643199999999766,193954.0,1.0056205002659473,1.0067572196173373,1.006855009254385,0.994924620112768,0.9953986842013532,0.9949765051421287,0.9992403207549808,1.001762449151665,1.0014716172119384,0.05857142857142809,0.07571407142857112,0.05866659999999987,-0.019123285714285437,0.03718457142857139,0.03297043333333332,-1204844.5714285714,-89732.5,-91054.86666666667
2015-04-10,36.650002,36.849998,36.41,36.799999,27.367973,2892832.0,1.0054569164825693,0.9934515146820455,1.004092687361927,-0.14999699999999905,0.13386299999999807,-513549.0,1.0062437142442293,1.006379375484556,1.0069050061538671,0.9949662572769997,0.9952852241038281,0.9948618599436564,1.0005676052117982,1.001385571683912,1.0016739907533805,0.014286142857142994,0.02571435714285743,0.042333366666666684,0.04674599999999986,0.009030571428571475,0.03693669999999993,-167173.0,-387079.14285714284,-23950.566666666666
2015-04-13,36.849998,36.98,36.720001,36.740002,27.323355,2440668.0,1.00352786993367,0.9964722657515478,0.9970150337592962,0.19999599999999873,-0.044617999999999824,-452164.0,1.0056923858826445,1.006065098553425,1.0069374229451025,0.9944622952415065,0.9952675690125029,0.9949240927605927,0.9997894128390793,1.0007623016425087,1.0016312787406025,0.04285699999999996,0.019285428571428502,0.054333233333333196,0.010624285714285467,-0.002656214285714244,0.03916816666666669,-276167.28571428574,-346733.4285714286,-43809.5
2015-04-14,36.5,36.68,36.27,36.32,27.011,5478415.0,1.004931506849315,0.9936986301369863,0.9950684931506849,-0.34999799999999937,-0.31235500000000016,3037747.0,1.0050595677925214,1.006107547694373,1.0069035071621297,0.9935620995467903,0.9950691866968879,0.9950256599496239,0.998573580048145,1.0005843144116844,1.001429122751071,0.025714285714285672,-0.02785707142857165,0.040000033333333344,-0.013811857142857471,-0.02549807142857143,0.02429389999999986,-4094.714285714286,133105.07142857142,-193378.33333333334
2015-04-15,36.5,36.5,35.830002,35.939999,26.728397,5058694.0,1.0,0.9816438904109589,0.9846575068493151,0.0,-0.28260299999999816,-419721.0,1.0038057475246085,1.0056208444143553,1.0064133110975615,0.9909397981769273,0.9939137771679357,0.9944232193054389,0.9955589796797035,0.9990990594197643,1.0005971935012663,0.005714428571428089,-0.013571357142857161,0.03799996666666653,-0.07755671428571428,-0.0504647857142856,0.005949533333333316,293260.4285714286,103032.78571428571,3274.6
2015-04-16,36.25,36.290001,35.93,36.02,26.787891,4119728.0,1.001103475862069,0.9911724137931034,0.9936551724137932,-0.25,0.05949399999999727,-938966.0,1.0031922243909726,1.0047459895632254,1.006114241401276,0.991760846742994,0.9932832352960145,0.9944088432860598,0.9952309331864686,0.9976921828937574,1.0004510038477024,-0.11428557142857139,-0.03214292857142859,0.017333333333333437,-0.09349371428571475,-0.062151500000000075,0.008924466666666575,-18156.14285714286,-60647.21428571428,-20692.566666666666
2015-04-17,35.900002,35.98,35.474998,35.599998,26.475536,5856249.0,1.0022283564218184,0.9881614491274958,0.9916433430839363,-0.34999799999999937,-0.3123549999999966,1736521.0,1.0029298525756223,1.004847032804844,1.006151327013076,0.9909987850310171,0.9933481538168369,0.9944233351277775,0.9944629903054586,0.9980058081257541,1.0004792808053675,-0.14285714285714285,-0.06928549999999996,0.0016668000000000422,-0.12642942857142817,-0.042497357142857135,0.0019831333333333607,377688.85714285716,-56191.142857142855,74920.83333333333
2015-04-20,35.23,35.740002000000004,35.080002,35.639999,26.505289,4386366.0,1.0144763553789387,0.9957423218847574,1.01163778030088,-0.6700020000000038,0.029752999999999474,-1469883.0,1.0045320687040544,1.005076284485001,1.0065118055257072,0.9914774979695563,0.9932010590411622,0.9944739026647811,0.9968242881314048,0.9980323044431927,1.000867206815397,-0.22428557142857183,-0.08285707142857188,-0.009000000000000103,-0.1041172857142857,-0.06162028571428557,0.0034705999999999904,139997.85714285713,-532423.3571428572,-70201.63333333333
2015-04-21,35.950001,35.970001,35.639999,35.759998,26.594528000000004,3571352.0,1.0005563282181829,0.9913768569853448,0.9947147984780307,0.7200010000000034,0.08923900000000273,-815014.0,1.0038319846662849,1.0050378494552572,1.0062666227506574,0.9911811182985992,0.9930736877877994,0.9943183276178444,0.9954845897194194,0.9980260974656089,1.0006910334313313,-0.1000001428571429,-0.04285699999999996,0.01866673333333324,-0.11049214285714218,-0.03187307142857116,0.009172000000000105,96931.42857142857,-35120.78571428572,12423.7
2015-04-22,35.650002,35.669998,35.200001,35.490002000000004,26.393734,4265381.0,1.0005608975842413,0.987377251760042,0.9955119217104113,-0.2999989999999997,-0.20079400000000547,694029.0,1.0034081314735093,1.0045502586780768,1.006114622333709,0.989881830585527,0.9921720629135168,0.9939924038565124,0.9952698594267216,0.9975296361329005,1.0005319495514735,-0.17142799999999983,-0.06428549999999993,0.016666666666666666,-0.13280300000000014,-0.061089357142857334,0.008180799999999995,260673.2857142857,-7747.0,41172.23333333333
2015-04-23,35.549999,35.599998,35.16,35.259998,26.222681,3744944.0,1.0014064416710673,0.9890295636857823,0.991842447027917,-0.10000300000000095,-0.171052999999997,-520437.0,1.0029045507337597,1.0039820592631405,1.0059348125040808,0.9892148210924978,0.9913884603196441,0.9937967424768682,0.9948089956948978,0.9966912878715214,1.0002505874620227,-0.13571442857142862,-0.055000071428571475,0.008666599999999865,-0.11261699999999968,-0.06321442857142857,-0.0009917666666666492,-247638.7142857143,-125866.71428571429,7274.433333333333
2015-04-24,35.5,35.740002000000004,35.360001000000004,35.720001,26.564783,7752048.0,1.0067606197183099,0.9960563661971832,1.0061972112676056,-0.04999899999999968,0.342101999999997,4007104.0,1.003870353550661,1.0038380505376348,1.0058268350661197,0.9912737462048156,0.9911067721908714,0.9937605242072505,0.9978860963260819,0.9967225380028928,1.000247636409038,-0.14285714285714285,-0.06857135714285738,0.016666666666666666,-0.02337342857142894,-0.05046507142857161,0.012394899999999964,384764.85714285716,339012.64285714284,141349.6
2015-04-27,35.700001,35.799999,35.450001,35.580002,26.460669,6086382.0,1.002801064347309,0.9929971990757087,0.9966386835675439,0.20000100000000032,-0.10411399999999915,-1665666.0,1.0041128661914096,1.003652545291191,1.0053608561340486,0.9915344298166163,0.9916476382798053,0.9935460593982838,0.9983123122051892,0.996771622695829,0.9996805309048996,-0.07857128571428566,-0.09642842857142853,0.018000033333333457,-0.04674599999999986,-0.0701198571428573,-0.001487333333333396,280950.5714285714,131397.2142857143,83488.86666666667
2015-04-28,35.52,35.619999,35.330002,35.41,26.33424,5376821.0,1.002815287162162,0.9946509572072071,0.9969031531531529,-0.1800009999999972,-0.12642899999999813,-709561.0,1.0041967134400303,1.0035632830078263,1.0053050973648172,0.9924615023994322,0.9917301437152247,0.9936950164855222,0.9990637136436488,0.9967633519745538,0.9997736589068899,-0.05428599999999965,-0.09857157142857124,-0.004333399999999917,-0.020185142857142933,-0.07330728571428555,-0.0007437333333333147,-68489.71428571429,154599.57142857142,86066.1
2015-04-29,35.299999,35.560001,34.75,34.75,25.843401,6332385.0,1.0073654959593625,0.9844192913433227,0.9844192913433227,-0.22000100000000344,-0.49083900000000114,955564.0,1.0031808763800907,1.0038564725420724,1.005381599812289,0.9908439266077986,0.9911607122886776,0.9934573487321774,0.9951753580782834,0.9959998231048441,0.9992073545338269,0.009999857142857544,-0.10714285714285714,-0.006666700000000011,-0.09455542857142873,-0.09933635714285723,-0.019831766666666677,278002.71428571426,209000.2857142857,109231.63333333333
2015-04-30,34.200001,34.299999,33.82,33.990002000000004,25.278193,10636184.0,1.0029239180431602,0.98888885997401,0.9938596785421148,-1.0999979999999994,-0.5652079999999984,4303799.0,1.0035191034979447,1.0036755440821146,1.005265031549034,0.9904884984633223,0.9908348083809607,0.9931335063389792,0.9950531980874383,0.9952688939034289,0.9989189250580951,-0.25,-0.17500007142857146,-0.05399996666666666,-0.18804785714285746,-0.14926999999999982,-0.047596466666666615,1009261.7142857143,553096.5714285715,220520.56666666668
2015-05-01,33.860001000000004,34.299999,33.799999,34.150002,25.397184,6043846.0,1.0129946245423913,0.9982279386229196,1.0085647073666653,-0.3399999999999963,0.11899099999999763,-4592338.0,1.0052953502062516,1.0043517408398805,1.005483674427243,0.9920385965865905,0.9909602135860587,0.9932982783152454,0.9969178817526174,0.9960938705896696,0.9990365399166635,-0.25571442857142807,-0.21357121428571396,-0.0626667,-0.14236428571428558,-0.13758364285714286,-0.04387806666666674,254066.42857142858,257369.85714285713,46040.333333333336
2015-05-04,33.470001,33.75,33.220001,33.240002000000004,24.720425,10246950.0,1.00836567049998,0.9925306246629632,0.9931282045674275,-0.39000000000000057,-0.6767590000000006,4203104.0,1.0062895257532392,1.0045970382434994,1.0054043056325255,0.9925387481547592,0.9908767846236285,0.9932146339357643,0.9971015614011189,0.9959552785480082,0.9984951810052288,-0.29714257142857087,-0.21642849999999975,-0.09399999999999978,-0.21460800000000038,-0.16361250000000002,-0.08403733333333333,928858.0,340609.64285714284,64500.333333333336
2015-05-05,34.200001,34.630001,33.91,34.119999,25.374868,10688441.0,1.01257309904757,0.9915204388444315,0.997660760302317,0.7299999999999969,0.6544430000000006,441491.0,1.0071198799431336,1.0054951167468973,1.0055591507017942,0.9918907585329375,0.9915822523688764,0.993041333996242,0.9958820684060777,0.9968840823660798,0.9982258458706748,-0.1857141428571428,-0.16428564285714284,-0.07933336666666667,-0.16998785714285702,-0.09668064285714298,-0.06618913333333332,419484.71428571426,402124.78571428574,113116.83333333333
2015-05-06,33.75,34.09,33.209999,33.209999,24.698111,10035300.0,1.0100740740740741,0.9839999703703705,0.9839999703703705,-0.4500010000000003,-0.6767569999999985,-653141.0,1.0081588813326714,1.0061358737620405,1.0057503792083953,0.9906054401464607,0.9910699349815386,0.992625466923401,0.9940765379493387,0.996194425077264,0.9977738344036129,-0.2785715714285715,-0.17857142857142858,-0.10466663333333344,-0.2517939999999998,-0.14926999999999982,-0.08899539999999995,564131.1428571428,422540.85714285716,214011.86666666667
2015-05-07,32.09,33.419998,32.049999,33.009998,24.54937,15467590.0,1.0414458709878465,0.9987534746026798,1.028669305079464,-1.6599999999999966,-0.14874100000000112,5432290.0,1.0136775361649122,1.0089371248024712,1.006904780043982,0.9911915140600996,0.991826508229766,0.9926565952829473,0.9986145596530973,0.9988391366483731,0.9985477753483885,-0.48999999999999994,-0.2721429999999998,-0.1533332999999999,-0.2549814285714288,-0.13758328571428585,-0.09618446666666666,1441538.4285714286,686524.3571428572,395045.1666666667
2015-05-08,32.849998,32.919998,32.299999,32.349998,24.702087,9003516.0,1.002130898151044,0.9832572592546277,0.984779298921114,0.759997999999996,0.1527169999999991,-6464074.0,1.0129297364780094,1.00805530642905,1.0065307618564205,0.9910255094760003,0.9909347180418994,0.9920985039247683,0.9986659893070675,0.9969206736926756,0.9975953705198292,-0.3500001428571429,-0.17000014285714268,-0.12833343333333336,-0.16304485714285732,-0.12880014285714303,-0.09853083333333336,381590.14285714284,329796.4285714286,134490.9
2015-05-11,32.599998,32.779999,31.875,31.92,24.373747,7625860.0,1.005521503406227,0.9777607961816439,0.9791411643644887,-0.25,-0.3283399999999972,-1377656.0,1.0133008201013047,1.0084099617996247,1.0066876869353227,0.9894357860770909,0.9899621422702066,0.9917821108029571,0.9965633444245495,0.9958082712559939,0.9973249896707794,-0.22857185714285727,-0.23928592857142864,-0.14233336666666668,-0.12920657142857145,-0.15862721428571444,-0.08989173333333333,-430046.28571428574,289607.71428571426,32764.5
2015-05-12,32.150002,32.529999,31.92,32.41,24.747904,6845442.0,1.0118195015975426,0.9928459724512615,1.0080870290459079,-0.44999599999999873,0.37415699999999674,-780418.0,1.0131329453948976,1.0092141478005747,1.006706109260016,0.988666933766854,0.9903527651767223,0.9916169215931923,0.9964951046644414,0.9967064932085294,0.9972189962437518,-0.2442855714285719,-0.25,-0.14133323333333342,-0.09275428571428586,-0.11755928571428573,-0.08733563333333336,114513.71428571429,184290.07142857142,-166495.03333333333
2015-05-13,32.689999,33.235001000000004,32.529999,33.110001000000004,25.282417,7413854.0,1.0166718267565564,0.9951055367117019,1.0128480273125735,0.5399969999999996,0.5345130000000005,568412.0,1.0143195391458373,1.0103045324495383,1.007225356197415,0.9890347783452453,0.9907867632500021,0.9916817709991683,0.9993122221994621,0.9982068918002905,0.9978205406153641,-0.11142885714285759,-0.20428571428571424,-0.12866666666666665,0.08028457142857144,-0.06716171428571448,-0.05861113333333338,-404728.0,262065.0,111693.7
2015-05-14,33.189999,33.470001,32.860001000000004,33.02,25.21369,6066446.0,1.0084363365000404,0.9900573061180268,0.994878005268997,0.5,-0.0687269999999991,-1347408.0,1.0137285730676187,1.0104242265053762,1.0072603284652573,0.9888257593843303,0.9903582589586339,0.9913503478697692,0.9989146857661308,0.9973983770861042,0.997567728112053,-0.144286,-0.1650000714285714,-0.11199999999999997,-0.023025428571428513,-0.09650664285714276,-0.06784316666666672,-660285.0,-120400.14285714286,56420.23333333333
2015-05-15,33.450001,33.599998,32.950001,33.119999,25.290052,5945603.0,1.0044842151125795,0.9850523173377483,0.9901344696521832,0.26000200000000007,0.0763619999999996,-120843.0,1.012930021787405,1.0105444515600384,1.0070977611863374,0.9889760946653843,0.9897907674059224,0.9908520917810274,0.9997910428063898,0.9969337903778641,0.9971195663442182,-0.04285699999999996,-0.16071428571428573,-0.09566663333333333,0.08456299999999979,-0.0836155,-0.06058770000000007,-584242.4285714285,-10055.642857142857,14617.5
2015-05-18,32.950001,33.0,32.279999,32.279999,24.648634,6505485.0,1.001517420287787,0.9796661007688587,0.9796661007688587,-0.5,-0.641417999999998,559882.0,1.0072259574016824,1.0104517467832972,1.006855783800084,0.9862493269748384,0.988720420517469,0.9901742951399893,0.9927905850477318,0.9957025723504146,0.9962497793889,0.12285728571428527,-0.18357135714285736,-0.11699993333333343,0.014180571428571653,-0.12040042857142856,-0.08742199999999999,-1280300.7142857143,80618.85714285714,116653.8
2015-05-19,32.240002000000004,32.529999,31.93,32.0,24.434834,9509335.0,1.0089949436107353,0.9903845539463675,0.99255576969257,-0.7099989999999963,-0.21380000000000265,3003850.0,1.0082065353244956,1.0105681359012524,1.0069756773271912,0.9872675119308012,0.9891465107034006,0.990339611143847,0.9939015094436542,0.9962837493753608,0.996136588449771,-0.08714228571428505,-0.21857121428571397,-0.16033323333333319,-0.038179000000000025,-0.10061192857142867,-0.10025043333333343,72259.85714285714,226925.0,175417.13333333333
2015-05-20,32.150002,32.189999,31.780001,31.889999,24.350838,7348568.0,1.0012440745726858,0.9884914159569881,0.9919128154331063,-0.09000000000000341,-0.08399599999999907,-2160767.0,1.007595474062561,1.0104481470819329,1.0068816478419718,0.9888004576129933,0.9891181218450421,0.9901727956387023,0.9957260310248852,0.9961446877247174,0.9959663841891744,-0.06428514285714268,-0.1464285,-0.15833333333333333,-0.003272714285714581,-0.06623964285714301,-0.10032346666666664,-39613.142857142855,-234829.7142857143,137871.36666666667
2015-05-21,32.049999,32.279999,31.700001,32.220001,24.602825,5818211.0,1.007176287275391,0.989079625244294,1.0053042747364829,-0.10000300000000095,0.25198699999999974,-1530357.0,1.0069321577308252,1.0100325515628614,1.0070121626684876,0.9882624080119979,0.988464670889426,0.9900624054363459,0.9953284946949673,0.9959117996797043,0.9963062368297486,-0.014286142857142994,-0.12928585714285745,-0.15833333333333333,-0.020725571428571295,-0.05673992857142857,-0.08770950000000007,-146747.2857142857,-16116.785714285714,80394.33333333333
2015-05-22,32.400002,32.400002,31.959999,32.049999,24.473011,4332161.0,1.0,0.9864196613321197,0.9891974389384297,0.35000300000000095,-0.12981399999999965,-1486050.0,1.0045504681941742,1.0094350036700057,1.006830265452402,0.9870215686720576,0.9880281735086515,0.9898280103246818,0.9919498392129468,0.9956310307062045,0.9958097285489652,-0.0414281428571428,-0.0764285000000002,-0.14166666666666666,-0.11562942857142845,-0.01767242857142851,-0.09649873333333332,-440241.85714285716,-422484.9285714286,47977.63333333333
2015-05-25,32.099998,32.470001,31.91,32.32,24.679182,3726328.0,1.0115265739268895,0.9940810588212498,1.0068536452868315,-0.30000400000000127,0.20617100000000121,-605833.0,1.004991930683724,1.0093602518756712,1.0070968889188425,0.9875963904868038,0.988211074935567,0.9897483034270051,0.9936606449297802,0.9962876653479557,0.9961376822665499,-0.1557144285714287,-0.15000021428571436,-0.15833333333333333,-0.07635828571428556,-0.04969185714285703,-0.08813909999999996,-334302.5714285714,-497293.78571428574,42855.333333333336
2015-05-26,32.23,32.759998,32.200001,32.689999,24.96171,4469945.0,1.0164442444927089,0.9990692212224637,1.0142723859757992,0.1300019999999975,0.2825279999999992,743617.0,1.0067005063094567,1.009815264048431,1.007480646840289,0.9895988053274773,0.9892874499964307,0.9899273231298544,0.9971089186902969,0.9984499807483435,0.996777812027387,-0.17428585714285763,-0.10857142857142879,-0.14233333333333345,-0.04690599999999989,0.018828499999999946,-0.06830966666666664,-210808.2857142857,-397525.35714285716,-33615.666666666664
2015-05-27,32.549999,32.889999,32.5,32.52,24.8319,6453426.0,1.0104454688308901,0.9984639323644834,0.9990783717074769,0.3199990000000028,-0.1298099999999991,1983481.0,1.0079759418156145,1.0076009496086484,1.007828829134652,0.992284209841138,0.9892667684079882,0.9904879911949719,0.9998821002529567,0.9963363426503442,0.997258507522659,-0.05714314285714295,0.03285707142857116,-0.1316667,0.0261808571428571,0.020180714285714378,-0.06321656666666667,-7437.0,-643868.8571428572,46491.066666666666
2015-05-28,32.720001,32.880001,32.57,32.720001,24.984617,7290399.0,1.004889975400673,0.9954156174995226,1.0,0.17000200000000376,0.1527169999999991,836973.0,1.0073895177856056,1.0077980265550506,1.0079550457859388,0.9930029332058744,0.9901352225683379,0.9906294313185192,1.0009455617254466,0.9974235355845503,0.9974700017755326,0.06857128571428563,-0.009285499999999709,-0.11766663333333321,0.07854042857142877,0.020180714285714378,-0.06010913333333327,-316990.85714285716,-122365.5,105689.03333333334
2015-05-29,32.900002,33.424999,32.880001,33.189999,25.343502,13143127.0,1.0159573546530483,0.9993920669062573,1.0088144979444074,0.1800009999999972,0.3588850000000008,5852728.0,1.009491414939943,1.008543444501252,1.0084126790603132,0.99456016905577,0.9916803133343816,0.991003785244478,1.0033600877984896,0.9995430594116874,0.9980423736042149,0.10714285714285714,0.021428857142857232,-0.1,0.14180914285714305,0.06926821428571424,-0.037734466666666695,827794.1428571428,394090.5,242895.93333333332
2015-06-01,32.98,33.07,32.560001,32.720001,24.984617,5022421.0,1.0027289266221955,0.9872650394178291,0.9921164645239541,0.07999799999999624,-0.3588850000000008,-8120706.0,1.0088560777037723,1.0078941177172986,1.008021098101755,0.9943009425091321,0.991281675260565,0.990721209162247,1.0014761149109854,0.9984023048029764,0.9973916630783175,0.13285728571428532,0.05928557142857116,-0.075,0.0545417142857144,0.016908071428571553,-0.050689066666666706,-113684.28571428571,-130215.78571428571,21201.833333333332
2015-06-02,32.860001000000004,32.915001000000004,32.299999,32.299999,24.663908,5058706.0,1.001673767447542,0.9829579433062098,0.9829579433062098,-0.11999899999999286,-0.3207090000000008,36285.0,1.0090951873391352,1.0068228277666547,1.008058346076067,0.9938064113625736,0.9904139900173156,0.9904405787062758,1.000584758392097,0.996267298802522,0.9969997679059234,0.06571414285714335,0.012143000000000268,-0.10299999999999988,0.02727099999999995,-0.04417921428571425,-0.06435400000000016,103792.14285714286,-168224.85714285713,49578.46666666667
2015-06-03,32.400002,32.415001000000004,31.879999,31.92,24.373747,8484737.0,1.0004629320701894,0.9839505256820663,0.9851851243712887,-0.4599990000000034,-0.29016099999999767,3426031.0,1.0075146670738924,1.0062532988788082,1.008055080558932,0.9923591923426903,0.989977791414747,0.9903263545036766,0.9974892554041623,0.9955749501669713,0.9966555413279526,0.042857714285714464,-0.05642835714285711,-0.10833333333333334,-0.04363357142857132,-0.059995928571428436,-0.06733289999999989,679772.7142857143,172735.07142857142,140645.2
2015-06-04,32.07,32.07,31.49,31.5,24.053036,6966563.0,1.0,0.9819145618958528,0.9822263797942001,-0.33000200000000035,-0.32071100000000285,-1518174.0,1.00516548928922,1.0059329977993383,1.0080081991698964,0.989908526724603,0.9897536660260401,0.9900891877773456,0.9929112545210766,0.9950100866056868,0.9963350057534954,-0.02285714285714237,-0.0985715,-0.11599996666666665,-0.1298105714285716,-0.08835828571428575,-0.0723215000000001,356659.71428571426,72925.71428571429,107387.3
2015-06-05,31.4,31.450001,30.940001,31.17,23.801056,6585223.0,1.001592388535032,0.9853503503184713,0.9926751592356688,-0.6700000000000017,-0.25197999999999965,-381340.0,1.0039007635326687,1.0059383526741414,1.0078359247971205,0.988035157860887,0.9901596838510125,0.9897323205813886,0.991996509882247,0.9959393050676019,0.9958842706857642,-0.1642855714285716,-0.11071435714285727,-0.13666666666666671,-0.14726342857142885,-0.06054128571428587,-0.09212423333333332,18828.14285714286,5695.571428571428,-38894.166666666664
2015-06-09,31.42,31.690001,31.125,31.16,23.793417,5568966.0,1.008593284532145,0.9906110757479312,0.9917250159134309,0.020000000000003126,-0.007638999999997509,-1016257.0,1.0044298076943075,1.0059096627399564,1.0080289988032818,0.9873487947535168,0.9901758639796957,0.9896527831371293,0.9908143692984515,0.995879965511949,0.9957204817639606,-0.1857144285714288,-0.0585715714285716,-0.14266669999999995,-0.17017142857142836,-0.04581549999999979,-0.08890839999999993,-245919.0,-281454.9285714286,-17247.2
2015-06-10,31.24,31.4,30.889999,31.09,23.739965,4891980.0,1.005121638924456,0.9887963828425096,0.9951984635083228,-0.18000000000000327,-0.053452000000000055,-676986.0,1.0028818483045085,1.0061866316222257,1.0081058771953582,0.9858351256015528,0.9901976473286613,0.989457630658306,0.9888692215218678,0.9961146546601788,0.9956636587757993,-0.23714314285714316,-0.06500014285714302,-0.14266666666666683,-0.2290767142857142,-0.04363378571428557,-0.08647583333333332,-1178735.2857142857,-175470.57142857142,-16161.366666666667
2015-06-11,31.35,31.809999,31.309999,31.809999,24.289751000000003,6240235.0,1.014673014354067,0.9987240510366826,1.014673014354067,0.11000000000000298,0.549786000000001,1348255.0,1.0045881465519186,1.0067221121278456,1.0083494611418482,0.9874721272613891,0.9908865348852606,0.989934455981418,0.9920915857833127,0.996783850347149,0.9966721162094908,-0.2328571428571422,-0.049999928571428445,-0.13166663333333328,-0.09926657142857108,-0.02236242857142834,-0.05178833333333325,173973.42857142858,30144.571428571428,-3071.6666666666665
2015-06-12,31.91,31.940001,31.57,31.709999,24.213392,3964190.0,1.0009401754935756,0.9893450329050455,0.993732340958947,0.5599999999999987,-0.07635900000000362,-2276045.0,1.0044833477013522,1.006789267520244,1.0082833363901953,0.9883845686326513,0.9910954899976124,0.9899496617457859,0.9936307854479894,0.9971077719200431,0.9966678716233853,-0.13571442857142912,-0.03500014285714289,-0.07633336666666667,-0.06435942857142862,-0.018544214285714337,-0.03549336666666676,-156359.42857142858,-26283.64285714286,-222399.8
2015-06-15,31.52,31.950001,31.41,31.85,24.320295,4954500.0,1.0136421637055837,0.996510152284264,1.0104695431472082,-0.39000000000000057,0.10690300000000263,990310.0,1.006366095077837,1.0069403810758648,1.0083049210289685,0.9901788010043938,0.991268996673542,0.989892402201164,0.9972428452731207,0.9973660503386415,0.9967313661494034,-0.1257145714285716,-0.041428428571428554,-0.07800003333333348,-0.007636000000000008,-0.025634785714285662,-0.03589629999999992,-504319.5714285714,87726.57142857143,-36311.53333333333
2015-06-16,32.049999,32.490002000000004,31.844999,32.169998,24.56464,4753135.0,1.0137286431740609,0.9936037439501949,1.0037441186815637,0.5299990000000001,0.24434499999999915,-201365.0,1.0083273298169886,1.0067464095531042,1.008483686784771,0.9918486841550143,0.9908786054398087,0.9899281728440719,1.0003168079713154,0.9966140312461961,0.9970852299532079,-0.0028572857142858004,-0.012857214285714085,-0.04733340000000012,0.07308628571428599,-0.02836214285714281,-0.005192833333333269,-316204.0,20227.85714285714,-183127.16666666666
2015-06-17,32.650002,32.970001,32.560001,32.860001000000004,25.091522,6369190.0,1.009800887607909,0.9972434611183179,1.0064318219643602,0.600003000000001,0.5268820000000005,1616055.0,1.0094999725416853,1.0067003680371769,1.0083912797367824,0.9935476999835637,0.9907914289222254,0.9901189402532015,1.0022820455039858,0.9971392776931163,0.9973775986752761,0.17857171428571458,0.007143071428571497,-0.05166663333333332,0.18435228571428602,0.01854442857142859,-0.009444866666666604,-30861.85714285714,-6016.857142857143,-143975.03333333333
2015-06-18,32.720001,32.790001000000004,32.200001,32.369999,24.717358,9540069.0,1.0021393642377945,0.9841075799478123,0.9893031176863349,0.06999900000000281,-0.3741640000000004,3170879.0,1.0085779839282067,1.006503895811257,1.0081267894089065,0.9926186291549753,0.9899837119542461,0.9901225272391161,1.0019360600429719,0.9963752146707117,0.9975543702524748,0.1857144285714288,0.0,-0.034333299999999886,0.13199157142857132,-0.019089928571428518,0.0006415666666666672,567300.4285714285,160690.7142857143,-16507.7
2015-06-19,32.68,32.790001000000004,32.529999,32.759998,25.01516,5239696.0,1.0033660036719707,0.9954100061199509,1.0024479192166464,-0.04000100000000373,0.2978020000000008,-4300373.0,1.0083271788921373,1.005604513598323,1.0068574604983773,0.9935634324803241,0.9896992790409385,0.9900110782896918,1.0029716965727324,0.9959204590473003,0.9966803240570475,0.2057142857142859,-0.015714428571428636,0.019666666666666544,0.1821707142857143,-0.023452999999999946,0.015526333333333397,49673.71428571428,-564530.7857142857,-340929.8
2015-06-22,32.799999,32.970001,32.599998,32.919998,25.137331,3753491.0,1.0051829879628962,0.9939024083506832,1.0036585062091008,0.11999899999999997,0.12217099999999803,-1486205.0,1.0069714608362559,1.0057798036940873,1.006959196825439,0.992874626382324,0.9901733768218566,0.9903659165928936,1.001398195409166,0.9967448905962392,0.9973096309666473,0.20714271428571404,-0.012857214285714085,-0.0016666333333333228,0.12108285714285673,0.010908142857142826,0.014508133333333362,-355249.14285714284,-90637.85714285714,-175000.83333333334
2015-06-23,33.299999,33.560001,33.209999,33.43,25.526766,5883146.0,1.0078078681023384,0.9972972972161351,1.0039039340511693,0.5,0.38943499999999887,2129655.0,1.0079525597803647,1.0062179537408584,1.0070354089819762,0.9940106641410511,0.9911976163868513,0.9910171332940433,1.002851280136626,0.9982410327923077,0.9981350566228699,0.19857128571428564,0.03142842857142826,0.023333366666666678,0.1876248571428571,0.06163271428571423,0.03843396666666656,274136.5714285714,58888.57142857143,-58090.46666666667
2015-06-24,33.650002,33.860001000000004,33.5,33.639999,25.687119,5366925.0,1.0062406831357693,0.9955422885264613,0.9997027340444141,0.35000300000000095,0.16035300000000063,-516221.0,1.0068952054132485,1.0066306502455427,1.0068494483665837,0.9938723978899365,0.9920255994471651,0.99110701049655,1.001313164550513,0.9992780049118167,0.99785558012282,0.30428600000000017,0.08928571428571429,0.05,0.1952605714285711,0.09381228571428554,0.03130716666666669,58917.857142857145,-222700.85714285713,-49283.9
2015-06-25,33.400002,33.630001,33.27,33.439999,25.534399,3716699.0,1.0068861971924432,0.9961077247839687,1.0011975148983523,-0.25,-0.15271999999999863,-1650226.0,1.0059177131301602,1.0071225214735744,1.0065232607144465,0.9942301094376184,0.9930393967963164,0.9911404167656256,1.000949364010054,1.0006330859906847,0.9974672297090128,0.19285757142857157,0.09500014285714288,0.02366676666666668,0.13853699999999997,0.10581164285714298,0.008399400000000057,-148062.2857142857,-232133.14285714287,-123238.5
2015-06-26,33.150002,33.400002,32.880001,33.099998,25.274782,10638846.0,1.0075414776747222,0.9918551739453891,0.9984915838014127,-0.25,-0.2596170000000022,6922147.0,1.005594940282562,1.0075474564121236,1.006493432086936,0.9934603541272001,0.9935040270553819,0.9912003456932043,0.9998150442724901,1.0010485448882378,0.9975876823267599,0.07142857142857142,0.125000142857143,-0.0013332333333333204,0.026179999999999586,0.1052661428571428,0.002036399999999953,609950.8571428572,289544.5,152413.33333333334
2015-06-29,32.5,32.57,32.040001000000004,32.07,24.488283,4915403.0,1.0021538461538462,0.9858461846153848,0.9867692307692307,-0.6500020000000006,-0.7864989999999992,-5723443.0,1.0055970091277122,1.0070874965279595,1.0064157531216449,0.9937087262225676,0.9931636776887715,0.9912268079357922,0.9994530604271894,1.0006945602350807,0.9974755076973281,-0.031428714285714775,0.07714285714285703,-0.03166670000000001,-0.03272500000000024,0.04963328571428554,-0.02672563333333334,-660666.5714285715,-46683.07142857143,-34340.0
2015-06-30,31.91,32.32,31.719999,32.200001,24.587551,6185262.0,1.0128486367909746,0.9940457223440928,1.0090880915073646,-0.5899999999999999,0.09926800000000213,1269859.0,1.0069516710018556,1.0076394249469967,1.0067934603384177,0.9935138285403022,0.9935386305103131,0.9917061286549667,1.0004016564687206,1.0016866765207264,0.9984562407219449,-0.10999999999999995,0.04785714285714298,-0.03466670000000001,-0.06108700000000005,0.060541857142857126,-0.0020361,135080.85714285713,92377.28571428571,-10674.1
2015-07-01,32.349998,32.599998,32.23,32.5,24.816626,4528755.0,1.007727975748252,0.996290633464645,1.0046368472727571,0.4399979999999992,0.22907499999999814,-1656507.0,1.007315240685478,1.007143350760867,1.006751228076335,0.9938550035565824,0.9933648149694533,0.9919029979722426,1.0005414194778144,1.00096980744349,0.9988589433079512,-0.06428585714285719,0.07142842857142842,0.0036665333333331775,-0.045815000000000036,0.037633928571428346,0.012726400000000027,110752.0,-122248.57142857143,-166019.33333333334
2015-07-02,32.470001,33.02,32.400002,32.91,25.129702,4740312.0,1.0169386813385068,0.9978441947076009,1.0135509389112736,0.12000300000000408,0.31307600000000235,211557.0,1.0086196425763592,1.008286101178362,1.0072743816351957,0.9939331317696489,0.9939718979553501,0.9922147572639297,1.0019195630292579,1.002385421582942,0.9995802140905569,-0.11857114285714232,0.04000007142857166,0.010666633333333427,-0.056723428571428106,0.06545071428571449,0.025962133333333408,-163262.0,55437.28571428572,-86941.86666666667
2015-07-03,32.98,33.040001000000004,32.290001000000004,32.459999,24.786081,5266452.0,1.001819314736204,0.9790782595512434,0.9842328380836873,0.5099989999999934,-0.3436210000000024,526140.0,1.0079880185192784,1.0074416119662635,1.0070958158838894,0.9915811276303321,0.9927267627601344,0.9918813784074946,0.9997095778920111,1.0005113712212619,0.9988778328687969,-0.09571457142857197,0.10428571428571409,0.03100003333333324,-0.12871971428571424,0.033270428571428416,0.006108533333333336,-14353.285714285714,22282.285714285714,-18391.966666666667
2015-07-06,32.02,32.290001000000004,31.85,32.209999,24.595184,4071061.0,1.0084322610868208,0.9946908182386008,1.0059337601499063,-0.9599999999999937,-0.19089699999999965,-1195391.0,1.0082088847899038,1.007063298960032,1.0073768912534502,0.9913787124095653,0.9928044109235918,0.9921570836377107,1.000386184356519,1.0006677741832863,0.999435710242513,-0.1971431428571425,-0.0021427857142854684,-0.012666733333333251,-0.13417357142857153,0.0021817142857142153,0.004072433333333336,50623.142857142855,-48719.57142857143,-8703.333333333334
2015-07-07,32.41,33.130001,32.330002,33.029999,25.221325,5071287.0,1.0222153964825673,0.9975316877506943,1.0191298673248996,0.38999999999999346,0.6261410000000005,1000226.0,1.0103051589053103,1.0079500495939362,1.0077331853386395,0.9921896429531802,0.9928249985401901,0.9922721046020254,1.0033345105741598,1.001574777423325,0.9998449176437819,-0.105714571428572,-0.01714300000000029,0.010333399999999908,-0.0076367142857140125,0.009271642857142786,0.018071433333333314,-795365.5714285715,-92707.35714285714,44831.96666666667
2015-07-08,32.68,32.790001000000004,32.119999,32.27,24.641003,9399481.0,1.0033660036719707,0.9828641064871481,0.9874541003671972,0.2700000000000031,-0.5803219999999989,4328194.0,1.0104783242650424,1.0080376666963773,1.0072972439779482,0.9917636317920036,0.9927361790072855,0.9917319341108484,1.0034323490881552,1.0014427047576724,0.9989509747901618,0.025714285714285672,-0.002857214285714552,0.015000000000000095,0.02181714285714317,-0.005453928571428536,-0.010690233333333292,640582.5714285715,-10042.0,164317.86666666667
2015-07-09,31.82,32.360001000000004,31.66,32.209999,24.595184,5537483.0,1.0169704902576997,0.9949717159019484,1.0122564110622252,-0.8599999999999994,-0.04581900000000161,-3861998.0,1.0110671604745745,1.009009415738215,1.0075147446921753,0.9918959165859829,0.9927048725631425,0.9916155268954304,1.003884966167421,1.0021433113180707,0.9993902427686534,-0.012857142857142836,-0.06142857142857139,-0.02433329999999998,0.0010904285714283496,-0.02999828571428585,-0.007890533333333375,-92539.85714285714,21270.5,-30531.433333333334
2015-07-10,32.330002,32.52,32.220001,32.25,24.625731,3726281.0,1.0058768322996083,0.9965975566596007,0.9975254563856816,0.5100020000000001,0.030546999999998548,-1811202.0,1.0108027114104825,1.0090589760479802,1.0075476399221397,0.9919397627566909,0.9928973831566367,0.9916549248674331,1.002869053183553,1.0017052363306838,0.9993077579815094,-0.002856571428571288,-0.03357121428571424,-0.01299996666666677,-0.02727071428571445,-0.036542857142857245,-0.011962866666666728,-114639.14285714286,-1943.5714285714287,-118803.93333333333
2015-07-13,32.119999,32.450001,31.82,31.9,24.358471,5932293.0,1.0102740351891044,0.9906600557490678,0.9931507158515166,-0.21000300000000038,-0.2672599999999967,2206012.0,1.009850619103425,1.0092351308398921,1.0073581959400082,0.9909134571911863,0.9924232944804176,0.99136385782886,0.9999547356035877,1.0009371493164227,0.9987856319117464,-0.05000028571428621,-0.08428571428571427,-0.026000100000000022,-0.11017585714285717,-0.08344964285714264,-0.03283436666666664,170283.0,3510.5,-240361.13333333333
2015-07-14,32.380001,32.450001,31.950001,32.200001,24.587551,5922825.0,1.002161828222303,0.9867201980629957,0.9944410131426494,0.26000200000000007,0.22907999999999973,-9468.0,1.0098995496014394,1.0089437840603588,1.0073392926600118,0.9920051626928651,0.9917931451615987,0.9913456964503656,1.0014130463262965,1.0005613121091539,0.9988631168657028,-0.0857141428571424,-0.09071435714285718,-0.01999996666666656,-0.028361428571428298,-0.07854057142857128,-0.013235533333333294,93767.57142857143,39707.142857142855,30013.466666666667
2015-07-15,32.25,32.470001,32.16,32.419998,24.755541,4642051.0,1.0068217364341085,0.9972093023255812,1.0052712558139534,-0.13000100000000003,0.16798999999999964,-1280774.0,1.0096694746510517,1.0089391797204779,1.0075108916262308,0.9923649461338623,0.9918718292717138,0.9918207417510113,1.001318402849732,1.0008522936031254,0.9996068939492945,0.03285714285714241,-0.08214300000000005,-0.0203333666666668,0.022908142857143026,-0.05563271428571426,0.003054433333333388,81570.0,66096.57142857143,-13888.5
2015-07-16,32.790001000000004,32.900002,32.450001,32.639999,24.923531,5396452.0,1.0033547117000696,0.9896309853726445,0.9954253737290218,0.5400010000000037,0.16798999999999964,754401.0,1.006975091110695,1.0086401250080026,1.00760728428056,0.9912362743655695,0.9917129586593748,0.992010090407364,0.9979320466217494,1.0006332785979546,0.999948235594552,0.05428585714285816,-0.02571435714285692,0.01299996666666677,-0.042541999999999955,-0.025089357142856983,0.018326133333333296,46452.142857142855,-374456.71428571426,-102942.83333333333
2015-07-17,32.700001,32.779999,32.209999,32.439999,24.770813,4423506.0,1.0024464219435343,0.9850152298160482,0.9920488687446829,-0.09000000000000341,-0.15271800000000013,-972946.0,1.006843722292347,1.0086610232786946,1.0076888316786776,0.9915435776982695,0.9916536047451366,0.9921134460047037,0.9985884421042472,1.001010395596201,1.0002756518929015,0.0028572857142858004,0.014285785714285737,0.021000033333333334,0.018544285714285586,0.020180714285714378,0.023925900000000055,-710853.5714285715,-35135.5,-84768.56666666667
2015-07-20,32.400002,32.919998,32.25,32.849998,25.083883,5927251.0,1.0160492582685643,0.9953703089277587,1.0138887645747676,-0.2999989999999997,0.31306999999999974,1503745.0,1.0067121177224703,1.0088896390985223,1.0081707273364622,0.9916005195590996,0.9917482180725413,0.9924474446250133,0.9988216354631819,1.0013533008153015,1.0009827720708715,0.08285742857142862,0.03500014285714289,0.03333340000000007,0.06981414285714292,0.03545228571428564,0.04276090000000003,55681.142857142855,-18429.35714285714,-21932.4
2015-07-21,33.009998,33.16,32.860001000000004,33.049999,25.236603,3729667.0,1.0045441384152762,0.9954560130539845,1.0012117843812047,0.6099960000000024,0.15271999999999863,-2197584.0,1.0065217328818516,1.008662222146167,1.0080357557992332,0.9914374419011543,0.9916886023289226,0.9926089425352151,0.9993482537482566,1.0011086534659048,1.001298997686464,0.0971422857142861,0.04714285714285741,0.05299993333333338,0.08726742857142865,0.029998357142857097,0.048106199999999905,483.7142857142857,-57077.71428571428,-61309.96666666667
2015-07-22,32.779999,32.900002,32.5,32.540001000000004,24.847172,4630099.0,1.0036608603923387,0.9914582364691348,0.9926785232665811,-0.2299990000000065,-0.3894309999999983,900432.0,1.0055769936251706,1.0077138063642979,1.007987063181496,0.9915514677183068,0.9912324624547465,0.992697670989436,0.9992807976646944,0.999617766634141,1.0012149996784059,0.09428571428571379,0.022142714285713794,0.051333299999999936,0.06981442857142842,-0.020180714285714378,0.036906899999999965,-186027.7142857143,-7872.357142857143,-8729.366666666667
2015-07-23,32.330002,32.5,32.139999,32.150002,24.549372,6839447.0,1.0052582118615396,0.9941230130452823,0.9944324160573822,-0.4499969999999962,-0.29779999999999873,2209348.0,1.0060193341450616,1.0079594418732503,1.0076732364317451,0.9926090127157764,0.9923070877043206,0.9925443030563893,0.9992795695096562,1.0003463079179764,1.0005403130685164,-0.00714271428571424,-0.04642842857142832,0.032666733333333295,-0.0054541428571427885,-0.016907785714285545,0.008654033333333307,130946.0,112356.78571428571,19973.733333333334
2015-07-24,32.049999,32.41,31.92,32.049999,24.473011,6206088.0,1.0112324808496873,0.9959438688282019,1.0,-0.28000300000000067,-0.07636100000000212,-633359.0,1.0066494404901443,1.0081594575705979,1.0080163132769488,0.992428236501865,0.9923965913178636,0.9927642642538278,0.9985265329648058,0.9999224679072688,1.0007492350365514,-0.028571571428571474,0.0021427857142854684,0.004666633333333318,-0.040361428571428756,-0.008726642857142863,0.00865396666666669,223433.85714285713,152501.92857142858,74729.93333333333
2015-07-27,31.82,32.169998,31.709999,32.110001000000004,24.518829,4230852.0,1.0109993086109366,0.9965430232558139,1.009113796354494,-0.2299989999999994,0.04581800000000058,-1975236.0,1.0077415257631253,1.0073583084369102,1.0079282181071272,0.9934156704851748,0.9923259724253722,0.9927653599528796,1.0004820219113018,0.9992070342665256,1.0007040434767944,-0.13857157142857193,-0.04214285714285688,0.010000000000000024,-0.05781457142857148,-0.05017828571428572,0.006617799999999955,-166514.2857142857,-60031.07142857143,-24121.6
2015-07-28,31.82,32.27,31.82,32.220001,24.602825,6567100.0,1.01414204902577,1.0,1.0125707416719045,0.0,0.08399599999999907,2336248.0,1.009412329632016,1.0081280259621814,1.0079419983021842,0.9955563519400251,0.9935499648191474,0.992978568487873,1.003413718043762,1.0010010800740046,1.0009982642431392,-0.1257144285714286,-0.06142857142857139,-0.007666633333333313,-0.023998285714285878,-0.002727000000000146,0.001272833333333286,306227.71428571426,-202312.92857142858,60465.5
2015-07-29,32.41,32.580002,32.23,32.25,24.625731,5546141.0,1.0052453563714905,0.9944461585930269,0.9950632520826906,0.5899999999999963,0.022905999999998983,-1020959.0,1.0078689150752913,1.0072905163988808,1.0077901472609703,0.9954243304636349,0.9935124250113673,0.9928853250703633,1.0007243591163224,0.9997729972897522,1.00061931191375,0.0014282857142851363,0.04214285714285688,-0.008000066666666802,-0.06545028571428599,0.0021819285714284676,-0.015526366666666765,-54444.28571428572,618.4285714285714,-27434.966666666667
2015-07-30,32.400002,32.57,32.200001,32.470001,24.79372,4445845.0,1.0052468515279722,0.993827130010671,1.0021604628296013,-0.009997999999995955,0.16798900000000216,-1100296.0,1.0079693026628191,1.0072455177723354,1.0078937301706428,0.9951916328860186,0.9933145373935864,0.9932093100724586,1.0008598846089505,1.0001040691786036,1.0010478900851922,-0.08714228571428606,0.00500000000000002,-0.010666633333333427,-0.06326899999999977,0.011999214285714441,0.0025453999999999867,102311.14285714286,51397.42857142857,-169807.46666666667
2015-07-31,32.599998,32.73,32.490002000000004,32.68,24.954075,8519307.0,1.0039877916556927,0.9966258893635517,1.0024540492303098,0.19999599999999873,0.16035499999999914,4073462.0,1.0080160071290127,1.0067965003770918,1.0079144564367668,0.9959298690137925,0.9937406683660496,0.993249839513912,1.0022563883180546,1.0007685929913746,1.001048094418981,-0.02571442857142817,0.03428564285714281,-0.002666733333333345,0.015271857142857012,0.04254314285714272,-0.002036166666666735,555601.1428571428,184786.7142857143,109320.36666666667
2015-08-03,32.740002000000004,32.790001000000004,32.549999,32.68,24.954075,3559020.0,1.001527153235971,0.9941966100063157,0.9981673183770726,0.14000400000000468,0.0,-4960287.0,1.0074829987539315,1.0067511664494966,1.0077925952792028,0.9959403828653687,0.9942746977905725,0.9932596462357665,1.0027899457922962,1.0010347576509762,1.00086505482458,0.0585714285714291,0.02571435714285743,-0.0019998999999998545,0.057814714285713976,0.026180285714285594,-0.006108533333333336,-468632.4285714286,-168843.2142857143,-6482.366666666667
2015-08-04,32.709999,33.029999,32.555,32.779999,25.03043,6346957.0,1.009782941295718,0.995261418381578,1.0021400184084381,-0.030003000000000668,0.0763549999999995,2787937.0,1.007275921674793,1.0069626810824686,1.0078584310523155,0.9958428899444225,0.9941355632231437,0.9931917836079479,1.0030956627077874,1.0008110978362965,1.0008062576364891,0.09428571428571482,0.03285707142857167,-0.019666666666666544,0.07963128571428564,0.01963492857142844,-0.016544533333333316,20124.14285714286,121779.0,15460.366666666667
2015-08-05,32.900002,32.900002,32.349998,32.580002,24.877716,5514490.0,1.0,0.9832825542077475,0.9902735568222761,0.19000299999999726,-0.15271399999999957,-832467.0,1.0057045918732308,1.006723058818178,1.007650408281123,0.9939485372232701,0.9936821038542225,0.9927831257973241,1.0004041999174704,1.000443110914386,1.0004919517290844,0.15428600000000006,0.007857214285714065,-0.025,0.051269571428571324,-0.003272500000000075,-0.02698009999999999,183376.85714285713,8431.285714285714,4918.833333333333
2015-08-06,32.580002,32.580002,32.580002,32.580002,24.877716,0.0,1.0,1.0,1.0,-0.3200000000000003,0.0,-5514490.0,1.0036842991552635,1.0065483143936398,1.0074208683747083,0.9939485372232701,0.9947524445816475,0.9929128683045252,0.9986083796786269,1.0010110488611945,1.0004520345658061,0.1085717142857143,-0.008571357142857141,-0.02733333333333334,0.039270142857142885,0.007635928571428506,-0.021889433333333368,-938157.1428571428,-315964.71428571426,-123889.96666666666
2015-08-07,29.99,30.639999,29.799999,30.139999,23.014559,32345399.0,1.021673857952651,0.9936645215071691,1.0050016338779593,-2.590002000000002,-1.863157000000001,32345399.0,1.0060312279525723,1.0069500715139317,1.0078919477173058,0.9938368747824332,0.9946306026230342,0.9929731798899177,1.0000281485065226,1.0003762538114225,1.0006690362350243,-0.3457142857142855,-0.17214300000000016,-0.10533340000000008,-0.23016742857142855,-0.14780885714285727,-0.07534076666666666,3828465.4285714286,1887010.5714285714,723551.7666666667
2015-08-10,30.379999,30.709999,30.26,30.6,23.365808,9727590.0,1.0108624098374723,0.9960500657027671,1.0072416394747084,0.3899990000000031,0.3512490000000028,-22617809.0,1.006833450568215,1.0074013766155172,1.0081822331734267,0.9941544370241612,0.99467303495509,0.9933133092594971,1.0007540308843947,1.0008069577466727,1.0013514498585403,-0.288571857142857,-0.18785707142857153,-0.07066669999999994,-0.20398742857142846,-0.13362821428571411,-0.037415833333333266,754535.0,428423.0714285714,160406.23333333334
2015-08-11,30.799999,30.799999,30.07,30.07,22.961105,8621656.0,1.0,0.9762987329967121,0.9762987329967121,0.41999999999999815,-0.40470300000000137,-1105934.0,1.0062637660459732,1.007139886587493,1.0077539452803943,0.9912505575431841,0.9935902132784884,0.9927217429479178,0.9970175571367381,0.9996369727273964,1.0002584712415186,-0.2571427142857142,-0.1414285714285712,-0.03700003333333335,-0.28470999999999996,-0.13471907142857148,-0.054214866666666715,14621.285714285714,285111.21428571426,81213.13333333333
2015-08-12,30.299999,30.370001,29.4,29.5,22.52586,10884891.0,1.0023102971059503,0.9702970617259756,0.9735973918679007,-0.5,-0.4352449999999983,2263235.0,1.0063756437416844,1.006929321247808,1.0075733559923177,0.9878363363602786,0.9918883596128236,0.9918552905566289,0.9935075676354278,0.9981487567138619,0.9992238227280233,-0.34857185714285777,-0.14500021428571433,-0.06833329999999999,-0.34688785714285686,-0.14453657142857143,-0.0763588666666666,1046553.0,288960.28571428574,211871.2
2015-08-13,29.73,30.110001,29.610001,29.76,22.724396,6324456.0,1.0127817356205853,0.9959637066935755,1.0010090817356205,-0.5699989999999993,0.19853599999999716,-4560435.0,1.0068040429309513,1.0070399823028722,1.0074347911350536,0.9879366632619924,0.9918897766032073,0.991792607622828,0.9933460052535966,0.9982208339806921,0.9988057608221682,-0.42571414285714326,-0.16571421428571423,-0.09133336666666676,-0.3294334285714286,-0.1249010714285715,-0.08017686666666676,-3214.4285714285716,8454.857142857143,52804.8
2015-08-14,29.700001,29.780001,29.290001,29.290001,22.365509,9780397.0,1.002693602602909,0.9861952866600914,0.9861952866600914,-0.02999900000000011,-0.3588869999999993,3455941.0,1.0071888433027953,1.006446717588013,1.0074639340639437,0.9883527678980416,0.9911506525606557,0.9920298418597896,0.9927633952304274,0.996583797573949,0.9988711757747151,-0.457143,-0.1514285,-0.10933329999999988,-0.3588867142857143,-0.1538085714285715,-0.08068573333333333,609415.2857142857,396396.0714285714,150464.83333333334
2015-08-17,29.450001,29.67,29.370001,29.52,22.541136,5948125.0,1.0074702544152716,0.997283531501408,1.0023768759804117,-0.25,0.1756270000000022,-3832272.0,1.008256022504977,1.0059701608301201,1.007431867174892,0.9879647009696713,0.9909566190964707,0.9921162656352165,0.9931029489419149,0.9958556643102708,0.9987526129690651,-0.447143,-0.16928564285714284,-0.08566663333333342,-0.33379714285714257,-0.14726349999999983,-0.0684682666666666,849732.1428571428,-44212.5,62568.8
2015-08-18,29.5,29.66,28.969999,28.969999,22.121159,9173342.0,1.0054237288135592,0.9820338644067798,0.9820338644067798,0.04999899999999968,-0.41997700000000293,3225217.0,1.0059345754851068,1.0059829017188393,1.0068721449192586,0.9863031785267585,0.9900700266545959,0.9915996715237527,0.9898218390174607,0.9949249937619916,0.9975160795384611,-0.06999999999999977,-0.2078571428571426,-0.09699999999999989,-0.1276285714285714,-0.17889799999999997,-0.10333886666666672,-3310293.8571428573,259085.7857142857,136735.16666666666
2015-08-19,29.120001,29.879999,29.02,29.84,22.78548,11400588.0,1.0260988315213315,0.996565899843204,1.0247252395355344,-0.37999900000000153,0.664321000000001,2227246.0,1.0081112071542295,1.0074723288612224,1.0076299058475704,0.9863768691182495,0.9902656530712054,0.9920563979689544,0.9923194961690073,0.9965367635267012,0.9987584508440723,-0.17999971428571473,-0.23428578571428588,-0.11866663333333337,-0.08290400000000021,-0.14344571428571434,-0.061850766666666716,238999.7142857143,496767.35714285716,66703.56666666667
2015-08-20,29.41,29.59,29.059999,29.129999,22.243332,8663234.0,1.0061203672220334,0.9880992519551174,0.9904793947636858,0.28999900000000167,-0.542148000000001,-2737354.0,1.0089855453288057,1.0076246556873893,1.0072682350797149,0.9880626575408789,0.9896566075420316,0.9918273158373936,0.9943453049928606,0.9956814310647993,0.9980325503007877,-0.19857128571428564,-0.22785699999999995,-0.08033333333333334,-0.10253900000000016,-0.19362450000000006,-0.0783950666666667,5939.714285714285,10280.5,104191.7
2015-08-21,28.719999,28.719999,28.0,28.34,21.640099,15690622.0,1.0,0.974930396063036,0.9867688365866586,-0.6900009999999988,-0.6032329999999995,7027388.0,1.0086555028850985,1.0075155733133916,1.007072340669728,0.9887245624461732,0.9882804494032259,0.9911050771508413,0.9962269399526832,0.9948672537940554,0.997673996307487,-0.22571428571428548,-0.2871430714285716,-0.1203334333333333,-0.12653728571428605,-0.23671257142857144,-0.09952106666666663,686533.0,866543.0,398811.36666666664
2015-08-24,27.700001,27.91,26.91,26.91,20.548166,14086465.0,1.007581191062051,0.971480109332848,0.971480109332848,-1.019998000000001,-1.091933000000001,-1604157.0,1.007912567948165,1.0073583054395583,1.0069825791988263,0.9852269056803549,0.9865817844711737,0.990465745603634,0.9920085153237157,0.9926772602886561,0.9969516427568647,-0.28999985714285714,-0.3578570000000002,-0.14733326666666666,-0.31089000000000006,-0.3201617142857143,-0.12701016666666679,1108858.4285714286,552822.0,271805.73333333334
2015-08-25,26.5,28.1,26.41,27.99,21.372843,19097454.0,1.060377358490566,0.9966037735849057,1.0562264150943395,-1.2000010000000003,0.8246770000000012,5010989.0,1.0161531045035446,1.01167097390317,1.0089230968744352,0.9867138323838998,0.9875333001409707,0.990795198121031,1.002012962242894,0.9973881787366607,0.9990111561552545,-0.457143,-0.457143,-0.19600003333333332,-0.14180942857142856,-0.2503480714285714,-0.10715693333333338,1331008.142857143,970211.7142857143,439154.3
2015-08-26,27.280001,28.16,27.1,28.07,21.433929,10232097.0,1.0322580266767587,0.9934017231157727,1.02895890656309,0.7800009999999986,0.06108599999999953,-8865357.0,1.0196942148266144,1.0139751186657957,1.0097709732158566,0.9861592883288092,0.9870619946492402,0.9906682788140374,1.0058103951832764,0.9994566720625958,0.9998007445135588,-0.3100000000000002,-0.3785715000000001,-0.16566663333333337,-0.15817242857142894,-0.24598478571428575,-0.11072040000000007,611996.0,730864.0714285715,186334.86666666667
2015-08-27,28.620001,28.82,28.549999,28.57,21.815723,9533207.0,1.0069880850108985,0.9975540881357762,0.9982529350715258,1.3399999999999999,0.3817939999999993,-698890.0,1.0199176942833772,1.012926134884242,1.009892085659551,0.988376463147237,0.9873398208369979,0.9909323822394751,1.0081274052782403,0.9989746221478504,0.999894996558309,-0.12571414285714308,-0.09785707142857143,-0.13900000000000018,-0.043633714285714324,-0.08563114285714286,-0.10359360000000008,51409.28571428572,-1629442.2857142857,137891.83333333334
2015-08-28,29.16,29.16,28.17,28.530001,21.785181,11636208.0,1.0,0.9660493827160495,0.9783950960219479,0.5399990000000017,-0.03054199999999696,2103001.0,1.0161892897803297,1.0121502484672795,1.009810538261433,0.9840169607005007,0.9851969149093751,0.9903001873361419,1.001508813347728,0.9969141547583675,0.9994398708008846,0.005714142857143096,-0.08714278571428581,-0.11800003333333334,-0.14289985714285688,-0.11290192857142856,-0.09952106666666663,33660.0,136329.85714285713,240423.4
2015-08-31,28.299999,28.370001,27.620001,27.93,21.327028,9091410.0,1.0024735689919988,0.9759718012710883,0.9869258299267077,-0.8600010000000005,-0.4581530000000029,-2544798.0,1.0156683186046105,1.012326931966708,1.0093580152855475,0.9822844677456395,0.9851735626432591,0.9896535704142528,1.0010011612281597,0.9976732331105101,0.9985411063126158,-0.1585715714285715,-0.17857142857142858,-0.1366667666666667,-0.13090057142857145,-0.1167197857142858,-0.12522850000000005,61168.0,33553.857142857145,105471.96666666666
2015-09-01,27.700001,27.9,27.07,27.07,20.670341,9277108.0,1.0072201802447587,0.9772562824095204,0.9772562824095204,-0.5999979999999994,-0.656686999999998,185698.0,1.0166997729252902,1.0126776379051943,1.0094472166798636,0.9826167372237088,0.9856706498349409,0.9890469127261041,0.9996422249171398,0.9979345824349116,0.9977425895802264,-0.14571400000000015,-0.1857141428571428,-0.1769999000000001,-0.13853685714285696,-0.1325370714285715,-0.15220873333333326,-916216.2857142857,-114841.64285714286,184914.7
2015-09-02,27.129999,27.49,26.799999,27.42,20.937599,10572606.0,1.01326948076924,0.9878363430827991,1.0106893111201367,-0.5700019999999988,0.2672579999999982,1295498.0,1.017512385740603,1.0127124768443838,1.0097675040257605,0.9849533420451303,0.9850901238627426,0.9889261829465595,1.0052435394581811,0.9986260273909485,0.9983429491753449,-0.08142885714285697,-0.18571435714285706,-0.18833333333333316,0.05563328571428577,-0.12762835714285714,-0.13031910000000005,-501979.85714285716,303439.28571428574,198083.56666666668
2015-09-03,27.76,27.879999,26.92,26.959999,20.586348,6919403.0,1.0043227305475504,0.9697406340057637,0.9711815201729106,0.630001,-0.35125099999999776,-3653203.0,1.0095045817487436,1.012828843126144,1.0097363213152941,0.9811157506766814,0.9839147915302906,0.9881134369785756,0.9930942687551199,0.9975536154990069,0.9975679193125292,0.18000000000000022,-0.1385714999999999,-0.15233339999999995,-0.11235642857142837,-0.12708292857142847,-0.13210080000000002,-1739721.5714285714,-204356.7142857143,2665.2
2015-09-04,27.1,27.125,26.709999,26.860001,20.509989,9163820.0,1.0009225092250922,0.9856088191881919,0.9911439483394834,-0.6600000000000001,-0.07635900000000007,2244417.0,1.0050280792556483,1.0123611470411313,1.0093926555944743,0.980002478687027,0.9830808835079179,0.9877689353239085,0.9876921318660333,0.9967512635246549,0.9972727175905121,-0.02571442857142817,-0.1678572142857142,-0.1649999666666666,-0.13199142857142832,-0.14508192857142863,-0.1321007333333333,-152611.0,229692.5,98591.06666666667
2015-09-07,26.99,27.040001,26.459999,26.709999,20.395451,5267299.0,1.0018525750277882,0.9803630603927381,0.9896257502778808,-0.11000000000000298,-0.11453799999999958,-3896521.0,1.0042944349723468,1.012106064627862,1.009087764475036,0.9775466175808788,0.9829615403640579,0.9872296032284726,0.9864596768955126,0.9972935410868764,0.996623116054625,-0.2328572857142857,-0.1792857142857144,-0.16100000000000006,-0.20289599999999958,-0.12326485714285695,-0.1374459333333333,-609415.4285714285,-279003.0714285714,34548.23333333333
2015-09-08,27.0,27.530001,26.809999,27.530001,21.021593,6081115.0,1.0196296666666667,0.9929629259259259,1.0196296666666667,0.010000000000001563,0.626141999999998,813816.0,1.007098673067585,1.0116439814239573,1.009270685063066,0.981391409468004,0.9827041850842523,0.9869950340926702,0.992350329844758,0.9969295715962431,0.9968584135544504,-0.3085714285714286,-0.15142864285714275,-0.16066666666666668,-0.1090840000000003,-0.1259919285714286,-0.1193744,-793584.7142857143,-379962.35714285716,-16199.5
2015-09-09,27.950001,28.545,27.924999,28.540001,21.792816,12072183.0,1.0212879777714499,0.9991054740928274,1.0211091226794589,0.9500010000000003,0.7712229999999991,5991068.0,1.0097864457503636,1.0127273821774871,1.009805439109731,0.9846962198711094,0.9834903438083745,0.9871503446093304,0.9972336573808654,0.9991174093045124,0.9977266092410093,-0.049999714285714196,-0.10428564285714284,-0.14866663333333321,0.06654114285714284,-0.03217971428571431,-0.0944305,425824.71428571426,243496.35714285713,217534.73333333334
2015-09-10,27.969999,28.030001,27.639999,27.65,21.113222,9890797.0,1.002145227105657,0.9882016441974131,0.9885592058834181,0.01999800000000107,-0.679593999999998,-2181386.0,1.0090614524447779,1.0128806126850338,1.0097020516289874,0.9862598429836655,0.9844382901036871,0.9869628284155549,0.9988483607342794,0.9992452928257096,0.9972732340094698,0.03857114285714301,-0.05357142857142857,-0.14766676666666664,0.06326871428571426,-0.03763407142857135,-0.12268326666666667,87669.85714285714,-414273.21428571426,181498.4
2015-09-11,27.799999,27.91,27.35,27.52,21.013958,7469437.0,1.0039568706459305,0.9838129850292441,0.989928093162881,-0.1700000000000017,-0.09926400000000157,-2421360.0,1.0077310795700192,1.012621732655311,1.009701020928662,0.9856850775474434,0.9853192097962867,0.9865357316044113,0.9958824724546714,1.0005630059564263,0.9968557021405554,0.09571428571428545,0.00714271428571424,-0.15999996666666666,0.010908428571428581,0.03327085714285717,-0.13133723333333336,-443309.85714285716,-472644.85714285716,-34995.666666666664
2015-09-14,28.049999,28.110001,27.620001,27.780001,21.21249,6450687.0,1.0021391088106635,0.9846703024837897,0.9903744025088913,0.25,0.19853200000000015,-1018750.0,1.0074191336076068,1.0084618576781752,1.0097214194478183,0.9878178873300186,0.98446681900335,0.9862181880203271,0.9986243127883829,0.9958592907717513,0.9965959382782827,0.041428428571428304,0.11071421428571426,-0.15633343333333347,0.08944885714285686,-0.01145378571428576,-0.12471950000000002,-66959.42857142857,-903340.5,96388.9
2015-09-15,27.98,27.98,27.110001,27.139999,20.723793,6941528.0,1.0,0.9689063974267333,0.9699785203716941,-0.06999899999999926,-0.4886969999999984,490841.0,1.0072873465754508,1.0061577129155495,1.0093953214046278,0.9854318270783817,0.9827171528827044,0.9853396873218323,0.9956006802215558,0.9916464060437945,0.9955238883437245,0.12571428571428558,0.0499999285714287,-0.15766663333333344,0.030543428571428523,-0.050723999999999894,-0.1435545666666666,-317470.28571428574,-235040.64285714287,19819.033333333333
2015-09-16,27.450001,27.879999,27.25,27.879999,21.288849,8515919.0,1.0156647717426313,0.9927139893364667,1.0156647717426313,-0.5299990000000001,0.5650559999999984,1574391.0,1.0092605175347142,1.0067774762535306,1.0099174804627153,0.9871962454989143,0.9823714315398966,0.9856540684927897,0.9993205404308059,0.9928901086631592,0.9963702621744032,0.06571442857142884,-0.08357142857142844,-0.18166670000000001,0.1276282857142854,-0.0376338571428571,-0.11962890000000001,464088.5714285714,-72663.42857142857,100047.63333333333
2015-09-17,28.25,28.52,28.059999,28.18,21.517927,9788145.0,1.0095575221238937,0.9932743008849558,0.9975221238938053,0.7999989999999997,0.22907800000000123,1272226.0,1.0078216397428894,1.0074601564052372,1.010236064533512,0.9872407276359186,0.9843160685519613,0.9854298785222881,0.996162320034683,0.9942563249397204,0.9962876663041966,0.17857142857142858,-0.06500000000000002,-0.1443334,0.07090485714285728,-0.019089571428571515,-0.11199296666666664,529575.7142857143,-132004.5,326271.5
2015-09-18,28.290001,28.6,27.709999,28.4,21.685913,14566318.0,1.0109578999307918,0.9794979858784735,1.00388826426694,0.040001000000000175,0.16798599999999908,4778173.0,1.006345914337081,1.0080661800437225,1.0098788659327833,0.984439657891011,0.9845679388810602,0.9849576606679984,0.993702197404323,0.9954679273925942,0.9962505539838293,0.04857142857142855,-0.000714142857142822,-0.05666663333333328,-0.015271857142857012,0.025634642857142915,-0.04428819999999997,356305.0,391064.85714285716,-592636.0333333333
2015-09-21,28.0,28.0,27.52,27.719999,21.166674,6057118.0,1.0,0.9828571428571429,0.9899999642857144,-0.2900010000000002,-0.5192389999999989,-8509200.0,1.0060394533219872,1.0075504528833825,1.0095167856048675,0.9836761576995438,0.9849680003416047,0.9845178965731443,0.9939080200332225,0.9963781903837508,0.9956758314775296,0.004285857142856945,0.02142849999999998,-0.07933330000000005,0.007636000000000008,0.03545235714285714,-0.07330446666666669,-547668.4285714285,-229999.2857142857,-122349.06666666667
2015-09-22,27.93,28.1,27.610001,27.83,21.250668,4994024.0,1.0060866451843895,0.988542821339062,0.9964196204797708,-0.07000000000000028,0.08399400000000057,-1063094.0,1.0063437068274814,1.0070373931987504,1.0097196737776806,0.9843518486009463,0.9850184630741949,0.9849260328512225,0.9948353810784925,0.9953589267665819,0.9963465277269649,0.018571571428571434,0.05714292857142844,-0.09566663333333333,0.0338157142857146,0.02236207142857159,-0.05701456666666663,-353630.4285714286,-398470.14285714284,-120921.06666666667
2015-09-23,27.57,27.629999,26.93,26.99,20.609253,10209517.0,1.0021762422923468,0.9767863619876678,0.9789626405513239,-0.35999999999999943,-0.6414150000000021,5215493.0,1.006349011610579,1.0068840726090929,1.0097152052838938,0.9832255713872147,0.9855217293586165,0.9851423428599457,0.9932051293702685,0.9959147210793257,0.9965253693497456,-0.06857128571428563,-0.013571428571428663,-0.09099996666666664,-0.08617671428571429,0.0016360714285712824,-0.0638869000000001,536975.7142857143,235008.14285714287,-22512.466666666667
2015-09-24,27.209999,27.450001,27.120001,27.34,20.876509,7226945.0,1.008820360485864,0.9966924658835893,1.0047776922005767,-0.36000100000000046,0.2672559999999997,-2982572.0,1.0076090631085597,1.0074482048420053,1.0095831594460698,0.987195009738194,0.9863134184082879,0.9851666348329461,0.9981764396315376,0.9968885599265466,0.9966509896985775,-0.11000014285714295,0.007857071428571314,-0.08400003333333335,0.021816571428571154,0.02617999999999984,-0.06159623333333333,40773.857142857145,-138348.2142857143,30082.966666666667
2015-09-25,27.52,27.66,27.0,27.0,20.61689,9365895.0,1.0050872093023255,0.9811046511627907,0.9811046511627907,0.31000099999999975,-0.25961899999999716,2138950.0,1.0060979827599446,1.0076792501473293,1.0096629463360502,0.9855365328562403,0.9863663891775774,0.9849969469830361,0.9932392795487032,0.9962799099897545,0.9964813018486675,0.009999857142857036,0.037857142857142936,-0.07266670000000003,-0.0959941428571425,0.01581707142857144,-0.05828729999999993,121425.14285714286,292756.85714285716,-13816.733333333334
2015-09-28,27.01,27.58,26.98,27.4,20.922325,5206286.0,1.0211032950758976,0.9988893002591632,1.0144390966308774,-0.509999999999998,0.30543499999999923,-4159609.0,1.0077473788959452,1.0077845093194173,1.0101173810247377,0.9863386756239841,0.9867897016299514,0.9850504726082946,0.9956559899397134,0.9959091549871981,0.9968833758703497,-0.1771428571428569,0.000714285714285826,-0.08133336666666663,-0.08508599999999993,-0.007090571428571327,-0.0539603666666667,-654551.2857142857,-62487.78571428572,-24727.966666666667
2015-09-29,26.940001,26.969999,26.379999,26.379999,20.143463,11318044.0,1.0011135114657197,0.9792129926053085,0.9792129926053085,-0.06999900000000281,-0.7788620000000002,6111758.0,1.006341037686649,1.006343476011865,1.0099737071131432,0.9862979622992463,0.9853688100951287,0.9849564435482454,0.9921309511309089,0.9929165742676159,0.9967893468103006,-0.19285714285714306,-0.07214285714285726,-0.08533330000000004,-0.22034999999999982,-0.11781092857142841,-0.06592319999999993,-464039.14285714284,-53867.07142857143,71490.06666666667
2015-09-30,26.639999,27.09,26.440001,27.08,20.67798,8850956.0,1.0168919300635109,0.992492567285757,1.016516554674045,-0.3000019999999992,0.534517000000001,-2467088.0,1.0087541705528646,1.0073968119374261,1.0096668103978825,0.9876744515033341,0.9856753046014388,0.9848206657963307,0.9959190354720989,0.9949135277526607,0.9965157239815843,-0.1942858571428572,-0.09500000000000013,-0.0826667333333333,-0.0698134285714284,-0.0310887142857142,-0.07024999999999994,399119.71428571426,-74274.35714285714,-84987.73333333334
2015-10-01,27.25,27.629999,27.200001,27.52,21.013958,6559050.0,1.0139449174311927,0.9981651743119266,1.0099082568807338,0.6100010000000005,0.3359779999999972,-2291906.0,1.0098767808738367,1.008110243850659,1.0099276287381878,0.9890490733566004,0.9867004609787734,0.9851561965415576,0.9978459835293794,0.996340682303936,0.9971633527188193,-0.0971428571428571,-0.03928564285714283,-0.07200000000000001,-0.0338157142857146,0.0,-0.040979133333333334,223575.14285714287,-65027.642857142855,-70139.46666666666
2015-10-02,27.34,27.49,26.9,26.93,20.563438,6845463.0,1.0054864667154353,0.9839063643013899,0.985003657644477,0.08999999999999986,-0.45051999999999737,286413.0,1.010349670077135,1.008349340843857,1.0101105109620356,0.990066216544275,0.9866458939657449,0.9854553954828361,0.9987089859712585,0.9959570576707636,0.9971045134207465,-0.03285714285714292,-0.05071421428571427,-0.04599996666666672,-0.006544999999999642,-0.04636085714285697,-0.035888699999999926,-480579.14285714284,28198.285714285714,-294838.63333333336
2015-10-05,27.25,27.389999,27.049999,27.389999,20.91469,3996901.0,1.0051375779816514,0.9926605137614679,1.0051375779816514,-0.08999999999999986,0.3512519999999988,-2848562.0,1.009823558290819,1.0087163106996893,1.0100290571926889,0.989490223383972,0.988342616561083,0.9861614089637901,0.9987603982256977,0.9984684189286176,0.9982264290423734,0.005714428571428597,-0.05214285714285717,-0.015000033333333345,0.0054544285714287965,0.013635499999999976,0.012217466666666729,-461434.85714285716,-210330.5,-336318.8
2015-10-06,27.700001,27.790001,27.450001,27.48,20.983414,6279684.0,1.0032490973556283,0.9909747295676993,0.9920577259184936,0.4500010000000003,0.06872399999999956,2282783.0,1.0095609708698623,1.0078294768149034,1.0081247818215244,0.9909002345846732,0.9882183837204567,0.9859737741632164,1.000325123190798,0.9967822013697505,0.9960874727365118,0.025714428571428676,0.017857142857142856,0.040000033333333344,0.05236057142857119,-0.02181678571428566,-0.01298096666666666,-440887.28571428574,-159731.07142857142,-427259.0
2015-10-07,27.549999,27.75,27.17,27.719999,21.166674,4937753.0,1.0072595646918172,0.986206932348709,1.0061705991350491,-0.15000200000000063,0.18326000000000064,-1341931.0,1.007583295100708,1.0076653369983266,1.0072914997553597,0.9890884677403226,0.9877135716821533,0.9857339478043144,0.9991439092628226,0.9973999496012681,0.9953278624889105,0.07714271428571402,-0.05000007142857145,0.00899993333333337,0.03490699999999996,-0.025089499999999987,-0.008908499999999956,-38361.857142857145,-346456.5714285714,-176478.13333333333
2015-10-08,27.940001,28.200001,27.91,27.93,21.327028,6252683.0,1.009305654641888,0.9989262348272644,0.9996420544151019,0.39000199999999907,0.1603539999999981,1314930.0,1.008753601268732,1.0075473194776905,1.0073687520763928,0.9919046452006021,0.9891013037499242,0.9857796860273639,1.0020623466642216,0.9970966488975652,0.9953741664670297,0.14285714285714285,-0.025000000000000102,-0.022666666666666658,0.169080714285714,-0.025634642857142915,-0.01628983333333333,-723623.0,-593831.0714285715,-109350.8
2015-10-09,28.35,28.495001,28.17,28.459999,21.731728,6660025.0,1.0051146737213403,0.9936507936507937,1.0038800352733686,0.40999900000000267,0.40470000000000184,407342.0,1.0070711360769933,1.007912653314929,1.0075392412004374,0.9920701061098931,0.9898722788066134,0.9866997330585221,1.0002571296069822,0.9980880825395406,0.996223664442077,0.24428585714285742,0.025000000000000102,-0.026999999999999958,0.1505354285714284,0.040360999999999994,-0.0017817666666667027,-312990.14285714284,43064.78571428572,-165872.76666666666
2015-10-12,28.459999,28.52,28.299999,28.35,21.647734,5946536.0,1.00210825727717,0.9943780742929752,0.9961349612134561,0.1099989999999984,-0.08399400000000057,-713489.0,1.0053801846264185,1.0076284827501276,1.0075270641432763,0.9915290918214713,0.9902890825890359,0.987313275492585,0.9982895159402282,0.9980677497348038,0.9965306354849685,0.17285699999999998,0.037857071428571434,0.005333333333333338,0.09053942857142872,0.028361857142857057,0.010690200000000042,-87502.0,68036.57142857143,-104829.13333333333
2015-10-13,28.360001,28.709999,28.35,28.51,21.769913,6427468.0,1.0123412548539754,0.999647355442618,1.0052891041858567,-0.09999799999999937,0.12217899999999915,480932.0,1.0063594400747815,1.0083545550759583,1.0076977666302502,0.9937778048416467,0.9919220106929609,0.9880596445936882,1.0011874368747111,0.9999482114229847,0.9974650628775131,0.14571442857142866,0.05642864285714287,0.022000000000000006,0.17235357142857108,0.08290428571428572,0.036652399999999946,-59713.57142857143,-270146.35714285716,-94988.0
2015-10-14,28.35,28.700001,28.049999,28.65,21.87681,7520141.0,1.0123457142857142,0.9894179541446207,1.0105820105820105,-0.010000999999999038,0.10689700000000002,1092673.0,1.007389173832505,1.008606366061662,1.0076669744141327,0.99331458203924,0.9914024027116061,0.9881123649624156,1.0019652129604768,1.000362805593087,0.997461486192909,0.15714285714285733,0.08142864285714298,0.04066669999999999,0.13744571428571412,0.07145007142857145,0.03130703333333334,503320.0,20942.571428571428,-101748.83333333333
2015-10-15,28.75,28.75,28.32,28.559999,21.808086,5329743.0,1.0,0.9850434782608696,0.9933912695652174,0.3999999999999986,-0.06872399999999956,-2190398.0,1.006925017067415,1.0082429939686386,1.0075228833958811,0.9924672604239787,0.991683747504326,0.9886224597709192,1.0021557191957229,1.0012404211932604,0.9982018111726525,0.1499998571428571,0.08785714285714288,0.032999999999999946,0.11781028571428566,0.08508542857142842,0.04072459999999995,-135705.85714285713,-288296.5714285714,-52988.666666666664
2015-10-16,28.799999,28.889999,28.6,28.67,21.892084,6428104.0,1.003125000108507,0.9930555900366524,0.9954861456766023,0.04999899999999968,0.08399800000000113,1098361.0,1.006334364984085,1.0069588300423964,1.0075962997586616,0.993445640093685,0.9912670539170038,0.9888706854658678,1.000629368701659,0.9998866389822408,0.9983465510838897,0.17857142857142858,0.1278570714285713,0.05666663333333328,0.10363000000000001,0.06926849999999998,0.046069833333333324,212907.2857142857,87272.71428571429,-91190.53333333334
2015-10-19,28.700001,28.969999,28.549999,28.860001,22.037163,6256687.0,1.0094075954910247,0.9947734496594617,1.0055749126977382,-0.09999799999999937,0.14507899999999907,-171417.0,1.006348927962533,1.0075512646156324,1.0078481337741028,0.992852385069713,0.9923785151351575,0.9893510317747586,1.0014769198848927,1.0017696332745571,0.9988781898312183,0.10857142857142879,0.12571428571428583,0.057000033333333394,0.1014478571428573,0.13526428571428564,0.054723733333333274,572.0,-361525.5,32979.6
2015-10-20,28.610001,28.690001,28.35,28.4,21.685913,7200392.0,1.0027962249983842,0.9909122338024385,0.9926598744264287,-0.08999999999999986,-0.3512500000000003,943705.0,1.0060177210021108,1.006544428539552,1.0072870190518266,0.9924611622342336,0.9922656341720634,0.9892826753706424,0.9998740397639014,1.0000655846854418,0.9979791967565437,0.037142999999999864,0.14071442857142863,0.05366670000000002,-0.00654500000000015,0.07199521428571412,0.022144,77195.28571428571,-117897.42857142857,37309.23333333333
2015-10-21,28.200001,28.639999,28.059999,28.559999,21.808086,6082741.0,1.0156027654041573,0.995035390246972,1.0127658860721318,-0.41000000000000014,0.12217300000000009,-1117651.0,1.0079455078773947,1.0066628462519067,1.0070975119729169,0.9925550645133762,0.9920420781674236,0.9891470059091139,1.0022498861722837,1.000269701056256,0.9977010888696328,-0.03714257142857136,0.06785721428571431,0.008333333333333333,0.022907428571428516,0.05672342857142861,0.0005090000000000335,19457.85714285714,-34022.07142857143,-199648.06666666668
2015-10-22,28.48,28.610001,28.32,28.6,21.838631,3831035.0,1.0045646418539327,0.9943820224719101,1.0042134831460674,0.2799990000000001,0.030545000000000044,-2251706.0,1.0068345631631028,1.0065970016189423,1.0071781591311928,0.9918028740889894,0.992790339465318,0.9893530185182638,1.0020962260237423,1.0016418314492266,0.9982228981117213,0.017142714285714282,0.08142857142857148,0.0170000333333333,0.009816857142857214,0.09108521428571414,0.02418029999999997,-370919.0,-215316.2857142857,-201992.06666666668
2015-10-23,29.0,29.15,28.860001,28.9,22.067707,8754296.0,1.0051724137931033,0.995172448275862,0.996551724137931,0.5199999999999996,0.22907599999999917,4923261.0,1.0058098059498728,1.0065994898911887,1.0072186772360985,0.9926249446791667,0.9929697633592033,0.989731667293151,1.0000918993888737,1.0010285561746752,0.9984436858108895,0.09285714285714265,0.125,0.040000033333333344,0.02727099999999995,0.08235835714285702,0.03512496666666666,176307.85714285713,339813.9285714286,42828.63333333333
2015-10-26,29.110001,29.17,28.889999,28.9,22.067707,6350170.0,1.0020611129487766,0.992442391190574,0.9927859500932342,0.11000100000000046,0.0,-2404126.0,1.006104250656841,1.006514633862128,1.0072160773740355,0.9936819322405529,0.9930745963322659,0.9899907369167106,1.0000054251785906,1.0010805721871567,0.9985240707303676,0.05142871428571435,0.10071428571428573,0.03533340000000003,0.037088714285714176,0.07744949999999992,0.028507233333333323,145775.2857142857,5034.714285714285,-3350.5666666666666
2015-10-27,29.049999,29.08,28.9,28.940001,22.098253,5925519.0,1.0010327366964797,0.9948365230580558,0.9962134938455591,-0.06000200000000078,0.030546000000001072,-424651.0,1.0058053558836941,1.0060698604338896,1.0072505019305849,0.9939363512436106,0.9936909956686478,0.9908550744377547,1.00010933205987,1.0003693503807647,0.999398569846163,0.03571428571428571,0.10714285714285714,0.03566663333333331,0.029452714285714165,0.0665413571428571,0.045815333333333305,-71797.85714285714,70554.71428571429,-33866.96666666667
2015-10-28,28.940001,29.02,28.65,28.75,21.953169,8170797.0,1.0027643053640531,0.9899792332419063,0.9934346581397838,-0.10999800000000093,-0.14508400000000066,2245278.0,1.0048563144369838,1.0056026211997584,1.0068204863846324,0.9932514631839598,0.9930519241268365,0.9907639159012692,0.9983750099801622,0.9999259649325276,0.9986575660594016,0.034285714285714065,0.07142857142857142,0.049666666666666616,-0.011999142857142939,0.04472435714285718,0.022144,273444.28571428574,137008.14285714287,-11504.066666666668
2015-10-29,28.9,29.01,27.959999,28.17,21.510288,9511021.0,1.0038062283737026,0.9674740138408305,0.9747404844290658,-0.040001000000000175,-0.44288099999999986,1340224.0,1.005000600633458,1.0055091608177844,1.0066287765929594,0.9899031460465872,0.9911821541404106,0.9899039063331317,0.9958150971233961,0.9978445684436489,0.9978981780772436,0.041428428571428304,0.039285714285714084,0.02166666666666662,-0.025089285714285734,-0.015817142857142943,-0.0002546333333333687,330089.85714285716,203642.57142857142,-9237.466666666667
2015-10-30,27.51,27.690001,26.940001,27.209999,20.777245,19046718.0,1.0065431115957832,0.9792802980734278,0.9890948382406397,-1.389999999999997,-0.7330429999999986,9535697.0,1.0037063643751187,1.0058259361262567,1.0064816169817923,0.9876524185932238,0.9901037415532999,0.9898966500729636,0.9924335188617545,0.997341702517019,0.9974050638763668,-0.09857157142857124,-0.06785707142857131,-0.026000033333333287,-0.14726299999999984,-0.06217778571428566,-0.03028893333333329,1851996.7142857143,935727.2857142857,149346.66666666666
2015-11-02,27.16,27.209999,26.559999,26.58,20.296183,14340586.0,1.0018409057437407,0.9779086524300442,0.9786450662739322,-0.3500000000000014,-0.48106200000000143,-4706132.0,1.0033172592165198,1.0050759111898115,1.0065429805065838,0.9852990800158145,0.9885509770524018,0.9897317003920603,0.9887808878800209,0.9954385569518817,0.997026567275974,-0.1885714285714286,-0.08571435714285716,-0.027999999999999994,-0.22034971428571432,-0.10526642857142855,-0.029016366666666706,1501364.4285714286,565222.7142857143,276115.6
2015-11-03,26.959999,27.07,26.76,27.0,20.61689,7664715.0,1.0040801559376913,0.9925816391907137,1.0014837166722448,-0.20000100000000032,0.3207070000000023,-6675871.0,1.0031612223800326,1.0044855141649527,1.0064760975316938,0.9849289644322218,0.9887769545556943,0.989866327653782,0.9894854582420657,0.9947886788154696,0.9971953704823898,-0.2914287142857143,-0.09928578571428583,-0.03233336666666666,-0.20725957142857102,-0.08999428571428554,-0.021125933333333315,-155654.42857142858,10326.714285714286,89023.03333333334
2015-11-04,27.25,27.379999,26.799999,26.870001,20.517622,9489078.0,1.0047706055045873,0.9834862018348624,0.9860550825688073,0.2900010000000002,-0.09926800000000213,1824363.0,1.0035482927451482,1.0048262717009946,1.006562576305435,0.9836495088099773,0.9886657205252651,0.9900896556486884,0.9885239057385762,0.9942646654585834,0.997431785216306,-0.26571442857142863,-0.10714285714285714,-0.010666666666666677,-0.22144071428571419,-0.09217600000000001,-0.0030543666666666526,448415.4285714286,297095.35714285716,-24014.633333333335
2015-11-05,26.9,26.99,26.629999,26.65,20.349632,9095810.0,1.0033457249070632,0.9899627881040893,0.9907063197026023,-0.3500000000000014,-0.16798999999999964,-393268.0,1.0038787196323746,1.0048420377580343,1.0063800884528085,0.9829532609594106,0.9884448061015105,0.9898653330560385,0.9877371665752966,0.9939232493175832,0.9969627394663736,-0.30714271428571444,-0.13571421428571437,-0.010333300000000042,-0.249803,-0.11017514285714292,-0.01756256666666663,452898.71428571426,190550.42857142858,62295.5
2015-11-06,25.5,26.059999,25.43,25.969999,20.563423,7825317.0,1.0219607450980392,0.9972549019607843,1.0184313333333335,-1.3999999999999986,0.2137910000000005,-1270493.0,1.0066210681658012,1.0057386913013926,1.0069425396459988,0.9839926422049645,0.9886220526944622,0.9904036747493049,0.9913081201743751,0.9948415650772687,0.9982069622053916,-0.4914287142857141,-0.2285715,-0.06733333333333331,-0.1985351428571427,-0.10526714285714281,-0.0017822333333333755,-49354.28571428572,112045.0,-51352.6
2015-11-09,25.9,25.9,25.26,25.360001,20.080418,10605661.0,1.0,0.9752895752895754,0.9791506177606178,0.3999999999999986,-0.4830049999999986,2780344.0,1.0060773212552723,1.005538960944365,1.0062390964768022,0.9851091509833568,0.9875061485149719,0.9896170172503187,0.9919381392217398,0.9938766181725678,0.997030679576383,-0.42857142857142855,-0.19357150000000015,-0.0370000000000001,-0.2042671428571425,-0.11467821428571412,-0.028063566666666637,156377.14285714287,243233.5,179979.16666666666
2015-11-10,25.299999,25.540001,25.01,25.540001,20.222944,13973808.0,1.009486245434239,0.9885375884797467,1.009486245434239,-0.6000009999999989,0.1425259999999966,3368147.0,1.00649776894648,1.0051020666607995,1.0065181876090863,0.9864316210414023,0.9870420198173131,0.9899278371127999,0.9948511973922537,0.9936423581270041,0.998039788004014,-0.31571442857142884,-0.20714300000000005,-0.0546667333333333,-0.07918585714285749,-0.11322442857142866,0.0026493666666665898,-724701.4285714285,563647.6428571428,88525.46666666666
2015-11-11,25.889999,26.35,25.82,26.23,20.769297,11806816.0,1.017767517101874,0.9972962919002044,1.0131325227165904,0.5899999999999999,0.5463530000000034,-2166992.0,1.008772999140499,1.0060451291785095,1.0065473738436983,0.9892012838228538,0.9872501819193341,0.9900879612666149,0.9997779768840621,0.9942794323820415,0.9979269869387655,-0.18142871428571436,-0.1850000714285715,-0.025,0.06758771428571464,-0.07638099999999984,0.003043900000000003,-361967.14285714284,569698.6428571428,98528.66666666667
2015-11-12,26.23,26.790001,26.200001,26.639999,21.093941,7438837.0,1.0213496378192908,0.9988563095691956,1.0156309187952726,0.3400010000000009,0.32464399999999927,-4367979.0,1.0112400679807276,1.00720064518038,1.0067941978566348,0.990097665305494,0.9875133148688578,0.9901109991085237,1.0017990057587804,0.9956422320004229,0.9981177423359168,-0.10428557142857134,-0.19785714285714281,-0.03399999999999999,0.06815014285714278,-0.06955471428571412,0.0026661000000000714,-32268.285714285714,-93961.35714285714,29326.233333333334
2015-11-13,26.049999,26.389999,25.82,26.309999,20.832642,8429881.0,1.0130518239175363,0.9911708633846781,1.009980806525175,-0.18000100000000074,-0.26129900000000106,991044.0,1.0124230991825776,1.007985695963863,1.0070463764300384,0.9911954740983248,0.987422491454151,0.9903531490779667,1.0052169663239758,0.9968704360312758,0.9989503139652735,-0.17142871428571432,-0.21857157142857148,-0.04300003333333334,0.04500285714285722,-0.08821892857142848,0.008973466666666615,-151313.85714285713,148550.7857142857,52813.933333333334
2015-11-16,25.799999,26.07,25.75,25.91,20.515915,4933005.0,1.010465155444386,0.9980620541884517,1.0042636048164189,-0.25,-0.3167270000000002,-3496876.0,1.0134401606879093,1.008659440160142,1.0072239623454629,0.9923525121103767,0.9876528865348936,0.9905332004255328,1.0071537213402353,0.9974454439577658,0.9989211815264323,-0.15714299999999984,-0.23214285714285715,-0.048333366666666676,0.02375471428571428,-0.11302414285714286,-0.013292500000000018,-594686.4285714285,-70893.85714285714,31203.466666666667
2015-11-17,26.129999,26.49,26.014999,26.49,20.975168,6060607.0,1.0137773063060582,0.9955989282663195,1.0137773063060582,0.33000000000000185,0.45925300000000036,1127602.0,1.0122710980033405,1.009446083084571,1.0075749026438106,0.9921159444397388,0.9880542933223516,0.9906873403821537,1.0064888603363389,0.9988984902553569,0.9996451675393511,0.08999985714285737,-0.20071442857142838,-0.05233339999999996,0.05882071428571426,-0.06985721428571422,-0.0002748666666666585,-252101.42857142858,-150727.85714285713,-7302.566666666667
2015-11-18,26.23,26.9,26.190001,26.75,21.181038,6450879.0,1.0255432710636674,0.998475066717499,1.0198246282882195,0.1000009999999989,0.20587000000000089,390272.0,1.0159201367267217,1.010998728990997,1.0081843595228723,0.9954281575008707,0.9902686542421136,0.9910962781944465,1.0122994332688533,1.0021187862452965,1.0001003018444568,0.04714285714285741,-0.1907142857142856,-0.04399996666666664,0.15723142857142847,-0.023517857142857018,0.00047880000000001625,-593540.2857142857,-218581.57142857142,50437.53333333333
2015-11-19,27.0,27.559999,26.92,27.52,21.790737,9053024.0,1.0207407037037037,0.997037037037037,1.0192592592592593,0.7699999999999996,0.6096989999999991,2602145.0,1.0175279164795024,1.012012842712991,1.0085655278249326,0.9966423644376264,0.9915369927395143,0.9910333049347724,1.013695578100999,1.0042733877466266,1.0007542086725953,0.24285728571428575,-0.03642857142857154,-0.031333366666666626,0.22397042857142882,0.07239228571428567,0.015456966666666716,-702969.1428571428,-713835.2857142857,93344.7
2015-11-20,27.5,27.83,27.35,27.74,21.964937,6314774.0,1.012,0.9945454545454546,1.0087272727272727,0.5,0.17419999999999902,-2738250.0,1.016703985464949,1.012738492302724,1.008795038700888,0.9962493876726622,0.992725335747758,0.9910631269645943,1.0130662566739537,1.006422116779008,1.0009157832543922,0.23000014285714293,0.024285714285714275,-0.02833333333333338,0.17080571428571392,0.11919671428571428,0.007773633333333289,-784577.4285714285,-573272.2857142857,-11508.366666666667
2015-11-23,27.73,27.93,27.559999,27.85,22.052036,5142314.0,1.0072124053371798,0.9938694194013704,1.004327443202308,0.23000000000000043,0.08709900000000204,-1172460.0,1.0146843808246473,1.0129622244026875,1.0089651769695551,0.9955369747915442,0.9928173200485191,0.9910461718015409,1.0114514744463874,1.006625240102584,1.001188865987354,0.21428571428571427,0.055000071428571475,-0.02433329999999998,0.13687071428571432,0.10251042857142854,0.013476733333333376,-328074.71428571426,-180171.5,-26807.4
2015-11-24,27.75,28.0,27.51,27.77,21.988689,6366281.0,1.009009009009009,0.9913513513513514,1.0007207207207207,0.019999999999999574,-0.06334700000000026,1223967.0,1.014106835837715,1.0132649675101462,1.0088541021080561,0.9955627587867834,0.993379116442554,0.990769638331832,1.010128605045751,1.0076727856848633,1.001036586538516,0.24285728571428575,0.03571428571428571,-0.020333366666666682,0.16514957142857156,0.10507621428571438,0.007292533333333395,-294800.0,-223056.92857142858,-2039.5666666666666
2015-11-25,27.799999,27.84,27.42,27.440001,21.72739,5354349.0,1.0014388849438447,0.9863309707313299,0.9870504311888644,0.04999899999999968,-0.26129900000000106,-1011932.0,1.012817368623352,1.0131287646556306,1.0084905411299938,0.9938868897214802,0.9931197009159284,0.9906667388847222,1.0076695802418147,1.0074116507910251,1.0002522005587446,0.2857142857142857,0.06428564285714293,-0.018333366666666726,0.17306785714285716,0.09841128571428572,-0.004980666666666641,60192.0,-267247.21428571426,-72193.06666666667
2015-11-26,27.48,27.85,27.450001,27.559999,21.822407,4357477.0,1.0134643377001455,0.9989083333333333,1.0029111717612809,-0.31999899999999926,0.09501699999999857,-996872.0,1.0127726588225072,1.012521878412924,1.0089393523866652,0.9943596618739108,0.9932378031568246,0.991128900720471,1.0061172753068466,1.0063030678215925,1.0005695306319466,0.19285728571428556,0.14142857142857146,-0.04233333333333332,0.12103414285714262,0.08992742857142844,0.0004773666666666306,-243304.2857142857,-247702.85714285713,-32408.866666666665
2015-11-27,27.74,27.799999,27.23,27.34,21.648211,9239257.0,1.0021629055515502,0.9816149963950974,0.9855803893294881,0.259999999999998,-0.17419599999999846,4881780.0,1.0094326066064905,1.012676371666606,1.0089072825681,0.991951080399282,0.9936896189500765,0.990747547599086,1.001225241169885,1.0067623372193693,1.0002393387537094,0.21571428571428544,0.13142857142857142,-0.03533330000000004,0.06673899999999985,0.11198521428571416,-0.008129100000000023,398339.71428571426,-97600.28571428571,93705.1
2015-11-30,27.379999,27.469999,27.110001,27.15,21.497765,11789996.0,1.0032870709746922,0.9901388601219452,0.9915997440321308,-0.3600009999999969,-0.15044599999999875,2550739.0,1.006939230502346,1.012233573490924,1.0087032650842225,0.9909656265542689,0.9938039954959477,0.9905930612811688,0.9972738818517237,1.0054847299763614,0.9997734997981893,0.05428557142857165,0.14857142857142872,-0.04400006666666663,-0.0418531428571427,0.09105864285714306,-0.017979933333333285,390996.0,-155986.57142857142,184443.63333333333
2015-12-01,27.059999,27.950001,27.059999,27.790001,22.004526,10114565.0,1.0328899494785642,1.0,1.0269771628594664,-0.3200000000000003,0.5067609999999974,-1675431.0,1.0099235089992837,1.0133137472321163,1.0097063892335616,0.9917448473334897,0.993997117503076,0.9908959868210874,0.9998810090134657,1.0064736328437096,1.0009174094126239,-0.06285728571428553,0.0835714285714287,-0.051666733333333305,0.0056555714285713475,0.08823064285714263,0.010620433333333306,542827.2857142857,-120875.07142857143,97139.1
2015-12-02,27.780001,28.0,27.780001,27.9,22.091625,5562661.0,1.0079193301684908,1.0,1.0043196182750318,0.7200019999999974,0.08709900000000204,-4551904.0,1.0100244982608995,1.0123544395427735,1.0094502747257061,0.9926206445618654,0.9940788096767049,0.991061473812855,0.9998798911667118,1.0056656828065496,1.0006358671527205,0.007142999999999741,0.11071435714285702,-0.014000000000000058,0.0056555714285713475,0.07126314285714283,0.009451300000000036,60049.57142857143,-134012.57142857142,-17336.0
2015-12-03,27.700001,27.98,27.58,27.809999,22.020361,4837581.0,1.0101082667830952,0.9956678340914139,1.003971046788049,-0.0799999999999983,-0.07126399999999933,-725080.0,1.010181535085769,1.012144185461742,1.009635062223345,0.9932372849533028,0.9944000218700432,0.9911043342001717,1.0003442234620443,1.0052364142538976,1.0006277859407866,-0.00714271428571424,0.11785728571428576,-0.02599996666666667,0.004524571428571481,0.08483707142857153,0.006057666666666724,-218385.7142857143,-256592.85714285713,33551.53333333333
2015-12-04,27.18,27.379999,26.77,27.110001,21.466093,9237313.0,1.007358314937454,0.984915378955114,0.9974246136865342,-0.5200010000000006,-0.5542680000000004,4399732.0,1.0110271679419989,1.0119222682826754,1.0097079255948234,0.9930350575567006,0.9934609736390904,0.9907624318894802,1.00182624953314,1.0047479148874774,1.0006568822590733,-0.08857128571428571,0.0985715,-0.060666666666666674,-0.03732814285714271,0.06786985714285722,-0.02005379999999993,554709.1428571428,307450.5714285714,16100.566666666668
2015-12-07,27.610001,27.620001,27.205,27.27,21.592785,5057342.0,1.0003621876000657,0.9853313659785814,0.9876855853790081,0.43000100000000074,0.12669199999999847,-4179971.0,1.0091554322134162,1.0109640455179616,1.0096512947498661,0.991095490791736,0.9927275763328234,0.9905253977157471,0.9996511657642441,1.0028842205355453,1.0004868701019325,0.018571571428571434,0.1057144285714285,-0.05,-0.03280314285714273,0.04411549999999994,-0.015830733333333312,99980.71428571429,-71661.78571428571,-43094.26666666667
2015-12-08,27.08,27.219999,26.809999,26.82,21.236467,7096615.0,1.0051698301329395,0.9900295051698672,0.9903988183161005,-0.5300010000000022,-0.35631799999999814,2039273.0,1.0095849928679002,1.0095087997371954,1.009789197864415,0.992297563473846,0.9921243219365641,0.9903651637861408,1.0003395127623314,1.0007823769661082,1.0002930475842837,-0.0942857142857143,0.06071428571428556,-0.06566663333333338,-0.05882057142857126,0.003959214285714298,-0.028726199999999955,-306091.71428571426,46124.0,39036.53333333333
2015-12-09,26.700001,26.799999,26.360001,26.43,20.927662,7221307.0,1.0037452433054215,0.9872659180799281,0.9898876033749962,-0.379998999999998,-0.30880499999999955,124692.0,1.0096504460580042,1.008294838280175,1.0098218957957938,0.9918871431821292,0.9914263848681991,0.9902747199474082,1.0000949212398837,0.9986844015458036,1.0001748124254575,-0.0971425714285716,-0.02142849999999998,-0.07466666666666662,-0.08144328571428565,-0.061648214285714174,-0.03418356666666658,-652669.8571428572,-130836.92857142857,-31649.666666666668
2015-12-10,26.459999,26.459999,25.67,26.190001,20.737625,9307788.0,1.0,0.970143649665293,0.9897959935674978,-0.2400020000000005,-0.19003700000000023,2086481.0,1.0049518818467809,1.0074376954230322,1.0096950215166705,0.9876219502771711,0.9896833988053303,0.9903637078082236,0.9947833256267453,0.9973321673201055,1.000676662730072,-0.08571428571428592,-0.07428578571428572,-0.08133336666666663,-0.18098585714285673,-0.08766514285714269,-0.02575543333333326,-115253.85714285714,213786.7142857143,-6774.433333333333
2015-12-11,26.190001,26.459999,25.959999,26.219999,20.761377,4638175.0,1.0103092015918596,0.9912179461161533,1.0011453989635206,-0.26999800000000107,0.02375199999999822,-4669613.0,1.0052932920501194,1.0076588951555094,1.0098205578498731,0.9863673711509072,0.9894940078563863,0.9907616294096477,0.994329865725101,0.9971048784459063,1.0010783480875012,-0.22714285714285712,-0.10999992857142869,-0.04399996666666676,-0.19003542857142872,-0.09218992857142869,-0.0005289333333333701,-132069.42857142858,-36009.92857142857,-480284.76666666666
2015-12-14,25.780001,26.1,25.67,25.68,20.333797,6222127.0,1.0124126837698728,0.9957330878303691,0.9961209854103574,-0.41000000000000014,-0.42757999999999896,1583952.0,1.005622494476802,1.0079020147812854,1.010172950450744,0.9863766931136152,0.9898069890334591,0.9913557772563253,0.9932084283854307,0.9967763259237375,1.0016608787253822,-0.2742857142857145,-0.14071421428571437,-0.04599996666666672,-0.24093771428571437,-0.11820657142857145,0.0012538000000000455,197792.2857142857,-10296.714285714286,-270615.3
2015-12-15,25.68,25.889999,25.33,25.33,20.056665,7952736.0,1.008177531152648,0.9863707165109034,0.9863707165109034,-0.1000009999999989,-0.2771320000000017,1730609.0,1.0057395253646868,1.0083833466533427,1.0103095296245759,0.9865845984787278,0.9898098280177142,0.9911487465003316,0.9916293002174834,0.9967277748753117,1.0011571120533376,-0.21428571428571427,-0.1514285,-0.042666633333333336,-0.2013468571428574,-0.11933750000000007,-0.018674166666666756,-183511.0,185599.07142857142,9600.7
2015-12-16,25.74,26.1,25.620001,26.01,20.595095,6572348.0,1.0139860139860142,0.9953380341880342,1.0104895104895106,0.05999999999999872,0.5384300000000017,-1380388.0,1.007685786276965,1.0084206092451906,1.0106167099072902,0.9880141225086498,0.9895548066501929,0.9915438075787707,0.9948870038046981,0.9972690847844711,1.0019715929840276,-0.2671430000000003,-0.12428571428571443,-0.05033333333333338,-0.14252714285714266,-0.08766514285714269,0.0025824333333333747,216429.42857142858,158205.07142857142,-97224.33333333333
2015-12-17,26.49,26.700001,26.389999,26.530001,21.006842,10019754.0,1.007927557568894,0.9962249528123821,1.001510041525104,0.75,0.4117469999999983,3447406.0,1.0080797473392442,1.0088323701035724,1.0107694376626846,0.9888991864575806,0.9905983749657131,0.9917525464023804,0.9964743214059844,0.998406917084158,1.0023317170447776,-0.08428571428571427,-0.08928571428571429,-0.01366666666666667,-0.032803571428571744,-0.0458120714285715,0.02190699999999997,417591.28571428574,55749.78571428572,30798.133333333335
2015-12-18,26.18,26.6,26.040001,26.48,20.967247,15139262.0,1.0160427807486632,0.9946524446142093,1.0114591291061878,-0.3099999999999987,-0.03959499999999849,5119508.0,1.0098365384025645,1.0097434922302846,1.0105721721843721,0.9899544045339065,0.9909207738580178,0.9916657978241613,0.9995559679390116,0.9998254445894477,1.0020993102372062,-0.07428585714285722,-0.08571421428571442,0.022666666666666658,0.005654999999999839,-0.03789414285714291,0.013460800000000005,1131136.4285714286,239233.2857142857,243798.16666666666
2015-12-21,26.26,26.860001,26.18,26.790001,21.212711,5275193.0,1.022848476770754,0.9969535415079969,1.0201828255902512,0.08000000000000185,0.24546399999999835,-9864069.0,1.0131006065126722,1.0090262441797266,1.0113337880767306,0.993784389082864,0.9907031696800176,0.9923879300314419,1.003896943942262,0.9993401347845037,1.003467050498194,-0.028571285714285466,-0.057142785714285695,0.012000000000000099,0.0678694285714282,-0.05655821428571427,0.037743099999999905,-576085.0,-345669.4285714286,-177682.26666666666
2015-12-22,27.0,27.059999,26.51,26.68,21.125612,4748205.0,1.0022221851851851,0.9818518518518519,0.9881481481481481,0.7399999999999984,-0.08709899999999848,-526988.0,1.011945318454576,1.0086193052523476,1.0110916527350955,0.9924463756165353,0.9894068733837214,0.9921650721438456,1.0020401938257806,0.9981850297754408,1.0027557805886576,0.11571414285714303,-0.055714357142857045,0.05666670000000001,0.05203357142857153,-0.06900092857142859,0.0300889333333334,15718.57142857143,-58175.42857142857,-307520.1
2015-12-23,26.860001,27.08,26.82,26.879999,21.283976000000003,4753642.0,1.0081905804843416,0.9985107595491154,1.000744527150241,-0.13999899999999954,0.1583640000000024,5437.0,1.0113421608423572,1.0084823276595796,1.0107724215145109,0.9928431858620704,0.9896099394878428,0.9922055543988092,1.002700699788621,0.9979545640870259,1.0023428474031126,0.15428571428571455,-0.05999999999999999,0.03233340000000003,0.13573985714285744,-0.05259892857142846,0.0171559666666667,-209783.57142857142,-5995.642857142857,-235105.8
2015-12-24,27.1,27.379999,27.059999,27.25,21.576946,2659800.0,1.0103320664206643,0.9985239483394834,1.0055350553505535,0.23999900000000096,0.29296999999999684,-2093842.0,1.0116499515949309,1.0086947384798088,1.0104051691345568,0.9945793618375819,0.990581980158155,0.9921944756911522,1.0054384624799995,0.9985338813487414,1.002006318621622,0.2028571428571431,-0.005714285714285593,0.029000000000000033,0.2171830000000001,0.00791807142857134,0.01610016666666662,-756133.7142857143,-469822.35714285716,-159301.23333333334
2015-12-28,27.25,27.25,27.25,27.25,21.576946,0.0,1.0,1.0,1.0,0.14999999999999858,0.0,-2659800.0,1.0096519495969287,1.008668867936947,1.0099701083373054,0.9952453569535769,0.9916297397311135,0.9924887802449962,1.003939960981498,0.9994134823930979,1.0016736250707827,0.21571428571428594,-0.025714357142857174,0.040000033333333344,0.14026442857142843,-0.0011313571428571226,0.02481013333333332,-938906.8571428572,-361238.71428571426,-280996.0333333333
2015-12-29,27.200001,27.629999,27.120001,27.629999,21.877834,3706583.0,1.015808749418796,0.9970588236375432,1.015808749418796,-0.04999899999999968,0.3008880000000005,3706583.0,1.010777834146915,1.0094287907430795,1.0101482281364524,0.9953644813571715,0.9921318339073759,0.9924553392266325,1.0059826335377398,1.001228477471862,1.0020584632241953,0.10142871428571455,0.008571500000000145,0.046666733333333356,0.12442742857142873,0.0458119285714285,0.04539730000000001,-901881.5714285715,-242145.14285714287,-40880.73333333333
2015-12-30,27.870001,28.030001,27.74,27.959999,22.139135,5357335.0,1.005740939872948,0.9953354504723556,1.003229206916785,0.6699999999999982,0.26130099999999956,1650752.0,1.0093061425932413,1.009571340497903,1.0098803492553488,0.9954620536226209,0.9927082290782636,0.9924465566335005,1.004806930367825,1.0021814491534184,1.0017068599112195,0.2414287142857141,0.08357142857142844,0.058000066666666565,0.1674125714285713,0.08653378571428558,0.03879889999999998,-1397418.142857143,-133140.85714285713,-23442.4
2015-12-31,27.85,28.0,27.75,27.93,22.115381,3715732.0,1.0053859964093357,0.9964093357271094,1.0028725314183122,-0.02000099999999705,-0.023754000000000275,-1641603.0,1.0068115025416102,1.009956054527141,1.0092084401002044,0.995384309939637,0.9945843495112506,0.9923776989338208,1.0023340312004052,1.0031154875713335,1.0011417900155561,0.22714285714285712,0.09928578571428583,0.054000000000000034,0.12895285714285723,0.09841114285714271,0.03114476666666661,-222780.14285714287,-399432.5714285714,-91171.56666666667
2016-01-04,27.870001,27.879999,27.440001,27.530001,21.798656,4347886.0,1.0003587369803109,0.9845712240914524,0.9878005027699855,0.02000099999999705,-0.31672499999999815,632154.0,1.0065452956551995,1.0092453070548877,1.0085290412094248,0.9957727916881514,0.9941095836523434,0.9919621718356346,1.0022843675749533,1.002162280700367,1.0000931647992468,0.12428585714285692,0.11999999999999998,0.029000033333333283,0.09614914285714297,0.07409135714285726,0.00026396666666670396,-57188.42857142857,-20734.928571428572,-156837.93333333332
2016-01-05,27.389999,27.4,26.959999,27.07,21.434420000000003,5347674.0,1.0003651332736447,0.9843008391493552,0.988316940062685,-0.48000199999999893,-0.36423599999999823,999788.0,1.0054273746251,1.0083847677337285,1.008141212318546,0.9937428030596143,0.9932929944608423,0.9916206846557647,1.0005089979910167,1.0016048488898188,0.999412820377094,0.07571399999999986,0.11499985714285721,-0.0036667000000000153,0.021492000000000035,0.07861592857142874,-0.01768389999999987,84861.71428571429,-62460.92857142857,-32236.666666666668
2016-01-06,27.139999,27.200001,26.549999,26.709999,21.149366,4515679.0,1.002210832800694,0.9782608687642177,0.9841562263874807,-0.25,-0.28505400000000236,-831995.0,1.0042671983936757,1.0079585749943034,1.0079744932339965,0.9908480774060049,0.9927137196217933,0.9911003996345262,0.9974548795677206,1.0014466710238599,0.9987404464832663,0.005714142857142589,0.10428564285714284,-0.01966670000000003,-0.061082857142856994,0.07805007142857155,-0.03008900000000002,265125.5714285714,-245504.07142857142,-20887.833333333332
2016-01-07,26.66,26.68,25.639999,25.860001,20.476328,8281192.0,1.0007501875468867,0.9617403975993998,0.9699925356339085,-0.4799989999999994,-0.6730380000000018,3765513.0,1.0043743680432309,1.00701315882008,1.0076991991852593,0.9853824199202048,0.9903138884368908,0.9901133678427946,0.9931680989439933,0.9985540299627456,0.9977161736470392,-0.08428571428571427,0.06571428571428584,-0.03633333333333333,-0.15723114285714296,-0.008483357142857275,-0.050412033333333404,1183027.4285714286,122060.28571428571,63830.36666666667
2016-01-08,25.5,26.059999,25.200001,25.540001,20.222944,8895669.0,1.0219607450980392,0.9882353333333334,1.0015686666666668,-1.1600000000000001,-0.2533840000000005,614477.0,1.005253224568837,1.0080155293578759,1.0083832611903991,0.9841219213053175,0.9897432013312446,0.9901768465961946,0.9911338014079748,0.9985582174728572,0.9982001148296327,-0.24285728571428575,-0.0707142857142856,-0.07666663333333332,-0.2364128571428574,-0.05599271428571433,-0.05014820000000005,741298.0,-80291.78571428571,118044.0
2016-01-11,25.4,25.4,25.01,25.15,19.914137,8111987.0,1.0,0.9846456692913387,0.9901574803149606,-0.10000000000000142,-0.30880699999999806,-783682.0,1.004433090301273,1.0068696164472573,1.0079344499337275,0.9825948097080295,0.9890284316653252,0.9897014244614615,0.9892664118934285,0.9970366711306268,0.9977749917814221,-0.3528572857142857,-0.05571428571428579,-0.0693333333333334,-0.31785685714285705,-0.07522214285714288,-0.06360899999999994,393521.71428571426,-501948.21428571426,125150.33333333333
2016-01-12,25.25,25.559999,24.950001,25.049999,19.834955,9608642.0,1.012277188118812,0.9881188514851486,0.9920791683168316,-0.14999999999999858,-0.07918199999999942,1496655.0,1.0054175462597696,1.0061145244006897,1.0082715926859696,0.9814104548163208,0.9883973823779788,0.9899182196311299,0.9877245028789312,0.9950292670396682,0.9979916177476669,-0.3714285714285716,-0.07214285714285726,-0.08299999999999995,-0.32577514285714265,-0.09841114285714271,-0.060441866666666635,841844.2857142857,309532.0714285714,12312.833333333334
2016-01-13,25.299999,25.559999,25.219999,25.450001,20.15168,7000664.0,1.0102766802480903,0.9968379445390493,1.0059289330406693,0.04999899999999968,0.31672499999999815,-2607978.0,1.0068343952980239,1.0066898454766116,1.0085045796617496,0.9831628434516918,0.9894678175699216,0.9901415224450333,0.990314278631886,0.9962993231034197,0.9984692573812847,-0.36714314285714267,-0.12142864285714287,-0.0693333333333334,-0.23528228571428603,-0.06956657142857152,-0.044869500000000076,378968.28571428574,160889.92857142858,-159644.4
2016-01-14,25.0,25.200001,24.84,25.049999,19.834955,5455677.0,1.00800004,0.9936,1.00199996,-0.2999989999999997,-0.31672499999999815,-1544987.0,1.0079250962589317,1.0066762354420158,1.007674916012464,0.9844912950017839,0.989117049030699,0.9899281891117,0.9922689957657882,0.9963889968784024,0.9976366839526359,-0.3414284285714285,-0.13285721428571431,-0.06866663333333338,-0.2284950000000003,-0.10350150000000014,-0.07231903333333325,15429.0,50145.357142857145,-155296.26666666666
2016-01-15,25.450001,25.6,24.700001,24.91,19.7241,7664870.0,1.005893870102402,0.9705304530243437,0.9787818868847982,0.4500010000000003,-0.11085500000000081,2209193.0,1.0084512444448899,1.006359221419283,1.0076074006769278,0.9833869498960875,0.987117513651046,0.9889458708791781,0.9915012329796907,0.9944780562737058,0.9967854262396281,-0.2414282857142856,-0.1178570714285715,-0.0776666666666666,-0.20360942857142866,-0.13234614285714283,-0.07891750000000002,449884.4285714286,357505.0,70073.63333333333
2016-01-18,24.299999,24.639999,24.16,24.41,19.328194,7253838.0,1.013991770123118,0.9942387240427458,1.0045267903097446,-1.1500020000000006,-0.3959060000000001,-411032.0,1.0103428990986374,1.0073586335709341,1.0077368507882618,0.9880295679594228,0.9867059939398137,0.9888982338775558,0.9964346979333817,0.9948013984386874,0.9968039510236846,-0.3371430000000001,-0.21071435714285716,-0.11333340000000001,-0.1640191428571427,-0.16062514285714283,-0.08973890000000004,-146764.85714285713,518131.28571428574,80541.9
2016-01-19,24.35,24.68,24.290001,24.59,19.470722,5248817.0,1.0135523613963038,0.9975359753593429,1.0098562628336756,0.05000100000000174,0.14252799999999866,-2005021.0,1.0091417014269608,1.007197462997899,1.0079433190035567,0.9893582311059956,0.9867400762056565,0.9893189204243634,0.9976186402429542,0.9943762208254645,0.9972183393285893,-0.1642857142857141,-0.20357149999999993,-0.09433333333333328,-0.10746028571428567,-0.17193657142857152,-0.06651236666666674,-520978.85714285716,110159.57142857143,-132949.86666666667
2016-01-20,24.559999,24.639999,23.440001,23.5,18.607639,13573404.0,1.0032573291228553,0.9543974737132521,0.9568404298387797,0.20999899999999982,-0.8630829999999996,8324587.0,1.0096070341587973,1.0070200622300352,1.008039823720983,0.985037060309126,0.9838159350085778,0.9882877906821859,0.9928590616034999,0.9910627367484641,0.9961901674772484,-0.12000014285714247,-0.23642871428571408,-0.1016667333333333,-0.1866425714285716,-0.25224971428571435,-0.09950486666666668,780202.4285714285,586862.0714285715,283868.73333333334
2016-01-21,23.950001,23.950001,23.08,23.110001,18.298836,13161097.0,1.0,0.9636742812662095,0.9649269325709006,-0.6099980000000009,-0.3088029999999975,-412307.0,1.0078531501418242,1.006635348200797,1.0078674960498852,0.9815449788492776,0.9814777168327992,0.9874092832187306,0.9889801707826525,0.9883523368307918,0.9953411046190751,-0.1857141428571428,-0.27857135714285725,-0.10433329999999993,-0.21944557142857132,-0.272610357142857,-0.09792103333333332,507493.5714285714,674668.9285714285,202149.4
2016-01-22,23.450001,23.49,23.16,23.35,18.488871,7925373.0,1.001705714212976,0.9876332201435727,0.9957355652138352,-0.5,0.19003499999999818,-5235724.0,1.006628726422522,1.006731560860273,1.0077995117468037,0.9802300182213524,0.9816964308365221,0.9874215266208519,0.9875239753788191,0.9889191270053527,0.9955360366803697,-0.2642854285714285,-0.31571428571428556,-0.10833333333333334,-0.23754414285714276,-0.2364132142857144,-0.0812930333333334,132101.2857142857,255534.7857142857,23468.866666666665
2016-01-25,23.75,24.17,23.629999,24.15,19.122322,6220244.0,1.017684210526316,0.9949473263157895,1.0168421052631578,0.2999989999999997,0.6334510000000009,-1705129.0,1.008012179354853,1.0079686378068924,1.0083889854310142,0.9804224934093223,0.982456894205553,0.9882483158425353,0.9896442818449845,0.9909566388053863,0.9964375737368917,-0.17857142857142858,-0.25999992857142856,-0.09033329999999999,-0.10180471428571433,-0.16514985714285732,-0.053843433333333364,109223.85714285714,62326.42857142857,-102918.13333333333
2016-01-27,24.25,24.280001,23.65,23.68,18.75017,8249420.0,1.0012371546391752,0.9752577319587629,0.9764948453608248,0.5,-0.3721519999999998,2029176.0,1.0073469342886778,1.0078990893667839,1.0080865838659245,0.9810978189713823,0.9822423844337349,0.9877163087039557,0.989317561627274,0.9904093973034824,0.9956158886168018,-0.17142871428571432,-0.20642849999999996,-0.06466669999999995,-0.13913285714285703,-0.17137114285714286,-0.0670402333333333,83507.14285714286,266695.78571428574,120374.83333333333
2016-01-28,23.76,24.1,23.709999,24.040001,19.035223,7741284.0,1.0143097643097643,0.9978955808080807,1.0117845538720538,-0.48999999999999844,0.2850529999999978,-508136.0,1.0073923620296272,1.0088676305641322,1.0081498198839212,0.9816202270807157,0.9848248975200693,0.9877883918032127,0.9903543849933182,0.9933945414633498,0.9961380075655251,-0.07714271428571402,-0.20714285714285705,-0.06733336666666657,-0.0418530000000002,-0.10293607142857145,-0.04328580000000007,69635.14285714286,-38564.857142857145,50638.566666666666
2016-01-29,24.280001,24.290001,23.780001,24.18,19.146076,11685423.0,1.0004118615975346,0.9794069201232735,0.9958813428384949,0.520000999999997,0.11085300000000231,3944139.0,1.0055151477726603,1.0073284245998104,1.007890964232084,0.9790303620469916,0.9841942965764936,0.9875562652569582,0.9883579678511495,0.992988304047052,0.9964550284431114,-0.009999857142857544,-0.08714278571428581,-0.04666663333333337,-0.04637799999999968,-0.07691914285714267,-0.030352966666666602,919515.1428571428,199268.14285714287,124422.9
2016-02-01,24.48,24.790001,24.370001,24.59,19.470722,7254379.0,1.0126634395424836,0.9955065767973855,1.0044934640522876,0.19999900000000181,0.32464599999999777,-4431044.0,1.006858877832607,1.0082329559957022,1.0078468784172996,0.9849030910590107,0.9849700756840684,0.9875618833439366,0.9951655441673649,0.9940123028854323,0.9962551602285373,-0.011428428571428688,-0.06571428571428559,-0.04199999999999993,0.12329757142857137,-0.03167250000000012,-0.03747910000000007,-902717.8571428572,-61257.71428571428,22734.366666666665
2016-02-02,24.65,24.780001,24.309999,24.4,19.320274,6378408.0,1.005273874239351,0.9862068559837729,0.9898580121703854,0.16999999999999815,-0.15044799999999725,-875971.0,1.0076122884382286,1.0077327192900265,1.0077584223063147,0.9881220303043768,0.9848335045768273,0.9872279467829831,0.9987271269672913,0.993853648874972,0.9958667592500468,0.09999985714285689,-0.04285714285714296,-0.06133333333333333,0.14591971428571426,-0.03676292857142854,-0.056218933333333256,-968955.5714285715,-230731.0,-121378.2
2016-02-03,24.040001,24.1,23.530001,23.67,18.74225,8189140.0,1.0024957985650667,0.9787853586195774,0.9846089440678476,-0.6099989999999984,-0.5780240000000028,1810732.0,1.0077251576313844,1.0071769420269532,1.0073068562335281,0.9868580500866632,0.9835440341540078,0.9866990439164953,0.9971376096607216,0.9923307925197704,0.994971753082102,0.08428571428571427,-0.0899998571428571,-0.07133329999999999,0.03619699999999985,-0.10067357142857146,-0.07416656666666673,37681.0,84891.14285714286,-231670.73333333334
2016-02-04,24.0,24.4,23.690001,24.299999,19.241095,6068201.0,1.0166666666666666,0.987083375,1.0124999583333334,-0.040001000000000175,0.49884500000000287,-2120939.0,1.007579794222863,1.0077959867888582,1.0071007958967253,0.9857346284701218,0.9830785609397221,0.9863700383662288,0.996517302956461,0.9930807924007227,0.9947156575068714,0.03571428571428571,-0.07142857142857142,-0.07533333333333339,0.016967571428571557,-0.04241857142857138,-0.06572053333333325,-21720.428571428572,43751.71428571428,26433.6
2016-02-05,24.200001,24.200001,23.75,24.09,19.074812,6227369.0,1.0,0.9814049181237637,0.9954545043200618,0.20000100000000032,-0.16628299999999996,159168.0,1.0074030578458382,1.0073749960672578,1.0070267230572192,0.9866127979222649,0.9838553084468236,0.9863551405752925,0.9992258256649235,0.9942716936460988,0.9949592027126019,-0.00714271428571424,-0.08928571428571429,-0.0933333,0.04637742857142868,-0.04637771428571418,-0.06835999999999996,-288864.4285714286,-102678.64285714286,49305.46666666667
2016-02-08,23.75,23.83,23.559999,23.73,18.789759,6979636.0,1.0033684210526315,0.9919999578947369,0.9991578947368421,-0.4500010000000003,-0.28505300000000133,752267.0,1.0058400088091048,1.006616185419366,1.0068659844094956,0.9857705660775015,0.9836953965791085,0.9861381138534799,0.997422017217036,0.9938882011051772,0.9949063149654886,-0.001428571428571652,-0.03928564285714283,-0.10366670000000001,-0.03506628571428548,-0.03845964285714284,-0.08314056666666675,-108806.85714285714,-19585.85714285714,74199.8
2016-02-09,23.5,23.530001,22.65,22.790001,18.045452,11671134.0,1.0012766382978724,0.9638297872340424,0.9697872765957447,-0.25,-0.7443069999999992,4691498.0,1.0059635483377245,1.0057393480551924,1.0065641368054024,0.9835452613790397,0.9812878117130157,0.9849816418166318,0.9936942934680718,0.9910261306596106,0.9937147223403283,-0.11142871428571409,-0.06071428571428582,-0.12000000000000005,-0.15723199999999998,-0.10180499999999983,-0.11771646666666662,-2041.2857142857142,458736.9285714286,300377.8
2016-02-10,23.16,23.290001,21.860001,22.42,17.752481,13343280.0,1.0056131692573402,0.9438687823834198,0.9680483592400692,-0.33999999999999986,-0.2929710000000014,1672146.0,1.0049563668684185,1.0059076223505128,1.0067512424473137,0.9761684336056161,0.9805357623323134,0.9831106012294125,0.9884878499234692,0.9918266970454171,0.9926496676483307,-0.1885714285714286,-0.09999992857142866,-0.13633333333333333,-0.24546299999999985,-0.06108271428571425,-0.12748216666666667,869843.0,-16437.428571428572,444776.0
2016-02-11,22.629999,22.77,22.41,22.709999,17.982109,5772699.0,1.0061865225888873,0.9902784352752291,1.0035351305141462,-0.5300009999999986,0.22962800000000172,-7570581.0,1.0050867452040664,1.0063495168211476,1.0064305015529835,0.97675008779011,0.9824360590472434,0.982884588284002,0.9904417239725779,0.9945844254699346,0.9922405470181755,-0.288571571428571,-0.09428585714285706,-0.15233339999999995,-0.19116642857142857,-0.022623357142857157,-0.12985749999999996,-86529.85714285714,-527742.7142857143,68870.53333333334
2016-02-12,22.459999,22.77,22.120001,22.18,17.56245,10406070.0,1.0138023603651987,0.9848620652209289,0.9875334366666713,-0.1700000000000017,-0.4196590000000029,4633371.0,1.0067019683183709,1.0072135629748777,1.006699215569392,0.9776181887331602,0.9822381194099117,0.9825354754422878,0.9908595086295527,0.993998559145137,0.991717354676505,-0.2257145714285715,-0.07071442857142861,-0.18033339999999995,-0.16854285714285716,-0.06617292857142866,-0.15255616666666671,316704.28571428574,177192.64285714287,168291.16666666666
2016-02-15,22.85,22.98,22.42,22.84,18.085045,10574605.0,1.0056892778993436,0.9811816192560175,0.999562363238512,0.3900010000000016,0.5225950000000026,168535.0,1.0051337699230392,1.006356782072951,1.0067093249523922,0.9767750807697341,0.9812548546199279,0.9820278848932514,0.9890112807588639,0.9927642918576625,0.9916070157371785,-0.1642857142857141,-0.06428571428571418,-0.16666666666666666,-0.16515000000000007,-0.07409121428571426,-0.13434453333333327,643772.0,311025.78571428574,228629.1
2016-02-16,23.15,23.27,22.58,23.27,18.425526,8543137.0,1.005183585313175,0.975377969762419,1.005183585313175,0.29999999999999716,0.3404810000000005,-2031468.0,1.0058742821106355,1.0066386699782368,1.0068701532301543,0.9759140881466848,0.9812634430344749,0.9817214430822837,0.9904011494721657,0.9948134875685446,0.9921864518219513,-0.1500001428571431,-0.07857142857142867,-0.15733336666666667,-0.09275514285714286,-0.02318885714285709,-0.11243766666666666,330824.0,20979.785714285714,139841.7
2016-02-17,23.4,23.67,22.879999,23.139999,18.32259,10994566.0,1.0115384615384617,0.9777777350427351,0.9888888461538462,0.25,-0.1029359999999997,2451429.0,1.0070414307514683,1.0064407197802867,1.0072425975056483,0.9738823420249704,0.9798264540512359,0.9815040062787296,0.9889341425317378,0.9931780798743869,0.9922055153583235,-0.050000000000000204,-0.02571428571428593,-0.1329999666666667,-0.06673842857142834,-0.05090235714285691,-0.1037276666666667,573561.4285714285,232377.2857142857,188229.73333333334
2016-02-18,23.51,23.860001,23.219999,23.75,18.805595,9003827.0,1.0148873245427477,0.987664780944279,1.0102084219481071,0.11000000000000298,0.4830049999999986,-1990739.0,1.0089858145007362,1.0074746814192304,1.0076651472303833,0.9772873411264327,0.9804163012527363,0.981817470018065,0.9947085918677896,0.9942014426679305,0.993073921877011,0.001428571428571652,-0.05500007142857122,-0.1209999666666666,0.10859185714285705,-0.02432007142857146,-0.0781257,-381043.85714285716,-191542.57142857142,149604.93333333332
2016-02-19,23.549999,23.6,23.209999,23.4,18.52846,4707960.0,1.0021231848035324,0.9855626320833389,0.9936306154407905,0.03999899999999812,-0.27713500000000124,-4295867.0,1.0084872452930493,1.006721806080734,1.0077109138056046,0.9832436053692781,0.9797060194874472,0.982611544500863,0.998363199896464,0.9934255249099666,0.9938618578705738,0.05571414285714279,-0.06642864285714291,-0.10366670000000001,0.11085414285714279,-0.06730442857142853,-0.06492893333333333,-1233617.142857143,-181887.07142857142,-119107.73333333334
2016-02-22,23.26,23.450001,23.215,23.32,18.465117000000003,5920079.0,1.0081685726569216,0.9980653482373172,1.002579535683577,-0.2899989999999981,-0.06334299999999615,1212119.0,1.0087703953027687,1.0069285702534174,1.0072511747242343,0.9843560215067193,0.9805530546484146,0.9829392116643291,0.9982266863492397,0.9943342051609089,0.9938955535044708,0.09000014285714286,-0.09928571428571407,-0.07466666666666662,0.0690011428571431,-0.061082642857142745,-0.058594233333333176,21054.285714285714,-32737.785714285714,-99186.33333333333
2016-02-23,23.5,23.59,23.08,23.120001,18.306753,5563537.0,1.0038297872340425,0.982127659574468,0.983829829787234,0.23999999999999844,-0.1583640000000024,-356542.0,1.0073457419983176,1.0070238551583444,1.0073788342987022,0.9839653921286535,0.9807917904309068,0.9828552780071002,0.9976975996521773,0.9942785541408651,0.9936846318202132,0.14857157142857144,-0.038571500000000015,-0.06333333333333328,0.10632900000000031,-0.03110692857142843,-0.05357946666666666,-691790.4285714285,-187543.07142857142,-84948.33333333333
2016-02-24,22.9,22.950001,22.225,22.32,17.6733,8711258.0,1.0021834497816595,0.970524017467249,0.9746724890829696,-0.6000000000000014,-0.6334529999999994,3147721.0,1.0068449094100773,1.0059893396665582,1.0070423763541305,0.9824428775874009,0.9796089791785675,0.9822687835398367,0.9941419033442427,0.9915765920515535,0.9931044091790844,0.007142857142856737,-0.07857142857142867,-0.07833333333333338,-0.05882071428571426,-0.11198535714285716,-0.07205516666666666,-266192.4285714286,188789.7857142857,-29912.8
2016-02-25,22.450001,22.68,21.870001,22.549999,17.855419,11596833.0,1.0102449438643677,0.974164811841211,1.0044542536991423,-0.44999899999999826,0.18211900000000014,2885575.0,1.007567960631676,1.0067211213711558,1.0070413184746732,0.9822695693129427,0.9790918287298138,0.9815130124499089,0.9940377131136666,0.9922194312929162,0.9930552532010336,-0.09999985714285689,-0.125,-0.09499993333333331,-0.08144385714285717,-0.08709950000000001,-0.07654203333333326,436242.28571428574,383533.14285714284,153205.63333333333
2016-02-26,22.75,22.84,22.299999,22.559999,17.863335,8619557.0,1.003956043956044,0.9802197362637363,0.9916483076923077,0.2999989999999997,0.007915999999998036,-2977276.0,1.0064847581199021,1.0067630944356851,1.0069065186065413,0.9826184266302285,0.9782503843275994,0.9810670036586999,0.9944319219048754,0.9916830322183066,0.9927101981241105,-0.09285714285714265,-0.07142857142857142,-0.075,-0.06560785714285748,-0.06617314285714292,-0.06572066666666672,-339287.0,117137.21428571429,105462.66666666667
2016-02-29,22.74,22.879999,22.309999,22.4,17.736645000000003,9679098.0,1.0061565083553212,0.9810905452946351,0.9850483729111698,-0.010000000000001563,-0.12668999999999642,1059541.0,1.0052374986645556,1.007111656582646,1.006915273214972,0.9816792501088507,0.9794832956176417,0.9814190067343765,0.9908376291853129,0.9927731105265513,0.9929190809916563,-0.11000000000000044,-0.054285714285714395,-0.09033336666666673,-0.15270714285714249,-0.022057642857142717,-0.0662484999999999,96467.28571428571,-142288.2857142857,67140.93333333333
2016-03-01,22.42,23.110001,22.360001,23.07,18.267162,9487296.0,1.0307761373773416,0.9973238626226583,1.0289919714540587,-0.31999999999999673,0.5305169999999961,-191802.0,1.009330777603671,1.0089090114483603,1.007474752123446,0.9833594259001821,0.9833015156347302,0.9815218446870401,0.9958892514729226,0.9971262256846932,0.9937345870298001,-0.16142842857142828,-0.05285714285714275,-0.06266663333333326,-0.03732828571428572,0.03676292857142854,-0.03536773333333336,682762.2857142857,-275427.4285714286,74448.6
2016-03-02,23.700001,24.450001,23.639999,24.1,19.082733,12524760.0,1.0316455682849972,0.9974682701490181,1.016877594224574,1.2800009999999986,0.815571000000002,3037464.0,1.0126846341219677,1.0107275147123682,1.008077859019736,0.9832741290304251,0.9838150752685723,0.981519587846696,0.9979318312644937,0.9980792588068667,0.9939686314094967,0.06285728571428553,0.0764287142857142,-0.02166663333333337,0.08823085714285687,0.07861599999999999,-0.012932966666666582,943525.8571428572,482290.0714285714,242531.43333333332
2016-03-03,24.35,24.9,24.219999,24.799999,19.637001,9382715.0,1.0225872689938398,0.9946611498973306,1.0184804517453798,0.6499990000000011,0.5542680000000004,-3142045.0,1.0153642743733673,1.0113550081858427,1.0087221903487686,0.9850646276479769,0.9845150098883152,0.9828617103861652,1.0028819201156574,1.0002897598839173,0.9960232988063833,0.12142857142857164,0.13500007142857154,-0.006999966666666661,0.19003542857142872,0.14818221428571451,0.03431206666666675,545596.8571428572,-73096.78571428571,-139689.63333333333
2016-03-04,25.0,25.33,24.82,25.02,19.811203,11426305.0,1.0131999999999999,0.9928,1.0008,0.6499999999999986,0.17420199999999753,2043590.0,1.0169380672617017,1.0118914883358894,1.0091621903487686,0.9882469108669413,0.9853448942271711,0.9838325676772917,1.006614421675233,1.000378162509738,0.9972190677206866,0.3000000000000002,0.15357142857142847,0.03499996666666665,0.305414714285714,0.12329699999999987,0.05041223333333325,387863.85714285716,60835.71428571428,-57826.4
2016-03-07,25.209999,25.58,25.07,25.48,20.175432,6609221.0,1.0146767558380307,0.9944466876020106,1.0107100757917524,0.20999899999999982,0.3642290000000017,-4817084.0,1.017571183257939,1.0125695719448076,1.009594558402937,0.9911443216899128,0.9867069455014276,0.9840596832592396,1.007508110545606,1.0007729118296362,0.9977182180732839,0.3942854285714285,0.1471427857142858,0.058666599999999985,0.3314304285714285,0.12499328571428567,0.05621870000000004,-712516.0,-138136.85714285713,-43871.73333333333
2016-03-08,25.59,25.700001,24.84,24.98,19.779526,8027834.0,1.0042985932004689,0.9706916764361079,0.9761625635013678,0.38000100000000003,-0.3959060000000001,1418613.0,1.0176201188642857,1.012052438492094,1.0091483711587421,0.9897831702859657,0.986200798458097,0.9832511615965835,1.0052958613754719,0.9998638916401736,0.9963622333478909,0.4057142857142857,0.15642857142857153,0.06133333333333333,0.27374157142857164,0.10406685714285706,0.021906800000000004,-84531.85714285714,-211909.42857142858,60253.0
2016-03-09,24.98,25.540001,24.82,25.48,20.175432,7352186.0,1.0224179743795037,0.9935948759007206,1.0200160128102482,-0.6099999999999994,0.3959060000000001,-675648.0,1.0199431854391687,1.0125903420518623,1.0098543984834198,0.9915695032296922,0.9866243766692715,0.9838623997279821,1.0102912385039116,1.0005644338446122,0.9978129389295384,0.3200000000000003,0.10499999999999991,0.02433333333333335,0.34839814285714255,0.09784550000000003,0.04750873333333334,-332416.0,-117974.35714285714,-29907.8
2016-03-10,25.719999,25.860001,25.459999,25.49,20.183355,4841267.0,1.005443312808838,0.9898911349102307,0.991057581300839,0.739999000000001,0.007922999999998126,-2510919.0,1.016324210500811,1.012827494052241,1.0095588501000556,0.9905076849850598,0.986933555442621,0.9835955848647203,1.0048720399105944,1.0003806456917586,0.9971220398438312,0.4714284285714285,0.1550000000000001,0.0653333,0.2737418571428571,0.1182067857142857,0.03827106666666668,-663718.4285714285,9521.92857142857,-96667.23333333334
2016-03-11,25.48,25.559999,24.99,25.42,20.127928,5685487.0,1.0031396781789639,0.9807692307692307,0.9976452119309263,-0.23999900000000096,-0.05542699999999812,844220.0,1.0122519404856636,1.0124682873038158,1.0096497773194366,0.9881221079308045,0.9856981184806148,0.9836409952195858,1.0021245567257877,1.0000281939951408,0.9971808354802456,0.25428557142857144,0.1585714285714285,0.03999996666666673,0.14931357142857138,0.11877221428571413,0.0327284,-977039.0,-16756.571428571428,-199997.86666666667
2016-03-14,25.700001,26.165001,25.67,25.75,20.389225,5973509.0,1.018093384509985,0.9988326459598192,1.0019454863056232,0.2200009999999999,0.261296999999999,288022.0,1.01160995698797,1.0134871156806686,1.00983077548502,0.9887180359397314,0.9868913317938542,0.9837518641916669,0.9997624188058225,1.00132216946074,0.9970959028886901,0.19285728571428556,0.1571429285714286,0.04066669999999999,0.10746057142857117,0.14874799999999994,0.030616766666666705,-487029.4285714286,29283.714285714286,-42695.666666666664
2016-03-15,25.75,25.84,25.32,25.389999,20.104174,5510039.0,1.003495145631068,0.9833009708737864,0.9860193786407767,0.04999899999999968,-0.2850509999999993,-463470.0,1.0102235492209797,1.0135808082413407,1.0097714845314105,0.9873610317788437,0.9878039713228925,0.9836550013546673,0.9976509014687905,1.0021326615720116,0.9969679484377031,0.10714285714285714,0.20357142857142868,0.036666666666666715,0.0418530000000002,0.1736338571428571,0.026129999999999973,-845180.8571428572,-228658.5,-28945.633333333335
2016-03-16,25.42,25.59,25.299999,25.59,20.262537,4187167.0,1.0066876475216364,0.9952792682926829,1.0066876475216364,-0.3299999999999983,0.1583629999999978,-1322872.0,1.0090822480329236,1.0133267156454313,1.009911212829963,0.9874799718775112,0.9893121467837119,0.9842047983437708,0.997076268858774,1.0022921897021901,0.997703905219496,0.030000142857143124,0.21214278571428583,0.04599996666666672,0.012443571428571078,0.17193699999999978,0.05067623333333333,-346007.71428571426,-529261.8571428572,-133399.1
2016-03-17,26.0,26.09,25.620001,25.860001,20.476328,8213574.0,1.0034615384615384,0.9853846538461538,0.9946154230769231,0.5799999999999983,0.2137910000000005,4026407.0,1.0089626687845048,1.0132913938243953,1.0094710418897919,0.989578968650375,0.9896810694681702,0.9841481743053092,0.9997123916552818,1.0025041265153767,0.9971077540442824,0.058571428571428594,0.23214285714285715,0.06666666666666667,0.0995431428571426,0.1866423571428571,0.041174433333333246,26534.285714285714,-28998.785714285714,71512.43333333333
2016-03-18,26.1,26.35,25.889999,26.049999,20.626768,9093022.0,1.0095785440613028,0.9919539846743294,0.9980842528735632,0.10000000000000142,0.15043999999999969,879448.0,1.0071284644533331,1.0135358249462512,1.0097903266918353,0.9893445556180334,0.9904570294238628,0.9844998098569948,0.9965792830928982,1.003435260798405,0.997195412329399,0.16000000000000014,0.2400000000000002,0.06333330000000004,0.0644765714285711,0.20643735714285683,0.051731866666666564,248690.85714285713,-41862.57142857143,95521.76666666666
2016-03-21,26.200001,26.200001,25.67,25.870001,20.484243,3612490.0,1.0,0.9797709549705743,0.9874045806334129,0.1000009999999989,-0.14252499999999912,-5480532.0,1.006350848337785,1.011337529419298,1.009678045990081,0.9878988156266538,0.9892032503058568,0.9840921764261893,0.9960574258546945,1.0004647328826446,0.996803635192618,0.06857171428571414,0.27000007142857135,0.08166670000000001,0.04298400000000007,0.15836292857142859,0.05648279999999997,-175539.57142857142,-419629.0,-112238.2
2016-03-22,25.83,25.870001,25.370001,25.440001,20.143763,7766393.0,1.0015486256291135,0.9821912891986063,0.9849013162988773,-0.370001000000002,-0.34047999999999945,4153903.0,1.0061235551163776,1.0091877478010205,1.0096871122344557,0.9881019668308504,0.9881120373808274,0.9847042264916747,0.9942368693358304,0.998180713030809,0.9973074365160559,0.0499999999999997,0.15214278571428558,0.0776666666666666,0.0022621428571427365,0.07578785714285706,0.06994369999999997,297272.28571428574,-339883.35714285716,-130158.03333333334
2016-03-23,25.4,25.559999,25.209999,25.34,20.064581,7339654.0,1.0062991732283466,0.9925196456692914,0.9976377952755906,-0.4299999999999997,-0.07918199999999942,-426739.0,1.0044386677904293,1.0080243123891997,1.0097099790334891,0.9872001096464892,0.9879590727931102,0.9863259219345372,0.9936214849029685,0.9966919518543954,0.9982937510505732,-0.042857285714285966,0.0749999999999998,0.07466666666666662,-0.04637771428571418,0.030541428571428497,0.07707000000000003,195163.57142857142,-145932.92857142858,-200120.86666666667
2016-03-24,24.4,24.459999,23.809999,24.02,19.019388,21437559.0,1.002458975409836,0.9758196311475411,0.9844262295081968,-1.0,-1.0451930000000011,14097905.0,1.0042906434731107,1.007257096347045,1.0095857274608542,0.9861313468284542,0.986746189303649,0.9858439617969476,0.9933938921697428,0.9955223968192667,0.9976567876837082,-0.19285714285714306,-0.04285714285714296,0.059000033333333236,-0.15496942857142873,-0.05655821428571427,0.034575966666666604,2275360.0,715089.5714285715,522162.0
2016-03-29,23.799999,23.860001,23.129999,23.200001,18.370098,12242227.0,1.0025210925429031,0.9718487383129722,0.9747899989407562,-0.6000009999999989,-0.6492900000000006,-9195332.0,1.0036954213332916,1.0063888346831076,1.009209685200111,0.982784128259924,0.9851320500687176,0.985410184233349,0.9888370852296171,0.9929566770441955,0.9972320064261778,-0.23142871428571457,-0.10071428571428573,0.04466666666666666,-0.2703484285714285,-0.12895242857142872,0.02692160000000001,1150722.857142857,402357.5714285714,61205.23333333333
2016-03-30,23.389999,23.6,22.870001,23.110001,18.298836,10761745.0,1.0089782389473383,0.9777683615976213,0.9880291572479333,-0.41000000000000014,-0.07126199999999727,-1480482.0,1.0044835214026915,1.0067230950935981,1.009319317235044,0.9816960865101337,0.9856375275802544,0.9852964089780691,0.9878961901111901,0.9938042908832359,0.9968475662264918,-0.3728572857142858,-0.1571429285714286,0.017999966666666603,-0.31107028571428536,-0.10576357142857137,0.007126366666666684,364024.4285714286,195279.35714285713,6238.0
2016-03-31,23.299999,23.59,23.01,23.459999,18.57597,9261688.0,1.0124463953839655,0.9875536904529482,1.0068669530844185,-0.08999999999999986,0.2771340000000002,-1500057.0,1.004893214448786,1.0060108394510598,1.0095614109040705,0.9810674730499364,0.9852060143339848,0.98570226633442,0.9891508615698836,0.992865072331391,0.9969036784855334,-0.4000001428571431,-0.12000007142857148,0.004999966666666703,-0.2929711428571424,-0.11424728571428565,0.0050148000000000085,24095.14285714286,136393.0,23951.7
2016-04-01,23.139999,23.209999,22.75,22.809999,18.061291,9672259.0,1.0030250649535464,0.9831461099025977,0.9857389795047097,-0.16000000000000014,-0.514679000000001,410571.0,1.005325366585007,1.005838107461396,1.0092776310179066,0.9815496380402254,0.9847242268334397,0.9858812121630822,0.9889129185514974,0.992485172203096,0.9967986829305621,-0.43714314285714295,-0.1842857142857144,-0.008666699999999968,-0.34613599999999983,-0.15157599999999988,-0.008709966666666702,865681.2857142857,345070.85714285716,-44076.9
2016-04-04,23.0,23.200001,22.74,22.809999,18.061291,5144755.0,1.008695695652174,0.988695652173913,0.9917390869565218,-0.13999899999999954,0.0,-4527504.0,1.0063463765883014,1.0062349658523395,1.009071243388221,0.9824788327509835,0.9852903997909169,0.9859155745374034,0.9898897429311609,0.9920633061334956,0.9961830384308425,-0.404285714285714,-0.17714285714285719,-0.017000000000000053,-0.29749599999999987,-0.14761692857142858,-0.02481013333333332,-374519.71428571426,-38623.71428571428,-128635.73333333334
2016-04-05,22.75,22.799999,22.299999,22.469999,17.792072,7090549.0,1.0021977582417583,0.9802197362637363,0.9876922637362638,-0.25,-0.26921899999999965,1945794.0,1.0057604601616459,1.0050995639760376,1.0090737291694951,0.9807217028359042,0.9839609062411967,0.9857374780100833,0.9884689527112572,0.9910452188071128,0.995985093374025,-0.3785714285714284,-0.21071435714285716,-0.02666663333333332,-0.32464414285714277,-0.18551092857142848,-0.0245462666666666,-35586.42857142857,79788.57142857143,79419.63333333333
2016-04-06,22.4,22.77,22.344999,22.549999,17.855419,7588594.0,1.0165178571428573,0.9975445982142859,1.0066963839285714,-0.3500000000000014,0.06334700000000026,498045.0,1.0077688718377917,1.0060297576554513,1.0093520386523596,0.9838252695597249,0.9849783081940896,0.9857201196759822,0.9916504033427394,0.9925221477562411,0.9961223216488582,-0.2857142857142857,-0.23928571428571438,-0.028666666666666767,-0.16628128571428544,-0.16062535714285708,-0.02032326666666672,-1978423.5714285714,148468.2142857143,55617.166666666664
2016-04-07,22.700001,22.76,22.540001,22.620001,17.910847,4969799.0,1.0026431276368666,0.992951542160725,0.9964757710803624,0.30000100000000174,0.055427999999999145,-2618795.0,1.0077863054226437,1.0057408633779676,1.0093124833324538,0.9868399558236897,0.984812042041807,0.9860809157621908,0.9947483707912544,0.9917927280104358,0.9965438530252958,-0.15714257142857133,-0.19428564285714295,-0.02666663333333332,-0.06560728571428547,-0.16797785714285698,-0.01319686666666667,-1038918.2857142857,55902.28571428572,-19791.266666666666
2016-04-08,22.35,22.5,22.059999,22.280001,17.64163,6465636.0,1.006711409395973,0.9870245637583892,0.9968680536912751,-0.3500009999999989,-0.26921700000000115,1495837.0,1.0074624726295915,1.0059729970161415,1.0094634153195974,0.988162270418085,0.9849291784641094,0.9866309339718955,0.9960110702831605,0.9919536301971752,0.9972837051789061,-0.14857128571428543,-0.2607142857142856,-0.01833333333333324,-0.09388657142857174,-0.20247842857142853,-0.0010556666666667288,-613729.8571428572,-124852.71428571429,-74854.06666666667
2016-04-11,22.35,22.459999,22.110001,22.25,17.617874,5543161.0,1.0049216554809843,0.9892617897091722,0.9955257270693512,0.0,-0.023755999999998778,-922475.0,1.0063875097863086,1.0056403621175474,1.0092859723734846,0.9884062845975456,0.984736878823741,0.9871341665674941,0.9943908951381507,0.9917708783540171,0.9969860876245795,-0.13571414285714262,-0.26785714285714285,-0.00333336666666663,-0.13687085714285732,-0.21492099999999986,-0.007918166666666693,-531218.1428571428,-253561.5,-201789.06666666668
2016-04-12,22.200001,22.92,22.15,22.84,18.085045,5241045.0,1.0324323859264692,0.9977477028041575,1.02882878248519,-0.1499990000000011,0.46717100000000045,-302116.0,1.0105885556395833,1.0079569611122952,1.0102351837724988,0.9904922264406256,0.9860209322404254,0.9877184321188416,1.0005465812782195,0.9947297499148585,0.9982254367843423,-0.13428542857142847,-0.2857142857142857,-0.01833329999999999,0.0033934285714286106,-0.1713712857142856,0.007390333333333388,-633030.5714285715,116325.35714285714,-112617.06666666667
2016-04-13,23.129999,23.34,22.934999,23.34,18.480953,6174683.0,1.0090791616549573,0.9915693900375872,1.0090791616549573,0.9299980000000012,0.3959079999999986,933638.0,1.0106433364971237,1.0084948565427125,1.0103326055491535,0.9909027604211504,0.986690796586067,0.9880677269436066,1.0030237348065674,0.9964567388688642,0.9990264630758019,0.018571285714285932,-0.19285721428571406,0.01299996666666677,0.05995171428571412,-0.11877214285714288,0.024810266666666556,147132.57142857142,-113693.57142857143,-116813.83333333333
2016-04-14,23.620001,23.959999,23.555,23.77,18.821432,11822601.0,1.01439449558025,0.9972480526143924,1.006350507775169,0.49000199999999694,0.340479000000002,5647918.0,1.0123857275454797,1.0090730938535628,1.0097865508225836,0.9933353770426727,0.9870285399392885,0.9880651999433311,1.0056891982406966,0.997079075475977,0.998271747619839,0.12428585714285692,-0.12714278571428572,0.040000033333333226,0.14705142857142864,-0.08879635714285707,0.018475666666666748,676007.4285714285,320210.5,77843.5
2016-04-15,23.77,23.950001,23.5,23.85,18.884777,7846258.0,1.0075726125368112,0.9886411442995372,1.0033655868742113,0.1499990000000011,0.06334499999999821,-3976343.0,1.0111078354589016,1.0094383536483469,1.008984118964311,0.9920634550548516,0.9879443623072881,0.987770962415015,1.0052133700900738,0.9984318867164065,0.9978213473748269,0.19571428571428587,-0.04499999999999993,0.0023332999999999752,0.14705114285714263,-0.0096150714285714,-0.0065985333333333784,36809.142857142855,-970807.2142857143,-155950.06666666668
2016-04-18,23.6,23.834999,23.43,23.700001,18.766003,4719944.0,1.0099575847457627,0.9927966101694915,1.0042373305084746,-0.16999999999999815,-0.11877399999999838,-3126314.0,1.0121527579030296,1.0099695316628368,1.008563129489375,0.9920413219132468,0.9894406388684682,0.9877088110907538,1.0063221642940898,1.0005352675426722,0.9973465766669299,0.12857128571428586,-0.014285642857142733,-0.025,0.12216514285714299,0.028278928571428757,-0.029033266666666672,-35693.57142857143,-537305.9285714285,-155425.7
2016-04-19,23.98,24.34,23.860001,24.059999,19.051058,9246236.0,1.0150125104253545,0.994995871559633,1.0033360717264388,0.379999999999999,0.28505499999999984,4526292.0,1.0133386294786557,1.0104005510541236,1.0086235465035533,0.9931800801705671,0.9906711752943262,0.9877820068094081,1.007246166870542,1.001628618576851,0.9974311123911447,0.2328571428571427,0.04214292857142864,-0.03399999999999999,0.2013468571428574,0.05373014285714284,-0.025338166666666596,397228.5714285714,-108250.64285714286,-72668.96666666666
2016-04-20,24.200001,24.299999,23.66,23.9,18.924366,5660728.0,1.0041321485895807,0.9776859100129789,0.9876032649750717,0.2200009999999999,-0.12669200000000203,-3585508.0,1.0132258427798837,1.009806676283096,1.0082720595952717,0.9915263830711111,0.9899663338343283,0.987223314223107,1.0061143865713589,1.000252640854755,0.996660885363922,0.26428585714285696,0.06428585714285719,-0.033666599999999984,0.1866417142857141,0.024885428571428392,-0.04170220000000005,16795.285714285714,-257211.42857142858,-31616.433333333334
2016-04-21,24.26,24.4,24.139999,24.299999,19.241095,7385081.0,1.0057708161582852,0.9950535449299257,1.0016487633965374,0.059999000000001246,0.31672900000000226,1724353.0,1.0094170470987145,1.0100028013691489,1.0083211336938658,0.9911415033747922,0.9908168649077089,0.9880353765062343,1.0022315267015516,1.0013890539898855,0.9975104253604277,0.2942855714285716,0.08000007142857157,-0.04433333333333327,0.16515000000000007,0.08427171428571434,-0.017947699999999973,306290.85714285716,-163369.85714285713,-21425.1
2016-04-22,24.1,24.49,24.01,24.35,19.280685,5707184.0,1.0161825726141078,0.9962655601659751,1.0103734439834025,-0.16000000000000014,0.039589999999996905,-1677897.0,1.010431820092879,1.0105375782950012,1.0081132869683525,0.9918123848217048,0.9913575726214277,0.9881243993150762,1.0024164241770437,1.0027200794918056,0.9971890063995327,0.1385715714285714,0.07857142857142867,-0.0293333333333333,0.1142474285714284,0.08709957142857126,-0.02982490000000008,-66785.57142857143,40173.5,-54833.4
2016-04-26,24.35,24.48,24.01,24.25,19.201504,7240963.0,1.0053388090349076,0.9860369609856263,0.9958932238193018,0.25,-0.07918099999999839,1533779.0,1.0091381505864014,1.0107619390659406,1.0081098035092215,0.9902108003033095,0.9917730886729912,0.9879959268509227,1.0009225264690627,1.0033058623548796,0.9973501944834814,0.10428557142857185,0.1142857142857144,-0.04566663333333333,0.054295999999999775,0.10067371428571421,-0.03272836666666663,-654519.7142857143,10743.857142857143,79989.86666666667
2016-04-27,24.469999,24.75,23.76,23.879999,18.908533,9960360.0,1.0114426240883785,0.9709849191248434,0.9758888424964791,0.11999899999999997,-0.2929710000000014,2719397.0,1.0096910093794824,1.0103994224191921,1.0083865683728688,0.9876884824212105,0.989875968738031,0.9876697831294431,0.9969972772722437,1.0011053236811587,0.9966249821689999,0.0999998571428574,0.14785707142857163,-0.033666699999999966,0.003393714285714111,0.07522242857142837,-0.04064650000000007,302014.5714285714,169411.85714285713,142495.76666666666
2016-04-28,24.049999,24.23,23.85,24.02,19.019388,6376167.0,1.0074844493756527,0.9916840329182551,0.998752640280775,-0.4200000000000017,0.11085500000000081,-3584193.0,1.0093377043266096,1.0107452311148197,1.0080329372017243,0.987529542813891,0.989785432363569,0.9874314960280576,0.9962137500968581,1.001267957195474,0.9965185539681716,0.06428557142857118,0.09642842857142853,-0.05500006666666669,0.03619785714285685,0.07918149999999992,-0.04566123333333335,236603.2857142857,100454.85714285714,13421.933333333332
2016-04-29,24.049999,24.35,24.049999,24.27,19.217339000000003,8781120.0,1.0124740545727258,1.0,1.0091476511080104,0.0,0.19795100000000332,2404953.0,1.0089750677762341,1.0111568486274447,1.008332234166446,0.9882444183053721,0.9907122492379697,0.9879881303322648,0.9970439757227968,1.0021450712966693,0.9972894963837461,0.009999857142857036,0.12142849999999987,-0.05666670000000001,0.02375442857142878,0.1125506428571431,-0.029561166666666593,-66445.14285714286,165391.7142857143,109036.03333333334
2016-05-02,24.02,24.139999,23.32,23.73,18.789759,8335633.0,1.0049957951706912,0.9708576186511241,0.9879267277268943,-0.02999900000000011,-0.4275800000000025,-445487.0,1.0090984458592498,1.0111621443195666,1.0082758390880813,0.9872689481108214,0.9893976655909663,0.9871740753442128,0.9970901846873429,1.001602285629351,0.996664132390588,-0.025714428571428676,0.11928571428571415,-0.04666666666666674,-0.01922957142857129,0.08370607142857141,-0.04909259999999994,382129.28571428574,199462.2857142857,138282.2
2016-05-03,22.799999,25.110001,22.780001,25.049999,19.834955,20416289.0,1.1013158816366615,0.9991228946983726,1.0986842148545708,-1.220001,1.0451960000000007,12080656.0,1.0227477409275891,1.0160823940131518,1.011537650527252,0.9878502837920281,0.9894958935834103,0.9876320167059535,1.0109523920384904,1.006591959370021,1.0001330921165095,-0.2085715714285717,0.04285699999999996,-0.10666670000000002,0.08483714285714276,0.12499357142857141,-0.021379099999999932,1861601.142857143,1083946.0,406757.1666666667
2016-05-04,24.700001,25.24,24.639999,24.9,19.716183,10658539.0,1.021862306807194,0.9975707693291186,1.008097125178254,1.9000020000000006,-0.11877199999999988,-9757750.0,1.0235591315266015,1.0169954758097401,1.0119471092854484,0.9880367422439057,0.9899245635328053,0.987819242861113,1.010627203637755,1.0065218139073993,1.0004668545266662,0.08571442857142841,0.11214299999999991,-0.04666663333333337,0.06221400000000037,0.08823071428571438,-0.030352833333333253,707336.4285714285,320275.4285714286,52183.9
2016-05-05,25.1,25.450001,24.93,25.34,20.064581,13998574.0,1.0139442629482072,0.9932270916334661,1.0095617529880478,0.3999990000000011,0.34839799999999954,3340035.0,1.0247884820856443,1.016963316336023,1.0124119180503888,0.9890639037650256,0.9896373520341678,0.9882677807498762,1.0125798506618617,1.006751188565462,1.0012054269384871,0.10714285714285714,0.1057142142857145,-0.03666669999999996,0.12329671428571436,0.08879635714285707,-0.013988733333333296,965373.0,155426.64285714287,346202.8
2016-05-06,25.32,25.344999,24.77,25.139999,19.906218,12344153.0,1.0009873222748815,0.9782780410742495,0.9928909557661927,0.21999999999999886,-0.15836300000000136,-1654421.0,1.023294867540859,1.0164929384601709,1.012393207938581,0.9901057783292266,0.9888971303752186,0.9881373391457309,1.0150087239861063,1.0060030006291751,1.0014717482540643,0.12142871428571413,0.11071428571428577,-0.016999999999999935,0.14252642857142866,0.07296007142857139,-0.007918166666666693,340541.85714285716,321278.21428571426,152592.0
2016-05-09,24.219999,24.459999,24.02,24.379999,19.938932,11376652.0,1.0099091663876616,0.9917424026318085,1.0066061109251079,-1.100000999999999,0.03271400000000213,-967501.0,1.0236412556854317,1.0164894800060207,1.0125135410438915,0.9901141168597343,0.9888218298368125,0.9881114310444815,1.0161306483638683,1.0061721992303632,1.0017706921090483,0.02428571428571453,0.04428564285714286,-0.03933336666666657,0.13136342857142885,0.08378064285714285,-0.004188299999999975,714355.0,475479.14285714284,134566.6
2016-05-10,24.309999,24.775,24.129999,24.700001,20.20064,9418975.0,1.0191279728148075,0.9925956393498824,1.0160428636792622,0.08999999999999986,0.2617079999999987,-1957677.0,1.0245918154343006,1.0167834416052675,1.0130691742907239,0.9890563510525745,0.9886503846789733,0.9886706313178929,1.0171156787311901,1.0070798272269934,1.0028245799147504,0.037142857142857366,0.023571357142857203,-0.0030000333333332443,0.14047157142857106,0.08211299999999991,0.03937506666666669,91122.14285714286,12338.5,-400619.4666666667
2016-05-11,24.9,25.059999,24.27,24.43,19.979822,8816047.0,1.0064256626506025,0.9746987951807229,0.9811244979919679,0.5900009999999973,-0.2208180000000013,-602928.0,1.0247960822171451,1.0169472640381974,1.0131993266276471,0.9896050905568029,0.9884370193338122,0.9887656332134845,1.0161439316262004,1.0066170581567717,1.003035729883124,0.12571428571428558,0.049999928571428445,0.03666669999999996,0.1700089999999998,0.07538971428571425,0.05365746666666667,68630.57142857143,225379.92857142858,-114206.0
2016-05-12,24.379999,24.43,24.120001,24.299999,19.873503,9432482.0,1.0020509024631215,0.9893356025158162,0.9967186216865718,-0.520000999999997,-0.10631899999999916,616435.0,1.0106153709066394,1.0166815559171143,1.0129684154115066,0.988206905959295,0.9880285948756614,0.9891512079107577,1.0015774183164863,1.0062649051774886,1.0033253786977454,0.22571428571428598,0.008571357142857141,0.033000000000000064,0.005506857142856957,0.045171999999999865,0.052488899999999936,-1569115.2857142857,146242.92857142858,-44308.76666666667
2016-05-13,24.450001,24.450001,23.92,24.110001,19.718117000000003,6655722.0,1.0,0.9783230683712447,0.986094070098402,0.07000199999999879,-0.15538599999999647,-2776760.0,1.0074921842198974,1.0155256578732494,1.0125535355653745,0.9854572343938843,0.9867469883188951,0.9888435205080343,0.9984341247336503,1.0045306641857026,1.0026329492648782,-0.03571428571428571,0.02500007142857135,0.038333400000000024,0.00027628571428601437,0.031245142857143193,0.03807156666666671,-571831.0,67752.71428571429,-86865.53333333334
2016-05-16,24.0,24.385,24.0,24.309999,19.881683,5585559.0,1.0160416666666667,1.0,1.0129166250000001,-0.4500010000000003,0.16356599999999588,-1070163.0,1.0077918133225345,1.0162901477040893,1.012987422289145,0.9864247927319606,0.9877443482484932,0.9894053168446144,0.9989133921639292,1.0057466214128954,1.003538870781388,-0.15714285714285733,-0.025000000000000102,0.028666700000000014,-0.026128285714285937,0.04858421428571421,0.06067973333333328,-1201859.2857142857,-118243.14285714286,-136223.33333333334
2016-05-17,24.51,24.65,24.43,24.51,20.045248,5282933.0,1.0057119543043656,0.996736026111791,1.0,0.5100000000000016,0.16356500000000196,-302626.0,1.008466760755318,1.0158808141480884,1.0128879642442181,0.9890616477373236,0.9895837130332751,0.9896733293092103,0.999928969911616,1.007468846948861,1.0038142345495038,-0.11571428571428553,0.0028572142857142984,0.05033333333333338,0.019861428571428825,0.08119392857142874,0.06613190000000001,-1008745.7142857143,-334101.9285714286,4605.933333333333
2016-05-18,24.48,24.83,24.379999,24.700001,20.20064,7938795.0,1.014297385620915,0.9959149918300654,1.0089869689542483,-0.030000000000001137,0.1553919999999991,2655862.0,1.0090936492172113,1.0163674524513215,1.0132912851568567,0.9896577319085031,0.9898859243841187,0.9901965044947546,1.0002690924872075,1.0081998704255377,1.0045240580567698,0.037142999999999864,0.030714357142857196,0.05766666666666668,0.03738685714285696,0.0843751428571429,0.08028559999999997,-491122.4285714286,111616.28571428571,28274.866666666665
2016-05-19,25.0,25.08,24.719999,24.91,20.372385,9383259.0,1.0031999999999999,0.98879996,0.9964,0.5199999999999996,0.17174500000000137,1444464.0,1.0068182245293815,1.0157050199818412,1.0128473565854281,0.9891154920013773,0.9890859215269758,0.9899050165542783,0.9974629691044556,1.0072893239178229,1.004180845259151,0.09857157142857124,0.06785721428571431,0.08666666666666671,0.024535000000000196,0.08250328571428563,0.08389886666666667,-5102.285714285715,43009.92857142857,59822.166666666664
2016-05-20,24.700001,25.16,24.690001,25.09,20.5196,6128580.0,1.018623440541561,0.9995951417167959,1.0157894325591323,-0.2999989999999997,0.1472149999999992,-3254679.0,1.00856076422809,1.0166784232226176,1.0133800336822512,0.9926721129351019,0.9911386017459524,0.990126469872814,1.0024151026140506,1.0092795171201254,1.00482463397511,-0.028571285714285466,0.04857150000000005,0.06666666666666667,0.07711114285714313,0.12356007142857146,0.08695843333333333,-383923.85714285716,-157646.64285714287,38626.03333333333
2016-05-23,25.200001,25.23,24.709999,24.950001,20.4051,6196629.0,1.001190436460697,0.9805554769620842,0.9900793654730411,0.5,-0.1144999999999996,68049.0,1.008437840513458,1.0095266057100487,1.0131960012510755,0.9914178092845687,0.9898123576219318,0.9899108336462705,1.001466637440689,1.0015220278785877,1.0045983443678355,0.11714314285714268,0.17142871428571432,0.0950000333333333,0.07594242857142877,0.04072464285714287,0.09211566666666672,-462264.71428571426,-1015690.0,-8966.9
2016-05-24,24.940001,25.02,24.775,24.780001,20.266068,6524688.0,1.0032076582514973,0.9933840820615845,0.9935846033045468,-0.26000000000000156,-0.13903200000000027,328059.0,1.008896077406529,1.0081941308132132,1.0131388680100926,0.993569382668903,0.9895133085313936,0.990048243391351,1.0025367136129955,1.0004854191733228,1.004533640242342,0.06999999999999977,0.017142857142857033,0.08633336666666658,0.07827871428571395,0.03927749999999998,0.08827313333333334,-18719.14285714286,-295275.0714285714,32717.566666666666
2016-05-25,25.1,25.469999,25.049999,25.280001,20.674988,7956913.0,1.0147409960159361,0.9980079282868525,1.0071713545816732,0.15999900000000267,0.4089199999999984,1432225.0,1.0087102673135673,1.008251040318051,1.0125491550130747,0.9932848009955962,0.9898547968637784,0.9900569175741075,1.0017159606960917,1.0003146764300106,1.0038117259788915,0.15714285714285733,0.0,0.09666663333333338,0.11332928571428573,0.043600499999999896,0.08633143333333328,338764.85714285716,-431547.21428571426,90528.93333333333
2016-05-26,25.389999,25.639999,25.209999,25.540001,20.887627,7638903.0,1.0098463966067899,0.9929105944431112,1.005907916735247,0.2899989999999981,0.21263899999999936,-318010.0,1.0093009019281993,1.0088838313417587,1.012574729511469,0.9927383107572133,0.9908999792472686,0.990101624387625,1.002559948801127,1.0012444593563714,1.003706017814901,0.12571414285714258,0.004999928571428518,0.07533333333333327,0.12033985714285679,0.0701006428571428,0.08022246666666663,336567.14285714284,-336089.28571428574,48807.333333333336
2016-05-27,25.6,25.99,25.549999,25.85,21.141157,12227936.0,1.015234375,0.9980468359375,1.009765625,0.21000100000000188,0.25353000000000137,4589033.0,1.009434757553783,1.009264203385497,1.0126027254921275,0.9930428599154183,0.9913502959119608,0.9901282504983953,1.0026711853790915,1.0014701389331495,1.0038198550557287,0.16000000000000014,0.0985715,0.06599996666666677,0.1343595714285714,0.08587321428571418,0.07732416666666661,612734.4285714285,60806.0,13511.166666666666
2016-05-30,25.85,25.93,25.639999,25.690001,21.010302,5557961.0,1.0030947775628627,0.9918761702127659,0.993810483558994,0.25,-0.1308550000000004,-6669975.0,1.0094197257770492,1.0081189751532154,1.012453464326329,0.993482318517242,0.9912989052593096,0.9902360846955028,1.0023012544589478,0.9998821117817017,1.0035013516118882,0.12142857142857164,0.11000007142857145,0.0693333333333334,0.09113099999999973,0.05783299999999996,0.07085083333333332,-546471.1428571428,-275786.71428571426,-76276.56666666667
2016-05-31,25.700001,25.709999,25.41,25.48,20.838554,6571192.0,1.000389027222217,0.9887159148359567,0.991439650138535,-0.1499990000000011,-0.1717480000000009,1013231.0,1.0068148095885714,1.0076877869083307,1.0121345124088776,0.9919281432485506,0.9923001280918263,0.9901000615177185,0.9988227141131482,1.0006189083635992,1.0030747622662235,0.14285714285714285,0.0571429285714287,0.0700000333333333,0.04556485714285685,0.06133799999999999,0.06908503333333324,63230.28571428572,-160346.7857142857,61708.26666666667
2016-06-01,25.120001,25.33,24.915001,25.200001,20.609562,7414287.0,1.0083598324697518,0.9918391722993961,1.0031847132490164,-0.5800000000000018,-0.22899199999999809,843095.0,1.0078390090184364,1.008138424765947,1.0119127564770243,0.9935400997253095,0.9924789545049392,0.9899948382090439,1.0006949066525732,1.001080772046631,1.0030697169836427,-0.011428571428571692,0.052857285714285496,0.038000033333333266,0.029208857142857068,0.052575642857142925,0.05195013333333331,173951.14285714287,-144156.7857142857,-61064.96666666667
2016-06-02,25.33,25.33,24.719999,24.76,20.249712,7310566.0,1.0,0.9759178444532176,0.9774970390840901,0.20999899999999982,-0.35985000000000156,-103721.0,1.0073807721253654,1.008138424765947,1.0117750181907048,0.9910449229241143,0.9923071527965087,0.9899359026903851,0.9983966831925081,1.0004666984027517,1.0027328427872768,0.05571414285714279,0.06285707142857129,0.03766663333333327,-0.0023365714285716876,0.03797107142857113,0.04417819999999999,112268.28571428571,46774.57142857143,54994.6
2016-06-03,25.1,25.25,24.825001,25.09,20.5196,8762642.0,1.0059760956175299,0.9890438645418326,0.9996015936254979,-0.22999999999999687,0.2698880000000017,1452076.0,1.0061286434970216,1.0074194554052944,1.0117818608393463,0.9897643423891115,0.9915245716923539,0.989735580010782,0.9973152887701973,0.9995156247331446,1.0026646037949087,0.0,0.07857142857142867,0.027999999999999994,-0.022198285714285504,0.04556550000000011,0.042616833333333305,115104.14285714286,226934.5,45918.7
2016-06-06,24.99,25.120001,24.85,24.959999,20.413277,7951362.0,1.0052021208483393,0.9943977591036416,0.9987994797919169,-0.11000000000000298,-0.10632299999999972,-811280.0,1.0054651755315287,1.0073830387298641,1.0114158457804874,0.989976794483473,0.9913575526203431,0.9896733199753708,0.9962997977782929,0.99942987328971,1.0022788049885258,-0.05714271428571444,0.034285714285714065,0.029666666666666567,-0.06776428571428537,0.02628778571428571,0.03775306666666675,44637.0,190602.07142857142,74805.93333333333
2016-06-07,25.08,25.190001,24.76,24.860001,20.331495,7039200.0,1.004386004784689,0.9872408293460926,0.9912281100478469,0.08999999999999986,-0.08178200000000047,-912162.0,1.0039154083579127,1.006675082955848,1.0113840856388134,0.9884330792561291,0.9907379695857736,0.9897134489207197,0.9936515813565567,0.9981613833678241,1.0021233011961441,-0.07428571428571473,0.042857142857142705,0.024333333333333228,-0.11566599999999992,0.009346785714285741,0.03766636666666668,-741248.0,-64256.78571428572,-6725.433333333333
2016-06-08,24.629999,24.795,24.43,24.73,20.225172,6525213.0,1.0066991882541287,0.9918798616272781,1.0040601300877032,-0.45000099999999676,-0.10632299999999972,-513987.0,1.004430324170951,1.006925024974,1.0112259711110052,0.9884336066010594,0.9909579625591506,0.9904099470041341,0.9951158165749437,0.9987085355169457,1.0030623441158515,-0.17428585714285713,-0.026428642857142748,0.005333333333333338,-0.1121614285714284,-0.010515214285714336,0.043887966666666736,138178.85714285713,-204146.14285714287,-114504.9
2016-06-09,24.76,24.790001,24.370001,24.5,20.037073,7508924.0,1.0012116720516961,0.984248828756058,0.9894991922455573,0.13000100000000003,-0.18809900000000113,983711.0,1.0045478448608764,1.005681327224724,1.0110168785335398,0.987795451446788,0.9898617973476693,0.9901621068653943,0.9948386083045184,0.9968306612088333,1.002753895848011,-0.13428585714285696,0.004285642857142946,0.02366670000000006,-0.11449728571428557,-0.03446621428571436,0.03392283333333334,133961.7142857143,98596.0,37758.566666666666
2016-06-10,24.219999,24.389999,24.110001,24.290001,19.865324,5766053.0,1.007018992857927,0.9954583813153749,1.0028902561061213,-0.5400010000000002,-0.17174899999999838,-1742871.0,1.0043562963449013,1.006097652681669,1.0108350431430466,0.9883124813062135,0.9909262905157616,0.9900107195759068,0.9947965429983905,0.9977457248254817,1.0025453160146147,-0.12857171428571387,-0.07000014285714277,0.0056666666666667235,-0.10631971428571418,-0.03855542857142856,0.02159949999999995,-235462.0,-30755.428571428572,-100502.23333333334
2016-06-14,23.709999,23.85,23.57,23.65,19.341909,7733024.0,1.0059047239942946,0.9940953603583028,0.9974694642543004,-0.5100000000000016,-0.523415,1966971.0,1.0051998283440864,1.0062903002347259,1.0108653407705,0.9909092692926543,0.9909770961083844,0.9907853109661461,0.9976497465941349,0.9980232148933215,1.002863407232195,-0.23142871428571407,-0.08785728571428564,-0.010333366666666658,-0.12968614285714253,-0.06601135714285711,0.018405000000000036,60351.142857142855,86309.71428571429,-20086.966666666667
2016-06-15,23.540001,23.58,23.190001,23.219999,18.990236,8477404.0,1.0016991927910284,0.9851316913707862,0.9864060328629554,-0.16999799999999965,-0.3516730000000017,744380.0,1.0045888422260147,1.005358742861518,1.0075447844756455,0.9903503874110763,0.9900573649000938,0.9903189375218932,0.9957646664852003,0.9965399776276987,0.9991208011658077,-0.22285700000000017,-0.11142850000000008,0.02466673333333335,-0.21848057142857158,-0.12033942857142854,-0.028157300000000045,-40748.28571428572,37177.92857142857,-397962.8333333333
2016-06-16,23.389999,23.48,22.99,23.059999,18.859381,8146788.0,1.0038478411221823,0.9828987166694619,0.9858914059808211,-0.15000200000000063,-0.1308550000000004,-330616.0,1.0043953736937066,1.0049302746126176,1.006944302286145,0.9887076670633365,0.9893422307734047,0.9898298690999048,0.993920655940758,0.9951102268595254,0.9983806105258932,-0.22857157142857126,-0.14285714285714285,-0.04366673333333336,-0.2219851428571431,-0.14487471428571425,-0.028560066666666727,27918.0,36277.5,-83725.03333333334
2016-06-17,23.290001,23.450001,23.17,23.23,18.998413,6753782.0,1.0068699009501976,0.994847531350471,0.997423744206795,-0.09999799999999937,0.13903200000000027,-1393006.0,1.004750216003065,1.0043328121804889,1.006708490219545,0.9897943387782476,0.9891137090171883,0.9898838837571381,0.9948057465348933,0.9942286639457251,0.9979760102331848,-0.2557141428571426,-0.16499992857142867,-0.06033330000000004,-0.19044028571428587,-0.1530531428571429,-0.03553893333333337,-40774.0,-391011.0,-241493.06666666668
2016-06-20,23.5,23.889999,23.5,23.860001,19.513655,6062575.0,1.0165957021276595,1.0,1.0153191914893618,0.20999899999999982,0.5152420000000006,-691207.0,1.0061640036992836,1.0052971639351171,1.007228769547971,0.9909543585457793,0.9896939825734192,0.9906079490546632,0.9964141838779874,0.9957650002264656,0.9987236180906238,-0.16142842857142878,-0.16785714285714295,-0.060666666666666674,-0.1016452857142858,-0.1069033571428571,-0.013085433333333304,-66091.14285714286,36043.857142857145,-209385.93333333332
2016-06-21,24.0,24.290001,23.940001,24.25,19.832611,9126025.0,1.012083375,0.9975000416666666,1.0104166666666667,0.5,0.318956,3063450.0,1.00771710412047,1.0061324744906732,1.007301243168382,0.9928473889615805,0.9903214202041842,0.9907998703558252,0.9994023945095745,0.9971205014070466,0.9988506366153425,-0.10857142857142879,-0.12142864285714287,-0.007333300000000046,-0.029208857142857068,-0.07185307142857132,-0.003544033333333374,231014.42857142858,182488.07142857142,-75020.9
2016-06-22,24.360001,24.67,24.200001,24.4,19.955288,6479048.0,1.012725738393853,0.9934318557704492,1.001641995006486,0.36000100000000046,0.12267699999999948,-2646977.0,1.008532353482745,1.0064443249138233,1.0070878353543502,0.9925578853123055,0.9904351833092596,0.9908277442365105,0.999224071495341,0.9970103072468658,0.9983706076595832,0.02000028571428558,-0.054285714285714146,0.001666733333333307,0.012851999999999768,-0.04673385714285721,-0.008178400000000014,101856.42857142857,-66802.78571428571,-97997.56666666667
2016-06-23,24.4,24.559999,24.290001,24.440001,19.988003,4390602.0,1.006557336065574,0.9954918442622952,1.0016393852459016,0.03999899999999812,0.032714999999999606,-2088446.0,1.0086255837786422,1.0069127060613643,1.0070922244681826,0.9927573830128757,0.9918333261527651,0.9915208458725631,0.9998197744941412,0.998734760544138,0.9990544372347142,0.09857157142857124,-0.0664285714285714,-0.016666666666666666,0.09229914285714257,-0.01869349999999998,0.0002727000000000146,-477488.85714285716,-208568.85714285713,-147514.83333333334
2016-06-24,24.65,24.74,23.0,23.440001,19.170162,17558436.0,1.0036511156186612,0.9330628803245437,0.9509128194726166,0.25,-0.8178409999999978,13167834.0,1.0089044298968752,1.006746636061445,1.0071455649067007,0.9853189814348411,0.9878346844229587,0.9896450884661874,0.9947493154383784,0.9952569909617893,0.9975275771609158,0.1585712857142855,-0.03214285714285735,0.009000033333333235,0.025703714285714545,-0.09638842857142851,-0.02344469999999994,1297290.2857142857,628271.0,270865.13333333336
2016-06-27,23.01,23.379999,22.709999,23.27,19.03113,6442589.0,1.0160799217731422,0.9869621468926553,1.0112994350282485,-1.639999999999997,-0.13903200000000027,-11115847.0,1.0106518699898697,1.007523621841788,1.0076815622991389,0.9858994714667259,0.9873035692650312,0.9899330577502343,0.9983790338737252,0.9961498449072416,0.9983677559919106,-0.05428557142857114,-0.1414285714285712,-0.04800003333333329,0.024535571428571705,-0.0987247857142857,-0.022899566666666735,-243457.0,-107769.5,-7104.433333333333
2016-06-28,22.91,23.41,22.74,23.290001,19.047485,8953431.0,1.0218245307725884,0.9925796595373199,1.0165866870362288,-0.10000000000000142,0.016355000000000786,2510842.0,1.0127882456787827,1.0087692308409237,1.0078743244360029,0.9855754897791329,0.9876849142786901,0.989685713068145,1.001116597135073,0.9979611718349831,0.9984900913931184,-0.05428585714285715,-0.15499999999999986,-0.03633333333333333,0.007010285714286064,-0.0917149999999999,-0.027806599999999904,314235.5714285714,136730.7857142857,112262.4
2016-06-29,23.75,23.780001,23.51,23.6,19.301018,7467471.0,1.0012632,0.9898947368421054,0.9936842105263158,0.8399999999999999,0.25353299999999734,-1485960.0,1.0105978882319742,1.008380945965629,1.0077260326258572,0.9841318807565764,0.9875431196511778,0.9894576700924888,0.9980258855689235,0.9972200347234554,0.9982795650773288,0.03571428571428571,-0.06285707142857154,-0.025333333333333385,-0.030376714285714406,-0.06601100000000011,-0.024807666666666724,200699.42857142858,67304.14285714286,72817.93333333333
2016-06-30,24.0,24.25,23.9,24.120001,19.726295,8815102.0,1.0104166666666667,0.9958333333333332,1.0050000416666667,0.25,0.42527700000000124,1347631.0,1.0103597870414978,1.0090384455809838,1.0075966753273822,0.9838937795661004,0.9883705842638404,0.9894549481425977,0.9972520819974948,0.9983272382535348,0.9981466675010762,0.0,-0.054285714285714395,-0.016000000000000014,-0.015187999999999948,-0.022198428571428508,-0.015811499999999985,-44417.57142857143,93298.42857142857,29210.233333333334
2016-07-01,24.26,24.27,23.83,23.950001,19.587259,6944089.0,1.0004122011541632,0.9822753503709809,0.9872218054410552,0.26000000000000156,-0.13903600000000083,-1871013.0,1.0086007102929708,1.0085665318878578,1.0075037486991878,0.9822999930804619,0.9874289391963836,0.9892374611549638,0.9951920549167189,0.9972080632060301,0.9978407276824446,-0.014285857142856986,0.0028572142857142984,-0.024666666666666615,-0.05257557142857142,-0.019861785714285825,-0.026170866666666726,66434.42857142857,84145.42857142857,-81305.66666666667
2016-07-04,23.77,23.879999,23.59,23.75,19.423689000000003,6036978.0,1.0046276398822045,0.9924274295330249,0.9991586032814472,-0.490000000000002,-0.16356999999999644,-907111.0,1.0083250394096324,1.0084753115941372,1.0070372220105426,0.981862219547709,0.9873098012802923,0.9889985374155048,0.9948376574932255,0.9973287159936833,0.9972863667065218,-0.08999999999999986,0.004285785714285696,-0.031000033333333357,-0.08061628571428514,0.005841428571428712,-0.03653036666666658,235196.57142857142,-121146.14285714286,-3053.4
2016-07-05,23.66,23.75,23.299999,23.4,19.137449,5641149.0,1.003803888419273,0.9847844040574809,0.9890109890109889,-0.10999999999999943,-0.28624000000000294,-395829.0,1.008346864095434,1.0086256469961548,1.0071243370758285,0.9892510086524143,0.9872849950436278,0.989139501652018,1.0002802531415644,0.9975147842899714,0.9972507541577867,-0.1414285714285712,0.008571357142857141,-0.05133336666666667,-0.004673285714285872,0.010515214285714336,-0.04225503333333336,-1702469.5714285714,-202589.64285714287,-18516.0
2016-07-06,23.25,23.25,22.66,22.959999,18.777601,10646789.0,1.0,0.9746236559139785,0.9875268387096774,-0.41000000000000014,-0.3598479999999995,5005640.0,1.0060497324135564,1.0083508012017133,1.0070174151341118,0.9874883670840319,0.986693919275379,0.9885141541137644,0.9968841679531971,0.9976316009134611,0.9970488286712911,0.034285714285714065,-0.009999928571428538,-0.05633336666666663,-0.03621842857142862,-0.005841428571428458,-0.049615566666666666,600600.0,178571.5,137403.36666666667
2016-07-07,23.209999,23.32,22.965,23.059999,18.859381,6369940.0,1.004739379781964,0.9894442477140994,0.993537268140339,-0.040001000000000175,0.08177999999999841,-4276849.0,1.003608996557753,1.0081986211182679,1.0066840279263127,0.9870404511092862,0.9863079704442095,0.9882286980946727,0.9935913938252128,0.9973539954801429,0.9965943591232466,0.04285699999999996,-0.005714428571428597,-0.06300003333333339,-0.02687200000000039,-0.009930857142857161,-0.06052023333333333,-369070.14285714284,-27417.285714285714,-52899.1
2016-07-08,23.0,23.280001,23.0,23.120001,18.908453,6913637.0,1.0121739565217391,1.0,1.0052174347826086,-0.20999899999999982,0.04907200000000245,543697.0,1.0051676760608588,1.0078827821464162,1.0067616132568111,0.9884840601318425,0.9863079704442095,0.9884650116132357,0.9952389972903976,0.9966324414296606,0.9965713430581586,-0.10714285714285714,-0.03571428571428571,-0.07966663333333332,-0.05608071428571394,-0.043228714285714176,-0.06597246666666656,-79119.14285714286,60790.142857142855,-24175.533333333333
2016-07-11,23.620001,23.93,23.59,23.92,19.562725,8344578.0,1.0131244278948168,0.9987298476405654,1.012701057887339,0.6200009999999985,0.6542719999999989,1430941.0,1.0055544990934515,1.0079571430674747,1.0066912816866382,0.9888978478900184,0.9863958137280594,0.9884877786700045,0.9963391424647794,0.9967956122311371,0.99666919082107,-0.05428557142857165,-0.027142785714285824,-0.06599996666666677,-0.023367142857142857,-0.0192775714285714,-0.05261439999999998,-67217.71428571429,-55817.642857142855,-129445.26666666666
2016-07-12,24.209999,24.379999,24.139999,24.200001,19.791719,9011897.0,1.0070218920702971,0.9971086326769365,0.9995870301357717,0.5899980000000014,0.22899400000000014,667319.0,1.0064987406528991,1.0075497254729349,1.0068221855035528,0.9910168882194407,0.9866584406499513,0.9886621940854768,0.9981056031354532,0.9966488290260861,0.9968617423736293,-0.007143000000000248,-0.010714428571428616,-0.054666700000000054,0.029208571428571566,-0.011683499999999927,-0.040619433333333295,295401.14285714284,180917.7857142857,115131.2
2016-07-13,24.450001,24.73,24.375,24.5,20.037073,6847033.0,1.0114519013721104,0.996932474563089,1.0020449487916177,0.2400020000000005,0.24535399999999896,-2164864.0,1.0074736351514573,1.0078993372805447,1.007190947975216,0.9916604660808785,0.9867613428142937,0.9889360794097146,0.9985179382083346,0.99667779785078,0.9972152523287321,0.0971430000000001,0.003571500000000124,-0.041666666666666664,0.0876262857142852,0.003505000000000028,-0.0267160333333333,115722.14285714286,175459.35714285713,9194.7
2016-07-14,24.549999,24.775,24.530001,24.75,20.241531,6059937.0,1.0091650105566194,0.9991854174820943,1.0081466805762396,0.09999799999999937,0.20445799999999892,-787096.0,1.0082395097425068,1.0082931869189704,1.007217787244778,0.9937177537129661,0.9914843811826903,0.9891809542491378,1.0012516084319418,1.0007659307867531,0.9973806512396395,0.12714271428571422,-0.007142928571428493,-0.019000066666666628,0.15772599999999976,0.07652635714285694,-0.012267700000000067,59826.857142857145,-821321.3571428572,-45145.0
2016-07-15,24.74,25.1,24.709999,24.85,20.323315,5729148.0,1.0145513338722718,0.9987873484236055,1.0044462409054165,0.19000099999999875,0.08178400000000252,-330789.0,1.0103182717242598,1.0081840020689081,1.0077028317071872,0.99716970978577,0.9923290384349011,0.9899432710481508,1.003668665888476,1.0002764169208367,0.9982789579670169,0.21285714285714263,0.12357142857142835,-0.019666666666666662,0.22081628571428574,0.09229892857142856,0.0024534333333334026,-702520.1428571428,-50960.07142857143,-52713.933333333334
2016-07-18,24.950001,25.07,24.879999,24.959999,20.413277,3877363.0,1.004809578965548,0.9971943087296871,1.0004007214268247,0.21000100000000188,0.08996199999999988,-1851785.0,1.0103283001790575,1.0069686483684053,1.0076639478187879,0.9982768613594254,0.9926586562343559,0.9902149525210793,1.0046491592151168,0.9991202765201649,0.9983055955603946,0.24857171428571437,0.14571435714285716,-0.004999966666666703,0.2219851428571431,0.09755657142857135,-0.0035440999999999906,-356082.4285714286,-362576.28571428574,-162842.63333333333
2016-07-19,25.0,25.02,24.75,24.99,20.437813,4894621.0,1.0008,0.99,0.9995999999999999,0.04999899999999968,0.02453599999999767,1017258.0,1.0087034492473805,1.0069355626541194,1.0075172104571766,0.9968482899308538,0.9926661750313484,0.9900683605509578,1.003846668531887,0.9995428329111423,0.9983322795673306,0.2857142857142857,0.08928571428571429,0.0003333333333333854,0.21847999999999956,0.0811996428571428,0.000817866666666589,-288430.85714285716,-183775.0,-101891.36666666667
2016-07-20,24.99,25.295,24.950001,25.23,20.634092000000003,6059742.0,1.0122048819527814,0.998399399759904,1.0096038415366146,-0.010000000000001563,0.1962790000000041,1165121.0,1.0085720855413756,1.0070632923174134,1.007777839696113,0.9968010830907595,0.992849465490389,0.990440312898085,1.003404209053212,0.9998716757589957,0.9989448039502895,0.19571414285714286,0.0707142857142856,-0.0029999999999999953,0.1530524285714289,0.06484264285714302,0.01008656666666674,-326405.14285714284,-196811.42857142858,-32648.6
2016-07-21,25.5,25.5,25.35,25.42,20.789484,6524024.0,1.0,0.9941176470588236,0.9968627450980393,0.5100000000000016,0.1553919999999991,464282.0,1.0075689581027616,1.0070338493778304,1.0075545334209752,0.996373799431029,0.9936953438252348,0.9905149057458031,1.0030150254763932,1.0005603143059232,0.9987048911173008,0.18428585714285717,0.08857142857142845,0.029000033333333283,0.1425378571428573,0.08587321428571444,0.018810400000000036,-355410.4285714286,-30004.64285714286,-39.63333333333333
2016-07-22,25.4,25.4,25.110001,25.309999,20.69952,5310315.0,1.0,0.9885827165354332,0.9964566535433071,-0.10000000000000142,-0.08996400000000193,-1213709.0,1.0059329721924601,1.0067033036719586,1.0075141443525855,0.9951809768556495,0.9934207214682642,0.9906593686717823,1.0022166975837774,1.0003673178960562,0.9989368064938924,0.13571414285714262,0.11642857142857135,0.021333333333333235,0.09463528571428574,0.09113078571428547,0.022081566666666674,-219531.14285714287,-51904.5,-73286.96666666666
2016-07-25,25.4,25.549999,25.389999,25.440001,20.80584,4454757.0,1.0059054724409449,0.9996062598425197,1.001574842519685,0.0,0.10632000000000019,-855558.0,1.005467323890221,1.0068534168163636,1.0074770270053528,0.9952410971928533,0.9944794254529097,0.9907976312893537,1.0012778635756983,1.00126473600382,0.9988929593743445,0.12142871428571413,0.12428571428571418,0.03933336666666657,0.08061557142857165,0.1191707857142857,0.03135053333333329,-229311.42857142858,-84742.28571428571,-43709.86666666667
2016-07-26,25.4,25.68,25.26,25.66,20.985765,5868927.0,1.0110236220472442,0.994488188976378,1.010236220472441,0.0,0.17992500000000078,1414170.0,1.004963365058074,1.007640818391167,1.007647656940451,0.9946269315575351,0.9958983206716525,0.990810725576623,1.0021050035138448,1.0028868347011604,0.9993185179149492,0.0942857142857143,0.15357142857142847,0.05633336666666663,0.09463571428571425,0.157726,0.05479519999999998,19968.428571428572,-341275.85714285716,-62136.566666666666
2016-07-27,25.719999,25.82,25.475,25.690001,21.010302,5696921.0,1.003888063914777,0.9904743775456601,0.9988336702501426,0.3199990000000028,0.0245369999999987,-172006.0,1.004831720050821,1.0075800101149393,1.0077206193112427,0.9936669413883884,0.9959719013739069,0.9909888151157855,1.0018811390600328,1.0032651491375748,0.9997327724945221,0.10999971428571444,0.1792857142857144,0.07266660000000004,0.08528928571428551,0.1536372142857143,0.06733553333333334,259936.85714285713,-48072.78571428572,-92682.76666666666
2016-07-28,25.6,25.83,25.6,25.77,21.075727,4802282.0,1.0089843749999998,1.0,1.006640625,-0.11999899999999997,0.06542500000000118,-894639.0,1.0060009164793924,1.0073521828633865,1.00789183710717,0.9950955128169598,0.9959719013739069,0.99155885789347,1.0028869426314615,1.0033668055816742,1.0004244131284947,0.08571428571428592,0.1857142857142858,0.07366670000000006,0.09113057142857173,0.15480528571428565,0.07387820000000005,-13191.285714285714,-150811.07142857142,-111483.53333333334
2016-07-29,25.719999,25.9,25.610001,25.84,21.132977,10285871.0,1.0069984839423982,0.9957232502225214,1.0046656689216822,0.11999899999999997,0.0572499999999998,5483589.0,1.005257145335052,1.0069146154382138,1.00789612320691,0.994713205740191,0.9957571444154751,0.9915880485225385,1.0021814894007568,1.0027928492269844,1.000665810618991,0.10428557142857185,0.14999985714285735,0.08099993333333337,0.0712692857142854,0.11216085714285715,0.07115213333333337,603732.7142857143,138663.7857142857,117736.3
2016-08-01,25.84,25.950001,25.65,25.780001,21.083908,4906930.0,1.004257004643963,0.9926470588235293,0.9976780572755417,0.12000099999999847,-0.04906899999999936,-5378941.0,1.005865288855618,1.0067171234791898,1.0074848332907866,0.9945031217065774,0.9954384605688033,0.9913429504833228,1.0022979625689714,1.0026564940226823,1.0000777728118637,0.04857142857142855,0.11642864285714286,0.078,0.042060571428571336,0.09229921428571432,0.0523417666666667,-231013.42857142858,-293211.9285714286,-38521.5
2016-08-02,25.719999,25.92,25.639999,25.73,21.043015,6416452.0,1.0077760889493037,0.9968895799723786,1.000388841383703,-0.12000099999999847,-0.04089300000000051,1509522.0,1.0069761587055186,1.0064545654489894,1.0073412570890967,0.995689816483284,0.9954353966694668,0.9913226017601797,1.002859703689028,1.0025382006364028,0.9997435119690983,0.04571414285714326,0.09071414285714294,0.057333300000000045,0.0490707142857144,0.07185300000000007,0.040346800000000016,158019.57142857142,-30755.785714285714,-90319.1
2016-08-03,25.379999,25.48,25.120001,25.23,20.634092000000003,6875616.0,1.0039401498794385,0.9897557915585417,0.9940898736836041,-0.33999999999999986,-0.4089229999999979,459164.0,1.0066953983395892,1.0060813611149049,1.0070484041386163,0.9942826067284299,0.9947618519606415,0.9912000662864495,1.0017904224267309,1.0015341430012143,0.9994917745916687,-0.0028572857142852926,0.05928571428571442,0.03399993333333337,-0.02453542857142819,0.028040071428571726,0.022626800000000103,345837.0,58262.78571428572,13218.933333333332
2016-08-04,25.200001,25.445,25.139999,25.200001,20.609562,5258282.0,1.0097221821538818,0.9976189683484536,1.0,-0.1799980000000012,-0.02453000000000216,-1617334.0,1.0065094783548232,1.0057364217064486,1.0071538990082265,0.9947298609244407,0.9946783962409879,0.9912709704226548,1.0003281052163822,1.0012165543651133,0.9994371284168053,-0.028571285714285466,0.03285721428571442,0.026666700000000057,-0.05374328571428576,0.020446214285714248,0.02071863333333338,-87235.0,-33633.28571428572,28922.666666666668
2016-08-05,25.309999,25.5,25.17,25.25,20.65045,4018310.0,1.0075069540698125,0.9944686287818503,0.9976294349122653,0.10999800000000093,0.040887999999998925,-1239972.0,1.0070264626626853,1.0059290913567531,1.0072824269565983,0.9953004682438964,0.9944837048161423,0.993317828704565,1.0001560715966853,1.001018605328359,1.0009943489314606,-0.058571428571428594,0.025714142857142925,0.021999966666666756,-0.05140742857142858,0.016940928571428465,0.04934293333333327,-239801.57142857142,10067.642857142857,-451337.5333333333
2016-08-08,25.469999,25.809999,25.440001,25.700001,21.01848,5920303.0,1.0133490386081287,0.9988222221759804,1.0090303105233729,0.16000000000000014,0.36803000000000097,1901993.0,1.0076499860352752,1.006825451257334,1.0071913975177644,0.9951322142690364,0.995113863542998,0.9937131645473425,1.0004974552428814,1.0016921989371714,1.0009187114479645,-0.018571571428571434,0.03357135714285724,0.08199996666666666,-0.008178142857142896,0.041476214285714415,0.06624499999999997,159717.2857142857,73263.0,-17409.533333333333
2016-08-09,25.459999,26.639999,25.43,26.440001,21.623682,11836955.0,1.046347213132255,0.9988217202993606,1.038491831833929,-0.010000000000001563,0.6052019999999985,5916652.0,1.0132712330623976,1.0092641891987248,1.0080088202630868,0.9955748528514421,0.9951440292958165,0.9939212332394105,1.005329764230345,1.003755626815551,1.0016488829412211,-0.037142857142857366,0.03357135714285724,0.08499996666666666,0.07010071428571406,0.07068499999999973,0.08587323333333323,221583.42857142858,412658.0714285714,96117.46666666666
2016-08-10,26.5,26.889999,26.459999,26.75,21.877211,11790206.0,1.0147169433962264,0.9984905283018868,1.009433962264151,1.0400010000000002,0.25352900000000034,-46749.0,1.0147655100270068,1.0103153994413125,1.0084572783762942,0.9964096342054931,0.9954563779560353,0.9942077596214033,1.007009179228718,1.0046535708988447,1.0021738746658158,0.0942857142857143,0.07142857142857142,0.09166666666666666,0.11332899999999972,0.07769478571428554,0.0858731,983325.1428571428,376155.85714285716,144091.16666666666
2016-08-11,26.65,26.690001,26.15,26.48,21.656393,5490530.0,1.0015009756097561,0.9812382739212008,0.9936210131332083,0.14999999999999858,-0.22081799999999774,-6299676.0,1.0138690652642144,1.0104226119848665,1.008160088674397,0.9941737333410391,0.9949317749121614,0.9937212576409988,1.0060423466215043,1.004451025155266,1.0017945737147005,0.13285728571428532,0.08928571428571429,0.08833333333333329,0.0876254285714287,0.06834807142857155,0.06433660000000004,-132274.57142857142,12872.5,-110819.06666666667
2016-08-12,26.620001,26.709999,26.295,26.559999,21.721823,6234823.0,1.0033808413455731,0.9877910973782459,0.9977459805504892,-0.02999900000000011,0.06542999999999921,744293.0,1.0137891640450907,1.01024228119234,1.0082590433474443,0.9938930627438541,0.9940878347361419,0.9939051158745743,1.0065646476024879,1.0041775350146094,1.0021453795516817,0.17714314285714242,0.08714292857142857,0.0786666999999999,0.15539014285714256,0.06542735714285719,0.07115213333333337,-91541.85714285714,127147.57142857143,-23642.2
2016-08-15,26.549999,26.799999,26.370001,26.610001,21.762714000000003,3234157.0,1.009416196211533,0.993220414057266,1.0022599624203377,-0.07000199999999879,0.04089100000000201,-3000666.0,1.013745451767612,1.0101274650612175,1.0084186618917552,0.993264697845113,0.9939972793847768,0.9939315486920489,1.0068874993768218,1.003607802296602,1.0022487581896447,0.19285685714285705,0.0821427857142858,0.09266663333333333,0.1647360000000003,0.05549635714285728,0.07796749999999998,-289160.71428571426,-188197.85714285713,-93427.36666666667
2016-08-16,26.65,26.73,26.389999,26.58,21.73818,4591372.0,1.003001876172608,0.9902438649155723,0.9973733583489681,0.1000009999999989,-0.02453400000000272,1357215.0,1.0131018692108686,1.010064165936777,1.0083919281501996,0.9926611601499304,0.9939808141969134,0.994113530720652,1.0068509170106366,1.003503494303661,1.0025275038342438,0.1914287142857139,0.06642864285714266,0.09966666666666661,0.15539000000000008,0.05199128571428575,0.08669103333333332,81866.0,-78967.78571428571,-34992.566666666666
2016-08-17,26.58,26.809999,26.48,26.77,21.893568,7269685.0,1.0086530850263358,0.9962377727614748,1.007148231753198,-0.07000000000000028,0.15538799999999853,2678313.0,1.012431018699184,1.0100405023672294,1.0086803643177442,0.9922919530907153,0.993712083679876,0.9948340012822353,1.0065820486148973,1.0035397519288893,1.0031815502690278,0.15857157142857098,0.06999999999999977,0.11099999999999995,0.12501257142857117,0.05841721428571413,0.10386556666666659,192768.85714285713,176243.07142857142,-112570.13333333333
2016-08-18,26.92,26.969999,26.620001,26.719999,21.852676,4572803.0,1.0018573179791976,0.9888559063893015,0.9925705423476968,0.3400000000000034,-0.040891999999999484,-2696882.0,1.0060753193916043,1.009673276227001,1.0085842955909852,0.9908682653892783,0.9932215591203601,0.9948143899047419,1.0000218644025785,1.0026758143164618,1.0031493260759399,0.2085715714285717,0.08571435714285716,0.12366670000000006,0.032713428571428595,0.05140707142857132,0.09977649999999999,-1037736.0,-408076.28571428574,-59904.566666666666
2016-08-19,26.719999,26.75,26.4,26.68,21.819963,3648575.0,1.0011227919581882,0.988023989072754,0.9985030313811014,-0.20000100000000032,-0.03271299999999755,-924228.0,1.004133297757599,1.0094494038923028,1.008215923438867,0.9893730454994022,0.9928913398524477,0.9944151895405005,0.998460302847857,1.0027347410382874,1.002925512629223,0.03142842857142877,0.06285707142857154,0.12399996666666671,-0.008178285714285392,0.05257535714285717,0.09705033333333332,-1163090.142857143,-89882.5,-108835.4
2016-08-22,26.540001,26.76,26.540001,26.620001,21.770891,3788348.0,1.008289336537704,1.0,1.0030143178969737,-0.1799980000000012,-0.04907200000000245,139773.0,1.0051030636044485,1.0094860644343313,1.0080547537269633,0.9920532920820878,0.9931135127115635,0.9944575279524817,0.9998022035283949,1.0029222750749496,1.0026026212962107,-0.015714142857142628,0.05857157142857134,0.0973333333333334,0.01635685714285679,0.05199114285714274,0.07360553333333328,-243168.85714285713,-187721.7142857143,-151874.33333333334
2016-08-23,26.700001,26.99,26.67,26.92,22.016243,4289874.0,1.0108613853609967,0.9988763670832822,1.0082396626127468,0.16000000000000014,0.24535200000000046,501526.0,1.0061717127495091,1.0099804383973,1.0081827368366532,0.99363690203995,0.993764982391902,0.9945164524326932,1.0013013009658605,1.003932974284174,1.0028910423787765,0.011428571428571692,0.09428585714285706,0.08300006666666668,0.04205999999999983,0.0987250714285712,0.07415079999999996,-277849.85714285716,-184695.85714285713,-157400.76666666666
2016-08-24,26.9,27.25,26.83,27.07,22.13892,3875500.0,1.013011152416357,0.9973977695167286,1.0063197026022306,0.19999899999999826,0.12267699999999948,-414374.0,1.0066852779216267,1.0102153648446195,1.0082347118714614,0.9942336671055877,0.9937491824753504,0.9945319622644812,1.0018812638489878,1.004384381612905,1.0030335341724637,0.0500001428571427,0.12142849999999987,0.08166663333333328,0.05374371428571375,0.10923985714285703,0.07006156666666664,91620.42857142857,-98770.14285714286,-99051.1
2016-08-25,27.030001,27.035,26.74,26.85,21.958994,4934676.0,1.0001849426494658,0.9892711435711748,0.9933406957698597,0.13000100000000003,-0.17992599999999825,1059176.0,1.0062828588468922,1.0096923640288804,1.0079353762745564,0.9940947069135309,0.9933779335317307,0.9942014864674504,1.0013051691948296,1.0040780431027332,1.0025400013455843,0.05428585714285715,0.12285728571428553,0.0826667333333333,0.03154485714285725,0.09346742857142866,0.05724876666666674,49043.42857142857,65454.71428571428,-37508.7
2016-08-26,26.75,26.875,26.610001,26.67,21.811785,7991513.0,1.0046728971962617,0.9947663925233645,0.9970093457943926,-0.2800009999999986,-0.14720900000000015,3056837.0,1.005714260585453,1.0090726396423184,1.0076060950520227,0.9938845097366579,0.9930882314136866,0.9940674546041091,0.9998567569150002,1.0032194027649488,1.0022921048418836,0.02428571428571453,0.09142864285714276,0.06700000000000005,-0.01168328571428542,0.056664642857142865,0.04961566666666665,103118.28571428571,147943.57142857142,75412.16666666667
2016-08-29,26.68,26.719999,26.389999,26.48,21.656393,2911885.0,1.0014992128935534,0.9891303973013493,0.9925037481259371,-0.07000000000000028,-0.1553919999999991,-5079628.0,1.0056631027160752,1.0058692110538399,1.0074957495162895,0.9939237227240934,0.9923959940566859,0.9937986575564979,0.9998472148833203,0.9999345396429494,1.0020288723985205,-0.03428571428571457,0.08714292857142857,0.057666633333333314,-0.02804042857142822,0.0023365000000001857,0.04143720000000002,-237274.0,-637505.0,-32182.6
2016-08-30,26.68,26.719999,26.48,26.540001,21.705465,6313614.0,1.0014992128935534,0.9925037481259371,0.9947526611694153,0.0,0.049071999999998894,3401729.0,1.0057168771354132,1.0049250874465059,1.0075190566127412,0.9945636883031196,0.991968366901261,0.9938821158273625,0.9993114477102222,0.9988858752790397,1.001867294437501,-0.005714142857143096,0.012857142857142836,0.05599999999999999,-0.0163568571428573,-0.012267571428571346,0.04225506666666672,380719.85714285716,-391185.14285714284,47299.76666666667
2016-08-31,26.74,26.98,26.530001,26.9,21.999887,12294786.0,1.0089753178758416,0.9921466342557965,1.005983545250561,0.05999999999999872,0.29442200000000085,5981172.0,1.0058148744694326,1.0054589690369407,1.0074114044768432,0.9934417789110904,0.9927475354965891,0.9936736903105589,0.9997356230464491,0.999768913287422,1.0017466178946328,0.028571285714285466,0.006428571428571418,0.058333333333333334,0.0327137142857146,0.024535285714285697,0.04552649999999995,1215205.4285714286,486018.28571428574,207834.8
2016-09-01,26.74,27.23,26.67,27.059999,22.130741,6711226.0,1.018324607329843,0.9973821989528797,1.0119670531039642,0.0,0.13085399999999936,-5583560.0,1.0068810490364108,1.00652638089296,1.0080222247211714,0.993228326321033,0.9934326141804916,0.9937825087070274,1.0002681074023372,1.0007847041840987,1.0022500948281636,0.005714142857142589,0.008571357142857141,0.041333333333333284,0.0163568571428573,0.029208428571428562,0.04470856666666663,345907.4285714286,34028.78571428572,6240.066666666667
2016-09-02,27.059999,27.18,26.58,26.84,21.950819,6867423.0,1.0044346269192397,0.9822616770976228,0.9918699553536569,0.3199990000000028,-0.17992200000000125,156197.0,1.0056558311082513,1.006170554514939,1.0081700456184792,0.9910660274040178,0.9926498472548028,0.9935718073924337,0.9982038577953982,1.000042560822193,1.0020972048885084,0.02285700000000038,0.03642857142857154,0.05533330000000009,-0.026871571428571377,0.013436071428571188,0.04170996666666665,427417.5714285714,259519.0,51903.6
2016-09-05,27.049999,27.32,26.93,27.25,22.286129000000003,4489364.0,1.0099815530492255,0.9955638075994014,1.0073937525838725,-0.010000000000001563,0.3353100000000033,-2378059.0,1.0070553468796455,1.0066691028632688,1.0083059149720888,0.9919649794080502,0.9930298431607906,0.9934370589843298,1.000211437340257,1.0007583032675433,1.0022911685573148,0.002856857142857296,0.02857135714285722,0.054999966666666705,0.04673357142857171,0.03913921428571448,0.04934296666666675,-63616.0,-7286.285714285715,1153.5666666666666
2016-09-06,27.26,27.459999,27.1,27.24,22.277952,4152177.0,1.0073367204695525,0.9941305942773294,0.9992663242846661,0.21000100000000188,-0.008177000000003432,-337187.0,1.0074358930615441,1.0065750768234987,1.0081830182528324,0.991874151087188,0.992879330411923,0.993425139161028,1.0005338628388676,1.0001953098769338,1.0019255053510556,0.07285714285714308,0.04857142857142881,0.0620000000000001,0.06659528571428552,0.027456000000000053,0.04307289999999995,-548476.5714285715,-222679.14285714287,-57225.0
2016-09-07,27.32,27.41,27.125,27.379999,22.392447,5151341.0,1.003294289897511,0.9928623718887262,1.0021961566617863,0.05999999999999872,0.11449500000000157,999164.0,1.007692332633538,1.0066777176748067,1.0081632257855901,0.9924072903139561,0.9931655065190247,0.9935047389724636,1.0019184926297031,1.0008828537565118,1.0020375882314436,0.09142857142857151,0.02857142857142847,0.05333336666666663,0.10515057142857133,0.038555071428571557,0.04607150000000004,319922.28571428574,41324.142857142855,-18186.0
2016-09-08,27.15,27.219999,26.77,27.08,22.1471,6590591.0,1.002578232044199,0.9860036832412523,0.9974217311233886,-0.1700000000000017,-0.24534700000000242,1439250.0,1.0078464782264873,1.0067816776809502,1.0079496876870635,0.991478709616144,0.9930211989596317,0.9930381950805054,1.0022997883374136,1.000805618023818,1.00173029176889,0.06714285714285698,0.030714357142856943,0.05166666666666657,0.063090714285714,0.02336692857142835,0.03571243333333326,39568.142857142855,210144.0,59610.3
2016-09-09,26.870001,26.99,26.73,26.76,21.885391,4792143.0,1.0044659097705282,0.99478969129923,0.9959061780459183,-0.2799990000000001,-0.26170899999999975,-1798448.0,1.0072022770685856,1.006508575769009,1.0078652685480012,0.9918562891937774,0.9926490340524339,0.993007076449729,1.000860164451036,1.0002978937487426,1.0014383087396979,0.018571571428571434,0.023571428571428448,0.0383333999999999,-0.0163565714285718,0.0081785714285714,0.025080466666666603,-1071806.142857143,71699.64285714286,-183124.26666666666
2016-09-12,26.209999,26.43,26.059999,26.190001,21.419224,6599173.0,1.0083937813198696,0.994276993295574,0.9992370087461658,-0.6600019999999986,-0.46616699999999867,1807030.0,1.0057835876385892,1.0063323183375001,1.0080031611038647,0.9914126883855908,0.9923205073533119,0.9930614075987971,0.9990415866856363,0.9996548470439868,1.0014902737887186,-0.07571442857142838,-0.03500014285714289,0.012333299999999998,-0.1016452857142858,-0.04264421428571425,0.011177199999999962,-16007.57142857143,164949.92857142858,56408.1
2016-09-13,26.48,26.6,25.85,25.85,21.141157,7368910.0,1.0045317220543808,0.9762084592145015,0.9762084592145015,0.2700010000000006,-0.27806700000000006,769737.0,1.005797458372181,1.005726644740216,1.0078950155407005,0.9905479429737164,0.9908069851888671,0.9923720369068679,0.9968042300943284,0.9975040439448633,1.0006842610497453,-0.08285700000000011,-0.029999999999999867,0.025333366666666635,-0.11566599999999992,-0.07126878571428565,0.003271399999999976,71641.0,249529.2857142857,31748.6
2016-09-14,25.799999,26.200001,25.75,26.01,21.272009,8553638.0,1.0155039540893005,0.9980620541884517,1.0081395739588983,-0.6800010000000007,0.13085200000000086,1184728.0,1.0065863728064774,1.0068208598430615,1.0082804756810293,0.9909048353435806,0.9914349073758154,0.992648912327865,0.9969107760050464,0.9985611066726517,1.001152584392255,-0.17857142857142858,-0.08785728571428564,0.013999999999999938,-0.14487428571428598,-0.04907035714285714,0.021263899999999936,580610.5714285715,258497.2857142857,55934.066666666666
2016-09-15,25.879999,26.120001,25.799999,26.07,21.321079,9357286.0,1.00927364796266,0.9969088097723651,1.0073416154305106,0.08000000000000185,0.04907000000000039,803648.0,1.006863076734064,1.0071494848978042,1.008265524541322,0.9913017232714428,0.9915879371793156,0.9926252403753286,0.9980643890258813,0.9992991259323745,1.0013973049066054,-0.197143,-0.06214292857142846,0.02266660000000004,-0.13669614285714257,-0.03505042857142853,0.023717233333333355,743587.0,97555.21428571429,136633.46666666667
2016-09-16,26.26,26.459999,26.17,26.360001,21.558256,7417296.0,1.0076161081492765,0.9965727341964966,1.0038081111957349,0.38000100000000003,0.23717699999999908,-1939990.0,1.0074804793414593,1.0075864059874986,1.0082691630106375,0.9918317750296959,0.9921195326718261,0.9926953772224836,0.9982946682450169,1.00010658043736,1.0016032607827212,-0.15142857142857125,-0.029999999999999867,0.03166670000000001,-0.11917014285714293,-0.007009785714285803,0.030260200000000025,323707.85714285716,321815.0714285714,113299.53333333334
2016-09-19,26.299999,26.68,26.17,26.67,21.811785,2144840.0,1.0144487077737152,0.9950570720554021,1.0140684796223758,0.03999899999999812,0.25352900000000034,-5272456.0,1.009176261588533,1.0085113699075101,1.0083058186494902,0.9931251162888601,0.9923019129525021,0.9925698722184643,1.0006727751734437,1.0014862817554286,1.001771199752688,-0.12142871428571413,-0.027142928571428575,0.02766666666666661,-0.047902142857142546,0.007594285714285728,0.026443500000000005,-635107.2857142857,-297769.5714285714,-125848.76666666666
2016-09-20,26.66,26.790001,26.549999,26.790001,21.909925,6738565.0,1.0048762565641411,0.9958739309827457,1.0048762565641411,0.36000100000000046,0.09814000000000078,4593725.0,1.0092348825590491,1.0082185798138175,1.0069234534305531,0.9932800076722196,0.9925681484329985,0.9924716125745772,1.0019542149617613,1.0014071897063987,1.0006506805770283,-0.030000142857142618,-0.005714285714285593,0.040000033333333344,0.0035048571428575315,-0.006425857142857134,0.009541433333333415,278060.28571428574,-396872.9285714286,-169946.33333333334
2016-09-21,26.82,27.290001,26.799999,27.24,22.277952,8085788.0,1.0175242729306488,0.9992542505592841,1.0156599552572707,0.16000000000000014,0.3680269999999979,1347223.0,1.0105392385034462,1.0081614130710177,1.0070170310817006,0.9939910444241781,0.9927018664048844,0.992497069983157,1.0043003501776333,1.0016709684316347,1.000858213676799,0.08714300000000007,0.005714285714285846,0.010666666666666677,0.12267542857142846,0.010515071428571332,0.013358033333333333,212373.57142857142,98183.0,-123480.6
2016-09-22,27.33,27.42,27.18,27.23,22.269773,5703784.0,1.0032930845225028,0.9945115257958288,0.9963410171972192,0.509999999999998,-0.008178999999998382,-2382004.0,1.0103622902846063,1.0080798743283936,1.0070767680454589,0.9966057682215105,0.9935768555976134,0.9929395117123113,1.00717642988945,1.0019903299918893,1.0009488804789326,0.12142857142857112,0.019285785714285502,0.022666666666666658,0.1612308571428573,0.02278242857142868,0.020445999999999978,-237875.14285714287,-83117.07142857143,7108.466666666666
2016-09-23,27.34,27.620001,27.27,27.59,22.564196,8505917.0,1.0102414411119238,0.9974396488661302,1.009144111192392,0.010000000000001563,0.2944229999999983,2802133.0,1.0096105027164097,1.0080984377614437,1.0073054547043372,0.9965168531754648,0.9937108442595227,0.9932611300952409,1.0073199352085207,1.0021153556067837,1.001328818166996,0.2200001428571429,0.020714357142857156,0.023999966666666712,0.18459814285714263,0.019861928571428322,0.02807909999999995,-6817.285714285715,286896.64285714284,75703.13333333333
2016-09-26,27.5,27.66,27.43,27.6,22.572376,4823906.0,1.0058181818181817,0.9974545454545455,1.0036363636363637,0.16000000000000014,0.00817999999999941,-3682011.0,1.00911686469577,1.0079899707149171,1.0071855208912255,0.9965948154157761,0.9939482693436095,0.9934022678084834,1.0067906135236424,1.0024275012747619,1.0013746982075302,0.23142871428571407,0.017142857142857033,0.03166670000000001,0.1787567142857139,0.021030285714285668,0.026988733333333195,-647625.7142857143,47980.642857142855,52991.63333333333
2016-09-27,27.309999,27.629999,27.200001,27.450001,22.449699,8849758.0,1.0117173200921759,0.9959722444515651,1.0051264007735774,-0.19000099999999875,-0.12267699999999948,4025852.0,1.009702752116184,1.0085916157288217,1.0074760356885444,0.9965090311665001,0.9941704030980981,0.9935932137930165,1.0069789406061915,1.0026368044256042,1.0016331329550172,0.1499998571428571,-0.0007143571428570741,0.021999966666666756,0.12734899999999985,0.0040894285714284506,0.023717299999999972,204637.42857142858,264172.64285714284,141946.2
2016-09-28,27.65,27.68,27.459999,27.629999,22.596907,4802668.0,1.0010849909584087,0.9931283544303798,0.999276636528029,0.34000099999999733,0.14720800000000267,-4047090.0,1.0077936497139977,1.0084849556512654,1.00722376588628,0.9962335000772115,0.9946793081830358,0.9934895665153133,1.0048658201641418,1.0027692976687927,1.0013707464475117,0.19285728571428556,0.03571428571428571,0.03566666666666667,0.11216028571428589,0.03212907142857167,0.023444633333333444,379689.71428571426,-127708.78571428571,-82233.9
2016-09-29,27.719999,27.85,27.66,27.82,22.7523,5311533.0,1.0046897909339751,0.9978355338324507,1.0036075398126818,0.06999900000000281,0.15539300000000011,508865.0,1.007767011766831,1.00850094716294,1.0073181816514394,0.9965137290557406,0.9948968683639802,0.993788887430085,1.0046845749139333,1.0033193949378474,1.0017386463630111,0.15142842857142874,0.060714142857143064,0.02666663333333332,0.12033928571428579,0.06192207142857166,0.02998746666666676,-203861.7142857143,37099.28571428572,24624.333333333332
2016-09-30,27.49,27.82,27.49,27.629999,22.596907,13452135.0,1.0120043652237178,1.0,1.0050927246271373,-0.22999900000000295,-0.15539300000000011,8140602.0,1.0069784535229835,1.0087588460132149,1.0076809007602905,0.9966202646901287,0.9953056545571534,0.9941880877943264,1.0031749705382,1.0037376603579167,1.0019583028045456,0.09571428571428545,0.09142864285714276,0.0256666999999999,0.04556500000000036,0.08412021428571441,0.025898133333333344,766621.0,489497.28571428574,326785.3333333333
2016-10-03,27.709999,28.08,27.709999,27.940001,22.850439,3233352.0,1.0133526168658469,1.0,1.0083003250920362,0.2199990000000014,0.25353199999999987,-10218783.0,1.008415529572033,1.0093889099283195,1.0078496767712286,0.9974043324335816,0.9970050503275462,0.9941880877943264,1.0048834430946025,1.0060299364920262,1.002134503044381,0.05428557142857165,0.08785707142857138,0.03899993333333332,0.08295228571428583,0.12209157142857155,0.03598493333333342,-352918.85714285716,-295397.0,-18499.866666666665
2016-10-04,27.84,28.1,27.75,28.1,22.981297,4084031.0,1.0093390804597702,0.9967672413793104,1.0093390804597702,0.13000100000000003,0.13085799999999992,850679.0,1.0082866209074395,1.0089485618119247,1.007798933274521,0.9973082742211787,0.9969125636983217,0.9941177836041941,1.004911295847085,1.0061156155278028,1.0021711503059485,0.07142857142857142,0.14571435714285716,0.03799996666666665,0.05958585714285748,0.12209200000000006,0.032168466666666735,-631698.0,-319257.64285714284,-6861.433333333333
2016-10-05,27.9,28.23,27.889999,28.049999,22.940401,5800540.0,1.0118279569892474,0.999641541218638,1.0053763082437277,0.05999999999999872,-0.04089600000000004,1716509.0,1.0091451602175918,1.0091310124566808,1.0077594934269505,0.9976207021874777,0.9971077588016268,0.9941925759942578,1.0051598593624227,1.0059752364430328,1.0021397038273316,0.05714285714285694,0.1442857857142855,0.03333333333333333,0.05257500000000042,0.11566585714285717,0.02671603333333342,139519.14285714287,-254053.2857142857,64168.0
2016-10-06,28.209999,28.26,28.1,28.25,23.103971,4870125.0,1.0017724566385133,0.9961007088302273,1.0014179724004952,0.30999900000000125,0.16357,-930415.0,1.007724465438497,1.0087136087773405,1.0078124105599189,0.9976390542415724,0.9970740427040362,0.9944202281695596,1.004630083880554,1.0058045122433728,1.002408946381686,0.12857142857142836,0.13928564285714273,0.03933326666666671,0.09346742857142891,0.11040821428571437,0.03816590000000002,-568519.0,-181940.7857142857,-2151.7
2016-10-07,28.299999,28.379999,28.129999,28.26,23.11215,4615420.0,1.002826855223564,0.993992932649927,0.9985866077239085,0.08999999999999986,0.008178999999998382,-254705.0,1.0079733031906621,1.00788347645233,1.0077508758274956,0.9977625654157932,0.9969980327465022,0.9943944461737783,1.0045315083371082,1.004698664250625,1.0024615217793367,0.09285700000000016,0.14285714285714285,0.05166663333333332,0.07360614285714259,0.09288321428571424,0.043345499999999974,-26749.714285714286,176470.0,-112536.43333333333
2016-10-10,28.299999,28.43,28.209999,28.280001,23.128508,6068231.0,1.0045936750739815,0.9968197878734908,0.9992933568654896,0.0,0.016358000000000317,1452811.0,1.0079595723535202,1.0078632920601756,1.0078540245668433,0.9976174588502277,0.9970655939529841,0.9946507591928496,1.0039151964875093,1.0042998857007213,1.002687842070655,0.08285714285714262,0.11714278571428569,0.05399996666666666,0.05374399999999976,0.08704164285714278,0.049070499999999954,108099.71428571429,-47881.0,105211.53333333334
2016-10-11,28.299999,28.379999,28.084999,28.200001,23.06308,5740707.0,1.002826855223564,0.9924028265866723,0.9964665016419259,0.0,-0.06542800000000071,-327524.0,1.0066484994963554,1.0068134765096695,1.0078982793111768,0.9965321483626094,0.9965762065263689,0.9946473951415409,1.0026828789181932,1.0029289247281967,1.0027449700864055,0.11571414285714303,0.10571421428571424,0.05399996666666666,0.06659614285714253,0.056080571428571445,0.045253833333333306,-1101632.5714285714,-167505.7857142857,-19096.9
2016-10-12,27.99,28.280001,27.969999,28.23,23.087616,5260939.0,1.0103608788853162,0.9992854233654878,1.0085744908896035,-0.30999900000000125,0.024536000000001223,-479768.0,1.0062211083562795,1.0073183189641564,1.0079444646781595,0.9964300659862505,0.9969171992099161,0.9948853547785305,1.0027220454607029,1.0038027442776527,1.0028313349410403,0.04000014285714266,0.04714285714285715,0.041666666666666664,0.03388242857142844,0.05841735714285713,0.03625763333333332,289655.28571428574,-31631.785714285714,-234461.56666666668
2016-10-13,28.040001,28.219999,27.73,27.790001,22.727766,5559356.0,1.0064193293003092,0.9889443299235261,0.9910841657958571,0.05000100000000174,-0.35985000000000156,298417.0,1.0058040010477851,1.0070453109776123,1.0075476220771749,0.9953125072068527,0.9963103907140157,0.994604092477552,1.0001142005087154,1.0025127481779001,1.0021352386974367,0.028571571428571474,0.05000007142857145,0.04333336666666673,-0.036218714285714625,0.011683571428571429,0.019900833333333288,210760.7142857143,-210468.64285714287,-38395.666666666664
2016-10-14,27.73,27.860001,27.530001,27.530001,22.515127,4543732.0,1.0046880995311938,0.9927876307248467,0.9927876307248467,-0.31000099999999975,-0.21263899999999936,-1015624.0,1.0047840214109203,1.006964590814256,1.0075560711642402,0.9943333771363111,0.9959770396618944,0.9949549575984595,0.9983158180060181,1.0017378386842204,1.0021658278764762,-0.024285714285714022,0.01642857142857146,0.02233336666666664,-0.06075342857142881,-0.004089214285714198,0.018810266666666683,-179544.0,-20012.428571428572,-77456.36666666667
2016-10-17,27.5,27.85,27.450001,27.6,22.572376,4321478.0,1.0127272727272727,0.9981818545454546,1.0036363636363637,-0.23000000000000043,0.05724899999999877,-222254.0,1.006348995137886,1.0070367302881915,1.0076475951535082,0.9946306836670579,0.9961348689543151,0.9950422258299947,0.9986327310397136,1.0016314074601336,1.002040581578226,-0.10142842857142854,0.013571499999999912,0.015000033333333345,-0.07594214285714328,0.00876264285714282,0.00954156666666653,-78378.14285714286,-323448.5714285714,-5596.2
2016-10-18,27.700001,27.959999,27.610001,27.83,22.760479,4926560.0,1.0093862090474293,0.9967509026443717,1.0046931045237146,0.20000100000000032,0.18810300000000169,605082.0,1.0072860456841524,1.0076296744374071,1.0077159114394376,0.9950246793805501,0.9963936223981716,0.9951295694422294,0.9995050877254001,1.0020182980312542,1.002221474252861,-0.08571399999999992,0.003571500000000124,0.014666699999999958,-0.050238714285714234,0.011683714285714178,0.016084233333333368,44448.57142857143,8849.42857142857,25812.766666666666
2016-10-19,28.0,28.059999,27.82,27.870001,22.793192,3770303.0,1.0021428214285715,0.9935714285714285,0.9953571785714285,0.2999989999999997,0.0327130000000011,-1156257.0,1.0069359237348081,1.0074477480441641,1.0076775291571396,0.994560628051684,0.9960890434509558,0.9951532046649861,0.9989427765405343,1.0014289865140218,1.001993508316516,-0.04285699999999996,0.02000007142857133,0.022666666666666658,-0.04790228571428555,0.002920857142857106,0.013358166666666687,-328275.4285714286,-110087.85714285714,-46034.6
2016-10-20,27.950001,28.110001,27.780001,28.030001,22.924046,4597925.0,1.005724507845277,0.9939177104143931,1.0028622539226384,-0.04999899999999968,0.13085399999999936,827622.0,1.0073498741093385,1.006999186802847,1.0077824050171753,0.9947770400270726,0.995654594194841,0.9954170055707575,0.999856455437779,1.0012696671779862,1.0021748590764907,-0.049999714285714196,0.03285721428571442,0.026666700000000057,-0.019861999999999824,0.023367071428571355,0.02589820000000008,-163254.57142857142,-632443.5714285715,-66422.2
2016-10-21,28.120001,28.299999,28.059999,28.25,23.103971,4139970.0,1.0064010666286962,0.9978662162920977,1.004623008370448,0.16999999999999815,0.17992500000000078,-457955.0,1.0067841866441072,1.0065026475001935,1.007846910245781,0.9945742961594455,0.995502181072848,0.9955195564038531,0.9992919579350424,1.0010070016978727,1.0024654200873084,0.018571571428571434,0.029285857142857048,0.041666666666666664,0.0023364285714286837,0.01810942857142856,0.04061933333333343,-160138.42857142858,64758.42857142857,-21739.1
2016-10-24,28.25,28.33,28.09,28.33,23.169395,4088393.0,1.0028318584070797,0.9943362831858407,1.0028318584070797,0.12999900000000153,0.06542400000000015,-51577.0,1.0062716908022173,1.006037845925001,1.0076615128153545,0.995344575196919,0.9953285412018859,0.9955215327335286,1.0009701997366456,1.0005422001226805,1.002585248409339,0.029999857142857116,0.029285714285714297,0.06800003333333333,0.0630898571428575,0.013435571428571436,0.05833903333333339,-210137.57142857142,311.57142857142856,-83692.66666666667
2016-10-25,28.299999,28.59,28.290001,28.52,23.324789000000003,6373274.0,1.010247385521109,0.9996467137684352,1.0077738872004907,0.04999899999999968,0.15539400000000114,2284881.0,1.0070658745150622,1.0059249479629913,1.0078520349309124,0.9963244442031459,0.9953289106697286,0.9963028078853264,1.0031110935188805,1.0007134557624493,1.0036374293422052,0.08142842857142847,0.02857135714285722,0.06066663333333331,0.11566600000000042,0.027456285714285805,0.07278773333333342,261363.14285714287,40909.57142857143,-33187.86666666667
2016-10-26,28.52,28.540001,28.09,28.26,23.11215,7751964.0,1.0007012973352034,0.9849228611500701,0.9908835904628331,0.2200009999999999,-0.2126390000000029,1378690.0,1.0053478780304808,1.0058484365841835,1.007358613039109,0.9944303022895197,0.9945304929782888,0.9958648347840471,1.0012892687798047,0.9999609999097592,1.0030622298923364,0.14571428571428566,0.022142928571428553,0.0906667,0.07711057142857161,0.0005842142857141701,0.061338033333333306,490069.4285714286,205845.64285714287,-26722.466666666667
2016-10-27,28.440001,28.530001,28.049999,28.1,22.981297,8456579.0,1.003164556850754,0.9862868499899139,0.9880449722909646,-0.07999900000000082,-0.13085299999999833,704615.0,1.0044590705738128,1.0058725581289827,1.0071549766687122,0.992935437624597,0.9939800585025734,0.9955107694579653,0.9989109641751261,0.9992080259502633,1.0024190084543514,0.1057142857142855,0.01000014285714279,0.0853333999999999,0.03154542857142876,-0.009346642857142737,0.05534060000000001,504288.4285714286,274368.5,-30023.566666666666
2016-10-28,27.82,28.02,27.52,27.620001,22.58873,12713067.0,1.0071890726096333,0.9892163910855499,0.9928109633357296,-0.6200009999999985,-0.39256699999999967,4256488.0,1.005179963599679,1.0060579436672434,1.0071407421507241,0.9923132894123287,0.9934369587320063,0.9952655580209339,0.9985472191414548,0.9987449978409947,1.002052436859018,-0.025714285714285672,-0.03428564285714281,0.051999999999999956,-0.029208857142857068,-0.03855557142857131,0.034349133333333386,1277537.7142857143,474631.14285714284,176525.7
2016-10-31,27.67,27.969999,27.32,27.85,22.776834,5517249.0,1.0108420310805928,0.9873509215757137,1.0065052403324901,-0.14999999999999858,0.18810399999999916,-7195818.0,1.005911038347581,1.0066304562284598,1.0070205195942867,0.9913751767210888,0.9930761083740808,0.9950086863382774,0.9990676457714337,0.9994620506046064,1.0018003288826884,-0.04000014285714266,-0.04499992857142843,0.04566670000000007,-0.021030285714285668,-0.020446142857142746,0.03216830000000002,131332.0,-15961.285714285714,112413.63333333333
2016-11-01,27.76,27.91,27.35,27.549999,22.531483,4744639.0,1.0054034582132565,0.9852305475504323,0.9924351224783861,0.08999999999999986,-0.24535099999999943,-772610.0,1.0057685228596613,1.006276354751884,1.0070380929825906,0.9895700811865652,0.9920721886730053,0.9946539068905337,0.9973265192154248,0.9983092385752336,1.0013856244131634,-0.05142871428571384,-0.016428571428571206,0.036666666666666715,-0.08178399999999998,-0.03972378571428565,0.02071860000000001,86381.28571428571,-36878.57142857143,-66464.2
2016-11-02,27.32,27.379999,27.02,27.18,22.228882,6129425.0,1.0021961566617863,0.9890190336749634,0.9948755490483162,-0.4400000000000013,-0.3026010000000028,1384786.0,1.0056777083246193,1.0059746995634182,1.0065271557736284,0.9888104741135827,0.9920775246552509,0.9943127329943897,0.9961899035927443,0.9985800516646951,1.000692810872865,-0.1328571428571428,-0.051428642857142846,0.016666666666666666,-0.1343590000000004,-0.03563457142857145,-0.0016356666666666798,291576.0,40719.21428571428,-65212.1
2016-11-03,26.83,27.75,26.83,27.35,22.367914000000003,7046132.0,1.0342899739098026,1.0,1.019381289601193,-0.490000000000002,0.13903200000000382,916707.0,1.0091123638087185,1.0080891191618904,1.0075603854198718,0.9888609435752348,0.9925926938891904,0.9944956821345288,0.9978481039357019,1.000479598727291,1.0014608199529973,-0.20999985714285735,-0.06428571428571443,-0.016666666666666666,-0.13669642857142858,-0.010515214285714083,0.003271366666666727,96122.57142857143,178742.85714285713,44744.933333333334
2016-11-04,27.26,27.43,26.860001,26.940001,22.0326,7432405.0,1.0062362435803374,0.9853265223771093,0.9882612252384445,0.43000000000000327,-0.3353140000000039,386273.0,1.0099030704151661,1.0076254742228234,1.0074268788354857,0.9889186094648118,0.9916744558771657,0.9940919112515613,0.9974734803322177,0.9993813745560111,1.0007647237545323,-0.17999999999999972,-0.017142857142857033,-0.0026666666666666098,-0.15422142857142873,-0.03855542857142856,-0.01771986666666668,-45651.28571428572,222209.07142857142,-35783.73333333333
2016-11-07,27.120001,27.17,26.934999,27.030001,22.106207,9070323.0,1.001843620875973,0.9931783925819178,0.9966814160515702,-0.1399990000000031,0.07360700000000264,1637918.0,1.0097143652759117,1.0070867179248624,1.0072943934707452,0.9899031155493837,0.9914192765869904,0.9939493728224739,0.9987072580123042,0.9988091110937152,1.0005328921683725,-0.1885714285714286,-0.04142857142857156,-0.012666633333333384,-0.12501285714285718,-0.046733714285714205,-0.015538966666666572,87677.71428571429,295983.0714285714,141547.23333333334
2016-11-08,27.15,27.17,26.870001,27.030001,22.106207,6871991.0,1.0007366482504605,0.9896869613259669,0.9955801473296501,0.02999900000000011,0.0,-2198332.0,1.0087925903674584,1.0069862769835687,1.0069283710760213,0.9899703398694434,0.991141814640886,0.9937398633849539,0.9991028557257214,0.9988250374335882,1.0002146837202417,-0.09571428571428596,-0.06071428571428582,-0.0053333000000000885,-0.06893185714285721,-0.04907035714285714,-0.011449733333333257,-834439.4285714285,221549.14285714287,-65925.56666666667
2016-11-09,27.290001,27.700001,25.780001,26.469999,21.648212,11867709.0,1.015023817697918,0.9446683787223019,0.9699522913172485,0.1400010000000016,-0.4579950000000004,4995718.0,1.0093899884556479,1.0076505134016145,1.007392998634005,0.9838728337475272,0.987624005234308,0.9921245308613513,0.9938810058664013,0.9964743258189174,0.9992372055465489,-0.05428557142857165,-0.04714285714285715,-0.011999966666666613,-0.16123171428571428,-0.09113099999999998,-0.03162316666666669,907208.5714285715,519270.28571428574,235501.36666666667
2016-11-10,27.35,27.6,27.02,27.59,22.564196,9780636.0,1.0091407678244972,0.9879341864716635,1.0087751371115172,0.059999000000001246,0.9159839999999981,-2087073.0,1.0099238898286822,1.0078462063441715,1.0075413645303557,0.9842590678791318,0.9869145745328485,0.9917944859493251,0.9962152936711341,0.9967709064432796,0.9994094587898434,-0.058571428571428594,-0.05500007142857122,-0.012333299999999998,0.0046732857142853645,-0.03855535714285731,-0.006270133333333424,719428.1428571428,402904.71428571426,148970.1
2016-11-11,27.65,28.34,27.59,28.299999,23.144865,12556356.0,1.0249547920433997,0.9978300180831827,1.023508101265823,0.29999999999999716,0.5806690000000003,2775720.0,1.013175123454627,1.0094264158896231,1.0079730454243452,0.9855177799374488,0.9871641270255157,0.9917221532187644,1.0003056582736352,0.9982477809331897,1.0000233046777998,0.047142857142856896,-0.04285714285714296,0.005333333333333338,0.13085471428571438,-0.0017521428571430115,0.018265266666666592,918133.0,604854.5,-29859.3
2016-11-14,27.389999,27.955,27.32,27.889999,23.473099,19145487.0,1.0206280036738957,0.997444359161897,1.0182548381984242,-0.26000099999999904,0.3282340000000019,6589131.0,1.011223413420926,1.0101678886148222,1.0082155583179468,0.9851526883891485,0.9870068159821915,0.9916369651908277,1.0001447366446683,0.998996420290185,1.000355121781346,0.07999985714285732,-0.06500000000000002,-0.010666666666666677,0.15788357142857126,0.010593571428571329,0.020755333333333327,1728479.2857142857,912300.9285714285,530404.5
2016-11-15,27.75,27.860001,27.469999,27.76,23.363688,6896902.0,1.003964,0.989909873873874,1.0003603603603604,0.36000100000000046,-0.10941100000000148,-12248585.0,1.0108988071951635,1.0104009388051647,1.0080363889692878,0.9858074528886862,0.9873630311767491,0.9914083862739798,1.0018731845192277,0.9996733324257226,1.0000558311113656,0.06999999999999977,-0.05499999999999997,-0.0029999999999999953,0.19015542857142873,0.017967000000000004,0.012746366666666613,-76500.42857142857,-61075.857142857145,93762.36666666667
2016-11-16,27.99,28.01,27.76,27.98,23.548847,7091049.0,1.0007145409074671,0.9917827795641302,0.9996427295462665,0.23999999999999844,0.18515899999999874,194147.0,1.0107375100568055,1.0102259376663585,1.0076659417665619,0.985608079600431,0.9877555975749074,0.9911464275521629,1.0022962293041844,1.0005017436582442,0.9998647118214503,0.12428557142857143,-0.03214292857142859,0.0029999999999999953,0.20609142857142818,0.04053928571428551,0.020281533333333237,-282753.4285714286,-97537.85714285714,43016.96666666667
2016-11-17,27.67,28.075001,27.635,27.950001,23.523598,7677758.0,1.0146368268883266,0.9987350921575714,1.010119298879653,-0.31999999999999673,-0.025248999999998745,586709.0,1.012723249862215,1.0107579201148367,1.0080947541082221,0.9869006697192315,0.9884355047943375,0.9912342403297411,1.0043732509541847,1.001738053339953,1.0001547560374222,0.07428571428571473,-0.010714285714285612,-0.017999966666666603,0.20248442857142837,0.06677628571428558,0.013987566666666614,115109.57142857143,-359664.9285714286,93587.76666666666
2016-11-18,27.99,28.195,27.799999,27.98,23.548847,4710447.0,1.0073240443015363,0.9932118256520186,0.9996427295462665,0.31999999999999673,0.025248999999998745,-2967311.0,1.0116232822341604,1.0105066353449041,1.0082446604108213,0.9938354478520482,0.9888541407997877,0.9912082034298108,1.0086147421297587,1.00124787399808,1.0001899600981674,0.09999985714285689,0.022857142857142625,-0.010333300000000042,0.27151928571428535,0.05514378571428554,0.014556566666666626,-1022466.0,-57628.71428571428,3167.5666666666666
2016-11-21,27.799999,28.030001,27.709999,27.85,23.439434,4446134.0,1.0082734535350162,0.9967625898116039,1.001798597187,-0.19000099999999875,-0.10941299999999998,-264313.0,1.011499380192806,1.010711635010744,1.0083673196928558,0.9950966483291825,0.9896778581041572,0.9912062968277479,1.0076180935691135,1.0019166936201238,1.0002734681088845,0.06428557142857118,0.0028570714285712944,-0.016666666666666666,0.12503399999999992,0.06485364285714265,0.01036419999999995,-762071.7142857143,-21321.785714285714,-54069.9
2016-11-22,28.200001,28.200001,27.870001,27.870001,23.456268,4245749.0,1.0,0.9882978727553945,0.9882978727553945,0.40000200000000063,0.016834000000002902,-200385.0,1.0079344099008918,1.0105547666777592,1.0082730911854036,0.9937349132823556,0.9896263466099022,0.9910694650333719,1.0025880609247664,1.0014468595992008,1.0000011804793334,0.07857157142857167,0.0628572142857143,-0.0033332666666666456,0.044486142857143154,0.08767042857142877,0.013106266666666736,-1187229.5714285714,-134548.2857142857,-49831.933333333334
2016-11-23,27.950001,28.280001,27.9,28.17,23.708757,5071719.0,1.0118067974308838,0.9982110555201769,1.007871162509082,-0.25,0.2524889999999971,825970.0,1.0066742375804616,1.0089488255006935,1.008321288470256,0.9938444413335384,0.9894985648613435,0.9910336527718616,1.0011046786834317,1.00062470766405,0.9999777361999826,0.08000028571428583,0.08000007142857157,-0.0013332999999999373,0.03366542857142818,0.09577449999999972,0.02070469999999993,-2010538.2857142857,-141029.5,-6307.333333333333
2016-11-24,28.26,28.459999,28.200001,28.33,23.843418,4509449.0,1.0070771054493983,0.9978768931351734,1.0024769992922857,0.30999900000000125,0.13466100000000125,-562270.0,1.0071189669303755,1.0090088870627694,1.0083432143418922,0.9949825869422956,0.9903950199154908,0.9913314048789165,1.0014070556737067,1.0016401200964673,1.0003574973165301,0.07285714285714308,0.07142857142857142,0.007333300000000046,0.06853285714285715,0.12934414285714294,0.037188400000000024,-341064.71428571426,-208782.57142857142,-34996.9
2016-11-25,28.33,28.389999,28.049999,28.280001,23.801336,5228420.0,1.0021178609248147,0.9901164489939993,0.9982351217790328,0.06999999999999673,-0.04208200000000062,718971.0,1.007319441218568,1.0090284756376868,1.0082575397216795,0.9947445397179911,0.990176309659211,0.9912423654878882,1.0012059688498163,1.0017510990770002,1.0005390803516698,0.04857142857142855,0.08642849999999999,0.019999999999999928,0.03606985714285723,0.1210806428571427,0.042873633333333314,-266089.85714285716,-274421.64285714284,22822.933333333334
2016-11-28,28.200001,28.200001,27.9,27.91,23.489931,3444518.0,1.0,0.9893616670439125,0.9897162769604158,-0.12999899999999798,-0.3114050000000006,-1783902.0,1.005228465948807,1.008975857905511,1.0078332972974373,0.9934054789874684,0.9901530743533499,0.9909483592378369,0.9982912514327824,1.0013322511934835,1.0000750774624716,0.07571442857142838,0.07500007142857155,0.023333366666666678,-0.004809571428571603,0.09883742857142838,0.03058516666666667,-604748.5714285715,-244819.5,-29232.0
2016-11-29,27.790001,28.33,27.77,28.09,23.641426,6223196.0,1.0194314134785385,0.9992802807024008,1.0107952137173366,-0.41000000000000014,0.1514950000000006,2778678.0,1.0069580901169501,1.0092906861755553,1.0081681374451408,0.994272401137523,0.9940539244947856,0.9910326718397712,0.999884463457221,1.00424960279349,1.000278481102259,-0.028571285714285466,0.03571428571428571,0.0029999999999999953,0.013225571428571519,0.14237242857142846,0.029364899999999968,216107.0,-403179.5,43221.2
2016-11-30,28.0,28.42,28.0,28.41,23.910746,10455033.0,1.0150000000000001,1.0,1.0146428571428572,0.20999899999999982,0.26932000000000045,4231837.0,1.0079190253262336,1.0097092027595198,1.0085967100641884,0.9947348883072938,0.9949157683182381,0.9912469575540569,1.0017193577366292,1.0046687256528712,1.00092133705464,0.028571571428571474,0.046428571428571326,0.0,0.06733028571428587,0.0961821428571429,0.037251799999999946,858414.1428571428,48171.21428571428,222824.33333333334
2016-12-01,28.48,28.700001,28.209999,28.68,24.137991,7006079.0,1.007724754213483,0.9905196278089887,1.0070224719101124,0.4800000000000004,0.22724499999999992,-3448954.0,1.0090225616424455,1.0084784857716687,1.0086633849431288,0.9950522818863787,0.9943935975843673,0.9911336881338767,1.0043943004730174,1.003491180698892,1.0010600109875558,0.039999857142857156,0.05928571428571442,0.017666633333333338,0.09738899999999973,0.07093757142857145,0.0404648333333333,394332.85714285716,-396448.35714285716,80271.8
2016-12-02,28.690001,28.790001,28.42,28.459999,23.952829,4574066.0,1.0034855349081375,0.9905890208926798,0.9919832000005856,0.21000099999999833,-0.18516199999999827,-2432013.0,1.0078338098534816,1.0072540237169716,1.0085662005524434,0.9939634197967363,0.9939039305651374,0.990891114953896,1.0021245915432324,1.001614635113332,1.0006386840418937,0.1057142857142855,0.09285728571428566,0.01900000000000001,0.03486742857142896,0.03426642857142857,0.028295266666666662,-71093.28571428571,-1040815.7857142857,14469.866666666667
2016-12-05,28.360001,28.42,28.01,28.16,23.700338,4824929.0,1.002115620517785,0.9876586393632356,0.9929477788100219,-0.3299999999999983,-0.2524910000000027,250863.0,1.0071250262918225,1.007121996611099,1.0085423259561337,0.9925036692578881,0.9937431281000918,0.9906685268264759,1.0007632743314805,1.0010851650025936,1.0003092147219916,0.014285857142856986,0.043571500000000034,0.0036667000000000153,-0.020440000000000173,0.024046428571428486,0.0176980999999999,45068.57142857143,-147998.07142857142,24551.2
2016-12-06,28.469999,28.709999,28.379999,28.379999,23.885498,7574053.0,1.008429926534244,0.9968387775496586,0.9968387775496586,0.10999800000000093,0.18515999999999977,2749124.0,1.0080267499503126,1.0076730955844402,1.0084817439899048,0.9934640019086965,0.994104270813344,0.9905749289525168,1.0005637965844267,1.0008848827171215,0.999944711066964,0.019999857142857586,0.03428564285714307,0.0056666666666667235,0.012023142857142741,0.024046499999999988,0.018690299999999858,335090.4285714286,34500.28571428572,40025.96666666667
2016-12-07,28.6,28.84,28.57,28.799999,24.238983,6076007.0,1.0083916083916082,0.9989510489510489,1.006992972027972,0.13000100000000003,0.3534850000000027,-1498046.0,1.009225551149114,1.0072270085489605,1.0087380876917849,0.994833913609716,0.9941196962985923,0.9910425352125494,1.0030318958797921,1.0006615736562874,1.0004816904524685,0.05714271428571444,0.0664285714285714,0.002666666666666728,0.10700742857142893,0.05109892857142866,0.03756110000000004,375927.0,-114410.78571428571,-55865.23333333333
2016-12-08,29.0,29.6,28.969999,29.530001,24.853374,11379037.0,1.0206896551724138,0.9989654827586207,1.018275896551724,0.3999999999999986,0.6143909999999977,5303030.0,1.0094052999625245,1.0081816950397373,1.0093222576358403,0.9947889424748902,0.9945306718062067,0.9914651563048396,1.0041005648561332,1.001992514156677,1.0014893879278273,0.17285699999999998,0.07214285714285726,0.018666633333333373,0.17313542857142852,0.09318050000000001,0.062402566666666576,736548.7142857143,476327.85714285716,97415.26666666666
2016-12-09,29.6,29.969999,29.6,29.92,25.181612,6590753.0,1.0124999662162162,1.0,1.010810810810811,0.6000000000000014,0.32823800000000247,-4788284.0,1.0090481522791268,1.0084835888026802,1.0094992874227262,0.9947889424748902,0.9947619153910922,0.9918246099353212,1.0035531296658406,1.002636243701235,1.0020893828436632,0.2285714285714288,0.12857150000000012,0.05933333333333337,0.18155228571428594,0.1244412857142859,0.08642939999999998,-552040.0,153187.07142857142,-204077.13333333333
2016-12-12,29.9,30.120001,29.75,29.82,25.097448,5131034.0,1.0073578929765887,0.9949832775919732,0.9973244147157191,0.29999999999999716,-0.08416400000000124,-1459719.0,1.008995743530999,1.0090091525867224,1.0093831494859262,0.9954266067296025,0.9952394443079905,0.9920790218025299,1.0021676929237846,1.0032809966984009,1.0017833553231044,0.2028571428571426,0.12142849999999987,0.07433333333333322,0.13706528571428578,0.11722714285714275,0.07735379999999997,-267863.5714285714,63234.642857142855,-12873.833333333334
2016-12-13,29.559999,29.92,29.559999,29.780001,25.063782,5318943.0,1.0121786539979247,1.0,1.0074425577619268,-0.34000099999999733,-0.033666000000000196,187909.0,1.010237617686683,1.0090357137700825,1.0096089893454152,0.9967710323163625,0.9953672260565494,0.9925713368841822,1.0043761726039762,1.0032503820736043,1.0022836031658888,0.12428542857142892,0.11499985714285721,0.059999966666666654,0.15870757142857123,0.0967875000000001,0.08440996666666661,106411.0,17658.85714285714,19143.466666666667
2016-12-14,29.93,30.145,29.799999,29.889999,25.156361,5436740.0,1.0071834279986636,0.9956564984964918,0.9986635148680254,0.37000099999999847,0.09257900000000063,117797.0,1.0109615901839513,1.0090433082378871,1.009775231723311,0.9979135836211134,0.9952086264395008,0.9927925857115664,1.005192706326548,1.0029779903290141,1.0024098686932126,0.22428557142857133,0.11928571428571415,0.08699999999999998,0.20800328571428597,0.0937816428571429,0.09758263333333339,87401.57142857143,66235.07142857143,-23089.5
2016-12-15,29.889999,30.08,29.709999,29.99,25.240524,8689512.0,1.0063566746857369,0.9939779188349923,1.003345634103233,-0.040001000000000175,0.08416300000000021,3252772.0,1.0106654113484503,1.0093460806493815,1.0088441217491755,0.9975048895190181,0.9954844457138573,0.9925918496727328,1.006122257262773,1.0033430269236,1.0018753468432806,0.2028571428571426,0.11142850000000008,0.1019999666666667,0.1935751428571432,0.10279914285714296,0.0957536666666666,159351.2857142857,247220.85714285713,54779.333333333336
2016-12-16,29.75,29.969999,29.6,29.809999,25.089033,6426224.0,1.007394924369748,0.9949579831932773,1.0020167731092438,-0.13999899999999954,-0.15149100000000004,-2263288.0,1.010523027916756,1.009874289532935,1.008882744442156,0.9969344515536223,0.9958841825816691,0.992912898366605,1.0054113717029547,1.0042216337913734,1.0023338651056406,0.1642857142857141,0.11071421428571426,0.08299999999999995,0.12143571428571422,0.11422157142857157,0.10188110000000007,50031.0,212979.0,-33539.36666666667
2016-12-19,29.799999,30.0,29.700001,29.93,25.190027,4458703.0,1.0067114431782365,0.9966443623035021,1.0043624498108206,0.04999899999999968,0.10099400000000003,-1967521.0,1.0085261404890165,1.0089657202257705,1.0090450051855646,0.9966028629171768,0.9956959026960336,0.9930284306906578,1.0034237364542542,1.0037621506551937,1.0025898995642821,0.11428557142857139,0.14357128571428568,0.0893332666666667,0.048093285714285984,0.11061435714285725,0.10279399999999998,-988619.1428571428,-126035.21428571429,-153720.66666666666
2016-12-20,29.82,30.27,29.809999,30.120001,25.349939000000003,5898400.0,1.0150905432595574,0.9996646210596916,1.0100603957075787,0.0200010000000006,0.15991200000000205,1439697.0,1.0088962229237795,1.008972187601453,1.0095234683525345,0.9965549516399898,0.9956719470574401,0.9933610193484487,1.0033165342966497,1.0034348319812454,1.0030725745102134,0.031428571428571264,0.13000000000000003,0.08900000000000005,0.024046714285714494,0.10279950000000022,0.10812440000000005,-98907.57142857143,-325473.78571428574,-32453.033333333333
2016-12-21,30.139999,30.42,30.129999,30.299999,25.501432,4243126.0,1.009290013579629,0.999668214985674,1.0053085602292158,0.31999899999999926,0.15149299999999855,-1655274.0,1.0091722401527852,1.0090839918418921,1.0093323415485915,0.9972242284105184,0.9963254175700603,0.9951943472238944,1.0044571265128635,1.003312409718324,1.004251116807279,0.03428557142857157,0.11857135714285708,0.09499993333333331,0.05771200000000017,0.09738864285714298,0.12844066666666668,-126844.0,-197353.7857142857,-254152.76666666666
2016-12-22,30.360001,30.719999,30.299999,30.719999,25.854914,5839130.0,1.0118576412431608,0.9980236496039641,1.0118576412431608,0.22000200000000092,0.35348199999999963,1596004.0,1.0091263811878188,1.009681999437251,1.0094229039958804,0.9969418926396562,0.9968564624780093,0.9955306626616378,1.0050878527244682,1.0047320126642223,1.0043538669450003,0.11428599999999989,0.11928571428571441,0.10033336666666663,0.1130188571428573,0.13586321428571427,0.10969060000000005,74312.42857142857,90361.71428571429,-131383.53333333333
2016-12-23,30.719999,30.889999,30.620001,30.73,25.863333,9205375.0,1.005533854346805,0.9967448566648716,1.000325553396014,0.35999800000000093,0.008418999999999954,3366245.0,1.008890727808982,1.0099261589964665,1.0087755394059938,0.9970973723779961,0.9975054779995547,0.9954944906143607,1.0053252867998952,1.0052589965632217,1.00358111534934,0.11285700000000023,0.16857128571428578,0.1023333000000001,0.10099600000000006,0.15449964285714302,0.09061560000000005,538376.4285714285,312889.0,-111699.36666666667
2016-12-28,30.65,30.889999,30.434999,30.629999,25.779169,5383000.0,1.0078303099510604,0.9929852854812399,0.9993474388254487,-0.06999900000000281,-0.08416400000000124,-3822375.0,1.0091012471325995,1.009883329240525,1.0083489496152327,0.9969555676131743,0.9972302285660962,0.9953458548250055,1.0047541160459261,1.0054381866543496,1.0029508687035742,0.1085715714285713,0.15571435714285695,0.10866669999999996,0.07694928571428557,0.13526221428571436,0.07686899999999994,-472358.85714285716,-156503.7857142857,-458749.56666666665
2016-12-29,30.6,30.879999,30.42,30.879999,25.989576,2813887.0,1.0091502941176471,0.9941176470588236,1.0091502941176471,-0.04999999999999716,0.210407,-2569113.0,1.0093520142394423,1.0099375210780992,1.0085218260858209,0.9968355195939667,0.9968849855737945,0.9954861139311705,1.0057731904756981,1.0055922810893263,1.0032438664954837,0.12142857142857164,0.14285714285714285,0.09500000000000004,0.12864899999999985,0.12504235714285702,0.0875296,-516048.14285714284,-233008.57142857142,-136100.5
2016-12-30,30.6,30.73,30.42,30.42,25.602427,3619422.0,1.0042483660130719,0.9941176470588236,0.9941176470588236,0.0,-0.38714900000000085,805535.0,1.0090001460729903,1.0087631432810034,1.0086396202560077,0.9964745602732982,0.9965387115952374,0.9955639428476603,1.0043096472254127,1.0038666918398336,1.0030596970792354,0.1142858571428574,0.1142857142857144,0.0870000000000001,0.05891428571428544,0.05350378571428571,0.06845266666666668,-119897.28571428571,-554258.2142857143,-115720.9
2017-01-03,30.450001,30.969999,30.450001,30.940001,26.040077,4893071.0,1.0170771094555957,1.0,1.016091953494517,-0.1499990000000011,0.4376500000000014,1273649.0,1.0092839412438528,1.0090900820838162,1.00872096300825,0.9965224715504853,0.9965387115952374,0.9956061064424078,1.0051712983378325,1.004243916317241,1.0032587855663977,0.09000014285714286,0.06071435714285706,0.09266669999999995,0.0985911428571425,0.061318928571428497,0.08388263333333335,-143618.42857142858,-121263.0,-92822.9
2017-01-04,30.91,31.219999,30.91,31.219999,26.275732,5808691.0,1.010029084438693,1.0,1.010029084438693,0.4599989999999998,0.23565500000000128,915620.0,1.0093895227951477,1.0092808814739664,1.008811131012822,0.9965698694096746,0.9968970489100967,0.9958323789206739,1.0058456589391862,1.005151392726025,1.0036049973961452,0.11000014285714295,0.07214285714285726,0.0973333333333334,0.11061428571428575,0.08416314285714296,0.09089616666666676,223652.14285714287,48404.07142857143,36608.13333333333
2017-01-05,31.23,31.379999,31.219999,31.33,26.368313,4593101.0,1.004803041946846,0.9996797630483509,1.0032020493115594,0.3200000000000003,0.09258099999999914,-1215590.0,1.0083817228956742,1.0087540520417464,1.0086954506265495,0.996806457044587,0.9968741748421216,0.9959296180285655,1.0046091458061004,1.0048484992652844,1.0036517791336306,0.12428557142857143,0.11928578571428565,0.11433336666666669,0.07334271428571425,0.09318078571428577,0.09762930000000007,-178004.14285714287,-51845.857142857145,4898.9
2017-01-06,31.25,31.379999,31.139999,31.379999,26.410391,5526611.0,1.004159968,0.9964799679999999,1.004159968,0.019999999999999574,0.04207800000000006,933510.0,1.0081854534175592,1.0085380906132706,1.0088341162265495,0.9967686158067482,0.9969329940923721,0.9962023545367189,1.0051569193209555,1.0052411030604254,1.0041805156417842,0.07571442857142838,0.0942857142857143,0.10166663333333333,0.07815114285714284,0.08957357142857145,0.09847076666666664,-525537.7142857143,6419.357142857143,42695.4
2017-01-09,31.4,31.84,31.379999,31.77,26.738628,5301758.0,1.0140127388535032,0.9993630254777071,1.011783439490446,0.14999999999999858,0.3282369999999979,-224853.0,1.0090686575464796,1.0090849523395395,1.0089076476073036,0.9976797215205293,0.9973176445668518,0.9962407535353034,1.0069334908445264,1.0058438034452262,1.0043109248744961,0.10714285714285714,0.10785721428571422,0.1149999666666666,0.1370655714285713,0.10700742857142842,0.1009957,-11606.0,-241982.42857142858,7667.966666666666
2017-01-10,31.6,31.625,31.120001,31.280001,26.326231,5430805.0,1.0007911392405062,0.984810158227848,0.9898734493670885,0.20000000000000284,-0.41239699999999857,129047.0,1.0078744925640308,1.0086132534017367,1.0086981154003405,0.9963500802589612,0.9965927999264641,0.9958051957050593,1.004179655880161,1.0049764231779295,1.0038908065436563,0.14285714285714285,0.13214285714285726,0.11133333333333333,0.04809357142857148,0.08837128571428567,0.08276043333333334,373845.4285714286,-71101.35714285714,30711.866666666665
2017-01-11,31.32,31.5,31.07,31.200001,26.258902000000003,3669863.0,1.0057471264367817,0.9920178799489144,0.9961686143039591,-0.28000000000000114,-0.06732899999999731,-1760942.0,1.0080886011959893,1.00854437363449,1.008819090917406,0.9960501135289742,0.9962623369011363,0.9958685767368897,1.0044726512008946,1.0043911492131536,1.0038219229611538,0.10285714285714269,0.10857150000000004,0.09966666666666674,0.09378214285714341,0.07634821428571444,0.08191886666666678,7205.857142857143,-56345.71428571428,-51951.9
2017-01-12,31.139999,31.35,31.049999,31.24,26.292562,4401636.0,1.0067437702872117,0.9971098264967831,1.0032113360055022,-0.18000100000000074,0.03365999999999758,731773.0,1.0066124098862204,1.0079481755650366,1.009043883260313,0.9956372315999433,0.9960798515752144,0.996126848718652,1.0026325629881783,1.0039019306630053,1.0042717582626566,0.09857114285714275,0.0942856428571428,0.0979999333333333,0.03606928571428573,0.0673302142857141,0.09342103333333339,-70205.0,-106911.71428571429,31903.933333333334
2017-01-13,31.200001,31.200001,30.5,30.67,25.812834,5027368.0,1.0,0.9775640712319208,0.9830127890060004,0.06000200000000078,-0.4797280000000015,625732.0,1.0051796835378357,1.0072846031664917,1.008396169477695,0.992432098918789,0.994500984164232,0.995402975069636,0.9987730922120794,1.0023093755756327,1.0033456774389455,0.04142871428571431,0.07571442857142863,0.11366666666666667,-0.0661282857142861,0.022242999999999822,0.07238026666666665,-111617.57142857143,56017.28571428572,-39860.933333333334
2017-01-16,30.879999,30.92,30.700001,30.790001,25.913832,3906281.0,1.001295369212933,0.9941710490340365,0.997085556900439,-0.3200019999999988,0.10099800000000059,-1121087.0,1.0046785874329909,1.0065301551643324,1.0079393484514596,0.9916451397738871,0.994225798409237,0.995208676704104,0.9978993075819194,1.0012542266940099,1.0027604340975316,-0.0500001428571427,0.03714271428571436,0.09599996666666671,-0.06492585714285733,0.004208428571428462,0.06676953333333333,-98117.14285714286,-138060.64285714287,-218291.73333333334
2017-01-17,30.48,30.52,30.190001,30.4,25.585594,7469362.0,1.0013123359580052,0.9904855971128609,0.9973753280839894,-0.3999990000000011,-0.3282379999999989,3563081.0,1.004271782855563,1.0062286181365612,1.007725601176277,0.9907888010757244,0.9937787084412363,0.9952075423475663,0.9969300733082035,1.0010434963145796,1.002438862636661,-0.10999999999999995,-0.017142785714285784,0.06666666666666667,-0.1178281428571429,-0.01983850000000003,0.04825343333333336,277535.85714285716,-124000.92857142857,15442.766666666666
2017-01-18,30.120001,30.17,30.0,30.110001,25.341522,5468141.0,1.0016599933047812,0.9960159031867231,0.9996679946989379,-0.35999900000000196,-0.24407199999999918,-2001221.0,1.0025071049200314,1.0057878812332555,1.0076647497894986,0.990310640748441,0.9939951811344852,0.9953884384240345,0.9951992954808453,1.001066393162686,1.0026950224599391,-0.18285700000000002,-0.037857071428571434,0.047666666666666656,-0.19958657142857103,-0.03126049999999988,0.04628976666666666,23769.0,6081.5,29802.5
2017-01-19,30.139999,30.200001,29.700001,29.889999,25.156361,4702781.0,1.0019907764429588,0.9854015257266598,0.9917053746418505,0.01999800000000107,-0.1851610000000008,-765360.0,1.0026784816632388,1.0052764871136348,1.0076605883203376,0.9903951218196998,0.9933726010393306,0.9953132013028153,0.9954609990915255,0.9998203274858433,1.002653608987667,-0.2085715714285717,-0.03285721428571442,0.059333266666666634,-0.16712428571428564,-0.059515357142857085,0.04853410000000006,-104003.42857142857,134921.0,-4071.6
2017-01-20,29.5,29.65,29.33,29.4,24.743961,7063915.0,1.005084745762712,0.9942372881355932,0.9966101694915254,-0.6399989999999995,-0.41240000000000165,2361134.0,1.0025838558526574,1.0053362285243235,1.0075490822946198,0.9907121801320826,0.9933811468305284,0.9952264849890131,0.9955240784040349,0.9999983648024647,1.0026459887190624,-0.26000000000000006,-0.07857142857142867,0.03433336666666662,-0.21642014285714342,-0.061319,0.028615433333333346,484864.5714285714,246035.2142857143,-17004.6
2017-01-23,29.5,29.780001,29.219999,29.27,24.634552,7194043.0,1.009491559322034,0.9905084406779662,0.9922033898305085,0.0,-0.10940899999999942,130128.0,1.0029763971433463,1.0047944035147833,1.007585747325634,0.9897691250151086,0.992703178307526,0.9949450647132436,0.9939515146647501,0.9982920388264642,1.0021530026458136,-0.23428557142857137,-0.06785721428571431,0.029999999999999954,-0.23685857142857156,-0.10039464285714292,0.013185633333333276,398915.28571428574,164355.14285714287,37267.86666666667
2017-01-24,29.200001,29.309999,29.08,29.15,24.533556,6511506.0,1.0037670546655117,0.9958903768530692,0.9982876370449438,-0.2999989999999997,-0.10099599999999853,-682537.0,1.003514547809848,1.0043471156738417,1.0070216606420705,0.9923871686752728,0.992409633797031,0.9948425611830587,0.9961336358131706,0.9974533640126249,1.001486727328921,-0.2857142857142857,-0.1221427857142857,0.006666700000000011,-0.1827539999999997,-0.1244411428571429,-0.010660599999999932,212019.7142857143,50201.07142857143,-162251.03333333333
2017-01-25,29.360001,29.629999,29.35,29.469999,24.802877,12939152.0,1.0091961168529933,0.9996593664966156,1.003746525757952,0.16000000000000014,0.2693209999999979,6427646.0,1.0046432260441422,1.0046609067385666,1.006911532329963,0.9931712140270698,0.9924081769004784,0.9948312067329458,0.9970852027928154,0.9974922551873673,1.0012512511604923,-0.21714257142857157,-0.13357135714285714,-0.007999966666666698,-0.15870785714285723,-0.11181685714285727,-0.012624500000000084,1290410.142857143,596146.5,211613.3
2017-01-27,29.65,29.92,29.57,29.77,25.055368,4105997.0,1.0091062394603711,0.9973018549747049,1.0040472175379427,0.2899989999999981,0.2524910000000027,-8833155.0,1.0057566408301946,1.0050142118428789,1.0069698105460894,0.9941449651501902,0.9924668831129573,0.9949084926457036,0.9980383298576658,0.9974842015829346,1.0014753445878997,-0.11857142857142884,-0.1142857142857144,-0.008333333333333333,-0.07574657142857129,-0.09678735714285709,-0.0014026666666666187,-480480.71428571426,-101472.42857142857,-34167.9
2017-01-30,29.6,29.75,29.32,29.549999,24.870207,3364932.0,1.0050675675675675,0.9905405405405405,0.998310777027027,-0.04999999999999716,-0.1851610000000008,-741065.0,1.0062434371534497,1.0043752710367404,1.006732774331744,0.9933627704864499,0.9918367056174455,0.9945931773303882,0.9978444416188214,0.9965218685498334,1.0011709518967364,-0.07428585714285672,-0.12857142857142836,0.0013333666666666725,-0.06733071428571437,-0.1334586428571427,-0.006452499999999972,-300458.4285714286,-138344.7142857143,-65133.7
2017-01-31,29.370001,29.540001,29.120001,29.290001,24.651384,5086988.0,1.0057882190742862,0.9914879131260499,0.9972761322003361,-0.22999900000000295,-0.21882300000000043,1722056.0,1.006785928957925,1.004732205310582,1.0066862673675983,0.9942322544006486,0.9923136881101742,0.9944542244847069,0.9986402641271764,0.997050631609351,1.0011247058078134,-0.10999971428571444,-0.15928564285714306,-0.018666633333333373,-0.07213957142857146,-0.11963192857142856,-0.016832566666666673,54886.71428571428,-24558.35714285714,-11658.4
2017-02-01,29.299999,29.465,29.030001,29.440001,24.777628,3486088.0,1.0056314336392982,0.9907850508800359,1.004778225419052,-0.07000199999999879,0.1262439999999998,-1600900.0,1.0068640272260088,1.0047239415393332,1.0066620926660503,0.9937390776498545,0.9922256288909687,0.9943477955528749,0.9998071292596803,0.9976656038318577,1.0011724588516742,-0.028571571428571474,-0.14428578571428577,-0.019666666666666662,0.004809571428571603,-0.10580528571428591,-0.015429866666666688,-511118.14285714284,-13126.785714285714,-173447.46666666667
2017-02-02,29.6,29.65,29.290001,29.389999,24.735546,2959668.0,1.001689189189189,0.9895270608108108,0.9929053716216215,0.30000100000000174,-0.04208200000000062,-526420.0,1.0057494029213168,1.0043629000323315,1.006471901493365,0.9935988805259753,0.9916840027705419,0.9941667648067927,0.9999074123726964,0.9969294635187234,1.0008687454687533,0.014285714285714488,-0.10999992857142844,-0.004999999999999952,0.01442771428571429,-0.11121542857142863,-0.01178290000000004,-604910.7142857143,-102997.71428571429,-115551.86666666667
2017-02-03,29.4,29.4,29.059999,29.110001,24.499891,4128171.0,1.0,0.9884353401360545,0.9901360884353743,-0.20000000000000284,-0.23565499999999773,1168503.0,1.0052112522548151,1.0043629000323315,1.0062481867207569,0.9925338752806875,0.9924605219779801,0.9938931307345444,0.9987429054284723,0.9974382706208215,1.0003945334229052,0.028571285714285466,-0.12857150000000012,-0.013333300000000037,-0.004809285714285595,-0.09378164285714265,-0.0230045333333333,-340476.4285714286,-64228.357142857145,-11017.733333333334
2017-02-06,29.309999,29.530001,29.030001,29.030001,24.432562,6243530.0,1.0075060391506665,0.9904470143448315,0.9904470143448315,-0.09000099999999733,-0.06732900000000086,2115359.0,1.004969812583054,1.0048065193135982,1.0059953699171273,0.9912178249732897,0.9921945195001797,0.9935858771773824,0.9968429752265978,0.9969640890097066,0.999740754044147,-0.007143142857142745,-0.11214285714285717,-0.0170000333333333,-0.052902142857142564,-0.1058049999999999,-0.030579233333333396,-956517.4285714285,166946.35714285713,11504.333333333334
2017-02-07,29.0,29.030001,28.615,28.799999,24.238983,7577941.0,1.0010345172413793,0.9867241379310344,0.9931034137931034,-0.30999900000000125,-0.19357899999999972,1334411.0,1.0038167094089123,1.0047866751195536,1.0057201867058523,0.9897067225384797,0.9919258438443349,0.9931544079422278,0.9952795746916208,0.9966589522746433,0.9993339158296097,-0.09285714285714265,-0.10571428571428575,-0.03799996666666665,-0.11662642857142862,-0.09618649999999995,-0.04208163333333334,495992.0,7755.642857142857,111160.5
2017-02-08,28.799999,29.32,28.74,29.190001,24.567219,5591342.0,1.018055590904708,0.9979167013165521,1.0135417365813102,-0.20000100000000032,0.3282360000000004,-1986599.0,1.0056721413142182,1.005957789233834,1.005926785027904,0.9907604597921955,0.9920616151393228,0.9931508429993141,0.9974554260565184,0.99764993383767,0.9993900523408814,-0.1142858571428574,-0.09428585714285706,-0.05200006666666669,-0.04328399999999988,-0.05530735714285712,-0.042923166666666644,318058.5714285714,8800.07142857143,-8259.6
2017-02-09,29.190001,29.309999,28.879999,29.15,24.533556,3137794.0,1.0041109282593037,0.9893798564789361,0.9986296334830547,0.39000199999999907,-0.033663000000000665,-2453548.0,1.0054325283406491,1.0061092286492872,1.0058793541583204,0.9904593088426078,0.9923457816216282,0.9929053429931163,0.9976487833826211,0.9981445237548988,0.9993335216771161,-0.025714285714285672,-0.06785700000000006,-0.05099993333333342,-0.01683257142857134,-0.0444860714285714,-0.0443259,-278456.28571428574,-111784.78571428571,-202252.7
2017-02-10,29.5,29.59,29.360001,29.49,24.81971,4355898.0,1.0030508474576272,0.9952542711864407,0.9996610169491524,0.30999900000000125,0.2861539999999998,1218104.0,1.005063873171839,1.005963950198924,1.0057200387418728,0.9910977688863801,0.9924184232681174,0.9929809758499563,0.9969177536012069,0.9983624414304436,0.9993439742812397,0.028571571428571474,0.0,-0.03833333333333329,0.0060117142857143745,0.005410642857142989,-0.03198196666666663,124258.57142857143,-193429.7857142857,-34236.73333333333
2017-02-13,29.51,29.780001,29.469999,29.68,24.979618,3863496.0,1.0091494747543204,0.9986444933920705,1.0057607590647237,0.010000000000001563,0.15990799999999794,-492402.0,1.006129628252572,1.0059395155869444,1.005720011429762,0.9924002592551313,0.9929995698905534,0.9931318707277311,0.99875423752165,0.9993308249471732,0.9992309897794754,-0.012857142857142836,0.000714285714285826,-0.03633333333333333,0.03486742857142845,0.024647571428571373,-0.0336652666666667,129118.28571428571,-237896.2142857143,34986.96666666667
2017-02-14,29.780001,30.0,29.549999,29.6,24.912289,3966880.0,1.007387474567244,0.9922766288691529,0.9939556415730142,0.27000099999999705,-0.06732899999999731,103384.0,1.0071849817621783,1.0061981170084968,1.0058246483815676,0.9929490147884312,0.9927414450345593,0.9930705034547421,0.9992998879698842,0.9990213966991783,0.9992255895966153,0.05428585714285715,0.04142857142857131,-0.027333300000000095,0.058913999999999946,0.027052357142857173,-0.023004599999999917,-23041.571428571428,-181759.0,11581.933333333332
2017-02-15,29.969999,30.219999,29.940001,29.98,25.232109,7248542.0,1.0083416752866758,0.9989990656990011,1.000333700378168,0.18999800000000278,0.31982,3281662.0,1.007304358353037,1.0061370854680456,1.0055334672426037,0.9941707364104554,0.9926942806918726,0.9930371389780422,1.0007122716889323,0.9987776234577651,0.9987003144927369,0.0942857142857143,0.04357128571428578,-0.016000066666666632,0.11422100000000006,0.03065942857142875,-0.02693226666666663,143573.14285714287,-406472.14285714284,78515.7
2017-02-16,30.219999,30.290001,30.1,30.209999,25.425682,6812017.0,1.0023164130481936,0.9960291527474902,0.999669093304735,0.25,0.1935729999999971,-436525.0,1.007487486325439,1.0056520978671757,1.0052763781962537,0.9955000242413776,0.9926033733899287,0.9929047774029586,1.0016502259048796,0.9984649002982503,0.9983549814549383,0.17428557142857162,0.040714214285714485,-0.02300003333333329,0.1695284285714282,0.02645099999999978,-0.028335000000000103,-109417.71428571429,193287.14285714287,33444.2
2017-02-17,30.5,30.85,30.450001,30.77,25.896996,8971437.0,1.0114754098360657,0.9983606885245901,1.0088524590163934,0.2800009999999986,0.4713140000000031,2159420.0,1.00654746045849,1.0061098008863543,1.0054987904592276,0.995563450985383,0.9931619553887893,0.9928608082521665,1.0009803291098918,0.999217877583205,0.9985433284450995,0.24285728571428575,0.06428571428571418,-0.02433333333333335,0.18996814285714286,0.07334207142857149,-0.015710566666666637,482870.71428571426,400464.64285714284,145944.53333333333
2017-02-20,30.879999,31.18,30.83,30.879999,25.989576,5777942.0,1.0097150586047623,0.9983808613465304,1.0,0.37999900000000153,0.09257999999999811,-3193495.0,1.0073480505078414,1.0063902894242454,1.005683960146053,0.9968493088236109,0.9936543088331095,0.9929241713637176,1.0011760957551696,0.9994124395688954,0.9984046628450993,0.24142828571428612,0.10785700000000022,-0.012333366666666616,0.20800285714285696,0.09558514285714281,-0.014027166666666702,377164.0,49353.857142857145,8377.7
2017-02-21,30.73,30.74,30.475,30.620001,25.770756,8211229.0,1.0003254149040026,0.9917019199479337,0.9964204685974617,-0.1499990000000011,-0.2188200000000009,2433287.0,1.0069587030001805,1.00601128808601,1.005227716014403,0.9963418300752526,0.9937197994808163,0.9926688011793916,1.0007131602763566,0.9988154569387817,0.9978925638153334,0.17571428571428577,0.10214292857142862,-0.02233333333333327,0.135863714285714,0.07093771428571419,-0.0322624,550761.5714285715,337510.0714285714,96982.36666666667
2017-02-22,30.9,30.9,30.75,30.809999,25.930664,6045721.0,1.0,0.9951456310679612,0.9970873462783172,0.16999999999999815,0.1599080000000015,-2165508.0,1.0056516351781348,1.0058906317153535,1.0052013447063861,0.99584199260038,0.9941211259277557,0.9930133169407288,0.9994741013068699,0.99911416941426,0.9981330270457076,0.19857142857142815,0.09285714285714265,-0.023333333333333428,0.1358637142857145,0.08536557142857149,-0.013185566666666659,311746.4285714286,220432.35714285713,20497.2
2017-02-23,30.809999,31.200001,30.77,31.17,26.23365,6498673.0,1.0126582931729404,0.9987017526355648,1.0116845508498717,-0.09000099999999733,0.30298600000000064,452952.0,1.006404609264663,1.0067947955134207,1.0054317169309248,0.9967598674241531,0.9948544411062921,0.9932361126969504,1.0020068026321352,1.0006533453010098,0.9986502249305713,0.14714257142857182,0.10071421428571448,-0.0170000333333333,0.18876585714285707,0.12383992857142852,-0.0008417333333333943,361684.71428571426,169321.57142857142,94293.66666666667
2017-02-24,31.08,31.26,30.82,30.959999,26.056908,8757410.0,1.005791505791506,0.9916344916344917,0.9961389639639641,0.27000099999999705,-0.17674200000000084,2258737.0,1.0060402993367814,1.006672328844909,1.005399974781068,0.9957077854149375,0.9949392609126965,0.993053601534874,1.0014075545729633,1.0010599131309479,0.9984144791958535,0.15857157142857098,0.12642864285714264,-0.001999966666666708,0.11782842857142839,0.11602471428571423,-0.007855133333333342,215552.57142857142,179562.85714285713,145192.46666666667
2017-02-27,30.82,31.040001,30.66,30.879999,25.989576,4428144.0,1.0071382543802725,0.9948085658663206,1.0019467553536665,-0.259999999999998,-0.06733200000000039,-4329266.0,1.0067291338127928,1.0071083100691158,1.0056379165937437,0.9955334158604846,0.9955167200509312,0.9936284180226874,1.0017329348656678,1.0016915803852737,0.9990456114074423,0.08571442857142841,0.13000000000000003,-0.012666700000000001,0.08055628571428589,0.12504235714285702,0.005891400000000028,-340553.28571428574,-224985.5,-19974.133333333335
2017-02-28,31.0,31.35,30.85,30.9,26.006411,8653448.0,1.011290322580645,0.9951612903225807,0.996774193548387,0.17999999999999972,0.016835000000000377,4225304.0,1.006702692776304,1.006625076617397,1.0059710817060008,0.9950763589744833,0.9953199049799332,0.9936614260656389,1.0000074683702382,1.000493898740065,0.9990352326290405,0.07142857142857142,0.1571429285714286,0.004000033333333282,0.01563071428571407,0.10279942857142846,0.003085966666666688,-45427.0,218721.85714285713,158238.9
2017-03-01,30.799999,31.219999,30.67,31.040001,26.124241,5592766.0,1.0136363640791028,0.995779253109716,1.0077922729802686,-0.20000100000000032,0.11783000000000143,-3060682.0,1.0072628792726384,1.00730546489024,1.0063818826433706,0.9947047006549384,0.9957770047392746,0.9938378812655342,1.0011206502245624,1.001148372989866,0.9993824641255832,-0.011428571428571692,0.11499985714285721,0.010666633333333309,0.0192378571428574,0.11362035714285719,0.017954900000000034,-26453.714285714286,175355.14285714287,-62553.2
2017-03-02,31.5,31.57,31.27,31.35,26.385145,4658245.0,1.0022222222222221,0.9926984126984126,0.9952380952380953,0.7000010000000003,0.260904,-934521.0,1.0075338517466699,1.0072462773734252,1.0064006236072853,0.9948470567621497,0.9955944434187012,0.9937272982492572,1.000951739744653,1.0008324500105048,0.9992348008102218,0.10999999999999995,0.14285714285714285,0.04599996666666672,0.08776985714285754,0.11181678571428577,0.03478743333333334,-507569.14285714284,21596.214285714286,-26996.533333333333
2017-03-03,31.24,31.24,30.950001,31.17,26.23365,4069633.0,1.0,0.9907170614596672,0.9977592829705507,-0.26000000000000156,-0.1514950000000006,-588612.0,1.0075338517466699,1.0065927434624025,1.00633426439252,0.9942144039609648,0.9950281982806723,0.9939044827736906,1.0010477307006862,1.000260916003778,0.9994365977545118,0.04857142857142855,0.12357142857142835,0.03666669999999996,0.04328371428571438,0.08957371428571445,0.03590963333333334,-282298.28571428574,14724.07142857143,-21104.933333333334
2017-03-06,31.139999,31.27,30.969999,31.23,26.284149,2380943.0,1.004174727173241,0.9945407833828126,1.0028902056162559,-0.1000009999999989,0.05049899999999852,-1688690.0,1.0063219137467128,1.006363261505688,1.0063039304395376,0.9936199797820002,0.9951899236030766,0.9939145992819313,0.9997913956673126,1.000899099149724,0.9996459322920027,0.047142857142856896,0.09714271428571435,0.05466663333333332,0.007214142857142646,0.09798999999999987,0.05133960000000002,-588247.1428571428,-113281.21428571429,-156099.06666666668
2017-03-07,31.15,31.48,31.0,31.389999,26.41881,4537841.0,1.010593900481541,0.9951845906902087,1.0077046227929374,0.010000999999999038,0.13466100000000125,2156898.0,1.0070079701310035,1.0065241347338925,1.0063406751448545,0.9941271367899598,0.9949174611024486,0.9940704709490061,1.0014436326428802,1.0014255936079217,1.000162640057417,0.01000000000000004,0.08428578571428551,0.05499999999999995,0.0517002857142858,0.0847643571428571,0.05947526666666671,-602795.5714285715,-193621.5,-88540.06666666667
2017-03-08,31.389999,31.620001,31.25,31.6,26.595554,4280214.0,1.0073272382073029,0.9955400126008287,1.006690060741958,0.23999900000000096,0.17674399999999935,-257627.0,1.0070349678205792,1.006882050816686,1.006459347929581,0.9942316291806038,0.9948825225205443,0.9940587921405979,1.0021212476983503,1.001927091282009,1.0004427208473177,0.08142842857142847,0.08357142857142844,0.07299993333333331,0.08656828571428576,0.08356228571428582,0.06873326666666664,-21132.85714285714,-180843.07142857142,-74376.4
2017-03-09,31.620001,31.9,31.5,31.629999,26.6208,3654531.0,1.0088551230596103,0.9962049020808065,1.0003161922733652,0.23000199999999893,0.025245999999999214,-625683.0,1.0066870821747174,1.0066948874755106,1.0064479814698015,0.994380716574636,0.9947285377745596,0.9939436433267377,1.0026272475162046,1.0013173579432213,1.0003283763978312,0.08857157142857121,0.08000007142857132,0.07533333333333327,0.08776985714285702,0.051700285714285546,0.060597433333333346,-714131.0,-379779.0,-309487.36666666664
2017-03-10,31.799999,31.99,31.65,31.950001,26.890121,4288642.0,1.0059748744017256,0.9952830501661336,1.004717044173492,0.1799980000000012,0.2693210000000015,634111.0,1.0055925836493775,1.006427731461008,1.0063436026345134,0.9943098304398384,0.9945072655473884,0.9938763498331187,1.0021879291152365,1.0016542896698994,1.0003507039523496,0.14285714285714285,0.06571428571428559,0.07166663333333337,0.10941142857142847,0.06432464285714293,0.061158433333333304,-186303.42857142858,-106378.57142857143,6088.166666666667
2017-03-13,31.85,31.940001,31.65,31.889999,26.839626000000003,3756111.0,1.0028257770800628,0.9937205651491365,1.0012558555729985,0.05000100000000174,-0.05049499999999796,-532531.0,1.0056788057719264,1.0066063287592981,1.00626887628493,0.9944558522185135,0.9946514544903315,0.9939823506534052,1.0030476091630796,1.0019996744538662,1.0004488732372154,0.050000000000000204,0.08000000000000007,0.075,0.06492585714285733,0.07634785714285743,0.06564730000000006,-128876.28571428571,-318222.71428571426,13039.3
2017-03-14,31.950001,32.040001000000004,31.74,31.889999,26.839626000000003,4567170.0,1.0028169013202848,0.9934271989537652,0.9981220031886697,0.1000009999999989,0.0,811059.0,1.0060812202462526,1.0068075359964612,1.0061698323597965,0.9948430147176702,0.9945287093393176,0.994046993514329,1.0030994263370967,1.0020735785188915,1.0004770689368265,0.10142871428571455,0.07500007142857155,0.08600000000000006,0.08656800000000027,0.06492585714285733,0.07294140000000009,71076.71428571429,-105610.78571428571,-17327.266666666666
2017-03-15,31.889999,32.049999,31.559999,32.049999,26.974283000000003,4686381.0,1.005017246943156,0.9896519281797407,1.005017246943156,-0.06000200000000078,0.1346570000000007,119211.0,1.0062015802133835,1.006261746980048,1.0061493594699251,0.9941446068315171,0.9938822933067587,0.9940092227576526,1.0034032893837967,1.0015973425255547,1.0004850363209632,0.10714285714285714,0.07714285714285703,0.08633333333333333,0.098590571428572,0.05290235714285733,0.07322183333333344,329348.28571428574,-129449.42857142857,40009.76666666667
2017-03-16,31.91,31.969999,31.370001,31.530001,26.536638,10925731.0,1.0018802569727359,0.9830774365402695,0.988091538702601,0.0200010000000006,-0.4376450000000034,6239350.0,1.0049567739978398,1.0059823720644216,1.0061557283960434,0.9924150133815257,0.9932710750857427,0.9937942352819678,1.0006014202280344,1.0010225264354573,1.0003245752236627,0.10857142857142879,0.05928571428571442,0.07699999999999996,0.01683257142857134,0.03426642857142857,0.06003640000000002,912555.7142857143,154880.07142857142,265535.43333333335
2017-03-17,31.6,31.83,31.4,31.58,26.578718,8268179.0,1.007278481012658,0.9936708860759492,0.9993670886075948,-0.3099999999999987,0.04207999999999856,-2657552.0,1.0049498086843192,1.0059923882524493,1.0063983444297986,0.9921479953065431,0.9931898122435735,0.9939687534799643,0.9995552813516968,1.0008382645250236,1.0006322752294035,0.030000142857143124,0.05571428571428579,0.07333333333333343,-0.002405142857143058,0.04208157142857135,0.06929423333333323,569709.2857142857,274288.21428571426,138000.26666666666
2017-03-20,31.35,31.68,31.309999,31.41,26.435640000000003,2837319.0,1.0105263157894737,0.9987240510366826,1.001913875598086,-0.25,-0.1430779999999956,-5430860.0,1.0051885505028708,1.005937816338794,1.0064990203177588,0.992507873728811,0.9934442951517235,0.994244654703026,0.999783521826657,1.0012053846714308,1.001014503937845,-0.038571571428571004,0.025000000000000102,0.06800003333333333,-0.026451428571428032,0.030659214285714498,0.06676926666666674,-116744.57142857143,-415437.78571428574,-113540.36666666667
2017-03-21,31.309999,31.610001,31.18,31.57,26.570301,4188592.0,1.0095816675050038,0.995848003700032,1.0083040884159722,-0.040001000000000175,0.1346609999999977,1351273.0,1.0057038066604822,1.0056481951549299,1.0067839253265463,0.9925885813765108,0.9934492059081748,0.9945487835619926,1.0002959567184397,1.001241942916838,1.0015211930919408,-0.06999999999999977,0.03642857142857154,0.07699996666666671,-0.045688571428571426,0.03186142857142852,0.07771059999999999,-14292.857142857143,-100298.14285714286,-112978.3
2017-03-22,31.110001,31.15,30.74,30.76,25.888584,6695094.0,1.001285728020388,0.9881066863353685,0.9887495664175646,-0.1999980000000008,-0.681716999999999,2506502.0,1.0054837996519572,1.0055813027119416,1.006224929897069,0.9917865986888296,0.9931212254536715,0.9942217830626199,0.9985093439819491,1.0007784765725145,1.000694787419816,-0.10571414285714299,-0.027857071428571394,0.07700006666666669,-0.13586314285714302,-0.035468642857142844,0.0440455,419854.71428571426,145489.2142857143,36791.73333333333
2017-03-23,30.75,30.860001,30.65,30.77,25.896996,5525283.0,1.003577268292683,0.9967479674796748,1.0006504065040651,-0.36000100000000046,0.008411999999999864,-1169811.0,1.0055924235051568,1.0058368218757048,1.0062071412315148,0.992260994192531,0.9935520044551006,0.9944673867626446,0.9988705444555771,1.0009849853963368,1.000762146520516,-0.17142871428571432,-0.034999999999999885,0.05199996666666671,-0.13466142857142874,-0.024046714285714237,0.04544800000000002,136873.2857142857,103975.0,79582.96666666666
2017-03-24,30.77,31.41,30.695,31.360001,26.39356,5138322.0,1.0207994800129998,0.9975625609359766,1.0191745531361716,0.019999999999999574,0.49656399999999934,-386961.0,1.0078470282294203,1.0070243042214018,1.006798762316694,0.993391084586279,0.9937678457088982,0.9945443297542957,1.000893016768865,1.0021481530763308,1.00141259772675,-0.15999985714285714,-0.026428499999999997,0.04233333333333332,-0.08296042857142893,0.007815071428571534,0.05246166666666667,64563.0,196955.64285714287,26080.8
2017-03-27,31.0,31.549999,30.950001,31.450001,26.469309000000003,4677207.0,1.0177419032258064,0.9983871290322581,1.0145161612903226,0.23000000000000043,0.07574900000000184,-461115.0,1.0101129776941447,1.0075348758459923,1.007085176599077,0.995578183513706,0.9939965984476159,0.9945357509423018,1.0046679628528252,1.0026346915404298,1.0017044444676035,-0.13000000000000003,-0.010714285714285612,0.049666666666666616,-0.009618428571428186,0.0036070714285715766,0.049656366666666805,-892646.2857142857,9954.714285714286,27123.7
2017-03-28,31.5,31.99,31.49,31.940001,26.881708000000003,5598634.0,1.0155555555555555,0.9996825396825396,1.0139682857142858,0.5,0.4123990000000006,921427.0,1.0112954169145585,1.0081226127994387,1.0073574459653538,0.9964369911717903,0.9942924932391666,0.9947826146360815,1.006753848153781,1.003154564752739,1.0023715326056457,-0.014285714285714488,0.007857214285714318,0.057333300000000045,0.04328428571428639,0.020439571428571668,0.06564730000000006,-381363.5714285714,94172.85714285714,54391.8
2017-03-29,31.99,32.419998,31.959999,32.299999,27.184692,8420912.0,1.0134416380118787,0.9990621756799,1.009690497030322,0.48999999999999844,0.30298399999999504,2822278.0,1.0117118915177594,1.0084502210103152,1.0075274447228606,0.9964852946922499,0.9944965842105306,0.9947847183021115,1.007864794072672,1.0038241579496645,1.0026834258273842,0.091428571428571,0.026428499999999997,0.06733336666666657,0.1070074285714279,0.04027799999999994,0.0650860999999999,797656.1428571428,340455.78571428574,39079.0
2017-03-30,32.310001,32.439999,32.16,32.27,27.159445,5677622.0,1.0040234601045046,0.9953574436596272,0.99876196227911,0.3200010000000013,-0.02524699999999669,-2743290.0,1.0109178618891166,1.0083108342747995,1.0075843462914043,0.9964152146864779,0.9945018980314942,0.9947623279991827,1.0065016331959773,1.0033987949572085,1.0026531881265301,0.14285742857142836,0.03642871428571429,0.06966673333333327,0.08416342857142871,0.019237428571428645,0.05779210000000011,212718.57142857142,99212.85714285714,-37813.166666666664
2017-03-31,32.200001,32.259998,31.82,31.82,26.78071,11649128.0,1.0018632608117,0.9881987270745737,0.9881987270745737,-0.10999999999999943,-0.3787350000000025,5971506.0,1.0110003665735896,1.0082420831127734,1.0072639413239257,0.9964283633635072,0.9941074810261684,0.9944235959508487,1.0064229418612645,1.0024661429216069,1.0019647303951362,0.1557142857142857,0.02500007142857135,0.05666670000000001,0.12744657142857108,-0.004208285714285965,0.029457133333333257,707719.1428571428,563786.9285714285,89256.36666666667
2017-04-03,31.719999,32.02,31.51,31.969999,26.906956,3936289.0,1.0094577871834107,0.9933796025655612,1.0078814630479653,-0.48000199999999893,0.12624600000000186,-7712839.0,1.0118404407008366,1.0087164321029967,1.0072553656098804,0.9959471683757766,0.9941040812841538,0.9942568873248164,1.0074559499389646,1.003163247197271,1.0022274458300684,0.13857128571428592,-0.01642871428571421,0.027999999999999994,0.14427999999999994,0.004809285714285595,0.030579333333333382,-226999.14285714287,-45062.92857142857,-61388.433333333334
2017-04-04,31.940001,32.044998,31.75,31.83,26.789127,3101970.0,1.0032873198720313,0.9940513151518061,0.9965560113789602,0.22000199999999737,-0.1178290000000004,-834319.0,1.0093387035378412,1.0085928658836307,1.0073540957754814,0.995445561835181,0.9944183232107299,0.994335200498279,1.0042247296879343,1.0025588732283996,1.0022319639227848,0.16714299999999988,0.0035715714285713723,0.04033336666666661,0.056509571428571395,-0.013225428571428768,0.033945700000000065,-290907.4285714286,-113172.21428571429,-170308.63333333333
2017-04-05,32.029999,32.049999,31.549999,31.68,26.662884,5360149.0,1.0006244146307968,0.9850140488608821,0.9890727751817914,0.0899979999999978,-0.12624300000000233,2258179.0,1.0068933480242683,1.0085031628592065,1.0073749095965079,0.9935351218106986,0.9945566526622024,0.9939974810913763,1.0005899602438582,1.0026289615483417,1.0019648115529007,0.1471427142857138,0.008571357142856886,0.03766663333333327,0.027653571428570802,0.009017571428571307,0.02440733333333327,97563.14285714286,-397541.5714285714,-22852.4
2017-04-06,31.51,31.58,31.25,31.360001,26.39356,5277935.0,1.0022215169787367,0.9917486512218343,0.995239638210092,-0.519998999999995,-0.26932399999999745,-82214.0,1.004988485370437,1.0081419511424978,1.007027017056701,0.9924017091734549,0.9944193501726225,0.9937657110442519,0.9979144391718308,1.002334143662806,1.0014166477982414,0.001428571428571652,-0.006428571428571418,0.023333366666666678,-0.06973542857142892,-0.013225571428571265,0.005330333333333334,-45814.142857142855,-213588.85714285713,-40691.26666666667
2017-04-07,31.549999,31.629999,31.190001,31.41,26.435640000000003,3479318.0,1.0025356577665818,0.9885896034418258,0.9955626306042038,0.03999899999999812,0.042080000000002116,-1798617.0,1.0034304881925373,1.0075711898551485,1.0069184887892038,0.9909056274251586,0.9936954610587044,0.9936642147711631,0.9958961725395279,1.0018804833061,1.0013974366862495,-0.06285728571428553,0.014285642857142733,0.01566663333333338,-0.1070074285714279,0.0,0.012624400000000098,-705942.0,45857.07142857143,-175936.4
2017-04-10,31.530001,31.790001,31.5,31.700001,26.679716,3927782.0,1.0082461145497585,0.9990484935284335,1.0053916902825344,-0.01999800000000107,0.24407599999999618,448464.0,1.0040337245418594,1.007475793215488,1.0069554174615198,0.9914329202635594,0.9939240674750186,0.9938055456932334,0.9968432765400171,1.0016724548679974,1.001512267850545,-0.11142857142857159,0.015714428571428383,0.023666699999999943,-0.06853271428571464,0.007815357142857035,0.023004666666666652,-249977.14285714287,-18629.285714285714,-16678.733333333334
2017-04-11,31.6,32.029999,31.559999,31.809999,26.772291,4815694.0,1.013607563291139,0.9987341455696203,1.0066455379746835,0.06999900000000281,0.09257500000000007,887912.0,1.0057114820389221,1.0083559243062559,1.0070326588185363,0.9929379800485663,0.9946831717060366,0.9939246408681348,0.9994785352400328,1.0029507385506486,1.001841312664755,-0.08571442857142841,0.03499992857142864,0.02000000000000005,-0.0012027142857142792,0.0631219285714284,0.025529333333333307,-976204.8571428572,-134242.85714285713,-127925.13333333333
2017-04-12,32.099998,32.169998,31.950001,32.130001,27.04162,6346092.0,1.0021806854941238,0.9953271959705419,1.0009346729554314,0.49999799999999794,0.2693290000000026,1530398.0,1.0046718960833096,1.0082561683920732,1.0066508028657037,0.9932162076778492,0.9945816880268128,0.993909572296829,0.9984861366553853,1.0029710432971748,1.0016127259972605,0.05428557142857114,0.09642842857142853,0.04333329999999999,0.019237714285714396,0.08175885714285716,0.030579300000000014,344257.5714285714,58629.21428571428,25110.866666666665
2017-04-13,32.130001,32.130001,31.83,31.9,26.848042,3322476.0,1.0,0.9906629010064456,0.9928415501761111,0.030003000000000668,-0.19357800000000225,-3023616.0,1.004202278958734,1.0067704912482875,1.0065767287916296,0.9927321485142261,0.9940888551747035,0.9938417219070967,0.9979554993406925,1.0010901145143134,1.001532841161861,0.027142857142857326,0.0971429285714286,0.021000033333333334,0.00841642857142842,0.03246299999999991,0.015429899999999937,31500.85714285714,-129703.28571428571,-44525.63333333333
2017-04-18,32.009998,32.07,31.4,31.66,26.646049,6527445.0,1.0018744768431411,0.9809435164600758,0.9890659786982804,-0.12000299999999697,-0.2019929999999981,3204969.0,1.004380859274783,1.0056371036495255,1.0066392113530678,0.9921506438855395,0.992842882848119,0.9935159370737771,0.9979545284144766,0.9992722443291674,1.0012430643527852,-0.002857285714284785,0.0721427142857145,0.025666600000000154,-0.0024049999999995464,0.012624285714285628,0.013746633333333353,166756.57142857142,132159.85714285713,81927.06666666667
2017-04-19,31.4,31.5,31.16,31.16,26.225233000000003,7184745.0,1.0031847133757963,0.9923566878980892,0.9923566878980892,-0.6099980000000045,-0.4208159999999985,657300.0,1.0045184587600773,1.0047534720652571,1.0066062108931528,0.9922375062678617,0.9923196077206583,0.9934431338909528,0.9975426783699047,0.9977285587708676,1.000891947095513,-0.015714285714286142,-0.007142857142857244,0.008666699999999968,-0.024046714285713984,-0.046891071428571456,-0.0019638666666665474,272401.4285714286,113293.64285714286,160126.73333333334
2017-04-20,31.25,31.575001,31.24,31.540001,26.545057,5307276.0,1.010400032,0.9996799999999999,1.009280032,-0.14999999999999858,0.319823999999997,-1877469.0,1.0056419407934227,1.00453621449298,1.0065997486104348,0.9938218486333152,0.9923637380292368,0.993592980867946,0.9995023071407328,0.9976992398401304,1.0009444607357483,-0.04285699999999996,-0.05285714285714275,0.003333333333333381,0.01563099999999957,-0.04568821428571417,0.004208233333333311,261136.85714285713,-222402.57142857142,25647.833333333332
2017-04-21,31.75,31.93,31.75,31.809999,26.772291,3892652.0,1.0056692913385827,1.0,1.0018897322834646,0.5,0.22723399999999927,-1414624.0,1.0052738231918261,1.0046537738668426,1.006544483714811,0.9939577781292533,0.9926953491964063,0.9937416471145851,0.99900202742658,0.9979226519832985,1.0007844497871319,0.03142842857142877,-0.04000007142857141,0.012000033333333349,0.013225000000000011,-0.027653857142857317,0.005891233333333309,-5018.571428571428,-127497.85714285714,-12918.733333333334
2017-04-24,32.0,32.130001,31.83,31.98,26.915373,2946608.0,1.00406253125,0.9946875,0.999375,0.25,0.1430819999999997,-946044.0,1.0039102471859491,1.0048108646124356,1.0063847306544906,0.9933796859050218,0.9931588329767939,0.9936910670452247,0.9979633791444824,0.9987209571922576,1.000753076711353,0.05714285714285694,-0.014285785714285737,0.012666633333333384,0.02044028571428567,0.009618785714285696,0.009819099999999992,-267012.28571428574,-621608.5714285715,-23597.433333333334
2017-04-26,32.150002,32.470001,32.139999,32.400002,27.268858,6275776.0,1.009953311978021,0.9996888647160893,1.007776049282983,0.15000200000000063,0.3534850000000027,3329168.0,1.0050206223979345,1.004846259240622,1.006517345240367,0.9940027814401,0.9936094945589745,0.9938379275302233,0.9989407186198468,0.9987134276376161,1.000855043548336,0.007143428571428753,0.030714499999999947,0.011666766666666698,0.0324625714285714,0.0258501428571429,0.0126245666666667,-10045.142857142857,167106.2142857143,66237.8
2017-04-27,32.400002,32.669998,32.32,32.66,27.48768,5089876.0,1.0083332093621475,0.9975308026215554,1.008024629134282,0.25,0.2188219999999994,-1185900.0,1.0062110808782412,1.0052066799184876,1.0067009263164366,0.9949839102422586,0.9938580293782424,0.9939649354459706,1.0011097298995855,0.999532614620139,1.0010806693337122,0.03857157142857152,0.03285721428571442,0.018333399999999975,0.09137685714285736,0.04989664285714289,0.021601799999999945,252485.7142857143,141993.2857142857,44458.833333333336
2017-04-28,32.650002,32.84,32.509998,32.759998,27.571842,9752602.0,1.0058192339467544,0.9957119757603691,1.003368943132071,0.25,0.08416199999999918,4662726.0,1.006774617607329,1.0055777384410558,1.006801004070652,0.9970936901423003,0.9946221670139199,0.9940410946728574,1.0031530105329842,1.0005537694737305,1.0012555673318255,0.09142914285714251,0.044285928571428865,0.023333366666666678,0.13225614285714268,0.06492557142857157,0.024407199999999917,460736.71428571426,313746.64285714284,172847.73333333334
2017-05-01,32.75,32.950001,32.52,32.950001,27.731754,4472940.0,1.0061069007633587,0.9929770992366413,1.0061069007633587,0.09999799999999937,0.1599119999999985,-5279662.0,1.0071920729484092,1.0058552658542432,1.006837325864659,0.9971823203335222,0.994709913300692,0.9941519337080874,1.005117326656594,1.0013300025132494,1.0012918891258322,0.19285714285714306,0.08857142857142845,0.028666700000000014,0.2152172857142851,0.09558528571428557,0.025249033333333178,-387400.71428571426,-57499.642857142855,-7114.7
2017-05-02,32.150002,32.380001,31.969999,32.25,27.142612,10325228.0,1.007153934236147,0.9944011512036609,1.0031103575047988,-0.5999979999999994,-0.5891419999999989,5852288.0,1.0067283446964301,1.0061851427449264,1.0070131151067725,0.9964281990769023,0.9951250238551087,0.9945293908635338,1.004235944585851,1.001869125863292,1.001792516419239,0.12857171428571437,0.04285735714285721,0.008000066666666684,0.08536499999999998,0.05049799999999977,0.020199133333333327,716850.2857142857,488993.5714285714,-20016.766666666666
2017-05-03,32.099998,32.200001,31.280001,31.35,26.385145,10407875.0,1.0031153584495551,0.9744549205267863,0.9766355748682601,-0.05000400000000127,-0.7574669999999983,82647.0,1.0063634971408548,1.0058186601663406,1.0068743443546693,0.9927789020093003,0.9933683400692768,0.9938888586785617,1.0006282078122506,0.9998151176194153,1.0010347992945945,0.049999714285714196,0.04071407142857148,0.01666659999999993,-0.05530657142857111,-0.02104078571428555,-0.006452433333333237,930746.1428571428,462863.78571428574,71323.2
2017-05-04,31.440001,31.48,30.66,30.83,25.947496,10630957.0,1.001272232783962,0.9751908086771371,0.9805979331870887,-0.6599970000000006,-0.4376490000000004,223082.0,1.005964883074278,1.0049375651301136,1.0065658749211521,0.9899936603917485,0.991686673148385,0.9931044172665769,0.9979457696961204,0.9979545744203013,1.0003242678808946,-0.07999985714285732,-0.01142850000000019,0.0030000333333332443,-0.13826814285714256,-0.058913928571428444,-0.01627146666666673,1097764.142857143,415375.9285714286,259787.93333333332
2017-05-05,30.9,31.280001,30.58,30.65,25.796001,10905998.0,1.0122977669902913,0.9896440129449838,0.9919093851132686,-0.5400010000000002,-0.1514950000000006,275041.0,1.006299805218888,1.0056602138084112,1.0066564115706618,0.9885586815673049,0.9912807315037024,0.9928976175747419,0.9956791033861612,0.997309911003004,0.9997777777708045,-0.17857171428571458,-0.08571414285714292,-0.013666633333333423,-0.21040814285714302,-0.08897278571428581,-0.025810000000000007,661460.2857142857,325707.5714285714,223913.53333333333
2017-05-08,30.219999,30.24,29.870001,29.950001,25.88242,11186198.0,1.0006618464811994,0.9884183318470658,0.9910655854091854,-0.6800009999999972,0.08641899999999936,280200.0,1.0052038962358956,1.0057074885570683,1.0066356155193554,0.9872569000280921,0.9911204051351753,0.9929080057584653,0.9932563828540044,0.997183056376795,0.9998549784038585,-0.3114289999999999,-0.13642871428571418,-0.029666733333333303,-0.22932285714285733,-0.06897299999999998,-0.00020546666666672783,870903.1428571428,561694.4285714285,149703.46666666667
2017-05-09,29.799999,29.879999,29.07,29.16,25.199713,11862914.0,1.0026845638484754,0.9755033884397111,0.9785235227692457,-0.4200000000000017,-0.6827070000000006,676716.0,1.0047560862218556,1.0057653519145924,1.0066058587045486,0.9843699589822839,0.9907318245622921,0.9921998531237997,0.9897070370878865,0.9964300238104354,0.9991174156126978,-0.4071432857142859,-0.15785707142857167,-0.03166670000000001,-0.33887557142857155,-0.10330971428571445,-0.023242766666666744,301473.14285714284,381104.9285714286,211254.36666666667
2017-05-10,28.540001,29.700001,28.5,29.389999,25.398476,14007137.0,1.0406447077559668,0.9985984233147014,1.029782689916514,-1.2599979999999995,0.19876299999999958,2144223.0,1.0096900586493711,1.00844106579889,1.0072673662959808,0.9851730052791494,0.9911776628063358,0.9922343818697572,0.9930892926811945,0.9991033096688943,0.9994710201720427,-0.6014284285714285,-0.20428564285714274,-0.07433329999999998,-0.33332542857142855,-0.059054071428571726,-0.03316946666666674,1362028.142857143,487313.71428571426,295627.1666666667
2017-05-11,29.4,29.83,29.120001,29.299999,25.320698,9466050.0,1.014625850340136,0.9904762244897959,0.9965986054421769,0.8599989999999984,-0.07777799999999857,-4541087.0,1.010757475235655,1.0087429099660428,1.0071634978664583,0.984612301462883,0.9905202502698928,0.9919706850516751,0.9921590423865343,0.9981974934861927,0.9988737683104377,-0.39285742857142886,-0.13214285714285726,-0.05333333333333338,-0.2602734285714285,-0.08745421428571427,-0.038287033333333415,-122739.71428571429,297055.28571428574,159628.1
2017-05-12,29.280001,29.459999,28.92,29.219999,25.251562,6752054.0,1.006147472467641,0.9877048842996967,0.9979507514361083,-0.11999899999999997,-0.06913600000000031,-2713996.0,1.011190634381096,1.0087770657609754,1.0068498950968612,0.9865051534304418,0.989642027719871,0.991571429872247,0.9952040676105126,0.9979161377113815,0.9983398505011652,-0.4028567142857144,-0.1764285000000001,-0.07399996666666671,-0.1619404285714288,-0.10862349999999996,-0.054338200000000114,-522260.14285714284,204243.0,38447.333333333336
2017-05-15,29.0,29.495001,28.950001,29.41,25.415758,7444541.0,1.017069,0.9982758965517241,1.0141379310344827,-0.2800009999999986,0.16419600000000045,692487.0,1.0134473154119585,1.0097060992431184,1.006970807163132,0.9898030231268112,0.9898983417592798,0.9915452205679745,0.9999954958744259,0.9989706327852731,0.9984880983013038,-0.34857157142857126,-0.21428571428571427,-0.09966666666666661,-0.07596257142857153,-0.10711535714285704,-0.0589644666666666,-455202.28571428574,321280.9285714286,-32545.7
2017-05-16,29.540001,29.709999,29.34,29.540001,25.528103,6369944.0,1.0057548406988883,0.9932294856726647,1.0,0.5400010000000002,0.11234500000000125,-1074597.0,1.012512611656044,1.009406208437466,1.0070285198496114,0.9903152335164799,0.9894369575418924,0.9914742886350757,1.0011512980011017,0.9984152006936314,0.9985293662253335,-0.1942855714285712,-0.1864286428571429,-0.09233333333333332,-0.03827114285714269,-0.12433964285714286,-0.05437806666666667,-648007.7142857143,6726.285714285715,23077.4
2017-05-17,29.440001,29.469999,28.98,29.16,25.199713,5865425.0,1.0010189537697367,0.9843749665633503,0.9904890967904519,-0.10000000000000142,-0.3283900000000024,-504519.0,1.0125636269829776,1.0088837616094366,1.0070003762815458,0.9897376099045206,0.9884972549663064,0.9913468299513682,1.00106894248414,0.9971626626690722,0.9986057118825294,-0.11142828571428609,-0.211428642857143,-0.09200000000000005,-0.09752957142857152,-0.1634262142857144,-0.0526999,-760110.4285714285,55396.357142857145,-192790.1
2017-05-18,28.76,29.049999,28.629999,29.049999,25.10465,7243468.0,1.010083414464534,0.9954797983310153,1.010083414464534,-0.6800009999999972,-0.09506299999999968,1378043.0,1.0136206056424146,1.0091883459321351,1.00702123052425,0.9925913827461355,0.9884806708642097,0.9914168364768834,1.0055774984406098,0.9976422677642481,0.9986791102630818,-0.14857128571428543,-0.27785728571428564,-0.09866663333333332,-0.013580428571428525,-0.17622800000000005,-0.060076866666666714,-659920.8571428572,-179223.85714285713,110239.3
2017-05-19,29.030001,29.030001,28.4,28.5,24.629349,7852570.0,1.0,0.9782982783913786,0.9817429906392356,0.27000099999999705,-0.4753009999999982,609102.0,1.0078142188201338,1.0087521387347524,1.0069116531951825,0.9896913620428036,0.9874321836609765,0.9908917352515358,0.9987146842581414,0.9959019884696679,0.9981853429050909,0.06999999999999977,-0.2657142142857144,-0.097,-0.10987528571428536,-0.22160035714285695,-0.07199259999999998,-879223.8571428572,241402.14285714287,158353.33333333334
2017-05-22,28.66,28.700001,28.08,28.389999,24.534286,10273546.0,1.0013957083042568,0.9797627355198882,0.9905791695743196,-0.37000099999999847,-0.09506299999999968,2420976.0,1.005924198529294,1.0083408368824744,1.0069373629842977,0.9881608636185312,0.986386582540707,0.9907166914735028,0.9978547648484474,0.9950069036174909,0.9982355560515085,-0.1057142857142855,-0.24928585714285717,-0.11233329999999989,-0.11234457142857122,-0.18630899999999986,-0.07095326666666656,115356.57142857143,-3691.5714285714284,163779.9
2017-05-23,28.360001,28.620001,28.219999,28.309999,24.465153,7894389.0,1.009167841707763,0.9950633993278069,0.9982368829958786,-0.2999989999999997,-0.06913300000000078,-2379157.0,1.0063556798493114,1.0087731571152037,1.0071689071419319,0.9892120800511182,0.9878586167407801,0.9908271830770351,0.9978956407855575,0.996549854198035,0.9983354642110347,-0.13142857142857117,-0.2671426428571428,-0.10499996666666671,-0.11234414285714271,-0.13714228571428574,-0.06428023333333334,163190.7142857143,-179534.7142857143,87215.13333333333
2017-05-24,28.32,28.379999,28.129999,28.280001,24.439228,6302432.0,1.0021186087570622,0.993290925141243,0.9985876059322033,-0.040001000000000175,-0.025925000000000864,-1591957.0,1.0042199096717488,1.0088336125418536,1.0071550055082814,0.9884999412781924,0.9891514822025018,0.9909838938003491,0.9956741657709463,0.9978348308226861,0.998436296721968,-0.0971428571428571,-0.22285721428571417,-0.10766663333333332,-0.13950428571428578,-0.10773342857142865,-0.06654706666666677,-163158.42857142858,-309180.35714285716,94103.8
2017-05-25,28.280001,28.65,27.940001,28.639999,24.750334,6572950.0,1.0130834153789456,0.9879773695906163,1.0127297732415215,-0.03999900000000167,0.3111059999999988,270518.0,1.0052668489117569,1.0088897302839004,1.0073162488692542,0.987749638980757,0.9890324362486185,0.9906148563357552,0.9974927048054493,0.9993220014032754,0.9986808994872676,-0.18000000000000022,-0.18714278571428572,-0.10833333333333334,-0.11110985714285755,-0.07469050000000012,-0.06431273333333334,29000.85714285714,-309503.4285714286,88172.26666666666
2017-05-26,28.42,28.469999,28.209999,28.219999,24.387375,7028841.0,1.0017592892329346,0.9926108022519352,0.9929626671358198,0.1399990000000031,-0.36295900000000003,455891.0,1.0053726111207852,1.0089681190518813,1.0069213064006475,0.988926186936269,0.9893318984203948,0.9904107448918323,0.9978460719976446,0.9994575072408923,0.9982248037926388,-0.14571442857142816,-0.1285713571428571,-0.106,-0.11604828571428578,-0.10678892857142865,-0.07949720000000002,166202.2857142857,-296954.0714285714,73771.56666666667
2017-05-29,28.200001,28.209999,27.684999,27.690001,23.929359,5840950.0,1.0003545389945199,0.9817375183781022,0.981914894258337,-0.2199990000000014,-0.4580159999999971,-1187891.0,1.003982771767926,1.0088016887051703,1.0068604348506607,0.9869630040858529,0.9897771934159942,0.9899577556387509,0.9938219976824735,0.9996997480615416,0.9975908111694024,-0.07999985714285732,-0.11428557142857139,-0.12999989999999997,-0.16789871428571398,-0.09073957142857125,-0.10374203333333334,-200359.7142857143,-430140.28571428574,-16838.066666666666
2017-05-30,27.620001,27.969999,27.52,27.9,24.110836,6055889.0,1.0126719039582948,0.9963793991173281,1.0101375448900238,-0.5800000000000018,0.18147699999999745,214939.0,1.0057930437619682,1.0068036312910509,1.0072828316492703,0.9895460213324172,0.9896186916876104,0.9901483055757805,0.9978783625754434,0.9982965234167924,0.9981673443265326,-0.20142857142857146,-0.06571428571428584,-0.15033333333333337,-0.07407328571428604,-0.09197428571428569,-0.09124020000000002,-256668.7142857143,-567946.2857142857,91113.76666666666
2017-05-31,27.9,28.219999,27.799999,28.01,24.205894,10344455.0,1.0114694982078853,0.9964157347670252,1.0039426523297492,0.2799990000000001,0.09505800000000164,4288566.0,1.0072321566053437,1.0065781775673186,1.0076026656947619,0.9919250212248653,0.9900429424216981,0.990664046186012,0.9997874315405048,0.9988210981944761,0.9986632334475818,-0.10857142857142879,-0.10714285714285714,-0.1369999333333335,-0.046913142857142986,-0.0796288571428571,-0.08133850000000002,10129.857142857143,62743.21428571428,127233.66666666667
2017-06-01,28.01,28.280001,27.799999,27.950001,24.154045,6571831.0,1.0096394501963584,0.9925026419136023,0.9978579435915744,0.11000000000000298,-0.0518490000000007,-3772624.0,1.0072995292465716,1.0068276045479414,1.0078178235887807,0.9915591987371216,0.99038563939412,0.9906689113198625,0.9997332973398899,0.9988144690627238,0.9988466086373645,-0.0500001428571427,-0.09071435714285693,-0.1129999999999999,-0.044444000000000115,-0.07839407142857142,-0.0690396000000001,-188936.85714285713,-12873.07142857143,-20430.466666666667
2017-06-02,28.049999,28.41,28.02,28.280001,24.439228,5293128.0,1.0128342607071037,0.9989305168959186,1.0081997150873339,0.03999899999999812,0.28518299999999996,-1278703.0,1.008830336668006,1.0065251231698773,1.0078989645456842,0.9923648547020754,0.9904323979901338,0.9906439285497264,1.0011064557906229,0.9983903107807846,0.9988105980736091,-0.03857157142857152,-0.06785721428571431,-0.10666670000000002,0.0,-0.06975214285714289,-0.0701943,-144186.2857142857,-153672.35714285713,-471.6
2017-06-05,28.1,28.115,27.530001,27.809999,24.033058,7419742.0,1.0005338078291814,0.9797153380782917,0.9896796797153025,0.05000100000000174,-0.4061699999999995,2126614.0,1.0070375355894683,1.0061521922506125,1.0077277817620371,0.9911845644860291,0.9894671017333929,0.9899677731523362,0.9978135852868772,0.9976531450461632,0.998403596321337,-0.02571442857142817,-0.10285721428571419,-0.12166666666666662,-0.10246799999999975,-0.10678892857142865,-0.09130776666666662,120970.28571428571,74985.57142857143,117569.66666666667
2017-06-06,27.700001,27.74,27.33,27.360001,23.644176,8989498.0,1.0014440071680863,0.9866425636591132,0.987725632212071,-0.3999990000000011,-0.38888199999999884,1569756.0,1.00699249529449,1.0061825532076376,1.0076404976259736,0.9903319589727687,0.9896290729545189,0.9896996086076401,0.9970654374406273,0.9974557547191362,0.9980152840617393,-0.1028570000000002,-0.12428571428571418,-0.1433333,-0.10617128571428529,-0.11110978571428554,-0.10903989999999991,280093.85714285716,223148.07142857142,201429.66666666666
2017-06-07,27.42,27.709999,27.184999,27.540001,23.799728,11129153.0,1.010576185266229,0.9914295769511305,1.0043764040846097,-0.2800009999999986,0.15555200000000013,2139655.0,1.0084527304761628,1.0062177511220445,1.0076612600689139,0.9917165387689156,0.9893397714273843,0.9894242990154747,1.0002742245586664,0.99704811112057,0.9979019625551268,-0.11142871428571409,-0.09571428571428571,-0.1576667333333333,-0.01851871428571426,-0.09320871428571412,-0.11563766666666667,755457.5714285715,277548.9285714286,161779.23333333334
2017-06-08,27.4,27.889999,27.360001,27.85,24.067627,5963741.0,1.0178831751824817,0.9985401824817519,1.0164233576642336,-0.020000000000003126,0.2678989999999999,-5165412.0,1.0091971977939038,1.007495120777936,1.0079795922629249,0.9920252221066904,0.9907856217195539,0.9894579450108145,1.0011721978121249,0.9995252801937841,0.998181920172792,-0.03142871428571427,-0.11642864285714286,-0.1666667333333334,-0.006172714285713913,-0.04012299999999997,-0.11400176666666664,-13164.0,-134916.35714285713,29128.833333333332
2017-06-09,27.85,27.879999,27.610001,27.709999,23.94664,4095580.0,1.0010771633752245,0.9913824416517055,0.9949730341113106,0.45000000000000284,-0.12098700000000306,-1868161.0,1.007712578532095,1.0074723675687192,1.0078215232438739,0.9913061802330735,0.9916156007289694,0.9893136272071924,0.9998908237809193,0.999839127660712,0.9979020565387666,-0.007142857142856737,-0.05785714285714277,-0.16000006666666663,-0.037036285714286014,-0.0419747142857145,-0.12084006666666672,-892696.4285714285,-441283.28571428574,-188567.4
2017-06-13,27.93,28.389999,27.879999,28.389999,24.534286,7106940.0,1.0164697099892588,0.9982097744360903,1.0164697099892588,0.0799999999999983,0.587646000000003,3011360.0,1.0086883299310807,1.007993929588826,1.0081669502180706,0.9921214848791432,0.9918403418081324,0.9894880497138406,1.0025496475520173,1.0011414724459535,0.9982474835129633,-0.011428571428571692,-0.030714357142857196,-0.16066666666666668,0.05432014285714309,0.004938071428571484,-0.10658226666666656,76444.14285714286,-56246.357142857145,87800.0
2017-06-14,28.379999,28.68,28.360001,28.620001,24.733051,8869862.0,1.0105708601328702,0.9992953488123801,1.0084567303895957,0.4499990000000018,0.19876499999999808,1762922.0,1.0083649869919047,1.0085976618299552,1.0082808477479615,0.9921736037243519,0.9922692292132137,0.9896511896341312,1.0025863640237689,1.0018464099071958,0.9984256959424566,0.04714285714285741,0.004285642857142946,-0.12566676666666662,0.04197471428571425,0.020987357142857124,-0.0803187,510962.0,183387.85714285713,-48512.2
2017-06-15,28.200001,28.4,27.91,28.0,24.197256,21210429.0,1.007092162869072,0.9897162769604158,0.9929077662089445,-0.1799980000000012,-0.5357950000000002,12340567.0,1.009301894854746,1.0081697152221072,1.0084134078952787,0.993602309278941,0.992393436882485,0.9901599015152522,1.0030475192371462,1.0004305522620118,0.9989681023204793,0.014285857142856986,-0.005714285714285593,-0.12999989999999997,0.023456857142856995,-0.039505571428571376,-0.0729296333333334,1970098.142857143,1045534.2142857143,360085.13333333336
2017-06-16,28.0,28.32,28.0,28.120001,24.300959,5788933.0,1.0114285714285713,1.0,1.00428575,-0.20000100000000032,0.10370299999999943,-15421496.0,1.0107282611776724,1.0088603782360812,1.0087519525167656,0.9955105144704964,0.9929212367216326,0.9909868745593476,1.0054132503497075,1.0012393438951674,0.999757696214243,0.04285699999999996,-0.03000000000000012,-0.11466669999999995,0.09382614285714246,-0.006172571428571416,-0.05488456666666674,-457223.5714285714,-88564.85714285714,-161400.8
2017-06-19,28.120001,28.41,28.1,28.379999,24.525644,2998647.0,1.0103129085948468,0.9992887269100739,1.0092460167408956,0.12000099999999847,0.2246850000000009,-2790286.0,1.010690650224618,1.0095716903503902,1.0086857905702509,0.9966332501789168,0.9941748944739163,0.9913083650248509,1.0061089093006055,1.003191566929636,1.000335583935164,0.1000001428571424,-0.005714285714285846,-0.09266663333333333,0.10370228571428543,0.04259178571428558,-0.04234523333333336,-1161500.857142857,-203021.64285714287,-263578.36666666664
2017-06-20,28.49,28.49,28.0,28.0,24.197256,5928573.0,1.0,0.9828009828009828,0.9828009828009828,0.36999899999999997,-0.32838800000000035,2929926.0,1.0081359109128347,1.008666554353369,1.0086637290208775,0.9943847930816642,0.9932050075941773,0.991121120056648,1.0013057128915697,1.0012389553518473,1.0000600971815572,0.1557142857142857,0.06214278571428571,-0.05766663333333343,0.018518428571428252,0.00617285714285717,-0.056172133333333346,-5024.0,-9094.0,-175254.16666666666
2017-06-21,27.84,27.885,27.41,27.5,23.76516,7508922.0,1.001616379310345,0.9845545977011494,0.9877873563218391,-0.6499999999999986,-0.4320959999999978,1580349.0,1.008212941760709,1.007962760146402,1.0086281228696066,0.9934093868030132,0.9923577835180433,0.9914228270320292,1.0002791874930739,1.0000850056369965,1.0003688916333102,-0.001428571428571652,-0.004285714285714194,-0.0653333,-0.025925714285713854,-0.03148099999999993,-0.04781843333333325,487620.28571428574,-202538.07142857142,-145133.06666666668
2017-06-22,27.51,27.99,27.49,27.84,24.058985,5013021.0,1.0174482006543073,0.9992729916394038,1.0119956379498363,-0.3299999999999983,0.2938249999999982,-2495901.0,1.0083527261414302,1.0085205280362557,1.0078549059662179,0.9935612749749151,0.992841379927029,0.9914453126428526,0.9996400343445847,1.001094840948301,0.9997759899010876,-0.059999999999999734,-0.03571428571428571,-0.03433336666666662,-0.0679001428571431,-0.0067900000000000104,-0.044649699999999966,-299131.28571428574,-111343.57142857143,-299803.86666666664
2017-06-23,27.790001,27.790001,27.459999,27.68,23.920715,5550348.0,1.0,0.988125153360016,0.9960417057919502,0.2800009999999986,-0.13826999999999856,537327.0,1.0068426032653062,1.0076037951286054,1.0073673776215466,0.9919655327674345,0.9920695682458932,0.9913669436051934,0.997866459402064,1.0002264117129165,0.9997574265794135,-0.08428542857142876,-0.01857128571428568,-0.05366663333333328,-0.11604799999999978,-0.03703664285714276,-0.04666609999999996,-474216.28571428574,18372.85714285714,-130523.4
2017-06-26,27.620001,27.84,27.530001,27.76,23.989851,4137001.0,1.0079652060838087,0.9967414917906774,1.0050687543421886,-0.1700000000000017,0.06913600000000031,-1413347.0,1.006967323724554,1.0081346092896502,1.0074279687420855,0.9929691348860432,0.9932857220824923,0.9916681638548926,0.999603743421099,1.0013256313291226,0.9999946933429495,-0.08285714285714312,-0.03428564285714307,-0.05533333333333334,-0.029629285714285407,-0.003086214285714206,-0.04205703333333328,-2439061.1428571427,-234481.5,-87168.43333333333
2017-06-27,27.809999,28.030001,27.76,28.030001,24.223181,5934956.0,1.007910895645843,0.9982021214743662,1.007910895645843,0.18999800000000278,0.2333299999999987,1797955.0,1.0064647986127357,1.0085965298952042,1.007122698596947,0.9927122950966671,0.9941114047835817,0.9916657046856475,1.000121621370505,1.0027674358601062,0.9997871254966615,-0.027142999999999824,0.007857000000000067,-0.03966669999999996,-0.011111142857142653,0.0413574999999999,-0.03975256666666667,20860.428571428572,-218181.57142857142,-50319.5
2017-06-28,27.870001,28.35,27.83,28.35,24.499722,6211258.0,1.01722278373797,0.9985647291508888,1.01722278373797,0.060001999999997224,0.27654099999999815,276302.0,1.0074519236331818,1.0090712869289,1.0075049633649165,0.992608866845355,0.9946210585121359,0.9918435461349215,1.0012611595129441,1.003685034406775,1.0003612182879271,-0.03571428571428571,0.03214292857142834,-0.055666666666666725,-0.0037031428571430475,0.04999957142857119,-0.03427936666666677,458944.4285714286,-351278.21428571426,-5289.533333333334
2017-06-29,28.68,29.055,28.639999,29.02,25.078728,7485910.0,1.0130753138075315,0.9986052649930265,1.011854951185495,0.8099990000000012,0.5790060000000032,1274652.0,1.0093198256056863,1.0087278682592606,1.0079068420328428,0.9948666214442182,0.9946257072629411,0.9923178894159109,1.0054117264250173,1.0033587196582936,1.0010734134344286,0.027142857142857326,0.09142857142857151,-0.025333366666666635,0.12592457142857175,0.07222150000000001,-0.004032833333333249,222476.7142857143,108726.35714285714,54016.166666666664
2017-06-30,28.68,28.870001,28.540001,28.719999,24.819469,11627472.0,1.006624860529986,0.9951185843793584,1.0013946652719665,0.0,-0.25925900000000013,4141562.0,1.010035322922778,1.0091241323417435,1.0077915569016913,0.9963757623982481,0.9948925746006306,0.9923058489508556,1.007355627703607,1.0038174075983404,1.000783788461343,0.11999999999999998,0.059285714285714164,-0.002666666666666728,0.15061557142857143,0.06234492857142878,-0.009506033333333264,588364.2857142857,537992.2857142857,146133.46666666667
2017-07-03,28.709999,28.889999,28.59,28.65,24.758978,3884922.0,1.0062695926948657,0.9958203063678268,0.9979101705994486,0.02999900000000011,-0.060491000000002515,-7742550.0,1.0084383789285722,1.0083955525350012,1.0080005433248533,0.9958825216451658,0.9947218983100404,0.9928899165500705,1.0053434180821232,1.002491726213354,1.0013226944600169,0.17142842857142832,0.05571421428571429,-0.010666733333333293,0.09999899999999988,0.016049428571428388,0.0043209666666665925,-161157.0,-230144.14285714287,-132254.93333333332
2017-07-04,28.879999,29.41,28.879999,29.290001,25.312057,6722734.0,1.0183518358155068,1.0,1.0141967456439316,0.1700000000000017,0.5530790000000003,2837812.0,1.0110600697593586,1.0089513365123326,1.0085657475752285,0.9975789283080205,0.9947722305377277,0.9935644920327409,1.0079369952038346,1.0029017273029495,1.0021099469956705,0.15571400000000019,0.03571428571428571,0.007333300000000046,0.19876314285714258,0.0413575714285714,0.025925699999999927,167483.7142857143,-153366.2857142857,-118360.4
2017-07-05,29.290001,29.32,29.014999,29.15,25.191071,3601586.0,1.001024206178757,0.9906110621163857,0.9952201776981844,0.41000199999999865,-0.12098599999999848,-3121148.0,1.0100684983443513,1.0085179110344529,1.0082942930575949,0.9967031526402648,0.9948361437631539,0.9934160807923603,1.0065300556832626,1.0030668995521808,1.002009390152414,0.23857142857142882,0.07785714285714285,0.03099999999999999,0.17160285714285703,0.07098678571428582,0.02419726666666667,-76487.85714285714,-1257774.5,-143093.43333333332
2017-07-06,29.200001,29.25,28.91,28.99,25.052801,4088751.0,1.0017122944619077,0.9900684592442308,0.9928081851778018,-0.08999999999999986,-0.1382700000000021,487165.0,1.0091829838895037,1.0078238912511197,1.0082807492477566,0.9955412008931024,0.9941267479948847,0.9933086652624598,1.0043725256163998,1.0022470734934523,1.001816742793934,0.19857171428571416,0.08571435714285716,0.02933336666666667,0.11851714285714264,0.053702999999999994,0.020452433333333294,-263743.5714285714,-121441.57142857143,-73789.36666666667
2017-07-07,28.700001,28.780001,28.42,28.620001,24.733051,7477289.0,1.002787456348869,0.9902438679357538,0.9972125436511308,-0.5,-0.3197499999999991,3388538.0,1.0071207942624891,1.0072863589478356,1.0079375506134205,0.9943525064337974,0.9934806866395762,0.9933842152072977,1.0015139198897083,1.0013875397013263,1.0012995018075876,0.11857142857142884,0.04142857142857156,0.014000000000000058,0.03333271428571446,0.014814785714285707,-0.0005760999999999683,180861.57142857142,319903.0,30144.633333333335
2017-07-10,28.85,28.91,28.700001,28.74,24.836754,4664976.0,1.0020797227036395,0.9948007279029463,0.9961871750433274,0.1499990000000011,0.10370299999999943,-2812313.0,1.0055499955333616,1.0074349105695242,1.0079482317291106,0.9938090011352145,0.9943378112897163,0.993457212728998,0.999275666155113,1.0023436962900651,1.0014069854045045,0.02428571428571453,0.02571428571428593,0.014333333333333325,-0.03456771428571465,0.04567842857142855,0.014979300000000013,-402990.5714285714,-90256.92857142857,-78795.5
2017-07-11,28.83,28.99,28.540001,28.85,24.931814000000003,3981820.0,1.0055497745404094,0.9899410683315991,1.0006937218175513,-0.020000000000003126,0.0950600000000037,-683156.0,1.0053964118205652,1.0077158673716715,1.008121406247307,0.9930693559855347,0.9947225591918915,0.9937306643941146,0.9991755313759109,1.003265579539759,1.002032946323145,0.021428571428571224,0.0707142857142856,0.0209999666666666,0.016049285714285894,0.08333242857142865,0.033415166666666704,-1092236.0,-251935.85714285713,-61971.0
2017-07-12,28.85,28.860001,28.33,28.41,24.551573,5944477.0,1.0003466551126516,0.9819757365684574,0.9847487001733102,0.020000000000003126,-0.3802410000000016,1962657.0,1.0045502778802489,1.0064943284044106,1.007710564619119,0.9910915602999104,0.9934870409725381,0.9932505423091522,0.9972953213150338,1.0013193696985785,1.0011866514992547,0.020000142857143084,0.09571428571428571,0.04099996666666676,-0.029629285714285407,0.03518485714285724,0.014691233333333406,294222.14285714284,66532.57142857143,-3713.733333333333
2017-07-13,28.66,28.719999,28.52,28.58,24.698486,5294492.0,1.002093475226797,0.9951151430565247,0.997208653175157,-0.19000000000000128,0.14691299999999785,-649985.0,1.0022276549390046,1.0066438623491816,1.0073980305197492,0.9903937235936997,0.99398632595086,0.9932071892521356,0.9948684509623519,1.0014027230830933,1.0009621848607682,-0.03142842857142877,0.06214278571428571,0.025333333333333385,-0.08765300000000005,0.055555071428571266,0.01641973333333328,-204034.57142857142,-18275.428571428572,-168332.1
2017-07-14,28.719999,28.950001,28.620001,28.860001,24.940456,4612244.0,1.008008426462689,0.9965181753662317,1.0048747216182006,0.059999000000001246,0.24197000000000202,-682248.0,1.0032254006938517,1.0066469495191017,1.0073436630619603,0.9912375969151063,0.9939703747776854,0.9933410403672233,0.9962476715223543,1.0013888636028085,1.0011960774616557,-0.08142885714285697,0.07857128571428593,0.02366663333333333,-0.03580214285714283,0.06790035714285711,0.026213700000000038,144379.7142857143,33945.92857142857,-65319.566666666666
2017-07-17,28.799999,28.85,28.610001,28.75,24.845394,2607492.0,1.0017361458936163,0.9934028469931544,0.9982639235508307,0.0799999999999983,-0.0950620000000022,-2004752.0,1.0032288080412388,1.006205895965371,1.0069737259015108,0.9917139380220954,0.9936275694575988,0.9931567847037978,0.9970270627185011,1.0006997941674505,1.0008648844104389,-0.05714314285714295,0.0707142857142856,0.025,-0.029629571428571415,0.04444378571428561,0.01353886666666663,-211608.42857142858,-237676.0,-89521.2
2017-07-18,28.790001,28.799999,28.219999,28.299999,24.456512,5001750.0,1.000347273346743,0.9802013900590001,0.9829801325814472,-0.009997999999999507,-0.38888199999999884,2394258.0,1.0028802104695065,1.0050005023659978,1.0069675080854295,0.9902792983254162,0.9923159023796069,0.993172986436488,0.9949938611371179,0.9982538905134131,1.0006415661726438,0.012857142857142836,0.06571428571428584,0.02300003333333329,-0.039505571428571376,-0.0030864285714284584,0.014115133333333318,-353648.4285714286,-86393.42857142857,-80599.73333333334
2017-07-19,29.040001,29.5,29.0,29.41,25.415758,11791800.0,1.0158401854049524,0.9986225551438515,1.012741011957954,0.25,0.9592460000000003,6790050.0,1.0048459908554084,1.005197993194385,1.007447380693325,0.9908252736455455,0.9923171373903801,0.9935723194859792,0.9973586949820644,0.9983171805685888,1.0014754121641731,0.027142999999999824,0.025714357142857174,0.04466666666666666,0.08271485714285731,0.02407357142857133,0.05905273333333329,1018117.7142857143,307563.5714285714,93410.06666666667
2017-07-20,30.200001,30.280001,29.93,30.25,26.141678,14414799.0,1.002649006534801,0.9910595698324646,1.001655595971669,1.1600000000000001,0.7259199999999986,2622999.0,1.0044315954260357,1.0049140036233004,1.0071831414022774,0.9909850595742407,0.9920272077798876,0.9935599859153571,0.9974961055755098,0.9983358184757103,1.0013847185604086,0.19571442857142887,0.10857150000000004,0.09266669999999995,0.17283771428571373,0.0944434999999998,0.0780649999999999,1490425.5714285714,199094.7857142857,109521.53333333334
2017-07-21,30.08,30.24,29.790001,30.110001,26.020691,7161137.0,1.0053191489361701,0.9903590757978724,1.000997373670213,-0.12000100000000202,-0.12098699999999951,-7253662.0,1.0051419516865383,1.0048461147833936,1.0067643405274003,0.9921826794641572,0.9916371198820338,0.9932872823592278,0.9998173446464959,0.9985563329807648,1.000870519093941,0.17571428571428527,0.09785721428571417,0.08933333333333332,0.20987399999999973,0.09012235714285717,0.06510213333333326,173808.57142857142,234015.35714285713,39913.2
2017-07-24,29.93,30.0,29.6,29.889999,25.830568,4751238.0,1.002338790511193,0.9889742733043769,0.9986635148680254,-0.14999999999999858,-0.19012299999999982,-2409899.0,1.0051769967271664,1.0037023258330853,1.0068063947652661,0.9913054123567073,0.9908495679752035,0.9932070100809834,1.0000251820311914,0.9974468164967717,1.000993535119165,0.18142857142857136,0.0750000714285713,0.06933333333333327,0.16172600000000006,0.037036500000000014,0.06279760000000004,-77607.71428571429,-140821.14285714287,21855.266666666666
2017-07-25,29.82,30.15,29.799999,30.01,25.934273,3115243.0,1.011066398390342,0.9993292756539235,1.0063715627095908,-0.10999999999999943,0.10370500000000149,-1635995.0,1.0056138498596883,1.00441962527677,1.0066262843786355,0.991706998112092,0.9914722975135991,0.9932443267882446,1.0002390164728185,0.9982433439975864,1.0006569302098427,0.15714299999999984,0.037857071428571434,0.06300000000000001,0.14197385714285712,0.05308585714285715,0.046666233333333314,-213857.2857142857,-34738.78571428572,-133056.56666666668
2017-07-26,30.360001,30.370001,30.219999,30.280001,26.167603,3707379.0,1.0003293807533142,0.9953886035774505,0.9973649539734863,0.5400010000000002,0.2333299999999987,592136.0,1.0054128834110736,1.0043208457261563,1.00628490173265,0.9919906776241342,0.9918523078231148,0.9931141019470804,1.0001105922474838,0.9985688274829924,1.0002872043293058,0.22285742857142868,0.08285714285714287,0.06600006666666663,0.1888870000000001,0.07962871428571436,0.047818400000000004,157126.7142857143,-27240.85714285714,-172082.76666666666
2017-07-27,30.23,30.43,30.18,30.299999,26.184885,3840965.0,1.0066159444260667,0.9983460138934833,1.0023155474694012,-0.13000100000000003,0.017282000000001574,133586.0,1.006308407850977,1.0045943091602418,1.00626902778455,0.9945827667433461,0.9924310325343811,0.9934017598448492,1.002872794374334,0.998933327755726,1.0006007970379875,0.2057141428571429,0.10928564285714286,0.06766663333333334,0.24691042857142875,0.10370242857142868,0.06625430000000006,-165826.42857142858,-259737.42857142858,-578982.1333333333
2017-07-28,30.15,30.190001,29.575001,29.700001,25.666372,8210495.0,1.0013267330016584,0.9809287230514097,0.9850746600331676,-0.08000000000000185,-0.5185130000000022,4369530.0,1.0042350575076493,1.0045405241815288,1.0059322998369862,0.9920550764444258,0.9914401750449857,0.9927660506132295,0.998920458385079,0.9981395766835718,0.9999604273724265,0.1585712857142855,0.09285714285714265,0.07166666666666661,0.03580199999999983,0.059258428571428566,0.04551376666666667,-511615.0,253251.35714285713,80718.73333333334
2017-07-31,29.84,29.889999,29.52,29.629999,25.605881,3525880.0,1.0016755697050939,0.9892761394101877,0.9929624329758714,-0.3099999999999987,-0.06049099999999896,-4684615.0,1.0040959951034054,1.0042637952647206,1.005644388540661,0.9918003006698148,0.9913926801220276,0.9924322976965666,0.9976785779571079,0.9975873417663089,0.9994176412469257,-0.05142871428571435,0.07214285714285726,0.057333300000000045,-0.07654242857142839,0.04814764285714267,0.03600790000000001,-1555559.857142857,-32567.14285714286,17574.433333333334
2017-08-01,29.629999,29.85,29.530001,29.76,25.718227,3865527.0,1.007424941188827,0.9966251095722277,1.0043874790545892,-0.21000099999999833,0.11234599999999872,339647.0,1.0043968225680706,1.0047693871273045,1.0058918865802888,0.9926954483518655,0.9924390639080113,0.9928931019222749,0.9981628787263046,0.9989901116864003,1.000137191122046,-0.06428585714285669,0.05571421428571429,0.03799996666666677,-0.04320914285714293,0.0833324285714284,0.05069903333333332,-470801.4285714286,-148496.42857142858,-68768.2
2017-08-02,29.809999,29.9,29.540001,29.639999,25.614521,5076112.0,1.0030191547473717,0.9909427034868401,0.9942972155081252,0.17999999999999972,-0.10370599999999897,1210585.0,1.0044940174589534,1.00483550709306,1.005938645761523,0.9929766526636461,0.9921410325101768,0.9931060387817979,0.9975391216748902,0.9987821518530408,1.0003541864282555,-0.01714299999999978,0.0821427857142858,0.06566663333333338,-0.030863857142857092,0.06543107142857149,0.06164536666666661,46410.57142857143,-15598.57142857143,-81093.66666666667
2017-08-03,29.73,29.73,29.450001,29.58,25.562672,3737590.0,1.0,0.9905819374369323,0.994954591321897,-0.07999900000000082,-0.0518490000000007,-1338522.0,1.0029131034031902,1.0042634766314393,1.005357039073046,0.9917270329183615,0.9917170155152268,0.9928163369750488,0.9959081257623625,0.9980735711175905,0.9997861515406575,-0.012857142857142836,0.0721429285714285,0.07399999999999997,-0.05308585714285741,0.044443999999999866,0.05012289999999998,88906.71428571429,-62475.28571428572,-42514.36666666667
2017-08-04,29.58,29.58,29.32,29.49,25.484894,3753077.0,1.0,0.9912102772143341,0.9969574036511156,-0.15000000000000213,-0.07777799999999857,15487.0,1.0028660490098598,1.0041394662104666,1.005357039073046,0.9911301291522021,0.9915604033881682,0.9929191744368595,0.9958499042877381,0.997980248267611,0.9998166748026296,-0.11142871428571459,0.055714357142857045,0.05966663333333327,-0.09752985714285702,0.045678571428571554,0.05213929999999998,6528.285714285715,81827.5,-59909.03333333333
2017-08-07,29.700001,29.870001,29.635,29.799999,25.752792000000003,3189692.0,1.0057239055311815,0.9978114142151039,1.003366935913571,0.12000100000000202,0.2678980000000024,-563385.0,1.002738614882019,1.0045235113664979,1.0052823290546251,0.9910537577695765,0.9928182622564613,0.9929548385176737,0.9960001026369053,0.9994364485056197,0.9997599475216757,-0.07571414285714287,0.06500000000000002,0.0693333333333334,-0.06172757142857118,0.09259142857142878,0.058764700000000045,-93039.0,-129432.71428571429,-31576.966666666667
2017-08-08,29.889999,29.950001,29.5,29.690001,25.657732,3629014.0,1.002007427300349,0.9869521909318231,0.9933088656175599,0.18999799999999922,-0.0950600000000037,439322.0,1.002835856924689,1.003535457216169,1.005085546776442,0.9919142531810641,0.9919846648127449,0.9925798408329222,0.99717641772039,0.9980484380527346,0.9992732131873996,-0.037142999999999864,0.060714142857142814,0.06933333333333327,-0.0012342857142856798,0.017283857142857073,0.04781836666666663,-654497.2857142857,-583056.1428571428,-76864.73333333334
2017-08-09,29.620001,29.99,29.610001,29.91,25.847853,3943989.0,1.0124915255742226,0.9996623902882381,1.0097906478801266,-0.26999800000000107,0.19012100000000132,314975.0,1.0043809934774217,1.0042384942904135,1.0049278381709839,0.9933980033064999,0.9925991519881574,0.9926164295375005,0.9995804484209979,0.9986295131890529,0.9990254753254716,-0.03142842857142877,-0.04142857142857156,0.058333333333333334,0.034567428571428645,-0.020987499999999874,0.04493770000000007,59729.857142857145,-747915.0,-75575.63333333333
2017-08-10,29.959999,30.084999,29.690001,29.83,25.778717,4501853.0,1.0041722297787794,0.990988050433513,0.9956609144079076,0.33999800000000135,-0.06913600000000031,557864.0,1.0039163204188435,1.004156571493457,1.0046310687033586,0.9925927091438264,0.992644078747846,0.9923625223855166,0.9983337963286149,0.9982483375274597,0.9984856740995519,0.047142857142856896,-0.00857149999999989,0.042666633333333336,0.008641428571428784,-0.017283857142857073,0.02333296666666662,90903.71428571429,-189948.85714285713,-99468.56666666667
2017-08-11,29.32,29.48,29.1,29.26,25.286131,6162984.0,1.005457025920873,0.9924965893587995,0.9979536152796726,-0.6399989999999995,-0.4925859999999993,1661131.0,1.0042645877293437,1.0043793025941485,1.004592140883055,0.9928146928398206,0.9928956727517333,0.9922751225514982,0.9988561391531215,0.9981976304140058,0.9983709724331422,-0.06999985714285728,-0.04357142857142853,0.021333333333333353,-0.04691285714285698,-0.03888835714285704,0.015555399999999981,155267.42857142858,100839.0,-182149.6
2017-08-14,29.32,29.52,29.139999,29.43,25.433044,3993234.0,1.0068212824010914,0.9938608117326057,1.0037517053206002,0.0,0.14691299999999785,-2169750.0,1.0052390566437854,1.0040760800234878,1.004610530539929,0.9932831034534881,0.992505068185925,0.9922098060636574,1.0001128697243649,0.9980104977433637,0.9985656902571806,-0.058571428571428594,-0.03571428571428571,0.020333366666666682,-0.018518285714285758,-0.03580207142857158,0.02246886666666666,36520.57142857143,62713.642857142855,3610.4
2017-08-15,29.799999,29.969999,29.700001,29.809999,25.761433,4930268.0,1.00570469817801,0.9966443623035021,1.0003355704810595,0.4799989999999994,0.3283890000000014,937034.0,1.0060540135263583,1.004460031268109,1.004188959285346,0.9940594013233692,0.9925947652377857,0.9920979514737741,1.0005954649857853,0.9982226846367618,0.9981036510850848,0.03142842857142877,-0.040000142857142915,0.030666666666666606,0.039505571428571376,-0.02901214285714282,0.01497920000000003,168170.14285714287,87349.21428571429,-59748.86666666667
2017-08-16,30.0,30.43,29.959999,30.42,26.288589,6962454.0,1.0143333333333333,0.9986666333333333,1.014,0.20000100000000032,0.5271560000000015,2032186.0,1.0072839317838083,1.0050112733329137,1.004632596857165,0.9941815754831164,0.9926176666263464,0.992366470514339,1.0021144741409895,0.9990572883889474,0.9987296451618121,0.04285699999999996,-0.01642857142857146,0.02366663333333333,0.07654242857142839,0.007407428571428605,0.03658393333333336,538966.0,222963.5,112028.93333333333
2017-08-17,30.5,30.52,30.16,30.360001,26.236734,5784939.0,1.0006557377049181,0.9888524590163934,0.9954098688524591,0.5,-0.051855000000003315,-1177515.0,1.0070908332701756,1.0049633450974322,1.0045973782985989,0.9944530423523407,0.9931836477667024,0.9923259371734111,1.0024146174602608,0.9997955175903253,0.9988163679509672,0.08714300000000007,0.025000000000000102,0.04333329999999999,0.0827145714285713,0.040740142857142815,0.03946443333333332,307989.28571428574,-173254.0,56539.6
2017-08-18,29.98,30.01,29.74,30.01,25.934273,5678986.0,1.0010006671114076,0.9919946631087391,1.0010006671114076,-0.5199999999999996,-0.3024609999999974,-105953.0,1.0054492820612018,1.0049151377693117,1.0045378186573501,0.9933576527552693,0.9933778280308847,0.9923842970125106,1.0011589059218724,1.000369677171435,0.9989426387329765,0.051428428571428854,0.01000000000000004,0.042666633333333336,0.01234571428571434,0.023456571428571493,0.04004073333333338,247856.7142857143,153793.2857142857,-59943.433333333334
2017-08-21,30.030001,30.09,29.74,30.01,25.934273,3196519.0,1.0019979686314364,0.9903429573645369,0.9993339660561451,0.050000999999998186,0.0,-2482467.0,1.0051386733258671,1.0045274968723554,1.00453509352161,0.9932654966025586,0.9929291028731925,0.9922357046612303,1.0016836275859062,1.0000087119572605,0.9990475317667371,0.010000285714285542,0.02857157142857122,0.03933336666666657,0.022222285714285812,0.015431857142857299,0.03658396666666673,-186476.2857142857,-47786.28571428572,-48948.566666666666
2017-08-22,29.9,30.0,29.709999,29.9,25.839212,4044031.0,1.0033444816053512,0.9936454515050168,1.0,-0.13000100000000003,-0.09506100000000117,847512.0,1.0048368812807926,1.0045507345050682,1.004461583757108,0.9934296197663038,0.9931221563030622,0.9923591841003443,1.0019759682602387,1.0004160537066802,0.9990244077061521,0.08285714285714262,0.006428642857142667,0.03566666666666667,0.07901157142857126,0.01604935714285714,0.0302465999999999,-302707.5714285714,-73720.07142857143,2073.7
2017-08-23,30.15,30.18,29.76,29.9,25.839212,4543455.0,1.0009950248756219,0.9870646766169155,0.9917081260364843,0.25,0.0,499424.0,1.004004558777154,1.0046218077104696,1.0044831960825404,0.9924587433212053,0.9928709233873467,0.9925288154352928,1.0002554569339366,1.0001841633291506,0.9992563885682578,0.11857142857142833,0.029999999999999867,0.04333333333333324,0.05802400000000014,0.01975285714285719,0.042921299999999954,78603.0,57561.78571428572,-46700.73333333333
2017-08-24,29.76,29.934999,29.610001,29.799999,25.752792000000003,5003582.0,1.0058803427419354,0.9949597110215054,1.0013440524193549,-0.389999999999997,-0.08641999999999683,460127.0,1.004029650857715,1.0050418321920365,1.0046094249997117,0.9922180788523487,0.993138740087859,0.9925236343674588,1.0003995257822644,1.0004974953840249,0.999394235209731,-0.005714142857142589,0.012857142857143091,0.036666666666666715,-0.0012344285714281763,0.019135571428571602,0.03514353333333346,10473.42857142857,89321.78571428571,-9697.0
2017-08-25,29.73,29.790001,29.57,29.65,25.623163,4933997.0,1.002018197107299,0.9946182307433569,0.9973091153716783,-0.030000000000001137,-0.12962900000000133,-69585.0,1.002270345682567,1.0047771387331879,1.0044097506878653,0.9916397356252091,0.9929106555541628,0.9924603028800297,0.9980151136925041,1.0000647939167469,0.999142048334847,-0.038571428571428513,0.002142785714285722,0.033666699999999966,-0.09506085714285716,-0.009259214285714381,0.02275690000000002,-289779.5714285714,124593.21428571429,10725.1
2017-08-28,29.639999,29.709999,29.299999,29.49,25.484894,3337403.0,1.0023616734939835,0.9885290144577941,0.9949393048225136,-0.09000100000000089,-0.13826900000000109,-1596594.0,1.0025140507952908,1.004802442032733,1.0044306016078777,0.991593529259695,0.9930232858060178,0.9922978417955177,0.9979478902596549,1.0001812538599577,0.9990312277105697,-0.12285728571428578,-0.017857142857142856,0.027999999999999994,-0.10740571428571398,-0.012345571428571336,0.021316666666666723,-349648.0,-20829.35714285714,24330.366666666665
2017-08-29,29.33,29.35,28.969999,29.120001,25.165146,7067877.0,1.0006818956699626,0.9877258438458917,0.9928401295601773,-0.30999900000000125,-0.3197480000000006,3730474.0,1.0024685120179415,1.0039588970395716,1.0044417556853182,0.990983697936431,0.9921706753458502,0.9925486569217473,0.9967820991809077,0.99897050255139,0.9993598942765274,-0.09285714285714317,-0.020714357142857156,0.017999966666666603,-0.10987528571428586,-0.04876478571428576,0.023621133333333332,198413.0,223134.85714285713,68870.9
2017-08-30,29.139999,29.280001,28.91,29.059999,25.113293,4420831.0,1.0048044613865634,0.9921071033667503,0.997254632712925,-0.19000099999999875,-0.05185300000000126,-2647046.0,1.002869439554388,1.0040040564401276,1.0040738982180386,0.99123571879389,0.9922506076982243,0.9923314751958441,0.9964850515604475,0.9990843395731769,0.9988436816350266,-0.12714314285714273,-0.058571428571428594,0.0033332666666666456,-0.11728285714285747,-0.04753028571428582,-0.010082166666666718,174901.7142857143,-5787.285714285715,-245698.96666666667
2017-08-31,29.25,29.469999,29.18,29.4,25.407116,5020441.0,1.0075213333333335,0.9976068376068375,1.005128205128205,0.11000100000000046,0.2938229999999997,599610.0,1.0034661326583856,1.004151506969589,1.0042363091113231,0.9918016310941502,0.9926156254302271,0.9925497174549899,0.9972176522930484,0.9995968102766436,0.9989594352735778,-0.09285714285714265,-0.00500000000000002,-0.03166670000000001,-0.06172800000000019,0.008641785714285533,-0.02448540000000001,139487.14285714287,-81610.21428571429,-313145.26666666666
2017-09-01,29.6,29.635,29.18,29.59,25.571316,3646631.0,1.0011824324324325,0.9858108108108108,0.9996621621621621,0.3500000000000014,0.164200000000001,-1373810.0,1.0034929051665014,1.0037487319718277,1.0040984185611985,0.9916225074075639,0.9920406253643845,0.9923981086220877,0.9983539431681452,0.9993047000510408,0.9989149282233093,-0.07857142857142817,0.02000000000000008,-0.015999999999999896,-0.0382708571428572,0.009876571428571472,-0.014979166666666661,-128117.71428571429,-24757.35714285714,-117150.2
2017-09-04,29.5,29.5,29.27,29.4,25.407116,2137446.0,1.0,0.9922033898305085,0.9966101694915254,-0.10000000000000142,-0.164200000000001,-1509185.0,1.0026528562033676,1.0033412535305413,1.004020458877492,0.9912287472374215,0.991723413044885,0.9925057458396256,0.9976776741784553,0.9990385999803598,0.9988464833774259,-0.037142857142857366,-0.02142849999999998,-0.014333333333333325,-0.049382285714286364,-0.025308357142857268,-0.014115066666666702,-409448.0,-199487.2857142857,-87126.4
2017-09-05,29.41,29.450001,29.110001,29.35,25.363909,2697819.0,1.0013601156069365,0.9897994219653179,0.9979598775926556,-0.08999999999999986,-0.043206999999998885,560373.0,1.002558844560459,1.002414595121513,1.0036969161180451,0.9905403459834158,0.9910900408043125,0.9921880840500052,0.9977706402100235,0.9978928769512638,0.9985660938735281,-0.045714285714285756,-0.042142857142857135,-0.01366666666666667,-0.037036285714286014,-0.06604857142857158,-0.019012133333333382,-319454.0,-304616.78571428574,-13914.133333333333
2017-09-06,29.01,29.200001,28.834999,29.200001,25.23428,5556252.0,1.0065495001723543,0.9939675629093415,1.0065495001723543,-0.3999999999999986,-0.12962900000000133,2858433.0,1.0031571055145119,1.0028355781549012,1.003904253432013,0.9913172814764941,0.9914554053680945,0.992140716027735,0.999429239545715,0.998688564902685,0.9988722454134904,-0.08999985714285685,-0.10642857142857132,-0.04500003333333329,-0.035802000000000334,-0.07160385714285715,-0.031110766666666716,316978.4285714286,-16334.785714285714,61629.1
2017-09-07,29.219999,29.309999,28.934999,29.129999,25.173784,3702265.0,1.0030800822409336,0.9902464062370433,0.9969199177590663,0.20999899999999982,-0.060495999999997,-1853987.0,1.003499703596079,1.0029841078070103,1.0037863913591754,0.9916773618180871,0.9913305298772591,0.9918707291058536,1.0000120664312706,0.9983970828060891,0.9986923910898126,-0.01571442857142813,-0.05428578571428565,-0.033666699999999966,0.0012340000000001794,-0.05432064285714284,-0.033703366666666665,-480801.71428571426,-141194.35714285713,-4623.333333333333
2017-09-08,29.190001,29.195,28.67,28.85,24.931814000000003,3524443.0,1.0001712572740233,0.9821856463793888,0.9883521415432635,-0.029998000000002634,-0.24196999999999846,-177822.0,1.0028378172942878,1.002853628424338,1.0037478755015876,0.9902600108198926,0.9907478648068915,0.9919126265501196,0.9987402819784618,0.9976126667694548,0.9988016404734824,0.007143142857142745,-0.05999999999999999,-0.031999966666666664,-0.02592557142857085,-0.07160421428571416,-0.024485266666666543,-128055.42857142857,23423.14285714286,-156201.73333333334
2017-09-11,29.049999,29.535,28.879999,29.48,25.476252,5105687.0,1.0166953878380511,0.9941480204525998,1.0148021003374217,-0.14000199999999907,0.544437999999996,1581244.0,1.0041483965092473,1.0038072645838165,1.0042485361060194,0.9897658940835729,0.9907837625888616,0.9920750225848668,1.0001222670083496,0.9986699596506992,0.9995296293855341,-0.028571571428571474,-0.06071435714285706,-0.026333366666666674,0.009876571428571472,-0.02592571428571436,-0.004320966666666711,12178.0,75832.57142857143,52660.23333333333
2017-09-12,29.65,30.049999,29.58,29.9,25.839212,5128719.0,1.0134906913996629,0.9976391231028667,1.0084317032040473,0.6000009999999989,0.36296000000000106,23032.0,1.0059067192188518,1.0046998121926765,1.004450727779714,0.991455652982438,0.991539080195001,0.992108823035888,1.001375058585762,0.9998645008769537,0.9996644368571826,0.007142857142856737,-0.03571428571428571,0.0006666999999999017,0.0382708571428572,0.0,0.0040328333333333665,211726.85714285713,41804.57142857143,42106.4
2017-09-13,30.059999,30.24,29.99,30.040001,25.960199,4026565.0,1.005988057418099,0.9976713572079625,0.9993347305167908,0.40999900000000267,0.12098699999999951,-1102154.0,1.0067621559928657,1.0047075060981168,1.0045496912020715,0.9922367911792173,0.9917327692083192,0.9923331114932588,1.0017642815893715,0.9997209778839132,0.9998323540241383,0.07999985714285732,0.02142849999999998,0.008333333333333333,0.07901185714285727,0.014814785714285452,0.011522599999999984,269874.14285714284,-69786.92857142857,-34984.9
2017-09-14,30.049999,30.280001,30.02,30.190001,26.089827,4282419.0,1.0076539769601989,0.9990016971381597,1.0046589685410638,-0.010000000000001563,0.1296280000000003,255854.0,1.007661279043332,1.0051100618018953,1.0048048237674114,0.9935514019181947,0.9920458739508052,0.9926137701499662,1.0027212945820012,1.0002459673960122,1.000155833264777,0.09142842857142851,0.022857071428571376,0.010666633333333309,0.10370257142857144,0.033333142857142714,0.01757183333333335,226371.42857142858,-46541.28571428572,18160.966666666667
2017-09-15,30.0,30.190001,29.610001,29.879999,25.821926,6355771.0,1.0063333666666667,0.9870000333333333,0.9959999666666667,-0.04999899999999968,-0.2679009999999984,2073352.0,1.0076304028282337,1.0053937541713727,1.0050159359896338,0.9925560405501935,0.9919366610133437,0.9924734286872662,1.0012142183669028,1.0003217289563089,1.000123918698629,0.1414285714285712,0.025714357142857174,0.014000000000000058,0.083949428571429,0.024073714285714334,0.011234400000000023,114217.0,215597.7142857143,86756.46666666666
2017-09-18,29.950001,30.24,29.950001,30.18,26.081184,5596818.0,1.0096827709621778,1.0,1.0076794321309037,-0.04999899999999968,0.2592579999999991,-758953.0,1.0085736440741255,1.0060366738351025,1.005147898170667,0.9939494110877588,0.9928133864529228,0.9925463815467628,1.002751291848594,1.0013816791399324,1.00026766857254,0.10428599999999985,0.04428578571428586,0.008333333333333333,0.1296285714285713,0.06543128571428573,0.010946399999999912,270650.4285714286,-105075.64285714286,80237.53333333334
2017-09-19,30.200001,30.379999,30.120001,30.219999,26.115747,4552128.0,1.0059601984781392,0.9973509934651988,1.000662185408537,0.25,0.03456299999999857,-1044690.0,1.0094006356747136,1.0061192264845007,1.0052796572099265,0.9961158892428744,0.9931879500313835,0.9928930082978754,1.004509869543633,1.0016250757610474,1.0005127792322392,0.14428571428571452,0.07571442857142863,0.010333400000000026,0.16913328571428515,0.07160385714285715,0.015267166666666655,146812.14285714287,9378.357142857143,30770.466666666667
2017-09-20,30.049999,30.120001,29.870001,30.030001,25.951555,5599550.0,1.0023295175484033,0.9940100497174725,0.9993345091292681,-0.15000200000000063,-0.1641919999999999,1047422.0,1.0073483684904783,1.005748382499863,1.0049409236090658,0.9960961791378563,0.9929310366107146,0.9927045969455165,1.002300213656754,1.001211240332552,1.0001642412738772,0.14285714285714285,0.057142785714285695,0.014333266666666707,0.06790042857142861,0.03888850000000004,0.0034567333333332803,70551.85714285714,41364.92857142857,55185.36666666667
2017-09-21,29.85,30.07,29.629999,29.76,25.718227,5933786.0,1.0073701842546063,0.9926297822445561,0.9969849246231156,-0.19999899999999826,-0.2333280000000002,334236.0,1.0064740103268988,1.0061903647728754,1.0050475220915935,0.9953805590152405,0.9934181059988392,0.992759321339218,1.0006649595737636,1.001020009079763,1.0002083749477175,0.028571428571428976,0.017857142857142856,-0.00366663333333328,-0.01728357142857157,0.01049364285714281,-0.002016333333333383,115009.57142857143,163368.2142857143,47731.1
2017-09-22,29.860001,30.049999,29.67,29.940001,25.873777,3434241.0,1.0063629602691573,0.9936369392619914,1.0026791693677437,0.010000999999999038,0.15555000000000163,-2499545.0,1.00652756787705,1.006644861934958,1.005077719903203,0.9948042135943874,0.9935205023868023,0.9927973330026577,1.0011427365524712,1.0014535090709213,1.0003658934173199,-0.02857114285714297,0.025714357142857174,0.01800003333333334,-0.012345999999999841,0.033332928571428715,0.019588199999999983,-84617.71428571429,92628.21428571429,-90958.1
2017-09-25,30.139999,30.190001,29.959999,30.0,25.925632,2833611.0,1.0016589914286327,0.9940278697421324,0.9953550429779378,0.2799979999999991,0.05185499999999976,-600630.0,1.0056711413725403,1.0066662102079362,1.0049056435374544,0.9940936668235264,0.9938225343708604,0.9928029016029751,0.9998136043291675,1.0012674494555844,1.0000860046725646,0.012857142857142836,0.05214278571428567,0.027333299999999974,-0.02345642857142849,0.04012307142857147,0.016419600000000045,-206972.57142857142,9699.42857142857,-38654.1
2017-09-26,30.030001,30.120001,29.85,29.860001,25.804646,4115211.0,1.0029970028972026,0.9940059609055625,0.9943389945275061,-0.10999800000000093,-0.12098599999999848,1281600.0,1.0051945179769028,1.0064124604025682,1.0048153870280943,0.9950945136195591,0.9938252770848763,0.9927149548897105,0.9995763225950016,1.0003952704809522,0.9998861188074459,0.004285857142856945,0.07285721428571408,0.007666733333333298,-0.0024685714285713595,0.04074042857142882,0.0014404333333333833,-320080.0,-102931.5,-27168.566666666666
2017-09-27,30.0,30.0,29.700001,29.809999,25.761433,5119007.0,1.0,0.9900000333333333,0.9936666333333334,-0.030000999999998612,-0.0432130000000015,1003796.0,1.0038112649823059,1.0061924545282157,1.0043376092503165,0.9936659469528923,0.9938076790203255,0.9924260682230439,0.9975744941953487,1.0001628930219713,0.9992083399185571,0.00714271428571424,0.055714357142857045,0.0,-0.0456787142857143,0.041974928571428496,-0.017571866666666717,-68258.71428571429,101195.85714285714,-61448.23333333333
2017-09-28,30.18,30.18,29.719999,29.75,25.709581,5651194.0,1.0,0.9847580848243871,0.9857521537442014,0.17999999999999972,-0.05185200000000023,532187.0,1.0029598080568574,1.0061802218657856,1.004315751326819,0.991866960004205,0.9939914246235396,0.9922895890833103,0.9954444896718723,0.9999771796077527,0.9988864160816153,-0.0028572857142858004,0.07071421428571435,-0.010666666666666677,-0.05802371428571413,0.055554785714285515,-0.017571766666666613,157009.42857142858,151910.7857142857,-4458.166666666667
2017-09-29,29.76,29.889999,29.459999,29.6,25.579956,6626654.0,1.0043682459677419,0.9899193212365591,0.9946236559139785,-0.41999999999999815,-0.12962500000000077,975460.0,1.0032510549739058,1.005299711732192,1.0044280039553637,0.9912825702212175,0.9936893746795369,0.9922204110209043,0.9947715106411167,0.9985358621489352,0.9986738490417009,-0.041428428571428304,0.050714357142857276,-0.007333333333333295,-0.0530855714285714,0.007407428571428605,-0.011810566666666725,146729.14285714287,108640.5,31588.933333333334
2017-10-02,29.74,30.049999,29.629999,29.9,25.839212,2918932.0,1.0104236381977136,0.9963012441156692,1.0053799596503026,-0.020000000000003126,0.2592560000000006,-3707722.0,1.0036872626800641,1.0050806365034812,1.0047088596075728,0.9918070647742335,0.993593811894737,0.9924190205792754,0.9959708013592862,0.9983178804665249,0.9988753821615061,-0.015714285714286142,0.006428571428571418,-0.009666700000000005,0.01728357142857157,0.0,-0.003168700000000039,-430693.4285714286,-157841.92857142858,-9252.9
2017-10-03,29.950001,30.16,29.82,29.870001,25.813286,4525051.0,1.007011652520479,0.9956593991432587,0.997328881558301,0.21000100000000188,-0.02592599999999834,1606119.0,1.0037799330016814,1.0051537504393657,1.004831098638077,0.9920959876144145,0.9934501006044011,0.9924861521672168,0.9952064745293657,0.9981746055409185,0.9987863448801162,0.012857142857142836,-0.007857000000000067,0.001666700000000058,-0.00864157142857128,-0.010493785714285562,-0.0008641999999999447,155830.0,35606.142857142855,16034.0
2017-10-04,29.77,29.940001,29.24,29.24,25.268848,6629463.0,1.0057104803493448,0.9821968424588512,0.9821968424588512,-0.18000100000000074,-0.5444380000000031,2104412.0,1.0043587171332118,1.005014929252876,1.0049882804872012,0.9904058408596601,0.9922497538415932,0.9923238910286147,0.9933267315980677,0.9965701679636175,0.998469302094195,-0.052856999999999994,-0.019999928571428578,-0.012666666666666633,-0.09382628571428597,-0.05864135714285723,-0.019012133333333382,542264.5714285715,167646.0,69533.6
2017-10-05,29.370001,29.4,29.049999,29.09,25.139217,3970583.0,1.0010214163765265,0.989104460704649,0.9904664286528285,-0.3999990000000011,-0.12963099999999983,-2658880.0,1.0040764904874009,1.0046355042321518,1.0048263162750208,0.989705626545244,0.9924000700824015,0.9921287160180529,0.9927735079016854,0.9961749152483435,0.9981067146353109,-0.0942857142857143,-0.044999928571428684,-0.01299996666666677,-0.09506128571428617,-0.048764928571428764,-0.020452500000000148,-20661.14285714286,-170370.57142857142,-34433.3
2017-10-06,29.450001,29.5,29.23,29.48,25.476252,3458463.0,1.0016977588557636,0.992529677673016,1.0010186417311158,0.08000000000000185,0.3370350000000002,-512120.0,1.0043190274667957,1.0040651462245507,1.0048156349999697,0.9900670043080558,0.9918664756304741,0.9920590975823748,0.9938237948156542,0.9956991445055016,0.9982303655139588,-0.07857128571428566,-0.03571428571428571,-0.009333300000000004,-0.040740142857143065,-0.04320942857142868,-0.00489703333333343,-237220.57142857142,-152739.64285714287,-49184.46666666667
2017-10-09,29.459999,29.77,29.299999,29.700001,25.666372,3333736.0,1.0105227770034886,0.9945689068081774,1.0081467076763988,0.009997999999999507,0.1901200000000003,-124727.0,1.0058222813244369,1.0043910446906472,1.00508767178362,0.9914685503057401,0.9916677551549726,0.9922604273273876,0.997023016805968,0.9962337532389203,0.9986706122757548,-0.10285728571428569,-0.05285728571428575,-0.005999999999999991,-0.00617271428571442,-0.03209821428571428,0.006049266666666616,-331065.4285714286,-87028.0,-122.23333333333333
2017-10-10,29.610001,29.82,29.549999,29.77,25.726866,2765387.0,1.0070921645696669,0.9979735900718139,1.0054035459168003,0.15000200000000063,0.060494000000002046,-568349.0,1.0062114125532833,1.0047312337635945,1.00530134741361,0.9926191601393478,0.9919508651802827,0.9926020188682517,0.9985630010920855,0.996667255866601,0.9990893928209758,-0.02142842857142873,-0.03142842857142852,0.009333366666666738,0.020987142857143124,-0.016049214285714136,0.018724000000000036,-551609.5714285715,-202440.2142857143,-143416.33333333334
2017-10-11,29.879999,30.0,29.790001,29.9,25.839212,3559353.0,1.0040160978586377,0.9969880186408305,1.0006693775324422,0.26999800000000107,0.11234599999999872,793966.0,1.005296049647701,1.0044916561638826,1.0052750686293457,0.9927172707857996,0.9922621677800166,0.9927647160440543,0.997890060789534,0.99693043107441,0.999203217648293,0.019999857142857586,0.002142785714285722,0.024666666666666733,0.0,0.008641785714285786,0.024197300000000036,91488.71428571429,-169602.35714285713,-28715.933333333334
2017-10-12,30.040001,30.049999,29.799999,30.040001,25.960199,4020839.0,1.000332822891717,0.9920105861514452,1.0,0.16000199999999865,0.12098699999999951,461486.0,1.0043419311293065,1.0040609320654938,1.0050354516146252,0.9921960117869691,0.9921459997006918,0.9925781743288745,0.9982716491383482,0.996739061833857,0.9990322774773528,0.012857142857142836,0.012857142857142836,0.026333366666666674,0.020987571428571123,0.006172999999999921,0.018436100000000028,-72030.28571428571,41899.857142857145,-33320.066666666666
2017-10-13,30.059999,30.200001,30.0,30.059999,25.97748,4170310.0,1.004657418651278,0.9980040252163681,1.0,0.01999800000000107,0.017281000000000546,149471.0,1.0041914937438683,1.00427510543854,1.0051512844885866,0.9944541807523286,0.9924300108059944,0.9929846148090599,1.0008149573585123,0.99707084447829,0.9990435387386142,0.04142842857142881,-0.005714285714285593,0.015333299999999994,0.10123314285714306,0.003703428571428548,0.013538800000000014,-351307.5714285714,95478.5,17455.966666666667
2017-10-16,30.1,30.25,30.08,30.16,26.0639,3140988.0,1.004983388704319,0.9993355481727574,1.0019933554817275,0.040001000000000175,0.08642000000000039,-1029322.0,1.004757489790696,1.0044169901390485,1.0053173974453975,0.995915764676344,0.992810695610794,0.993222353420468,1.002461661191212,0.9976175845464487,0.9992229782716209,0.10428557142857185,0.004999928571428772,0.02000000000000005,0.13209757142857168,0.018518142857142754,0.02189280000000006,-118513.57142857143,-69587.35714285714,33451.4
2017-10-17,30.200001,30.469999,30.15,30.34,26.219456,3677953.0,1.0089403308297904,0.9983443378031676,1.0046357283233203,0.1000009999999989,0.1555560000000007,536965.0,1.0057921429298424,1.0050555851983192,1.0055700712861593,0.9967464304092228,0.9934067173586393,0.9935071839483965,1.0029783878472414,0.9984010913314477,0.9994455066293095,0.10714285714285714,0.014285785714285737,0.026333366666666674,0.10617200000000031,0.032715928571428625,0.02851823333333338,31355.714285714286,-102932.42857142857,32671.133333333335
2017-10-18,30.33,30.48,30.33,30.35,26.228094,3589393.0,1.0049455984174085,1.0,1.0006594131223212,0.12999899999999798,0.008637999999997703,-88560.0,1.004995403131831,1.005408842228134,1.0055166078943276,0.9975223008651976,0.9944954255854689,0.9937082651847517,1.0019087743395159,0.999465895572742,0.9992491703943086,0.12428585714285692,0.010714285714285612,0.04399999999999989,0.08024599999999994,0.03703664285714276,0.03312713333333335,36522.42857142857,-147271.5,-65561.96666666666
2017-10-19,30.450001,30.719999,30.434999,30.6,26.444141,5488155.0,1.0088669291012504,0.9995073234972964,1.0049260753718858,0.12000100000000202,0.21604699999999966,1898762.0,1.0052489409220573,1.0057301767376703,1.0057095027896716,0.9977414056402665,0.9951802828898072,0.9940169624267602,1.001840564261671,1.0002017826768783,0.9995160423147359,0.11999999999999998,0.04928578571428562,0.04100006666666663,0.10246785714285675,0.061727499999999935,0.04234523333333324,388966.85714285716,-81321.35714285714,59529.666666666664
2017-10-20,30.450001,30.74,30.26,30.59,26.435501,3177239.0,1.0095237763703193,0.993760230089976,1.004597668157712,0.0,-0.008639999999999759,-2310916.0,1.0060357521380117,1.0056659008928563,1.0060212534262147,0.9972802929901443,0.994998781887972,0.9944027818837798,1.0024017486367096,1.0001459047131218,1.0000575598685508,0.08142885714285697,0.050714357142857276,0.04200000000000005,0.08518414285714268,0.04259207142857134,0.05012289999999986,-54587.71428571428,18450.5,-11573.466666666667
2017-10-23,30.75,30.75,30.52,30.540001,26.392292,3010186.0,1.0,0.9925203252032521,0.9931707642276423,0.2999989999999997,-0.04320899999999739,-167053.0,1.0059882060106236,1.0051650685699651,1.0054647404982797,0.9973531128546881,0.9947745623208286,0.9943485253754681,1.0014261435263727,0.9998488963323604,0.9993365153315581,0.10142842857142854,0.057142785714285695,0.05666670000000001,0.061727571428571694,0.0413575714285714,0.030534666666666748,-144379.0,-108204.64285714286,-69850.03333333334
2017-10-24,30.5,30.559999,30.35,30.469999,26.331799,3175176.0,1.001967180327869,0.9950819672131148,0.9990163606557377,-0.25,-0.06049300000000102,164990.0,1.0056038862501366,1.0048976899970026,1.0050806234625533,0.9969356759970806,0.9956949283747046,0.9942632868458098,1.0012856236200496,1.001050290489281,0.9990226705799478,0.06285728571428553,0.05214285714285717,0.02833333333333338,0.05061700000000004,0.07592507142857155,0.016419566666666677,-142162.0,-246734.7857142857,-65118.1
2017-10-25,30.73,30.799999,30.48,30.5,26.357721,3689924.0,1.0022778717865277,0.9918646273999349,0.9925154572079401,0.23000000000000043,0.025922000000001333,514748.0,1.0052173838333094,1.0049874368120026,1.0049569506081675,0.9958684016009631,0.9958920831386536,0.9940697291855422,0.9999316381523656,1.001196649671789,0.9987953614696526,0.08999999999999986,0.09714278571428585,0.02233336666666664,0.041974428571428746,0.08703600000000021,0.013250733333333405,78419.42857142857,-20047.071428571428,-11221.366666666667
2017-10-26,30.25,30.280001,29.77,30.129999,26.037973,8360338.0,1.0009917685950414,0.9841322314049586,0.9960330247933885,-0.4800000000000004,-0.3197480000000006,4670414.0,1.004081874942631,1.0049370089362368,1.0047348769959956,0.9938381006869333,0.995292265548078,0.9935740803277687,0.9987026805052326,1.000840534176237,0.998507830011397,0.00714271428571424,0.057142785714285695,0.006666700000000011,-0.025926142857142866,0.040122928571428726,-0.0017284666666666246,668912.1428571428,350133.9285714286,135930.63333333333
2017-10-27,30.280001,30.299999,29.690001,29.84,25.787359,7682850.0,1.0006604359094968,0.9805151921890624,0.9854689238616604,0.030000999999998612,-0.25061400000000233,-677488.0,1.0034697088700721,1.0042325560009515,1.00454577930409,0.991054556713942,0.9942884287895699,0.9933579189562931,0.9965326106108525,0.9992206924751841,0.99815679525123,-0.00714271428571424,0.05857157142857134,0.00933336666666662,-0.06296214285714287,0.008641928571428537,-0.0011522333333334226,584779.5714285715,310651.0,44235.96666666667
2017-10-30,29.93,30.15,29.719999,30.030001,25.951555,4503127.0,1.0073504844637486,0.9929835950551287,1.003341162712997,-0.3500009999999989,0.16419600000000045,-3179723.0,1.0032530739218575,1.0042510074219575,1.0044680364208092,0.9901225955079183,0.9939320005740923,0.993124038791464,0.9963061945167254,0.9990733793891983,0.9980121862706332,-0.07428585714285722,0.022857071428571376,-0.0006667000000000201,-0.07036942857142847,0.016049214285714136,-0.004320966666666711,-140718.2857142857,124124.28571428571,-36456.36666666667
2017-10-31,30.040001,30.18,29.889999,29.92,25.856495,4007993.0,1.0046604192856052,0.995006591377943,0.9960052930757226,0.11000100000000046,-0.09506000000000014,-495134.0,1.0025583086240413,1.0042970303810266,1.0044247104477246,0.9903006471204849,0.9937904700553146,0.9930458920552222,0.9950787123621555,0.9987402304994325,0.997856956526206,-0.058571428571428594,0.01142871428571419,-0.005333333333333338,-0.0827151428571428,0.001234499999999932,-0.008641733333333335,118679.14285714286,32045.714285714286,-18137.833333333332
2017-11-01,30.09,30.23,29.92,30.08,25.994764,6564930.0,1.0046527085410435,0.9943502824858758,0.9996676636756398,0.04999899999999968,0.13826900000000109,2556937.0,1.0032229812727618,1.0046055936416927,1.0045021501474793,0.9905620695894312,0.9939575912220597,0.9930572331475023,0.9960068408547266,0.9987164921905496,0.9978680616777518,-0.0942857142857143,0.00357135714285712,0.0013333666666666725,-0.05678971428571446,0.002468928571428616,0.0014403000000000313,507820.5714285714,181720.7857142857,32179.333333333332
2017-11-02,30.110001,30.129999,29.75,29.83,25.778717,4982010.0,1.0006641647072678,0.9880438064415873,0.9907007309631108,0.0200010000000006,-0.21604699999999966,-1582920.0,1.0030368361841044,1.0043203612171205,1.0042786161625679,0.9895566180506415,0.9932461470238609,0.9929043672874034,0.9948188937557799,0.9980522586879147,0.9976585885557515,-0.05571414285714279,0.0035715714285713723,0.008666699999999968,-0.07901171428571427,-0.014197357142857112,0.002016333333333383,258119.14285714287,57978.57142857143,-31725.866666666665
2017-11-03,29.9,29.98,29.77,29.9,25.839212,3795404.0,1.002675585284281,0.9956521739130435,1.0,-0.21000100000000188,0.06049499999999952,-1186606.0,1.0030936523980691,1.0041555181156891,1.0041557036630722,0.9900976961239427,0.9929830488624528,0.9929715417757717,0.9958881141546456,0.9979098761535055,0.99756928291016,-0.11857142857142884,-0.014285714285714488,0.0013332999999999373,-0.07407271428571452,-0.01604914285714289,-0.0011521666666666874,15068.57142857143,46744.0,12038.766666666666
2017-11-06,29.91,29.91,29.709999,29.75,25.709581,3171613.0,1.0,0.9933132397191574,0.9946506185222334,0.010000000000001563,-0.12963099999999983,-623791.0,1.0029519711702062,1.0035169230564185,1.0041004039487844,0.9914092687402568,0.9926236847135951,0.992947720775006,0.9956906275444805,0.9971966540248565,0.99754580209497,-0.04857142857142855,-0.020714357142857156,-0.007666633333333313,-0.046913142857142986,-0.03641964285714293,-0.007201700000000007,-741246.4285714285,-36167.142857142855,11266.733333333334
2017-11-07,29.870001,30.049999,29.77,30.02,25.942913,3677810.0,1.0060260459984585,0.9966521259908897,1.0050217273176523,-0.03999900000000167,0.23333200000000076,506197.0,1.0037184868972007,1.0035940978836364,1.0042013720521594,0.9937145449976609,0.9923845508558015,0.9930359262778501,0.9984838851810507,0.9975082478959516,0.997901893187975,-0.058571428571428594,-0.032857071428571416,-0.005333333333333338,0.022222000000000314,-0.02037007142857128,0.004608899999999968,-572148.5714285715,6315.5,-14580.033333333333
2017-11-08,29.969999,30.23,29.950001,30.1,26.012049,3288584.0,1.008675375664844,0.9993327327104682,1.0043377045157726,0.09999800000000292,0.06913600000000031,-389226.0,1.0039077570687858,1.0035804154953216,1.0044905512409876,0.9946215646627092,0.9923720800853137,0.993347016257088,0.9986262482957331,0.9974662214062292,0.9982575955607229,0.005714142857143096,-0.03428585714285707,-0.001000033333333287,0.008642000000000292,-0.030863714285714088,0.008353866666666694,-173506.14285714287,-157112.2142857143,-61014.1
2017-11-09,30.32,30.4,30.120001,30.34,26.219456,9471603.0,1.0026385224274406,0.9934037269129287,1.0006596306068603,0.3500009999999989,0.2074069999999999,6183019.0,1.0036189146604764,1.0030886116422588,1.0045785019885691,0.9943925840248501,0.9923466155726676,0.993635204326706,0.999291153657324,0.9971849330097399,0.9987545114561447,0.039999857142857156,-0.009285785714285717,0.004666666666666685,0.051851571428571726,-0.015431785714285542,0.016995833333333366,780515.7142857143,449597.4285714286,127346.96666666666
2017-11-10,30.120001,30.365,30.120001,30.33,26.210814000000003,5908214.0,1.0081340966754948,1.0,1.006972078121777,-0.19999900000000181,-0.008641999999998262,-3563389.0,1.004116255822541,1.0036696185476512,1.0047040303454942,0.9951996865268679,0.9928808780581495,0.993971226952154,1.0003346414353438,0.9981707411450352,0.999166125529738,0.004285857142856945,-0.044999928571428684,0.012000033333333231,0.030864285714286104,-0.012962714285714176,0.021028600000000116,-93816.57142857143,207002.0,-23948.0
2017-11-13,29.450001,29.719999,29.370001,29.51,26.193062,9551143.0,1.0091680132710352,0.997283531501408,1.0020373174180877,-0.6699999999999982,-0.017752000000001544,3642929.0,1.0053310913316504,1.0041839637578776,1.0046621761812715,0.9965196472496993,0.9930381326501704,0.994003969865012,1.0019541537860548,0.9983865237709173,0.9990547041219976,-0.0942857142857143,-0.07499992857142855,-0.00966663333333327,0.05919214285714298,-0.009909785714285644,0.011795000000000045,652733.2857142857,455426.21428571426,221073.7
2017-11-14,29.280001,29.35,29.09,29.200001,25.917906,6390134.0,1.0023906761478596,0.9935108950303656,0.9972677596561558,-0.1700000000000017,-0.2751560000000026,-3161009.0,1.0052903900264476,1.0041920212122584,1.0045081436355174,0.9962137502664598,0.9931557231952012,0.9939323530612489,1.0015638337369341,0.9987259739457899,0.9990526667252593,-0.08857128571428571,-0.10357135714285727,-0.02233333333333339,0.011241999999999816,-0.031415357142857356,0.003487333333333235,370675.71428571426,192872.14285714287,62169.433333333334
2017-11-15,29.18,29.290001,29.01,29.129999,25.855772,6389512.0,1.0037697395476355,0.9941740918437286,0.9982864633310488,-0.1000009999999989,-0.0621339999999968,-622.0,1.0058289242475384,1.004390447708872,1.0044434522754606,0.9963367291413984,0.9938729989408277,0.9943315947074115,1.0020832401381934,0.9988869338413371,0.9995889874209993,-0.10428571428571434,-0.07642857142857144,-0.019666666666666662,0.02088442857142882,-0.013014357142857083,0.019564133333333445,459699.85714285716,-140773.2857142857,-7998.366666666667
2017-11-16,29.07,29.389999,29.040001,29.290001,25.997791,4711353.0,1.0110078775369797,0.9989680426556588,1.007567973856209,-0.10999999999999943,0.14201899999999767,-1678159.0,1.0065406144673272,1.005129550682264,1.0047763343141423,0.9966675743792226,0.9951910596884417,0.9946603807724451,1.0024469896437016,1.0004654374123763,1.0001590389277788,-0.11428585714285688,-0.08642864285714273,-0.010000033333333273,0.007839714285714092,0.015030857142857203,0.028619133333333362,147649.0,-212249.7857142857,24692.333333333332
2017-11-17,29.450001,29.549999,29.33,29.459999,26.14868,4805987.0,1.0033955177115275,0.9959252632962559,1.0003394906506116,0.38000100000000003,0.15088899999999938,94634.0,1.0057863490454246,1.0048470530571052,1.0048329262760012,0.996180793034335,0.9954011788485222,0.9947735669598866,1.0018758162343928,1.0002510322650628,1.0001364005584283,-0.07428542857142872,-0.03428564285714281,0.0,0.019518714285713962,0.014080357142857127,0.02241426666666667,216771.85714285713,21632.85714285714,44917.46666666667
2017-11-20,29.25,29.389999,29.18,29.280001,25.988913,4313922.0,1.0047862905982905,0.9976068376068375,1.0010256752136752,-0.20000100000000032,-0.15976699999999866,-492065.0,1.006093173069832,1.0048560438651541,1.0046417100624945,0.9967812374191791,0.9955869107220147,0.9948748313198418,1.0019281083210807,1.0006096309892025,0.999899032809671,-0.15285714285714289,-0.05642864285714287,-0.006999966666666661,-0.03293471428571441,0.009458428571428661,0.010751366666666703,-736811.5714285715,21852.071428571428,32672.866666666665
2017-11-21,29.42,29.48,29.190001,29.33,26.033293,4536762.0,1.0020394289598913,0.9921822229775662,0.9969408565601631,0.1700000000000017,0.04438000000000031,222840.0,1.0052225062533169,1.004669381037929,1.0044732855421685,0.99566441213026,0.9954320493285639,0.9946817857500336,1.0004950766694216,1.0004148590523827,0.9996169431644498,-0.1000001428571424,-0.04785714285714272,-0.0063333666666666255,-0.02536014285714318,0.0027520714285714626,0.010214233333333312,-195921.7142857143,-144869.14285714287,59045.833333333336
2017-11-22,29.459999,29.51,29.18,29.24,25.953409,6059752.0,1.0016972505667772,0.990495620858643,0.9925322808055763,0.03999899999999812,-0.07988399999999984,1522990.0,1.0041552544384231,1.004743172885037,1.00439599063244,0.9946947106098651,0.9956071789297823,0.9944653724906273,0.9991372142962057,1.0005456840411304,0.9993457066068875,0.001428285714285644,-0.04642871428571433,-0.014000000000000058,-0.03423614285714294,0.01247800000000002,0.0038065666666666923,-498770.14285714284,76981.57142857143,83346.63333333333
2017-11-23,29.110001,29.16,29.01,29.07,25.802519,5519146.0,1.0017175883985714,0.9965647201454924,0.9986258674467239,-0.34999799999999937,-0.1508900000000004,-540606.0,1.0040590990456677,1.0046747445360575,1.0044421494826683,0.9951309713405975,0.9956723608035286,0.9946171769570956,0.9993312296948583,1.000447531715896,0.9992999021884451,-0.024285714285714022,-0.05642849999999987,-0.03099999999999999,-0.016483857142856908,-0.0026209285714285458,-0.005255999999999972,-124426.85714285714,123124.42857142857,49943.566666666666
2017-11-24,29.040001,29.049999,28.799999,28.879999,25.633873,4400000.0,1.000344283734701,0.9917354686041505,0.9944902894459268,-0.07000000000000028,-0.16864599999999896,-1119146.0,1.0035697482152484,1.0046993362313934,1.0042983783187824,0.9947825965920863,0.9955596628667422,0.9944082250700217,0.9987889191398408,1.0004360796390173,0.9991162451699759,-0.019999857142857076,-0.06214278571428571,-0.03399993333333337,-0.03169985714285722,-0.005407714285714198,-0.011453566666666621,-284216.0,87741.92857142857,7656.333333333333
2017-11-27,28.799999,29.0,28.725,28.860001,25.616123,4649716.0,1.0069444794077944,0.9973958679651344,1.0020834028501182,-0.2400020000000005,-0.01774999999999949,249716.0,1.002989262768222,1.0047649386177746,1.0043637480088983,0.9945580002077257,0.9956127872934742,0.9943435690631008,0.9980054089961136,1.0002261993199075,0.9991192467489223,-0.03857157142857152,-0.0764287142857142,-0.04333336666666673,-0.05452399999999967,-0.023342142857142787,-0.014925899999999952,-8805.285714285714,69421.85714285714,50290.933333333334
2017-11-28,28.799999,28.945,28.629999,28.629999,25.411972,7371562.0,1.0050347571192624,0.9940972220172647,0.9940972220172647,0.0,-0.20415100000000308,2721846.0,1.0032234398264697,1.0045048944359471,1.0042335622185474,0.9942968514535842,0.9952388222439595,0.994201998536904,0.9971136563342069,0.9994947362842999,0.9987679632053872,-0.09285742857142866,-0.0835714285714287,-0.046666733333333356,-0.10524400000000002,-0.04286264285714303,-0.02691613333333341,366510.71428571426,291641.28571428574,123120.3
2017-11-29,28.799999,28.995001,28.76,28.77,25.536236,6104592.0,1.0067709030128786,0.9986111457851093,0.9989583680193878,0.0,0.12426400000000015,-1266970.0,1.0035069558856966,1.0048000644777642,1.0042944057050631,0.99444032405048,0.9956107807348297,0.9941557033964077,0.996818326735023,0.9993732175280517,0.998711261701956,-0.06428585714285719,-0.10857150000000004,-0.051000033333333285,-0.06466814285714305,-0.048801428571428725,-0.02306193333333333,255810.0,-240500.7857142857,83839.96666666666
2017-11-30,28.58,28.620001,28.27,28.459999,25.26108,9618552.0,1.0013996151154654,0.989153254023793,0.9958012246326102,-0.2199990000000014,-0.27515599999999907,3513960.0,1.0034155539079215,1.0043190300806193,1.0040454952388704,0.9940076141999411,0.9948360131651005,0.993810567747291,0.9966555221739439,0.9985752994216828,0.9984071000106469,-0.12000000000000048,-0.11000007142857145,-0.06233336666666674,-0.11031614285714296,-0.06783814285714307,-0.03943536666666662,725970.0,265024.14285714284,137679.9
2017-12-01,28.620001,28.84,28.5,28.620001,25.403097,3553303.0,1.0076868970060484,0.9958070930885013,1.0,0.040001000000000175,0.14201699999999917,-6065249.0,1.0042712176849602,1.0042132360616915,1.003984265926728,0.9947663959470636,0.9947305532784644,0.9938787965139084,0.9977223392017188,0.9984297767489622,0.9982538444053899,-0.11999971428571447,-0.05928571428571442,-0.06100000000000006,-0.07861600000000024,-0.05642607142857159,-0.034413466666666656,-358064.14285714284,-428417.14285714284,12535.466666666667
2017-12-04,28.559999,28.68,28.299999,28.33,25.145693,5271911.0,1.0042017158333933,0.9908963582246624,0.9919468134435158,-0.060001999999997224,-0.2574039999999975,1718608.0,1.004626093032792,1.0043425960392296,1.0041243231211745,0.9939566299583736,0.9945438006494856,0.9938246642812888,0.996768188629832,0.998049709162345,0.998213046045919,-0.07857171428571418,-0.0514287142857141,-0.0730000333333333,-0.09383228571428555,-0.05515807142857122,-0.041553299999999994,-35319.28571428572,-79873.07142857143,75390.83333333333
2017-12-05,28.030001,28.24,27.93,28.049999,24.897165,7314638.0,1.0074919369428492,0.9964323583149355,1.0007134498496808,-0.5299980000000026,-0.2485280000000003,2042727.0,1.0056471863482417,1.004608467281745,1.004308481675007,0.9946276142027716,0.9947051053974288,0.9938696773180162,0.997657211544654,0.9982230653422474,0.998269615685717,-0.14428571428571452,-0.0821427857142858,-0.08233330000000004,-0.10524400000000002,-0.06847192857142861,-0.0478211333333333,416376.85714285716,66080.42857142857,137982.06666666668
2017-12-06,28.0,28.370001,28.0,28.24,25.065809,4935820.0,1.0132143214285714,1.0,1.0085714285714285,-0.030000999999998612,0.16864400000000046,-2378818.0,1.0065428780654957,1.0047660704168586,1.0046730299964084,0.9949996330648953,0.9947788166363105,0.9941408564046851,0.998584072361984,0.9982947406790489,0.9988048147311667,-0.11428557142857139,-0.07642857142857144,-0.09100000000000001,-0.07861628571428574,-0.0665701428571427,-0.04306373333333333,40872.0,16033.357142857143,41529.86666666667
2017-12-07,28.25,28.605,28.24,28.48,25.278831,5473678.0,1.012566371681416,0.999646017699115,1.008141592920354,0.25,0.2130219999999987,537858.0,1.0076188230029461,1.005421131414708,1.0050588500992876,0.9957923181623023,0.9950445848079432,0.9946579826144901,1.0005904110624253,0.9988520336983162,0.9992084336687321,-0.07857128571428566,-0.08571435714285716,-0.06666666666666667,-0.019020142857142628,-0.06213207142857132,-0.025304733333333353,-271126.28571428574,47692.21428571428,-96222.0
2017-12-08,28.5,28.73,28.440001,28.51,25.30546,3660829.0,1.0080701754385966,0.9978947719298246,1.0003508771929825,0.25,0.02662899999999979,-1812849.0,1.0078044333494771,1.005655694617587,1.0053058414169243,0.9956899790401188,0.9950651515452994,0.9952373019391824,1.0007893409443673,0.9988038338396953,0.9997044987797762,-0.04285699999999996,-0.05357142857142857,-0.05933336666666662,-0.032967999999999824,-0.04881807142857143,-0.01606329999999995,-349109.0,-46649.5,-134067.36666666667
2017-12-11,28.66,28.719999,28.434999,28.5,25.296583,2885631.0,1.002093475226797,0.9921493021632938,0.994417306350314,0.16000000000000014,-0.0088770000000018,-775198.0,1.0079035562225245,1.005659555065223,1.0051306077756925,0.9961179859171904,0.9950628000585657,0.9952094921761212,1.0005916383326108,0.9986235802532775,0.9994070369010202,0.011428571428571692,-0.054285714285714395,-0.04233333333333332,0.005071857142856929,-0.05262214285714301,-0.021832400000000026,-961845.8571428572,-117937.92857142857,-53916.53333333333
2017-12-12,28.58,28.860001,28.549999,28.82,25.580616,3876928.0,1.0097970958712388,0.9989502799160253,1.0083974807557734,-0.08000000000000185,0.28403300000000087,991297.0,1.008205013203266,1.0062381154441131,1.005301830328547,0.9965670126068366,0.9956667042769501,0.9953409484607239,1.0017912784405785,0.9997568088211486,0.9998201098236884,-0.005714428571428597,-0.06285707142857154,-0.04866670000000006,0.025359857142857174,-0.026628071428571536,-0.00919596666666666,46232.142857142855,-155916.0,-4368.833333333333
2017-12-13,28.83,29.025,28.58,28.67,25.447477,4043787.0,1.0067637877211237,0.9913284772806105,0.9944502254595908,0.25,-0.1331389999999999,166859.0,1.008571023472942,1.006598558252867,1.0053721996345497,0.9966287439005435,0.9952926869294585,0.9952402216205484,1.002148908728589,0.9994585486792105,0.9996461952164868,0.038571571428571004,-0.020000071428571582,-0.04200000000000005,0.04311199999999969,-0.025360142857142925,-0.018242900000000024,-175446.2857142857,-105382.78571428571,-84038.1
2017-12-14,28.73,28.77,28.5,28.5,25.296583,4940301.0,1.0013922728854856,0.9919944309084581,0.9919944309084581,-0.09999999999999787,-0.15089400000000097,896514.0,1.0076996428933185,1.00667341462078,1.005396469907157,0.9959947542710468,0.9953111842369091,0.9953719091027774,1.0009033345941287,0.9992802730693914,0.9996893185479985,0.0999998571428574,-0.022142928571428553,-0.046000033333333336,0.05705971428571388,-0.02409214285714307,-0.0160711333333334,-339191.0,38592.92857142857,-1390.3
2017-12-15,28.459999,28.48,28.219999,28.219999,25.048054,6472122.0,1.000702775850414,0.9915671114394629,0.9915671114394629,-0.2700010000000006,-0.24852899999999778,1531821.0,1.0059122792392958,1.0062275786523958,1.0053307095926947,0.9947900559052557,0.9948948444850754,0.995235740353658,0.9984741464324193,0.9985291093972017,0.9994082222626471,0.06571414285714283,-0.024285714285714275,-0.04800003333333329,-0.002536428571428725,-0.04057635714285723,-0.026371933333333313,219471.7142857143,130171.85714285714,89223.93333333333
2017-12-18,28.6,28.924999,28.48,28.82,25.580616,8034427.0,1.0113636013986014,0.9958041958041958,1.0076923076923077,0.1400010000000016,0.5325619999999986,1562305.0,1.0057404549131796,1.0066796389580628,1.0057094963059814,0.9942412242059816,0.995016771184142,0.9953187722231592,0.9984099628284129,0.9995001869454191,0.999842945234983,0.050000000000000204,-0.014285642857142733,-0.043666666666666624,0.043112142857142696,0.012046000000000032,-0.004298833333333363,365821.28571428574,47347.5,162093.8
2017-12-19,29.0,29.129999,28.959999,29.02,25.758139,7378330.0,1.004482724137931,0.9986206551724138,1.0006896551724138,0.3999999999999986,0.17752300000000076,-656097.0,1.0052279618702273,1.0065161976098522,1.0056580522439638,0.9943449218120658,0.9950174504260921,0.9953843898625435,0.9984583596826173,0.9996238503134923,0.9996985428301417,0.07142857142857142,0.014285785714285737,-0.029000033333333283,0.06466842857142854,0.015850214285714363,-0.0061591333333333624,531071.5714285715,90981.28571428571,123350.66666666667
2017-12-20,29.0,29.15,28.84,29.059999,25.79364,5998572.0,1.0051724137931033,0.9944827586206897,1.0020689310344828,0.0,0.035501000000000005,-1379758.0,1.0056678102368424,1.0067856832296835,1.0055412868482392,0.9946782727345509,0.9953981293258707,0.9952227240595508,0.9995514489232128,1.0000715436279117,0.999622917047432,0.04857142857142855,0.03000000000000012,-0.032333300000000044,0.07100814285714309,0.03804000000000001,-0.00728030000000004,444705.85714285716,-258570.0,90332.93333333333
2017-12-21,28.690001,29.110001,28.690001,28.889999,25.642748,11761208.0,1.0146392466141776,1.0,1.006971000105577,-0.30999900000000125,-0.15089199999999892,5762636.0,1.0063595460572623,1.007282279630264,1.005941310987797,0.9948282327465473,0.995697622676692,0.9954425998291199,0.9993476659731847,1.0005694722068816,0.9998332960307227,0.015714428571428636,0.00500000000000002,-0.05433330000000005,0.008876000000000264,0.017117928571428718,-0.0192236,1126325.7142857143,586278.9285714285,76320.16666666667
2017-12-22,28.99,29.004999,28.860001,28.870001,25.624996,6069350.0,1.0005173853052778,0.9955157295619179,0.9958606760952052,0.2999989999999997,-0.017752000000001544,-5691858.0,1.0054672028549987,1.0070191131639703,1.0056874206087898,0.9954264116438768,0.9960275777722103,0.9952931241478505,0.9995491589211296,1.0008490338248595,0.9994629159631702,0.022857142857142878,0.030714357142856943,-0.037666700000000004,0.025359857142857174,0.03423592857142843,-0.019527266666666775,289366.14285714284,56959.92857142857,5371.2
2017-12-27,28.969999,28.985001,28.76,28.799999,25.562864,2278439.0,1.0005178460655106,0.9927511561184382,0.9941318603428325,-0.02000099999999705,-0.0621319999999983,-3790911.0,1.0053422847378592,1.006520963815589,1.0053990817019391,0.9955345152453026,0.9957646347581747,0.9951420449684181,0.9998545059831832,1.000378920288656,0.9991994007273284,0.03428557142857157,0.06714271428571449,-0.016000066666666632,0.038040142857143265,0.047549928571428576,-0.0210066,-380266.0,-359728.5,-242423.46666666667
2017-12-28,28.790001,28.860001,28.74,28.809999,25.571741,1918236.0,1.0024313997071415,0.9982632511891889,1.0006946161620487,-0.1799980000000012,0.008876999999998247,-360203.0,1.0055892310031063,1.005750755121201,1.005400439153915,0.9964911066381206,0.9956405812716882,0.9953004568403789,1.0011584352292668,0.9998162908308431,0.9993136292775249,0.047143142857142904,0.05642864285714287,-0.01633333333333328,0.07481242857142842,0.036137999999999844,-0.011538833333333305,-650555.1428571428,-215541.7142857143,-149063.26666666666
2017-12-29,28.76,28.870001,28.639999,28.74,25.509607,3476848.0,1.0038247913769123,0.9958275034770514,0.9993045897079276,-0.030000999999998612,-0.062134000000000356,1558612.0,1.004512258142865,1.0051263565280222,1.005402274214891,0.9964944363056715,0.9953678302558265,0.9953555705614896,0.9999601898029269,0.9991850763156698,0.9993475668234207,0.022857142857142878,0.03642857142857154,-0.013999999999999938,-0.01014414285714287,0.016483999999999912,-0.011538833333333423,-651082.7142857143,-142630.7142857143,-97088.8
2018-01-02,28.629999,28.75,28.48,28.58,25.367592,2959389.0,1.0041914426891876,0.9947607752274109,0.9982536150280689,-0.13000100000000003,-0.14201500000000067,-517459.0,1.00447064650733,1.0048493041887787,1.0051750597199645,0.9959430248849567,0.9951439733485111,0.9952153283138814,0.9996121840680203,0.9990352718753188,0.999037088195816,-0.052857285714285496,0.009285642857142966,-0.014666699999999958,-0.05579242857142879,0.004437999999999879,-0.021006633333333368,-631277.2857142857,-50102.857142857145,-58398.8
2018-01-03,28.700001,28.725,28.48,28.59,25.376469,4369561.0,1.0008710452658174,0.9923344601974056,0.9961672126771006,0.07000199999999879,0.0088770000000018,1410172.0,1.0038561652891465,1.0047619877629945,1.005090910638441,0.9956361251102018,0.9951571989223763,0.9950956348772529,0.9987690814455371,0.999160265184375,0.9988980122633657,-0.04285699999999996,0.0028572142857142984,-0.025,-0.0595958571428571,0.005706142857142993,-0.025740366666666622,-232715.85714285713,105995.0,-14547.533333333333
2018-01-04,28.74,28.74,28.5,28.52,25.314335,2747769.0,1.0,0.9916492693110648,0.9923451635351427,0.03999899999999812,-0.062134000000000356,-1621792.0,1.001764844344264,1.0040621952007631,1.0049313676184979,0.9944431635832112,0.9946356981648792,0.994897049267394,0.9966796762211895,0.998013671097187,0.9986086618740814,0.00714271428571424,0.011428571428571439,-0.017000000000000053,-0.046916142857143024,-0.01902007142857138,-0.022485933333333343,-1287634.142857143,-80654.21428571429,-52205.1
2018-01-05,28.67,28.82,28.65,28.75,25.518484,2967315.0,1.0052319497732822,0.9993024066968956,1.002790373212417,-0.06999999999999673,0.20414900000000102,219546.0,1.002438353553979,1.0039527782044888,1.0050377849789442,0.9949841174596364,0.9952052645517567,0.9951343887247048,0.9976696329522197,0.9986093959366747,0.9988036457624897,-0.04571428571428525,-0.011428571428571186,-0.025,-0.0152159999999998,0.0050719285714286855,-0.017160299999999986,-443147.85714285716,-76890.85714285714,-52314.9
2018-01-08,28.870001,28.98,28.83,28.83,25.589495,2178359.0,1.003810148811564,0.9986144441075704,0.9986144441075704,0.20000099999999676,0.0710109999999986,-788956.0,1.0029086825177007,1.00412548362778,1.0051082149204371,0.9958217300295126,0.9956781226374076,0.9954050161663358,0.998310002061468,0.9990822540223255,0.999006384539223,-0.014285428571428989,0.010000071428571289,-0.019666600000000044,0.0038044285714283277,0.0209222857142858,-0.012130466666666706,-14297.142857142857,-197281.57142857142,-129379.76666666666
2018-01-09,28.99,29.1,28.860001,28.940001,25.68713,9028706.0,1.0037944118661608,0.9955157295619179,0.9982753018282167,0.11999899999999997,0.09763500000000036,6850347.0,1.0031033985404176,1.004346314771762,1.0051774423693567,0.9954292269399023,0.9959601667890114,0.99537004981355,0.9979643857280635,0.9995614104786651,0.9989946990186059,0.028571285714285466,0.03785721428571419,-0.004000033333333401,0.016484142857142916,0.04564828571428566,-0.0038463000000000134,1015781.4285714285,182613.14285714287,116985.33333333333
2018-01-10,29.059999,29.08,28.780001,28.799999,25.562864,3498166.0,1.000688265680945,0.9903648310517835,0.9910529934980382,0.06999900000000281,-0.12426599999999866,-5530540.0,1.0026553234409938,1.0035837907919294,1.0051889084342316,0.9946488451648641,0.9955716407352677,0.9953243618951378,0.9967855862695078,0.9983728880362174,0.9988801224870099,0.04285699999999996,0.032857071428571416,0.0006666000000000357,0.0076081428571431586,-0.0012679999999998565,-0.00236696666666667,3045.4285714285716,-324018.64285714284,-30061.133333333335
2018-01-11,28.82,28.84,28.540001,28.73,25.500731,3432672.0,1.0006939625260236,0.990284559333796,0.9968771686328939,-0.23999900000000096,-0.06213300000000288,-65494.0,1.0021556834176848,1.0033131649625073,1.0049805578715059,0.9940093857514906,0.9949762053182237,0.9950873182740932,0.9965889510701971,0.9981005675691088,0.9987065813464356,0.027142999999999824,-0.012857142857142836,0.0006667000000000201,0.019019857142857127,-0.01838628571428583,-0.0038464000000001165,67611.85714285714,-281832.71428571426,-40568.13333333333
2018-01-12,28.790001,28.790001,28.5,28.52,25.314335,3504944.0,1.0,0.989927023621847,0.9906217092524588,-0.02999900000000011,-0.18639599999999845,72272.0,1.0020312483797107,1.0029437068344287,1.0048127326341971,0.9936654662406964,0.9946507956754491,0.9949483116609126,0.9957967362952482,0.9972829088703927,0.998590730920942,0.012857142857142836,-0.014999928571428558,-0.00033326666666665025,-0.008876285714285765,-0.034236071428571435,-0.003254566666666629,-123516.71428571429,-178116.2857142857,-128887.26666666666
2018-01-15,28.68,28.75,28.57,28.65,25.429724,3342778.0,1.0024407252440726,0.9961645746164575,0.9989539748953975,-0.11000100000000046,0.11538900000000041,-162166.0,1.0023799234145783,1.0020723838794212,1.004668393375237,0.9943105098557525,0.9943768367194818,0.9948667592886242,0.996740852203856,0.9967102642125228,0.9985905844834756,-0.008571428571428388,-0.0007143571428570741,-0.003999966666666665,0.016484142857142916,-0.015216000000000054,-0.0035503999999999536,85001.28571428571,-601316.4285714285,-92060.46666666666
2018-01-16,28.65,28.77,28.450001,28.450001,25.252205,3554200.0,1.0041884816753928,0.9930192321116929,0.9930192321116929,-0.030000000000001137,-0.1775190000000002,211422.0,1.0022308565434512,1.002334605048715,1.004761355593901,0.9934129134864379,0.9941985154730372,0.9949956252248876,0.9953449749037526,0.9965073039279861,0.9984978513994451,-0.002857142857143304,-0.024285714285714275,0.0023333333333333426,-0.03803985714285726,-0.02662792857142853,-0.0002958333333333248,83840.71428571429,-179653.57142857142,-202145.06666666668
2018-01-17,28.450001,28.5,28.25,28.360001,25.172319,3757918.0,1.0017574340331306,0.9929700881205593,0.9968365554714743,-0.19999899999999826,-0.07988599999999835,203718.0,1.0019376115751037,1.0024231470464022,1.0045637068281372,0.9926065769168648,0.9942141534731886,0.9949010583926228,0.9950909908128817,0.9967004964371748,0.9983924032484942,-0.059999999999999734,-0.03714271428571436,-0.0056666666666666055,-0.05959657142857111,-0.02789607142857139,-0.007692599999999909,225651.2857142857,105677.07142857143,6820.5
2018-01-18,28.65,28.690001,28.51,28.530001,25.323214,4390502.0,1.0013961954624782,0.9951134380453753,0.9958115532286212,0.19999899999999826,0.15089499999999845,632584.0,1.0015950092317205,1.002349203886069,1.0044701894824402,0.9925491067002159,0.9939891668200591,0.99504162771998,0.9947390267272253,0.9963517062276442,0.9985212279079978,-0.04857142857142855,-0.010000071428571542,0.0030000333333332443,-0.05198799999999996,-0.01775192857142852,0.005917366666666623,-662600.5714285715,176590.42857142858,-29380.3
2018-01-19,28.5,28.65,28.389999,28.559999,25.34984,3672293.0,1.0052631578947369,0.9961403157894737,1.0021052280701754,-0.14999999999999858,0.02662600000000026,-718209.0,1.0022485652622621,1.002451944351628,1.0043958968475029,0.9933741759484574,0.9940115105566607,0.9950318929691311,0.9963179173803878,0.9965517518249477,0.9985676205153475,-0.07999985714285732,-0.018571428571428683,0.01566663333333338,-0.03043200000000011,-0.011411928571428476,0.015089166666666643,24875.285714285714,13960.357142857143,-121411.5
2018-01-22,28.59,28.6,28.299999,28.299999,25.119064,3659944.0,1.000349772647779,0.9898565582371458,0.9898565582371458,0.08999999999999986,-0.23077599999999876,-12349.0,1.0021993952796557,1.0021775393486703,1.0039670785548098,0.9933130329346502,0.9936612093430703,0.9946937782437026,0.995314973038138,0.9959519620541675,0.9979437915042049,-0.03285714285714292,-0.002857071428571548,0.019666666666666662,-0.054523857142856666,-0.017751999999999768,0.0017751666666666684,32467.428571428572,50039.642857142855,-42529.2
2018-01-23,28.57,28.83,28.540001,28.73,25.500731,4709708.0,1.0091004550227511,0.9989499824991249,1.0056002800140007,-0.019999999999999574,0.38166699999999665,1049764.0,1.003499460282906,1.0027653543313082,1.0038515479995211,0.9946020270599757,0.994133746650336,0.9946705770703698,0.9974547688612153,0.9966257525782317,0.9978590810739931,-0.03142871428571427,-0.009285785714285717,0.010666666666666677,0.02662799999999978,0.008875857142857007,0.007396666666666599,172109.14285714287,24296.214285714286,-25465.666666666668
2018-01-24,28.860001,28.940001,28.75,28.799999,25.562864,5718717.0,1.0027720026759528,0.9961884616705314,0.9979209286929684,0.2900010000000002,0.06213300000000288,1009009.0,1.0035467856303175,1.002963354522448,1.0036749422407663,0.994605439496272,0.9944579746760123,0.9946137000617267,0.997307190832297,0.9970240215180766,0.9977780827906593,0.025714428571428676,0.008571500000000145,0.012000033333333349,0.01902000000000013,0.017752071428571523,0.00858013333333337,339419.85714285716,212210.57142857142,68596.26666666666
2018-01-25,28.700001,28.75,28.51,28.65,25.429724,4807033.0,1.0017421253748389,0.9933797563282315,0.9982578049387524,-0.16000000000000014,-0.13314000000000092,-911684.0,1.0031973061588098,1.0027140813511304,1.0036632305790343,0.9946569429557774,0.9940349282211077,0.9946547152005578,0.9980555583790197,0.9967002666413861,0.9979060994102739,0.007143000000000248,0.0021429285714284724,0.0013333666666666725,0.025359857142857174,-0.006340000000000044,0.004438033333333398,178976.14285714287,131408.42857142858,64046.73333333333
2018-01-29,28.719999,28.799999,28.530001,28.629999,25.411972,4828002.0,1.0027855154173229,0.9933844705217433,0.9968662951555117,0.01999800000000107,-0.017752000000001544,20969.0,1.00334417492798,1.0026408932515418,1.0034295112305704,0.9947161404416608,0.9936613586792629,0.9944691882207485,0.9980598069053109,0.9965753988590962,0.9975217265569319,0.03857114285714301,-0.010714428571428363,0.004666633333333436,0.03423614285714243,-0.01268021428571434,-0.005621466666666682,152869.14285714287,189260.2142857143,31702.466666666667
2018-01-30,28.5,28.67,28.42,28.48,25.278831,3789328.0,1.0059649122807017,0.9971929824561404,0.9992982456140351,-0.2199990000000014,-0.1331409999999984,-1038674.0,1.0039968487591548,1.0027959289954376,1.0034028820492231,0.9950132182146273,0.9937811624574217,0.9946646717265996,0.9985579058175127,0.9966484662723689,0.9976833272287468,-0.021428571428571224,-0.034999999999999885,-0.010999999999999944,-0.006340428571428548,-0.02916421428571425,-0.005621533333333299,-85882.0,-374241.28571428574,-8481.966666666667
2018-01-31,28.4,28.639999,28.379999,28.58,25.367592,4674997.0,1.0084506690140846,0.9992957394366199,1.006338028169014,-0.10000000000000142,0.08876099999999809,885669.0,1.00445220749049,1.0033503863763762,1.0036381619201764,0.9954639930213623,0.99441908448491,0.9949080486775382,0.9991625915459182,0.9977402544631531,0.9981614471374318,-0.014285714285714488,-0.04714278571428591,-0.011000000000000062,0.002535999999999713,-0.013948000000000198,0.00236696666666667,143243.42857142858,84059.35714285714,-8843.466666666667
2018-02-01,28.66,28.950001,28.629999,28.9,25.651625,4465020.0,1.0101186671318911,0.9989532100488486,1.008374040474529,0.26000000000000156,0.28403300000000087,-209977.0,1.0058477638453633,1.0040235795625096,1.0039520249628924,0.9967635147087485,0.9950382738216994,0.9951542519645178,1.0018079461512586,0.9985614595946984,0.9987216781052674,0.01000000000000004,-0.011428571428571439,0.006666700000000011,0.07608014285714251,0.010778142857142927,0.020119033333333293,115010.85714285714,73739.14285714286,-66903.4
2018-02-02,28.799999,29.18,28.780001,29.110001,25.838022,3507733.0,1.0131944796248082,0.9993056249758897,1.010763958707082,0.13999899999999954,0.18639699999999948,-957287.0,1.0064326245028001,1.004966042392853,1.004013054237099,0.9968143207768579,0.9957081739184167,0.9952709662702408,1.0025456145359846,1.0000001916986,0.9988240664724265,0.032856999999999914,0.000714142857142822,0.006666633333333275,0.048184428571428635,0.03740621428571421,0.008580199999999986,-171710.7142857143,199.21428571428572,-150889.8
2018-02-05,28.700001,28.860001,28.620001,28.74,25.509607,3936785.0,1.0055749126977382,0.9972125436511308,1.0013936933312302,-0.09999799999999937,-0.3284149999999997,429052.0,1.006833040220198,1.0051899129252575,1.0040494605224262,0.9969606182026577,0.9957830288494648,0.9952240292195315,1.003041723770022,1.0001744573011595,0.9988475344110538,-0.022857142857142878,0.0014286428571429002,-0.009999966666666657,-0.0076081428571431586,0.005705928571428487,-0.008284400000000029,-254561.7142857143,42429.07142857143,-114718.16666666667
2018-02-06,28.15,28.280001,27.629999,27.879999,24.746271,12141432.0,1.0046181527531084,0.9815274955595028,0.9904084902309059,-0.5500010000000017,-0.7633359999999989,8204647.0,1.0072439012742365,1.005220603716523,1.0040309851544262,0.9952674380928394,0.9949621905243085,0.9947921871174918,1.0019203930974725,0.9999879757382463,0.9984588530509345,-0.07857157142857167,-0.03571428571428571,-0.02833333333333338,-0.09763614285714287,-0.03613814285714285,-0.03491229999999999,1047771.2857142857,613373.7142857143,204762.0
2018-02-07,28.309999,28.34,27.75,27.77,24.648636,7478053.0,1.0010597315810572,0.9802190385100331,0.9809255026819322,0.15999900000000267,-0.09763500000000036,-4663379.0,1.0069973607261986,1.0051707678270894,1.0035783346533222,0.9933866620911666,0.9940514012664137,0.9941328217344929,0.9996431370298183,0.9988514719675645,0.9975906698034795,-0.058571428571428594,-0.01000014285714279,-0.012666733333333251,-0.10904799999999984,-0.03740592857142871,-0.03313706666666671,378578.71428571426,265723.9285714286,-142771.83333333334
2018-02-08,27.700001,27.99,27.67,27.99,24.843908,5108036.0,1.010469277600387,0.9989169314470422,1.010469277600387,-0.6099980000000009,0.19527199999999922,-2370017.0,1.0076408414861535,1.0058188451226542,1.0039100643964927,0.9936329405184381,0.9943230793665326,0.9942461951306638,1.0012389987421544,0.9998984522798336,0.9980776231869857,-0.11428557142857139,-0.06785707142857131,-0.042999966666666604,-0.06213185714285733,-0.03423614285714294,-0.026036266666666683,188386.85714285713,51252.42857142857,-32043.8
2018-02-09,27.5,27.91,27.4,27.889999,24.755148,5954685.0,1.014909090909091,0.9963636363636363,1.0141817818181817,-0.20000100000000032,-0.08876000000000062,846649.0,1.00856347318544,1.006507840337965,1.0043897725579451,0.9932140686508691,0.9943390308361157,0.9943666111388371,1.0023595349777497,1.000761063261834,0.9987459539028307,-0.12857142857142836,-0.07142857142857142,-0.048999966666666714,-0.087492,-0.04247800000000014,-0.026923866666666758,182812.57142857142,163028.0,122541.53333333334
2018-02-12,27.76,27.84,27.52,27.700001,24.586506,4631478.0,1.0028818443804033,0.9913544668587896,0.9978386527377521,0.26000000000000156,-0.1686419999999984,-1323207.0,1.007529641363799,1.0066887026045812,1.0044047873803874,0.9921285339094321,0.9944460243090903,0.9941363183278237,1.0008544795867818,1.0013312128690202,0.9986507551220208,-0.12857142857142836,-0.059285714285714164,-0.03433336666666662,-0.15215985714285704,-0.03803985714285726,-0.03284116666666665,23779.714285714286,69395.28571428571,90441.4
2018-02-13,27.780001,27.860001,27.540001,27.719999,24.604258,3690927.0,1.002879769514767,0.9913606914556987,0.9978401008696869,0.02000099999999705,0.017752000000001544,-940551.0,1.0060561113480788,1.0062443679254396,1.004373286651649,0.9909935434065477,0.9939039320917028,0.9939874245937788,0.9990082141814395,1.000776914358712,0.9986019388274128,-0.14571400000000015,-0.05642850000000012,-0.03266663333333343,-0.1762519999999996,-0.06403378571428549,-0.03017829999999992,26170.571428571428,-72770.07142857143,7135.966666666666
2018-02-14,27.75,27.799999,27.48,27.639999,24.533249,4193691.0,1.0018017657657659,0.9902702702702703,0.996036,-0.030000999999998612,-0.0710090000000001,502764.0,1.0055170903577972,1.0061750652889976,1.0042936307542019,0.9900017900664247,0.9934812041345413,0.9938377410952073,0.9982428294198352,1.0006422765949285,0.9985280183264772,-0.13571442857142862,-0.07928578571428575,-0.02933330000000005,-0.13947971428571396,-0.07354392857142855,-0.027811433333333233,36700.857142857145,-108930.42857142857,41143.4
2018-02-15,27.98,28.120001,27.76,28.07,24.914917000000003,3754939.0,1.0050036097212294,0.9921372408863475,1.003216583273767,0.23000000000000043,0.38166800000000123,-438752.0,1.0055721556389572,1.0064080284565968,1.0044313829027154,0.9915174679702597,0.9933924530315494,0.993831167118172,1.0000725569973867,1.0009964750474296,0.9987629973463661,-0.024285714285714022,-0.051428642857142846,-0.02400003333333333,0.024092285714286073,-0.0367719285714284,-0.015385066666666584,-1198070.4285714286,-75149.57142857143,-20487.4
2018-02-16,28.24,28.280001,27.83,27.85,24.719643,3664624.0,1.0014164660056657,0.9854815864022662,0.9861898016997168,0.259999999999998,-0.19527400000000128,-90315.0,1.0056231176996155,1.006310239212907,1.0044785984362377,0.9922692605262929,0.9928279613087296,0.9936255776878788,1.000824599714213,1.0002338683720158,0.9985578186185184,-0.009999857142857544,-0.03428564285714307,-0.016666666666666666,0.010143857142857371,-0.049452071428571234,-0.019823066666666615,-544775.5714285715,-83098.42857142857,30561.833333333332
2018-02-19,27.85,28.18,27.83,28.049999,24.897165,2816181.0,1.0118491921005386,0.9992818671454218,1.0071812926391381,-0.389999999999997,0.17752199999999974,-848443.0,1.0058202483424943,1.006730544914324,1.0046991731804795,0.9923213941974901,0.992977167357964,0.993624893036163,1.000354887576892,1.000796943159523,0.9987041825994092,0.02142842857142873,-0.046428571428571326,-0.02733333333333334,0.0076081428571431586,-0.027261857142857084,-0.020710633333333325,-327407.85714285716,-69510.5,-5037.8
2018-02-20,28.049999,28.1,27.809999,27.98,24.835032,3743328.0,1.0017825669084695,0.9914438499623477,0.9975044918896432,0.19999899999999826,-0.06213299999999933,927147.0,1.00394503062812,1.0062542519067799,1.004631587117043,0.9916185675687345,0.9924163181098018,0.9933858732313222,0.9979724175871006,1.000165976282425,0.998667184192145,0.07857128571428566,-0.02500007142857135,-0.02733339999999996,0.011412000000000486,-0.038039999999999755,-0.02514876666666659,-315908.14285714284,-66547.78571428571,52165.63333333333
2018-02-21,27.92,28.25,27.860001,28.120001,24.959297,3626103.0,1.0118194842406876,0.9978510386819484,1.0071633595988538,-0.12999899999999798,0.12426499999999763,-117225.0,1.0052218363224463,1.0063757388431225,1.0048990895295273,0.9925466492577572,0.9923375915835947,0.9934637168686565,0.999304518567258,1.0000794990770197,0.9989634527844996,0.022857142857142878,-0.05285714285714275,-0.035666666666666555,0.05325585714285706,-0.04945199999999999,-0.024261100000000015,-143625.0,-59922.642857142855,-180086.76666666666
2018-02-22,28.18,28.34,28.049999,28.18,25.012552,4186264.0,1.0056777856635912,0.9953867636621717,1.0,0.259999999999998,0.05325500000000005,560161.0,1.0056215529151353,1.0058388321316072,1.0050654068622822,0.9931218024301104,0.9920576729183291,0.993631114622336,0.9996130755858742,0.9993106448836568,0.9992616863345649,0.05714271428571444,-0.04428564285714286,-0.02933330000000005,0.05832771428571399,-0.0589621428571428,-0.01834373333333339,70762.42857142857,48466.5,22936.6
2018-02-23,28.35,28.530001,28.209999,28.440001,25.243328,5776712.0,1.0063492416225748,0.995061693121693,1.0031746384479716,0.1700000000000017,0.2307760000000023,1590448.0,1.006271192323251,1.005894141340524,1.0052539161655005,0.9938062914088851,0.9919040407376549,0.993790352415266,1.0006328810784415,0.9994378552491384,0.9994716019950675,0.08571428571428592,-0.02500007142857135,-0.015666666666666627,0.10143985714285719,-0.019019928571428375,-0.008580099999999884,226145.85714285713,131423.35714285713,78134.66666666667
2018-02-26,28.6,28.870001,28.58,28.84,25.598370000000003,4966456.0,1.0094405944055942,0.9993006993006992,1.0083916083916082,0.25,0.35504200000000097,-810256.0,1.0069050472781602,1.0062386014585587,1.005568602645687,0.9948296426109354,0.9931735552905975,0.9941028082712278,1.0013721703809904,1.0007223636891884,1.0000639319663724,0.08857142857142872,0.03214285714285735,-0.0063333666666666255,0.09763614285714287,0.06086421428571447,0.00946783333333343,173073.85714285713,-512498.28571428574,48717.066666666666
2018-02-27,29.0,29.219999,28.92,29.09,25.820269,5992434.0,1.0075861724137931,0.9972413793103448,1.003103448275862,0.3999999999999986,0.22189899999999696,1025978.0,1.0077864339078926,1.0067047758037542,1.0057401175513443,0.9965096130263753,0.9943894367763341,0.994138701761024,1.003788405606154,1.0023065026601834,1.0002022477457213,0.10857142857142879,0.04928578571428562,0.010666666666666677,0.15723228571428546,0.08368807142857142,0.013018166666666648,332544.28571428574,-106115.64285714286,88321.86666666667
2018-02-28,29.09,29.200001,29.01,29.049999,25.784763,7664643.0,1.0037814025438294,0.9972499140598144,0.998624922653833,0.08999999999999986,-0.03550599999999804,1672209.0,1.0066338925426486,1.0062270704425715,1.0057265482469588,0.9962193340141455,0.9942703641058178,0.994279724492628,1.0025660670368246,1.0014604773068583,1.000389104097126,0.1771428571428569,0.09928564285714282,0.01466666666666671,0.12679971428571438,0.06720392857142876,0.01775193333333339,692637.4285714285,182614.7857142857,137014.76666666666
2018-03-01,28.889999,28.93,28.625,28.799999,25.562864,3995817.0,1.0013845967942054,0.9908273101705541,0.9968847350946602,-0.20000100000000032,-0.2218990000000005,-3668826.0,1.0065770396691822,1.005261035148651,1.0057141203389948,0.9961312569010322,0.9938749122348833,0.9942082985609613,1.002477530351827,1.0002249739694637,1.0003907100845657,0.11999999999999998,0.09928564285714282,0.014666599999999974,0.10397599999999992,0.057694000000000197,0.013018166666666648,36069.857142857145,-139919.14285714287,7929.966666666666
2018-03-02,28.66,28.700001,28.395,28.57,25.358715,6209402.0,1.0013957083042568,0.9907536636427076,0.9968597348220516,-0.2299989999999994,-0.20414900000000102,2213585.0,1.0050879288211207,1.0051548825717833,1.0057141041003874,0.9951173461811408,0.9938319977194489,0.994062972747539,1.0010055839551408,1.0001550512611994,1.000425649471013,0.1057142857142855,0.06428571428571418,0.0003333333333333854,0.05705971428571439,0.05515778571428572,0.001183366666666667,369042.71428571426,112708.85714285714,60630.0
2018-03-05,28.65,28.690001,28.290001,28.389999,25.198946,4562328.0,1.0013961954624782,0.987434589877836,0.9909249214659687,-0.010000000000001563,-0.15976900000000072,-1647074.0,1.0044762730781045,1.0050489129966198,1.0055852053526455,0.9939813213548071,0.9935515618924587,0.9937727818838177,0.999709144164565,0.9996611098752196,1.0000529725842062,0.06714285714285698,0.06214278571428571,0.004999999999999952,0.02662771428571428,0.04247771428571413,-0.005029800000000032,53723.42857142857,62242.92857142857,29667.833333333332
2018-03-06,28.690001,28.690001,28.530001,28.58,25.367592,3735600.0,1.0,0.99442314414698,0.9961658767456997,0.040001000000000175,0.16864599999999896,-826728.0,1.0035692385605939,1.0049202154419223,1.005573546264386,0.9938901000727052,0.9938481957407951,0.9939250014141456,0.9987078924928119,0.9996703867856268,1.000263283201158,0.04857157142857105,0.06714292857142848,0.00333336666666663,0.017751999999999515,0.059595928571428355,0.008284266666666559,-291587.4285714286,-32720.785714285714,2521.866666666667
2018-03-07,28.4,28.5,28.07,28.219999,25.048054,5455019.0,1.0035211267605635,0.9883802816901409,0.9936619366197184,-0.2900010000000002,-0.3195379999999979,1719419.0,1.0027236003255895,1.004814323801875,1.0053875686556466,0.9923300404140539,0.9935798415124947,0.9935726780538461,0.9966036536682561,0.9989879120246233,0.9998653384213487,-0.028571428571428976,0.029999999999999867,-0.0056666666666667235,-0.07861657142857174,0.00950978571428556,-0.015089233333333259,69794.71428571429,121434.28571428571,24843.7
2018-03-08,28.389999,28.52,28.290001,28.35,25.163445,5434070.0,1.0045791125248014,0.9964777032926279,0.9985910883617855,-0.010000999999999038,0.11539099999999891,-20949.0,1.0022940203414479,1.0050402271246701,1.0054478056506082,0.9922209438400944,0.9943652784332349,0.9935823194412492,0.9959590308233881,0.999873718214771,0.9998876770769759,-0.08714300000000007,0.010714214285714365,-0.015666733333333363,-0.09383200000000004,0.03170014285714272,-0.013313966666666725,-79766.28571428571,126389.0,-9488.233333333334
2018-03-09,28.48,28.52,28.34,28.43,25.234451,6212020.0,1.0014044943820224,0.9950842696629213,0.9982443820224719,0.09000100000000089,0.07100600000000057,777950.0,1.0019544620326182,1.0042941772876335,1.005436551284181,0.9919115660691098,0.9940654500416277,0.9936391365524055,0.9959046678760508,0.9992353674564377,0.9998872296464333,-0.08714285714285706,0.04499999999999993,-0.007333366666666663,-0.07861600000000024,0.02409185714285706,-0.006509100000000008,-207517.57142857142,242559.92857142858,46832.9
2018-03-12,28.719999,28.799999,28.6,28.6,25.385344,5147690.0,1.0027855154173229,0.9958217616929583,0.9958217616929583,0.23999900000000096,0.15089299999999994,-1064330.0,1.0021545932644922,1.0043658164668372,1.005436551284181,0.9926250591437389,0.9943781580223856,0.9937203795914461,0.9957528145329505,0.9991151724423888,0.999852411864348,-0.024285714285714022,0.04785714285714298,0.0,-0.025360000000000178,0.039307999999999864,-0.0008875999999999588,164553.2857142857,100311.57142857143,10656.266666666666
2018-03-13,28.6,28.6,28.33,28.49,25.287708,4003766.0,1.0,0.9905594405594405,0.9961538461538461,-0.11999899999999997,-0.09763600000000139,-1143924.0,1.0019552063638841,1.0035215675925024,1.0052377208748242,0.9925973129889865,0.9938573295850636,0.9934992615282228,0.9956519732946355,0.9983287786248882,0.9997475985490085,-0.008571428571428388,0.04857142857142855,0.003333333333333381,-0.010143857142857371,0.023457928571428508,0.0002958999999999416,-315090.85714285716,26975.928571428572,7147.933333333333
2018-03-14,28.299999,28.379999,28.190001,28.34,25.15457,4844801.0,1.002826855223564,0.9961131447389804,1.0014134629474722,-0.30000100000000174,-0.13313799999999887,841035.0,1.0021595863297534,1.003317929703929,1.0050502604151401,0.9938371065405784,0.9939092139476927,0.9933931750383015,0.9971503363634218,0.9984297402639933,0.9995834463749572,-0.0500001428571427,0.008571357142857141,-0.00333336666666663,-0.006339428571428536,0.01014414285714287,-0.00710073333333329,40353.28571428572,47038.357142857145,5660.133333333333
2018-03-15,28.07,28.25,28.0,28.049999,24.897165,10614662.0,1.0064125400783754,0.9975062344139651,0.9992874599216245,-0.2299989999999994,-0.25740499999999855,5769861.0,1.0030756634838072,1.0033224510222005,1.0049267228466896,0.9942775480072906,0.9940838240399978,0.9933449425171387,0.9975962768171253,0.9981520846549685,0.999280560356527,-0.08857157142857121,-0.02000000000000008,-0.019666666666666662,-0.06720385714285675,-0.024725928571428617,-0.025148666666666604,982723.1428571428,345567.85714285716,204988.06666666668
2018-03-16,28.1,28.18,27.790001,28.030001,24.879414,9238718.0,1.002846975088968,0.9889680071174377,0.9975089323843416,0.030000000000001137,-0.017751000000000516,-1375944.0,1.0029793561021505,1.00285147821387,1.0045818060288283,0.9943615087826189,0.9933457745983364,0.9930003552551903,0.998145847640643,0.9973747506544496,0.998838726145769,-0.04285714285714245,-0.03571428571428571,-0.023333299999999942,-0.02409142857142856,-0.051354000000000156,-0.031953599999999936,540528.4285714285,305161.5714285714,191032.83333333334
2018-03-19,28.120001,28.17,27.889999,28.01,24.86166,5939310.0,1.0017780582582485,0.9918206973036737,0.9960881580338494,0.02000099999999705,-0.017754000000000048,-3299408.0,1.002579205492643,1.0024366129170454,1.0044552442141788,0.9936962222127681,0.9929585830264314,0.9928206270436083,0.9977882861652235,0.9968736584943059,0.9986618749691896,-0.03857114285714301,-0.06285707142857154,-0.019333333333333393,-0.043112142857142696,-0.06847207142857137,-0.021598233333333283,72177.14285714286,-3794.5714285714284,66750.83333333333
2018-03-20,28.0,28.084999,27.809999,28.049999,24.897165,4157885.0,1.0030356785714285,0.9932142500000001,1.0017856785714285,-0.12000099999999847,0.035505000000000564,-1781425.0,1.0028122318054153,1.0023833469190166,1.0044024950747894,0.9934290765466365,0.9926703213078731,0.9932101855249583,0.9982941856722173,0.997099426774134,0.9990411145805403,-0.06857142857142863,-0.07785714285714285,-0.004999999999999952,-0.04818371428571412,-0.06339985714285719,0.005029800000000032,-293447.85714285716,-250482.7142857143,-266118.23333333334
2018-03-21,28.1,28.299999,28.049999,28.299999,25.119064,2848020.0,1.0071174021352312,0.9982206049822063,1.0071174021352312,0.10000000000000142,0.2218990000000005,-1309865.0,1.0034310727651163,1.0027928330148044,1.0046044174265951,0.9937717684451005,0.9931984137944196,0.9938102377406975,0.999907848592542,0.9978303315627463,0.9999141778956504,-0.08857128571428571,-0.05642849999999987,-0.006999966666666661,-0.038039999999999755,-0.031699999999999964,0.015680933333333393,-328524.28571428574,-81985.5,-154334.43333333332
2018-03-22,28.25,28.280001,28.01,28.18,25.012552,4630718.0,1.0010619823008848,0.9915044247787611,0.9975221238938053,0.14999999999999858,-0.10651200000000216,1782698.0,1.0035827845223857,1.002768995443135,1.0042908409166116,0.9939067661907178,0.9932520395898521,0.993563154185088,1.0001033168411075,0.9978776450678716,0.9994826061054309,-0.050000000000000204,-0.029285714285714297,0.01833329999999999,-0.039307999999999864,-0.024725928571428617,0.005621466666666682,89564.57142857143,-112763.14285714286,-15910.6
2018-03-23,27.879999,27.9,27.469999,27.700001,24.586506,7818885.0,1.0007173960085147,0.9852941171195881,0.9935438304714429,-0.37000099999999847,-0.4260459999999995,3188167.0,1.00328143320595,1.0027205097678518,1.0038177844199259,0.9923611908165189,0.9930991486785486,0.9931941702102863,0.9989790836302461,0.998064709996834,0.9987946743938729,-0.059999999999999734,-0.05500007142857122,0.012666633333333384,-0.08115199999999996,-0.04374571428571424,-0.005621399999999947,424869.14285714284,232611.2142857143,62140.0
2018-03-26,27.459999,27.58,27.33,27.52,24.426737,5423098.0,1.0043700292924262,0.9952658774678032,1.0021850328545168,-0.4200000000000017,-0.15976900000000072,-2395787.0,1.0029896459508145,1.003032654717311,1.00386739058366,0.99204113982421,0.9931593439157503,0.9933245505639203,0.9993930226206594,0.9984946497188923,0.9989395537310984,-0.08714300000000007,-0.08785728571428564,-0.01000003333333339,-0.06720400000000026,-0.06720392857142851,-0.005325633333333357,-741652.0,120535.57142857143,26387.333333333332
2018-03-27,27.790001,27.84,27.32,27.41,24.3291,5105161.0,1.001799172299418,0.9830874061501473,0.986325981060598,0.33000200000000035,-0.09763699999999886,-317937.0,1.0028399598380218,1.002909657970086,1.0038313706764816,0.99120105397174,0.9927812813771794,0.9930487743870685,0.9977954581458388,0.9979706528932409,0.9985557497374622,-0.044285571428571605,-0.04357135714285703,0.0003333333333333854,-0.07861628571428574,-0.05135385714285715,-0.009171933333333371,-590508.1428571428,-24989.85714285714,47141.13333333333
2018-03-28,27.360001,27.389999,27.07,27.1,24.053946,5985210.0,1.001096418088581,0.9894005486330208,0.9904970398210147,-0.4299999999999997,-0.27515400000000056,880049.0,1.0027425826709264,1.0026608940817847,1.0038078590872421,0.990855318447361,0.9922757703300646,0.9930197836658269,0.9969967269725767,0.9973925065689001,0.998371117731496,-0.10857142857142829,-0.07357128571428564,-0.01299996666666665,-0.11538771428571439,-0.07924992857142854,-0.015976766666666718,6557.142857142857,39367.142857142855,59717.3
2018-03-29,27.290001,27.35,26.809999,26.860001,23.840921,11070151.0,1.0021985708245302,0.9824110669691805,0.984243313146086,-0.07000000000000028,-0.21302499999999824,5084941.0,1.0026229958499409,1.002717613827678,1.0037143577906855,0.9893120065858153,0.9913705415662258,0.992695577868588,0.9944906747689564,0.9963924302205868,0.9977386753939066,-0.10142842857142854,-0.08499992857142859,-0.022999966666666673,-0.15089199999999994,-0.09953785714285703,-0.0357998666666667,987466.5714285715,347009.35714285716,243840.4
2018-04-03,26.43,26.780001,26.370001,26.549999,23.565765,6520503.0,1.0132425652667423,0.9977298902762013,1.0045402572833901,-0.8600010000000005,-0.2751560000000026,-4549648.0,1.0034980191544425,1.0034645459597795,1.004108561099388,0.9892419044849575,0.991506836465029,0.9931038546643857,0.9941225112186933,0.9970151799056176,0.9983503572466957,-0.23857142857142882,-0.16357135714285725,-0.06033333333333329,-0.2218998571428575,-0.12996992857142864,-0.03846260000000008,524640.4285714285,98058.07142857143,95195.96666666666
2018-04-04,26.66,26.66,26.209999,26.540001,23.55689,11777861.0,1.0,0.9831207426856714,0.995498912228057,0.23000000000000043,-0.008874999999999744,5257358.0,1.0033463073971733,1.0034645459597795,1.00371358802937,0.988044235614516,0.9909755009026169,0.9925651505157274,0.9938334809807293,0.9969683989109185,0.9979609445663263,-0.22714285714285712,-0.13857142857142865,-0.03966666666666671,-0.20795171428571432,-0.1236298571428571,-0.044675833333333394,1021020.4285714285,555292.5,298722.6666666667
2018-04-05,26.790001,27.0,26.59,26.809999,23.796541,5884605.0,1.0078387081807128,0.9925344907601907,1.0007464725365258,0.13000100000000003,0.23965100000000206,-5893256.0,1.0043636377074872,1.0038225354567187,1.0039154594051116,0.9890785747060308,0.9907198827612749,0.9926015052089888,0.9948624298471699,0.9969207567387081,0.9980690105878891,-0.15571400000000019,-0.10785699999999997,-0.041999933333333316,-0.11285214285714266,-0.09700207142857131,-0.03461636666666668,-276325.71428571426,74271.71428571429,71375.9
2018-04-06,26.809999,27.049999,26.77,26.85,23.832047,4996620.0,1.0089518839594138,0.9985080566396142,1.001492017959419,0.01999800000000107,0.03550599999999804,-887985.0,1.0050181883741998,1.0040039171625073,1.003819872729069,0.9895417431591467,0.9907914414916784,0.9926234058075778,0.9947634277192987,0.997078225169979,0.9978799658665747,-0.09285714285714265,-0.09000007142857136,-0.03700003333333335,-0.08495571428571427,-0.07607985714285727,-0.037575000000000004,-60925.42857142857,-401288.71428571426,45683.9
2018-04-09,26.799999,26.92,26.65,26.870001,23.849798,4910170.0,1.0044776494208079,0.9944030221792172,1.0026120150228364,-0.010000000000001563,0.017751000000000516,-86450.0,1.0054008279629696,1.004120393900496,1.003779868187643,0.991158259734728,0.9911796568532341,0.9925906144248127,0.9970900039996184,0.9974427310727286,0.9979670330340025,-0.14142885714285722,-0.0928572142857144,-0.046000033333333336,-0.06847171428571437,-0.07354400000000005,-0.03875846666666665,-27855.85714285714,-309182.0,24130.2
2018-04-10,26.77,27.24,26.59,27.200001,24.142706,5293000.0,1.017556966753829,0.9932760552857677,1.0160627941725813,-0.02999900000000011,0.2929080000000006,382830.0,1.0077523349151478,1.0052474587930371,1.0041534590253514,0.9917119035422634,0.9912836109948121,0.9925310931636151,1.0007422546212708,0.9988694907969238,0.9983966382248229,-0.08428585714285727,-0.09642864285714278,-0.05266666666666673,0.012680000000000089,-0.05135385714285715,-0.036687400000000044,-98887.14285714286,-46165.0,-16123.733333333334
2018-04-11,27.139999,27.219999,26.84,26.889999,23.86755,5151572.0,1.0029476788116316,0.9889462413023671,0.9907885037136516,0.36999899999999997,-0.27515599999999907,-141428.0,1.0078593503418767,1.0052411730959088,1.0039370285055527,0.9926454998755757,0.9909787532306955,0.9921859445636707,1.0016772818452087,0.9980839783070826,0.9978098680688909,-0.021428857142857232,-0.06142864285714289,-0.04866670000000006,0.0038041428571428276,-0.07354392857142855,-0.057694000000000044,-845511.2857142857,70977.64285714286,6170.533333333334
2018-04-12,26.790001,27.059999,26.709999,26.82,23.805416,5073804.0,1.010078312427088,0.997013736580301,1.0011197834595078,-0.34999799999999937,-0.062134000000000356,-77768.0,1.007407314221926,1.0054526666881842,1.0040200998393292,0.9925431922047327,0.9908925483448451,0.9921783564726692,1.0011886427275112,0.9976555769731024,0.9977437459083458,0.05142871428571435,-0.09357135714285723,-0.07366663333333333,0.034235857142857436,-0.09383200000000004,-0.06716176666666662,-206671.2857142857,158984.57142857142,-30621.0
2018-04-13,26.91,26.92,26.67,26.709999,23.707781,3619196.0,1.0003716090672612,0.9910813823857303,0.9925677814938685,0.11999899999999997,-0.09763500000000036,-1454608.0,1.007460401231535,1.005403354314354,1.0039064400567768,0.9936804264475982,0.9908623310310573,0.9919727387501998,1.0007699097654843,0.9973016953731069,0.9975418412030135,0.03571428571428571,-0.09571428571428571,-0.07266666666666666,0.02155585714285735,-0.09319792857142849,-0.06923273333333337,-1165523.5714285714,-72251.57142857143,-134848.23333333334
2018-04-16,26.799999,26.950001,26.66,26.719999,23.716656,2390059.0,1.0055970897610855,0.9947761565214984,0.9970149252617511,-0.11000100000000046,0.008874999999999744,-1229137.0,1.007140170028731,1.005751903868109,1.0040468564890062,0.9940006644134993,0.9915396195597651,0.9921043669618979,1.0002368315833736,0.9975496307152716,0.9975461808752499,0.001428285714285644,-0.07714285714285728,-0.06966666666666667,-0.011412142857142982,-0.06213214285714282,-0.06154026666666669,-499220.85714285716,-387773.28571428574,-53525.26666666667
2018-04-17,26.780001,26.85,26.629999,26.68,23.681154,3924841.0,1.0026138535245015,0.9943987306049765,0.996265832850417,-0.01999800000000107,-0.03550200000000103,1534782.0,1.0062347371094578,1.0056264627418288,1.004087461329681,0.9934136178371226,0.9914776804981347,0.9922258691939735,0.9994902337106589,0.9971268307149789,0.9975263841428622,-0.0042854285714289475,-0.0485712857142858,-0.06266663333333339,-0.02155614285714285,-0.053255928571428565,-0.05591870000000002,-153111.2857142857,-107018.35714285714,-76152.03333333334
2018-04-18,26.66,26.709999,26.52,26.639999,23.645649,3568118.0,1.0018754313578395,0.9947486871717929,0.9992497749437359,-0.12000099999999847,-0.035505000000000564,-356723.0,1.005862991671891,1.0056319098174302,1.0041034358595264,0.9934629985503477,0.9923106291425379,0.9924696724371054,0.999009913699359,0.9980499588494888,0.9978038792587878,-0.019999857142857076,-0.08071435714285714,-0.06633333333333329,-0.029164142857143003,-0.048817928571428686,-0.05177656666666668,-191721.7142857143,-109788.78571428571,-33140.333333333336
2018-04-19,26.799999,26.91,26.610001,26.709999,23.707781,7013101.0,1.0041045150785266,0.9929105221235269,0.9966417909194698,0.13999899999999954,0.06213200000000185,3444983.0,1.0039412128611336,1.0058467738881407,1.0042402530288106,0.9934107795271705,0.9925613415347169,0.9924192517029903,0.9962354846632003,0.9984888696422355,0.9978197430645801,0.004285571428571444,-0.040000142857142915,-0.06300006666666663,-0.06213214285714282,-0.024726071428571368,-0.055327033333333255,245728.7142857143,73420.78571428571,109250.03333333334
2018-04-20,26.629999,26.92,26.52,26.719999,23.716656,2958723.0,1.0108900116744277,0.9958693577119547,1.0033796471415564,-0.16999999999999815,0.008874999999999744,-4054378.0,1.005075831841533,1.0064675910917047,1.0044858825259395,0.9943997961571116,0.9935226480163436,0.992668887570384,0.9980342194386153,0.999855750641912,0.9981436667486413,-0.07285714285714258,-0.0471429999999999,-0.059000033333333236,-0.021556285714285854,-0.008876071428571513,-0.044379933333333337,-313264.14285714284,-579387.7142857143,-83209.86666666667
2018-04-23,26.6,27.094999,26.6,26.969999,23.938557,3827300.0,1.018608984962406,1.0,1.0139097368421053,-0.02999900000000011,0.22190099999999902,868577.0,1.0062944993465783,1.0068509067842524,1.0049535449405262,0.9948264052170686,0.9936847987109007,0.9927862974606297,0.9998613556361292,1.0005249991818201,0.998654288364652,-0.027142999999999824,0.012142857142857264,-0.05966663333333327,0.019020142857142628,0.026628000000000034,-0.0408296,-178072.0,-192371.64285714287,-53559.0
2018-04-24,26.99,27.27,26.940001,27.15,24.098324,4132476.0,1.0103742126713597,0.998147499073731,1.0059281215264912,0.389999999999997,0.1597670000000022,305176.0,1.0077234427185924,1.0075919219750638,1.005252535550171,0.9958358504582117,0.994758138452905,0.9928884051076567,1.0017699756407894,1.0012699427031369,0.9989104130147859,0.011428571428571186,0.023571428571428448,-0.049666666666666734,0.05579185714285728,0.038673857142857315,-0.037870899999999943,73325.71428571429,-546098.9285714285,-69318.13333333333
2018-04-26,27.25,27.25,26.4,26.57,23.583517,7922868.0,1.0,0.9688073394495412,0.9750458715596331,0.26000000000000156,-0.5148070000000011,3790392.0,1.0069238584670086,1.00703201424787,1.00515968503626,0.9921260194479319,0.9930633419307157,0.9919879243662096,0.9986315393976298,0.9994341854905018,0.9982178833436752,0.06428585714285719,0.032857071428571416,-0.048999966666666714,-0.019019857142857127,-0.015216000000000054,-0.06006089999999998,790401.2857142857,145590.2142857143,92505.93333333333
2018-04-27,26.65,26.68,26.110001,26.629999,23.636772,10458120.0,1.001125703564728,0.979737373358349,0.999249493433396,-0.6000000000000014,0.05325500000000005,2535252.0,1.0067112656156125,1.0064730013625351,1.0051972084884178,0.9900315398412708,0.9917225788391966,0.9916271887928398,0.9990577766237697,0.9992740051672143,0.9983210715863268,-0.018571571428571434,-0.01142850000000019,-0.0650000000000001,-0.006340285714285544,-0.013948214285714198,-0.05503119999999993,933325.5714285715,390107.14285714284,215145.13333333333
2018-04-30,26.540001,26.98,26.4,26.84,23.82317,10508920.0,1.0165787107543818,0.9947249060013222,1.0113036544346776,-0.1099989999999984,0.1863980000000005,50800.0,1.0088117341008327,1.0073373628863618,1.0056556036727784,0.9900281425312035,0.9917455705407756,0.9915809141682512,1.0007797594081898,0.9998948365537744,0.9986507446359003,-0.017142714285714282,-0.01857128571428568,-0.058666599999999985,0.02536014285714318,-0.0019019999999999118,-0.044379999999999954,991543.1428571428,399910.71428571426,188803.96666666667
2018-05-01,27.200001,27.540001,26.76,27.469999,24.382357,8329382.0,1.0124999995404411,0.9838234932417834,1.0099263966938825,0.6600000000000001,0.5591869999999979,-2179538.0,1.0100110890239635,1.0069761509425486,1.0058585189881806,0.9887299955480974,0.9910703875376339,0.9911248227958451,1.002677560233106,0.9994565224481532,0.9990053758616423,0.05714314285714295,0.030714357142857196,-0.028999966666666665,0.09636799999999976,0.017117928571428465,-0.01716026666666674,188040.14285714287,216884.42857142858,-76176.0
2018-05-02,27.43,27.57,27.07,27.52,24.426737,6268060.0,1.005103900838498,0.986875683558148,1.003281079110463,0.2299989999999994,0.04438000000000031,-2061322.0,1.0091845017616878,1.0071301668016104,1.0059337498464982,0.9874451849546964,0.990922490555904,0.9910550786772023,1.0026634790858069,1.000348849262211,0.9991977807525129,0.11428585714285688,0.020714357142857156,-0.02233333333333339,0.10144014285714269,0.03994192857142842,-0.015089233333333377,472762.4285714286,79749.14285714286,-99021.93333333333
2018-05-03,27.65,27.77,27.33,27.709999,24.595379,5543398.0,1.0043399638336348,0.9884267631103074,1.002169945750452,0.21999999999999886,0.16864200000000196,-724662.0,1.0071460701718633,1.0067202847592207,1.0060191466990112,0.985791865399026,0.9903091353080473,0.9909419475374234,1.0009863660727136,1.0004238608544214,0.999400507009733,0.1499999999999996,0.061428499999999886,-0.015666699999999995,0.09383171428571455,0.056425928571428585,-0.00887603333333331,245156.85714285713,33542.42857142857,-13197.066666666668
2018-05-04,27.77,27.85,27.440001,27.549999,24.453363,3944077.0,1.0028808066258552,0.9881167086784299,0.9920777457688152,0.120000000000001,-0.1420160000000017,-1599321.0,1.0060755835939343,1.0068995131562632,1.0060139843008253,0.9843588953425545,0.990097372900383,0.9907720294933711,0.9990077409644742,1.000388858302632,0.999076909249646,0.11142857142857159,0.06142857142857139,-0.007666666666666681,0.05071985714285684,0.05325585714285706,-0.014793400000000052,-26914.14285714286,23205.785714285714,-7126.933333333333
2018-05-07,27.68,27.73,27.51,27.620001,24.515497,3536636.0,1.001806358381503,0.9938583815028902,0.9978324060693641,-0.08999999999999986,0.062134000000000356,-407441.0,1.0063336347912917,1.0066287466291504,1.0058369495090345,0.9879376156358901,0.9900318175419109,0.9906266220440604,1.00226296018015,1.0004472497888899,0.9987674093807837,0.06142857142857139,0.0628572142857143,-0.014000000000000058,0.1331399999999999,0.05706007142857139,-0.020118900000000058,-626604.5714285715,81898.35714285714,22953.866666666665
2018-05-08,27.809999,28.049999,27.639999,27.91,24.772902,5673054.0,1.008629989522833,0.9938870907546598,1.0035958649261367,0.12999900000000153,0.25740499999999855,2136418.0,1.0074056756424494,1.007058470629031,1.0060892164164326,0.989959003835363,0.9899952718383169,0.990706044243257,1.0028838703933987,1.0009708235085841,0.9989698674151947,0.16571414285714323,0.07357128571428591,-0.014666699999999958,0.1623042857142854,0.07798199999999993,-0.007988333333333368,-683580.8571428572,124872.35714285714,34744.53333333333
2018-05-09,27.879999,28.02,27.74,27.950001,24.808405,5545312.0,1.0050215568515621,0.9949785148844517,1.0025108322277916,0.07000000000000028,0.03550300000000206,-127742.0,1.0057546536563324,1.0072831938785827,1.0062326884445343,0.98999523367581,0.9900116881035068,0.9910288575020858,1.0016277529352722,1.001203756171731,0.9992687674737397,0.1914282857142859,0.08714278571428581,0.0,0.14074785714285706,0.08305400000000011,0.00739663333333335,-709086.8571428572,141228.14285714287,-75785.76666666666
2018-05-10,28.1,28.15,27.98,28.08,24.923792,5615353.0,1.0017793594306048,0.995729537366548,0.9992882562277579,0.2200009999999999,0.11538699999999835,70041.0,1.0042231336406415,1.0071171113323025,1.0061463327824733,0.991696097122205,0.9902130463351513,0.991044312832044,1.0001080185829685,1.0013927894080374,0.9991722082528477,0.12857128571428586,0.0928572142857144,0.02133336666666672,0.07734785714285712,0.08685792857142845,0.016568499999999986,-387718.4285714286,-99839.14285714286,6408.5
2018-05-11,28.18,28.389999,28.129999,28.15,24.985922,7526218.0,1.007452058197303,0.9982256564939674,0.9989354151880766,0.0799999999999983,0.062129999999999797,1910865.0,1.0045585846918994,1.0068715432267936,1.006334762312403,0.993317521827322,0.9903813533910092,0.991548921176838,0.9994872094511992,1.001075344268503,0.9995925227237638,0.10714285714285714,0.11071435714285702,0.01299996666666665,0.07988357142857135,0.09066185714285702,0.021894066666666608,179736.85714285713,326249.64285714284,80701.9
2018-05-14,27.35,27.629999,27.32,27.629999,25.241722,9584156.0,1.0102376234003656,0.9989031078610603,1.0102376234003656,-0.8299999999999983,0.2558000000000007,2057938.0,1.0054011074871467,1.006273588829505,1.0066394691561291,0.994814142506001,0.9903030039525136,0.991865673151106,1.0006397348297582,1.0008130504512358,1.0002505421764087,-0.04285714285714245,0.05357142857142857,-0.00033336666666663464,0.09233471428571402,0.09308321428571428,0.03959253333333332,577251.1428571428,411204.0,119964.86666666667
2018-05-15,27.77,27.879999,27.605,27.74,25.342215,6630918.0,1.0039610731004682,0.9940583363341736,0.9989196975153043,0.41999999999999815,0.10049300000000017,-2953238.0,1.0055554312692343,1.0058155074315842,1.0066982192319938,0.9956629464568215,0.990010920899688,0.9922539154632725,1.001617156507828,1.0003124487361512,1.000739754988716,0.0,0.05571428571428579,0.015999966666666646,0.12697885714285714,0.088849357142857,0.05004313333333326,383834.4285714286,178460.14285714287,-147974.43333333332
2018-05-16,27.879999,27.879999,27.719999,27.77,25.369621,5686607.0,1.0,0.9942611188759368,0.9960545550952136,0.10999900000000196,0.027405999999999153,-944311.0,1.0052973800718767,1.0058155074315842,1.006256800389769,0.9957204803672568,0.9918290480015735,0.9921382897499302,1.001363177797235,1.0018130689886926,1.00045689824911,0.028571285714285972,0.044999928571428684,0.04833330000000006,0.1220177142857141,0.12757885714285702,0.060128533333333324,307138.71428571426,-159732.92857142858,-27796.533333333333
2018-05-17,27.93,28.030001,27.68,27.99,25.570606,7193039.0,1.0035804153240242,0.9910490511994271,1.0021482277121374,0.050000999999998186,0.20098500000000286,1506432.0,1.0045760123291898,1.0059908439858196,1.0063761475672366,0.9953150461450807,0.9926370249902219,0.9924025667003888,1.0011563724809496,1.0020201214371742,1.0006785420985795,0.01714299999999978,0.09142857142857151,0.04233333333333332,0.11395771428571473,0.13813100000000006,0.06712386666666674,217140.7142857143,-233220.07142857142,-152827.4
2018-05-18,28.18,28.24,27.969999,28.17,25.735046,4675083.0,1.0021291696238466,0.9925478708303762,0.9996451383960256,0.25,0.16443999999999903,-2517956.0,1.0041628141538017,1.0049587339050672,1.006185829615341,0.9949678112802127,0.9924815224780115,0.9924030127027283,1.00074698764784,1.0011873702915561,1.000641830960563,0.04285728571428545,0.11714278571428569,0.04633329999999999,0.13237728571428573,0.1365625714285714,0.0646168333333333,-124318.42857142857,-416702.64285714284,-40317.4
2018-05-21,28.15,28.325001,28.02,28.309999,25.862944,4865948.0,1.006216731793961,0.9953818827708704,1.0056838010657194,-0.030000000000001137,0.1278979999999983,190865.0,1.004796724491424,1.0045099290660329,1.0060946578764927,0.9949181463379732,0.9933071217300891,0.9922988069071035,1.0016606369104062,1.0008843277466872,1.000781557064106,0.007142857142856737,0.06785707142857131,0.04466669999999991,0.13416457142857144,0.10575621428571427,0.06769656666666665,-107057.85714285714,-247388.14285714287,-4355.733333333334
2018-05-22,28.25,28.299999,27.790001,27.860001,25.451841,4869870.0,1.0017698761061946,0.9837168495575221,0.9861947256637168,0.10000000000000142,-0.4111029999999971,3922.0,1.0039849841926942,1.0042717844422968,1.0060043987660054,0.9928454596327666,0.9930814907300444,0.991942601153047,0.999840538406926,0.9996638739290625,1.0002343140854688,0.01000000000000004,0.058571428571428594,0.048333366666666676,0.06655985714285759,0.07322171428571446,0.053401433333333394,-379478.28571428574,-99870.71428571429,-1343.3333333333333
2018-05-23,28.01,28.059999,27.74,27.85,25.442707,5396030.0,1.0017850410567655,0.9903605855051766,0.9942877543734381,-0.23999999999999844,-0.009134000000003084,526160.0,1.0027774724293228,1.0040892899582348,1.0054786679094365,0.9916250992962119,0.9932196209011064,0.9918454188270274,0.9975619856887936,0.9991008602592759,0.9995084794254974,0.0942857142857143,0.02571428571428593,0.0413333333333334,0.02871214285714276,0.06052342857142839,0.04333336666666661,-598303.7142857143,-10526.285714285714,3434.3333333333335
2018-05-24,27.68,27.790001,27.5,27.76,25.360485,3895727.0,1.003974024566474,0.9934971098265896,1.0028901734104048,-0.33000000000000185,-0.08222199999999802,-1500303.0,1.0027793226387522,1.0041673769539934,1.005512879434598,0.9915449240808428,0.9936039352688322,0.9919971144445014,0.9981291965309509,0.9998731765193895,0.9999118684153891,-0.012857142857142836,-0.006428571428571418,0.01800003333333334,0.00261000000000016,0.06479442857142866,0.049764499999999975,-390741.5714285714,-3453.5714285714284,-41861.5
2018-05-25,27.67,27.959999,27.620001,27.870001,25.460978,4668108.0,1.0104806288398986,0.9981930249367544,1.0072280809541019,-0.00999999999999801,0.10049300000000017,772381.0,1.0042765553301665,1.0047869677010215,1.0055262899816917,0.9921066249466737,0.9939135526569652,0.9920364240563833,0.9997254145107919,1.0005442961540136,1.0001154783318758,-0.029999857142857116,-0.0007142857142855721,0.02933330000000005,0.013051000000000304,0.0675343571428572,0.05518539999999999,-145499.85714285713,80819.42857142857,-13523.2
2018-05-28,27.629999,27.815001,27.629999,27.73,25.333078,2240920.0,1.006695693329558,1.0,1.0036192907571224,-0.040001000000000175,-0.12790000000000035,-2427188.0,1.0047215950452426,1.004648803687216,1.005737092790435,0.9933853319181841,0.9943501890316323,0.9923337113101921,0.9999355663743613,1.0005459694276555,1.000483861973984,-0.04285728571428545,-0.012857142857142836,0.023999966666666712,-0.03393257142857158,0.04001257142857157,0.05417656666666666,-707445.5714285715,-245152.42857142858,-45942.53333333333
2018-05-29,27.73,27.92,27.709999,27.719999,25.323942,3418443.0,1.006851785070321,0.9992787234042553,0.9996393436711144,0.1000009999999989,-0.009136000000001587,1177523.0,1.005396254394739,1.0047795342742705,1.0057789159674095,0.9943468822858812,0.994657346783047,0.9924837968729509,0.9999347385565168,1.0003408631021784,1.0005713425876295,-0.06428571428571418,-0.010714214285714365,0.031000033333333357,-0.0587291428571431,0.03682407142857131,0.05357619999999995,-179520.0,-151919.2142857143,34279.46666666667
2018-05-30,27.51,27.6,27.09,27.209999,24.858027,6997130.0,1.0032715376226826,0.9847328244274809,0.9890948382406397,-0.21999999999999886,-0.46591499999999897,3578687.0,1.0049755123702708,1.0048861184308473,1.0058008387706823,0.9928255882368254,0.9938718672873993,0.9921616000003676,0.9975648867243627,0.9996127618173842,1.0003323094339702,-0.091428571428571,-0.042142857142857135,0.0243333000000001,-0.1435595714285713,-0.004697499999999926,0.03922910000000002,304454.5714285714,98698.35714285714,102409.63333333333
2018-05-31,27.43,27.450001,27.120001,27.209999,24.858027,6394152.0,1.0007291651476486,0.9886985417426175,0.9919795479402115,-0.08000000000000185,0.0,-602978.0,1.0048268393761925,1.0044059117844435,1.005762629897009,0.9935372585489821,0.9931913590908744,0.9919599284860616,0.998391289906719,0.9991159141568227,1.0000899685338527,-0.11714285714285719,-0.05357142857142857,0.025666666666666654,-0.08483057142857169,-0.009135357142857055,0.040412600000000035,217754.57142857142,-80861.85714285714,94201.13333333333
2018-06-01,26.82,26.950001,26.549999,26.799999,24.483465,5243629.0,1.0048471662938105,0.9899328486204325,0.9992542505592841,-0.6099999999999994,-0.37456200000000095,-1150523.0,1.0052642858386276,1.0040208791339753,1.0057873849375187,0.9934761532797329,0.9925506262879723,0.9918606727026252,0.9991007893618399,0.9983313875253168,1.0001770505218466,-0.17000000000000018,-0.037857142857142936,0.0006667000000000201,-0.1370345714285714,-0.05416121428571431,0.025856133333333274,-21771.571428571428,-310037.64285714284,-58982.4
2018-06-04,26.950001,27.129999,26.67,26.75,24.437788,3441020.0,1.0066789607911333,0.989610352890154,0.9925788128913242,0.13000100000000003,-0.04567699999999775,-1802609.0,1.0056507052992933,1.004215013969023,1.005647016574742,0.9929209022888135,0.9922329131848281,0.9916520392085653,0.997627737859114,0.9978784671950324,0.9998170227135056,-0.10428557142857134,-0.05857135714285709,0.010666733333333293,-0.13181385714285707,-0.06460192857142845,0.02403773333333336,-64958.142857142855,-227849.85714285713,16076.566666666668
2018-06-05,26.73,26.799999,26.530001,26.66,24.355568,5136338.0,1.0026187429854097,0.9925178077066965,0.9973812196034418,-0.2200009999999999,-0.08221999999999952,1695318.0,1.0045275787486518,1.0044020670394092,1.0051140085088421,0.9921101569702337,0.9921083909584538,0.9914026327987885,0.9962210433804483,0.9979732289456201,0.9992660721388834,-0.13428571428571448,-0.0821427857142858,0.0043333333333333,-0.15791571428571416,-0.07243235714285692,0.013900366666666742,66890.0,-39304.92857142857,43634.6
2018-06-06,26.74,26.75,26.459999,26.52,24.227669,5470620.0,1.00037397157816,0.9895287584143606,0.9917726252804787,0.00999999999999801,-0.12789900000000287,334282.0,1.0036244756413095,1.004173035343276,1.0047806671390689,0.9906142653151425,0.9919997986166633,0.9911153414434761,0.9945286625980706,0.9972321144862158,0.9987942222640164,-0.12714271428571472,-0.08500000000000009,-0.008333333333333333,-0.15791557142857165,-0.09592407142857162,0.004311499999999905,461385.71428571426,-123029.92857142857,44604.8
2018-06-07,26.75,26.969999,26.52,26.73,24.419518,3884258.0,1.008224261682243,0.9914018691588785,0.9992523364485981,0.010000000000001563,0.19184900000000127,-1586362.0,1.0038205437287269,1.004608399061733,1.0050548091951437,0.9894890004229457,0.9919179413544134,0.9918684924337874,0.9944733758519969,0.9972040572042568,0.9996011044269818,-0.14000000000000007,-0.10214285714285712,-0.016666666666666666,-0.12920342857142839,-0.09396628571428575,0.027866699999999984,66545.0,-56487.5,-134620.33333333334
2018-06-08,26.799999,26.84,26.65,26.66,24.355568,2177794.0,1.0014925746825587,0.9944030221792172,0.9947761565214984,0.04999899999999968,-0.0639499999999984,-1706464.0,1.003566406165852,1.0042709592680612,1.0050670382324047,0.9908704572446225,0.991848022740724,0.992357347394483,0.9952849927492624,0.9964249397368125,0.9994519931965853,-0.10142871428571455,-0.09642864285714278,0.004999966666666703,-0.07177985714285688,-0.10766971428571408,0.023959866666666704,-688476.5714285715,-192011.0,-276010.86666666664
2018-06-12,26.879999,26.9,26.51,26.559999,24.264212,6344729.0,1.0007440848491103,0.986235155737915,0.9880952376523526,0.08000000000000185,-0.0913560000000011,4166935.0,1.003568537551775,1.0041976884639838,1.0045392173688956,0.9905185449582363,0.9920279017536091,0.992074355719036,0.9947300912795684,0.9965606905931436,0.9986783793038412,-0.07857157142857117,-0.09785721428571417,0.011333266666666711,-0.08483071428571419,-0.08483064285714294,0.014701399999999983,-7060.428571428572,105347.07142857143,-138806.36666666667
2018-06-13,26.6,26.65,26.254999,26.34,24.063227,4766405.0,1.0018796992481203,0.987030037593985,0.9902255639097743,-0.2799990000000001,-0.2009849999999993,-1578324.0,1.003144613688105,1.0042044497633664,1.0041852073591515,0.9901038576687438,0.9917900054742385,0.992181240530776,0.993440278901067,0.9962705341314534,0.9980216848777042,-0.031428571428571264,-0.10071428571428573,-0.020000033333333295,-0.060033999999999664,-0.09853428571428553,-0.01063766666666659,-68174.85714285714,-44973.21428571428,-118765.9
2018-06-14,26.24,26.33,26.075001,26.200001,23.935329,5018469.0,1.0034298780487805,0.9937119283536586,0.9984756478658537,-0.360000000000003,-0.12789800000000184,252064.0,1.002680459010626,1.0041655821549598,1.0041294065994943,0.9906897970206731,0.9918053496547433,0.992409115357293,0.9942826838974284,0.9959552108782711,0.9978615038362172,-0.10142871428571455,-0.10285714285714295,-0.03966666666666671,-0.0717798571428574,-0.10179685714285723,-0.01638026666666666,225349.85714285713,80195.85714285714,-41653.03333333333
2018-06-15,26.35,26.700001,26.290001,26.68,24.37384,11209492.0,1.013282770398482,0.9977229981024668,1.0125237191650853,0.11000000000000298,0.43851100000000187,6191023.0,1.0042038914982079,1.0043657351234299,1.0044275001516558,0.9914333956486402,0.991771776309437,0.9927189898570318,0.9964458981205203,0.9963334707504842,0.9982066296167049,-0.054285714285714146,-0.0942857142857143,-0.04333333333333324,0.00261028571428566,-0.07765271428571426,-0.007384633333333331,867593.4285714285,467241.71428571426,188869.8
2018-06-18,26.780001,27.110001,26.74,27.049999,24.711857,5577000.0,1.0123226283673403,0.998506310735388,1.0100820757997733,0.4300009999999972,0.3380169999999971,-5632492.0,1.0059108424680907,1.0047676590547001,1.0047422275430387,0.9927159031230727,0.9916650842191076,0.9930653099255972,0.9990615339089908,0.9967950982535309,0.9988067739510702,0.005714428571428597,-0.060714142857143064,-0.0329999666666667,0.06916971428571424,-0.044372928571428716,0.00861646666666663,15197.142857142857,238291.42857142858,54430.76666666667
2018-06-19,27.280001,27.280001,26.860001,26.98,24.647905,5977320.0,1.0,0.9846041061362132,0.9890028962975479,0.5,-0.0639519999999969,400320.0,1.0047359479420561,1.0042782458353914,1.0046820155969887,0.9917447941198348,0.9906168972713904,0.992756834080041,0.9975973281731265,0.9960353520125617,0.9985124569586764,0.07571442857142838,-0.032142785714285846,-0.013333300000000037,0.032626714285714495,-0.04828835714285695,0.004413600000000055,299008.85714285716,182776.92857142858,81356.13333333333
2018-06-20,27.23,27.719999,27.09,27.719999,25.323942,7834273.0,1.017994821887624,0.9948586118251928,1.017994821887624,-0.050000999999998186,0.6760369999999973,1856953.0,1.0070934118284938,1.005329908997173,1.004994176675815,0.9918098783549743,0.9913401677997983,0.9927892181157255,1.0009142803682873,0.998099636558775,0.9989924221907259,0.06142871428571439,-0.02000000000000008,-0.01933330000000003,0.13833914285714247,0.033279642857142785,0.018368000000000013,808068.4285714285,59795.92857142857,72040.63333333333
2018-06-21,28.02,28.049999,27.610001,27.85,25.442707,10838323.0,1.0010706281227695,0.9853676302640971,0.9939329050678087,0.7899999999999991,0.11876499999999979,3004050.0,1.007140060867588,1.0053542992096816,1.004862479051522,0.9916859461444288,0.9911022455513325,0.9924688552950471,1.0017482328562095,0.9982391620678889,0.9987064912853932,0.16285728571428543,0.042142857142857135,0.004666699999999935,0.1683564285714283,0.04176285714285705,0.021143399999999937,641942.0,317440.78571428574,176433.7
2018-06-22,28.0,28.74,27.889999,28.65,26.173555,8755923.0,1.0264285714285715,0.9960713928571429,1.0232142857142856,-0.019999999999999574,0.7308480000000017,-2082400.0,1.0106470426076526,1.0068958281478788,1.0056841194514543,0.99297756832488,0.9915407129968118,0.9924802504780669,1.0064609073997113,0.999950593150389,0.9995040256016109,0.1999999999999998,0.08428571428571427,-0.003333333333333381,0.30147542857142845,0.12072071428571439,0.041658766666666715,569931.1428571428,250878.14285714287,104685.66666666667
2018-06-25,28.82,28.940001,28.25,28.35,25.899488,7395380.0,1.0041638098542678,0.9802220680083276,0.9836918806384456,0.8200000000000003,-0.27406699999999873,-1360543.0,1.0107518900084365,1.0067161745095312,1.005574511173353,0.991050445418404,0.9908701212195385,0.9918801308618789,1.0043489406529387,0.9993158122751834,0.9989959077832897,0.3685714285714288,0.13357135714285714,0.021333333333333353,0.2805941428571432,0.10440714285714289,0.0304522000000001,339558.71428571426,282454.28571428574,-4361.266666666666
2018-06-26,28.190001,28.639999,28.1,28.450001,25.990845,4636045.0,1.0159630359715135,0.9968073431426981,1.0092231284418898,-0.6299990000000015,0.09135699999999858,-2759335.0,1.011134785090298,1.0076693382942528,1.005765358259058,0.9909196375670085,0.9911765166078244,0.9918102720379335,1.0038774276924822,1.000161662906501,0.998962091284674,0.26285728571428535,0.1042857857142856,0.028000033333333244,0.23100071428571414,0.1168054999999999,0.024970766666666696,-939063.8571428572,-35735.21428571428,-164937.03333333333
2018-06-27,28.549999,28.59,28.299999,28.48,26.018251,3836967.0,1.0014010858634357,0.9912434322677209,0.9975481960612328,0.35999800000000093,0.027405999999999153,-799078.0,1.0095745647325973,1.0077427036003441,1.0056800253511569,0.989882083500199,0.9912989933116358,0.9917164419023851,1.0020868734441193,1.000574203676555,0.9989163745695381,0.25285685714285727,0.12928564285714295,0.02599996666666667,0.18662771428571442,0.12789871428571434,0.02253453333333333,-248576.14285714287,-116689.5,-93131.7
2018-06-28,28.440001,28.780001,28.26,28.66,26.182692000000003,6037967.0,1.0119549925472928,0.9936708511367494,1.0077355482512114,-0.10999800000000093,0.1644410000000036,2201000.0,1.011282420810782,1.008009184376419,1.006078525102733,0.9911773327859897,0.9914610634529124,0.991696766311079,1.0047629665803568,1.0011801473767417,0.9993057410080713,0.16571428571428573,0.12071435714285705,0.01866673333333324,0.21925528571428593,0.12594100000000022,0.02710236666666681,8663.857142857143,153836.35714285713,11712.0
2018-06-29,28.639999,28.790001,28.24,28.24,25.798994,9829842.0,1.0052375001828737,0.9860335539816185,0.9860335539816185,0.1999980000000008,-0.38369800000000254,3791875.0,1.0094599462815321,1.008276679055013,1.006133761264695,0.9899166102369078,0.9908632442959409,0.9915295830704852,1.000197071165213,1.0005556757667502,0.9987685852170541,0.20142842857142845,0.13142857142857142,0.02366663333333333,0.06786457142857165,0.10310185714285705,0.007612933333333297,285081.28571428574,546574.8571428572,87893.43333333333
2018-07-02,28.35,28.35,27.799999,27.83,25.424437,5539825.0,1.0,0.9805996119929453,0.9816578483245149,-0.2899989999999981,-0.37455699999999936,-4290017.0,1.0093069994068506,1.0082235301372193,1.0060627889439,0.9892354647696003,0.9904607054570146,0.9911313077759042,0.998443491630457,1.0000958622433334,0.9981690088813371,0.04714285714285741,0.10500007142857141,0.0056666666666667235,-0.002609999999999652,0.08287321428571433,-0.010353633333333315,-756928.2857142857,-57493.142857142855,28824.733333333334
2018-07-03,27.99,28.18,27.799999,28.08,25.652826,4170953.0,1.006788138620936,0.9932118256520186,1.0032154340836013,-0.360000000000003,0.22838899999999995,-1368872.0,1.006501223291474,1.0085741329495634,1.0060818358381325,0.9888269551688682,0.9909022617468741,0.9910589725386091,0.9955865128260735,1.0010237101128925,0.9980867299819332,-0.001428571428571652,0.09928571428571407,-0.005333333333333338,-0.07438985714285705,0.1135427857142857,-0.00700393333333326,-654995.7142857143,-42532.28571428572,-23166.5
2018-07-04,28.1,28.18,27.950001,28.1,25.671097,5490267.0,1.002846975088968,0.9946619572953737,1.0,0.11000000000000298,0.018270999999998594,1319314.0,1.0063131040392885,1.0085324970238625,1.0061177391375584,0.9908897964955893,0.9909701209569965,0.9914238094632043,0.9979162441634383,1.0011325924081884,0.9985469057931425,-0.10285714285714269,0.13285714285714306,-0.004999999999999952,-0.032627285714286004,0.12398342857142859,0.007308533333333264,-272159.0,33699.857142857145,20679.9
2018-07-05,28.219999,28.530001,28.110001,28.43,25.972572,6642079.0,1.0109851881993333,0.996102126013541,1.0074415665287586,0.11999899999999997,0.30147499999999994,1151812.0,1.005601982928977,1.0083683840096376,1.0064244107089773,0.9907890511914239,0.9908543443792162,0.9916151941468162,0.9976617353187053,1.0007695815055937,0.99898536619832,0.0042854285714289475,0.13357135714285714,0.006999966666666661,-0.002610428571428664,0.11419514285714273,0.017662166666666698,286576.28571428574,-326243.78571428574,41534.96666666667
2018-07-06,28.5,28.99,28.43,28.99,26.484169,6011828.0,1.0171929824561403,0.9975438596491228,1.0171929824561403,0.2800009999999986,0.5115970000000019,-630251.0,1.0078579681565063,1.008716266444552,1.0068650426386327,0.9916891122459098,0.9907855978730545,0.9917500858075674,1.0004681333751206,1.00127750340962,0.9994621264998444,-0.00714271428571424,0.12285707142857152,0.02733333333333334,0.06655971428571458,0.1265937142857145,0.03745613333333336,310694.4285714286,31059.14285714286,70536.7
2018-07-09,29.0,29.23,28.965,29.1,26.58466,3822288.0,1.0079310344827586,0.9987931034482759,1.003448275862069,0.5,0.10049099999999811,-2189540.0,1.0072831170044299,1.009282768907606,1.0067800561600615,0.9924208625761279,0.9917990976810589,0.9917700884246181,0.9998556658909575,1.002309316235657,0.9993361329967766,0.07999985714285732,0.12285707142857152,0.04433333333333327,0.05742399999999951,0.1383396428571427,0.03745606666666663,-316525.5714285714,-153930.85714285713,-28194.0
2018-07-10,29.26,29.32,28.6,28.799999,26.310591,5400420.0,1.0020505809979494,0.9774436090225563,0.9842788448393711,0.26000000000000156,-0.2740690000000008,1578132.0,1.0068278428351551,1.0081438945583436,1.006625219082341,0.9911937275819762,0.990555168909442,0.99101820872537,0.9996049931563508,0.999901032160782,0.998691451466185,0.08857157142857172,0.14500000000000007,0.05433336666666667,0.07308528571428548,0.07047492857142856,0.03258376666666661,-632774.5714285715,-173846.64285714287,105316.66666666667
2018-07-11,28.65,28.690001,28.389999,28.57,26.100471,5264935.0,1.0013961954624782,0.9909249214659687,0.9972076788830716,-0.610000000000003,-0.21011999999999986,-135485.0,1.0070272993297948,1.0081671493683226,1.006443366095413,0.9926687717924081,0.9909521182810044,0.9907397486607604,1.0018263975218589,1.000134944576158,0.9986103959732502,0.04285714285714245,0.04499999999999993,0.030666666666666606,0.0965762857142854,0.046983142857142876,0.025884300000000002,-39270.0,-398099.14285714284,61549.73333333333
2018-07-12,28.73,29.25,28.700001,29.200001,26.676016,8618119.0,1.0180995475113122,0.998955830142708,1.0163592412112774,0.08000000000000185,0.5755450000000017,3353184.0,1.0086432148855629,1.0075722190885184,1.0069376330917008,0.9934893438625066,0.9911581495156875,0.9912138488512681,1.003704084254384,0.9996452985402288,0.9995192094056049,0.105714285714286,0.05214285714285717,0.04066666666666663,0.14616999999999994,0.035890071428571445,0.06059963333333336,635309.4285714285,-9843.142857142857,54032.96666666667
2018-07-13,29.200001,29.4,28.82,29.01,26.502439000000003,5601868.0,1.0068492805873532,0.9869862675689635,0.9934931166611947,0.4700009999999999,-0.1735769999999981,-3016251.0,1.0092149728139037,1.0077640384265962,1.0071416369396908,0.9923928167587336,0.9916413066271614,0.9911567730454797,1.0027745294916977,1.000345386827568,0.9995696616963043,0.15714299999999984,0.027142928571428575,0.059000033333333354,0.11876314285714328,0.04306792857142864,0.05481373333333342,15943.0,-128108.0,-26409.466666666667
2018-07-16,29.030001,29.129999,28.790001,28.940001,26.43849,3504240.0,1.0034446433536122,0.9917326906051434,0.9968997589769287,-0.1700000000000017,-0.06394900000000092,-2097628.0,1.0081377521216577,1.0068698675253174,1.0070948861750175,0.9917686117003912,0.9912788314459077,0.9912167677783033,1.0012685569842932,0.9994651461514994,0.9994911786435591,0.11571457142857103,0.05999999999999999,0.07366669999999995,0.06655971428571458,0.03197464285714296,0.06516750000000009,-448262.71428571426,-80843.21428571429,-57979.63333333333
2018-07-17,28.99,29.17,28.84,28.93,26.429354,4468522.0,1.0062090375991724,0.9948258020006899,0.997930320800276,-0.040001000000000175,-0.009136000000001587,964282.0,1.0065686171420907,1.0072132926492985,1.0070792220686189,0.9913803177506152,0.9915347149982624,0.9913906160819879,0.9985167481763126,0.9994924407757166,0.9996695622405241,0.06999999999999977,0.031428642857142766,0.0679999666666666,-0.007830714285714484,0.029364500000000047,0.06638553333333329,-220472.2857142857,45111.07142857143,34250.066666666666
2018-07-18,29.01,29.07,28.92,29.02,26.511574,3347090.0,1.0020682523267839,0.9968976215098242,1.0003447087211306,0.020000000000003126,0.08221999999999952,-1121432.0,1.0057310768340944,1.0065070969192622,1.007060872379998,0.9911095346165506,0.9917651985963393,0.9915366098754254,0.998073381441893,0.9989645236664252,0.9997683452111138,0.001428571428571652,0.040714214285714485,0.07600000000000004,-0.01044085714285714,0.023491571428571185,0.0718668666666666,-67885.42857142857,-192205.5,-59641.6
2018-07-19,29.200001,29.360001,28.93,29.209999,26.68515,4740486.0,1.0054794518671422,0.9907533907276236,1.0003423972485481,0.19000099999999875,0.17357600000000062,1393396.0,1.0062209155296935,1.0065243791824243,1.0072310550562975,0.9930109320029886,0.9921023297924825,0.9915774309525341,1.0003681746432038,0.9999865838997773,1.000054004276716,-0.008571285714285892,0.040000142857142915,0.0820000333333334,0.053508428571428776,0.06329685714285713,0.08191603333333337,-94276.28571428571,-363525.4285714286,-24337.8
2018-07-20,29.209999,29.4,29.155001,29.360001,26.822187,3580359.0,1.0065046561624325,0.9981171515959312,1.005135296307268,0.009997999999999507,0.1370369999999994,-1160127.0,1.006950695629687,1.0069889974797408,1.0071737348723038,0.9940383934501263,0.993353582621267,0.9918012737004358,1.001500691418089,1.001663544469974,1.0002501029386717,0.07999985714285732,0.061428499999999886,0.08199996666666666,0.10310228571428581,0.0998392857142856,0.08008896666666665,-240653.7142857143,-139961.85714285713,-10129.966666666667
2018-07-23,29.299999,29.34,29.07,29.120001,26.602932,3479067.0,1.001365221889598,0.9921502045102459,0.9938567233398199,0.08999999999999986,-0.21925500000000042,-101292.0,1.0045600776837278,1.0066016462846452,1.0071694897792052,0.9930661612169175,0.993277752539712,0.9917261797781368,0.9982860460078807,1.0009950651311326,1.0002194551659491,0.08142842857142847,0.09357135714285723,0.08333333333333333,-0.010440571428571641,0.06786471428571415,0.07491213333333326,-734150.2857142857,-49420.42857142857,43375.76666666667
2018-07-24,29.379999,29.379999,29.200001,29.219999,26.694286,2812869.0,1.0,0.9938734511189057,0.9945541182625636,0.08000000000000185,0.0913540000000026,-666198.0,1.0035816090283916,1.0063982909211475,1.0071446869509013,0.994050044581195,0.9932214306699644,0.9919807896241699,0.9984376176652192,1.0006060735784583,1.0004347511862894,0.025714000000000174,0.09142850000000001,0.08333333333333333,0.027406714285714173,0.07308492857142872,0.0810024666666667,-398428.4285714286,-191242.7142857143,-117728.66666666667
2018-07-25,29.219999,29.219999,28.959999,29.120001,26.602932,4055906.0,1.0,0.9911019846373026,0.9965777548452345,-0.16000000000000014,-0.0913540000000026,1243037.0,1.0030895171207328,1.0056136346211952,1.0070820303092975,0.9939599437286463,0.9928642777145187,0.9921165211922804,0.9983916170749773,0.9998300870296353,1.0006464908841382,0.027142571428571825,0.07142857142857142,0.0873333,0.023491714285713932,0.04502571428571426,0.08465683333333326,78809.42857142857,-184726.64285714287,-23683.3
2018-07-26,29.08,29.16,28.785,29.01,26.502439000000003,4904443.0,1.002751031636864,0.9898555708390647,0.9975928473177442,-0.1399990000000031,-0.10049299999999661,848537.0,1.0025955162689744,1.0045820667055325,1.0070594020955668,0.9932499107055568,0.9923151142280859,0.9919879759417941,0.9983434065774726,0.9984300773768927,1.0006170641992012,0.012857142857142836,0.04142857142857131,0.09466666666666666,0.010440714285714645,0.00130500000000008,0.08557033333333344,62274.42857142857,-79098.92857142857,-3800.866666666667
2018-07-27,29.280001,29.48,29.209999,29.48,26.93181,7335179.0,1.0068305667066064,0.9976092213931277,1.0068305667066064,0.20000100000000032,0.4293709999999962,2430736.0,1.0032758468946632,1.0045034618643789,1.006844328639171,0.993351567831743,0.9922305512241468,0.991984183384816,0.999269957718255,0.9986716695800739,1.0004272924505853,0.038571571428571004,0.02000007142857133,0.09766669999999991,0.06003371428571417,0.024796428571428514,0.08526566666666659,569727.0,250920.7857142857,-129143.76666666666
2018-07-30,29.299999,29.32,29.18,29.32,26.785643,2050795.0,1.0006826280096461,0.9959044708499819,1.0006826280096461,0.01999800000000107,-0.14616699999999838,-5284384.0,1.0025905863435924,1.004405750936643,1.0064563286272479,0.9940874364206513,0.99354918421182,0.9918974553886357,0.9993185621126975,0.9998433683779506,1.0001139775242478,0.01428542857142848,0.0028570714285712944,0.08399993333333337,0.014356142857142882,0.033932285714285824,0.06912620000000007,-384241.5714285714,-239258.92857142858,-117540.16666666667
2018-07-31,29.4,29.49,29.25,29.299999,26.76737,4337675.0,1.0030612244897958,0.9948979591836735,0.9965986054421769,0.1000009999999989,-0.01827300000000065,2286880.0,1.002098667533216,1.0045246815814515,1.0065583694435742,0.9936275517903289,0.9938329726202275,0.9922405838235513,0.9980990348462561,0.9997998631321724,1.0003671678290686,0.027142999999999824,0.05357142857142857,0.07066663333333333,-0.007830999999999986,0.04763564285714291,0.07064883333333327,108188.0,-66232.85714285714,-54654.833333333336
2018-08-01,29.299999,29.33,28.985001,29.07,26.557251,3648818.0,1.001023924949622,0.9892492146501439,0.9921502045102459,-0.1000009999999989,-0.21011899999999883,-688857.0,1.002049910827505,1.0033049942556163,1.0059926728789743,0.993213124667457,0.9931396429421874,0.9920536039177162,0.997855246442031,0.9980706462249559,0.9995056805831559,0.0,0.040714214285714236,0.06899996666666665,-0.006525857142856901,-0.008483214285714271,0.041110300000000065,24250.14285714286,-354950.0714285714,-139515.16666666666
2018-08-02,29.200001,29.209999,28.85,28.91,26.411083,4133896.0,1.0003423972485481,0.9880136647940526,0.9900684592442308,-0.09999799999999937,-0.1461679999999994,485078.0,1.0020988247201545,1.002840216874273,1.0059683985165002,0.9923760123353353,0.993213028458265,0.9921418050687147,0.9972144380108408,0.9978260278380299,0.9993768657223701,-0.025714000000000174,0.0,0.03933336666666669,-0.040457571428571475,-0.00652542857142865,0.03227920000000009,188718.14285714287,-104855.14285714286,-223480.9
2018-08-03,29.040001,29.1,28.59,28.639999,26.164419,4451700.0,1.0020660811960715,0.9845040983297487,0.9862258269205982,-0.16000000000000014,-0.24666400000000266,317804.0,1.0023939791767362,1.0027417481487346,1.0051563155087502,0.9914334571485418,0.9926967004385939,0.9917562285844682,0.9957355911644641,0.9970636041197206,0.9981439170959139,-0.025714000000000174,0.000714285714285826,0.03466670000000001,-0.06264471428571435,-0.0195765000000002,-0.00030453333333338624,56542.0,67675.71428571429,-143474.1
2018-08-06,28.84,28.99,28.719999,28.92,26.420218,3095288.0,1.0052011095700415,0.995839077669903,1.0027739251040222,-0.20000100000000032,0.25579899999999967,-1356412.0,1.0027439903100475,1.0026697532895108,1.0051908921659427,0.9922882438386617,0.9927690772721093,0.9922767955731875,0.9964757451339323,0.9974095758557026,0.9987799852447663,-0.034285714285714065,-0.010714285714285612,0.0006666666666666524,-0.011745857142857728,-0.000652571428571542,0.01735766666666656,-258450.7142857143,-98088.14285714286,-143336.4
2018-08-07,28.99,29.09,28.940001,29.09,26.575523,5597067.0,1.0034494653328734,0.9982753018282167,1.0034494653328734,0.14999999999999858,0.15530500000000202,2501779.0,1.0022609758280854,1.0027684113613744,1.0047737731446547,0.9923833981865314,0.9928674830091372,0.9923257275293714,0.9959927306519705,0.9976313441851127,0.9985875298077992,-0.04142871428571431,-0.001428571428571652,0.02666663333333332,-0.05089814285714261,0.00456778571428578,0.019489266666666675,-248301.7142857143,160712.64285714287,32034.066666666666
2018-08-08,29.200001,29.299999,28.76,28.82,26.328861,5211524.0,1.0034245889238154,0.9849314731187853,0.9869862675689635,0.21000100000000188,-0.2466620000000006,-385543.0,1.0026526845301098,1.0026216354368511,1.0048412232466672,0.9908158270820749,0.9924516317513632,0.9921153288910735,0.9940361077318729,0.9966773349222854,0.9982354655247235,-0.01428542857142848,0.0,0.021666733333333354,-0.0652545714285715,-0.025449214285714308,0.010353666666666683,451532.71428571426,33645.57142857143,45818.566666666666
2018-08-09,28.940001,29.290001,28.809999,29.17,26.648609000000004,3838818.0,1.0120939871425714,0.9955078785242614,1.0079474427108694,-0.26000000000000156,0.31974800000000414,-1372706.0,1.0039430791947919,1.0030208733640038,1.0048458563998435,0.9909029584164445,0.9922652551033868,0.9921765631373239,0.995657370198829,0.9968782025225424,0.9982425286733788,-0.06571414285714283,-0.019285571428571506,0.016666666666666666,-0.016965857142856526,-0.012398428571428255,0.0155305666666667,-71265.28571428571,18461.35714285714,-73304.96666666666
2018-08-10,29.280001,29.4,29.120001,29.309999,26.776506,3956320.0,1.004098326362762,0.9945355193123115,1.001024521822933,0.33999999999999986,0.12789699999999726,117502.0,1.004382279396669,1.003216095112087,1.004807883939173,0.9916581447967542,0.9924356347321057,0.9924599619816804,0.9969251298149272,0.9973901881284791,0.9987422276014225,-0.002856857142857296,-0.001428428571428648,0.021333399999999968,0.031322142857142916,0.012398142857143008,0.03258373333333336,43928.857142857145,34089.5,-195784.06666666668
2018-08-13,29.23,29.23,29.059999,29.17,26.648609000000004,4814684.0,1.0,0.9941840232637701,0.9979473144030107,-0.050000999999998186,-0.12789699999999726,858364.0,1.0043333655040194,1.003216095112087,1.004807883939173,0.9925396245781423,0.9924578184567389,0.9929127756907079,0.9980506805518957,0.9976325592813683,0.9992852098040391,0.004285571428571444,-0.010714214285714365,0.0293333333333333,0.03393228571428608,-0.0032626428571426963,0.040805733333333434,97255.42857142857,142986.7857142857,-24171.366666666665
2018-08-14,29.360001,29.700001,29.25,29.639999,27.077982,6744724.0,1.0115803810769626,0.9962533720622149,1.0095367162964333,0.13000100000000003,0.4293729999999947,1930040.0,1.0056925512012893,1.004043265189013,1.0049676253543738,0.994218092254209,0.9928257747013756,0.9930141605710477,1.0013808076055866,0.9985581993850252,0.9994959192111336,0.045714285714285756,0.01000014285714279,0.04566670000000007,0.130509,0.03393214285714282,0.04750519999999992,327574.85714285716,192058.42857142858,85792.36666666667
2018-08-15,29.77,30.15,29.690001,30.15,27.5439,7187667.0,1.0127645280483708,0.9973127645280483,1.0127645280483708,0.4099989999999991,0.46591800000000205,442943.0,1.0067730395553365,1.004758514932692,1.0052982104530206,0.9944286189482296,0.9933584313934457,0.9931025208121369,1.0028080365976364,0.9996418908657843,0.9999214034794126,0.1328571428571428,0.04928571428571438,0.05566666666666661,0.16052600000000034,0.0743900714285713,0.0624267666666667,584625.5714285715,163087.42857142858,56580.0
2018-08-16,30.1,30.190001,29.91,30.059999,27.461679,6704779.0,1.0029900664451827,0.993687707641196,0.9986710631229235,0.33000000000000185,-0.08222100000000054,-482888.0,1.0067074111428091,1.0044841934854474,1.0050317063945489,0.9937732483500838,0.9930783232683077,0.9930220401997254,1.0021254077105006,0.9990590691812355,0.9996290533658847,0.158571428571429,0.05857135714285734,0.0626667,0.12659371428571425,0.03784778571428582,0.04963690000000002,158244.57142857142,-45028.57142857143,2090.0
2018-08-17,30.1,30.389999,29.969999,30.280001,27.662664000000003,4815777.0,1.0096345182724251,0.9956810299003322,1.005980099667774,0.0,0.20098500000000286,-1889002.0,1.0075945439068963,1.0051236142185032,1.004779757588425,0.9953088993188762,0.9930623632004757,0.9929599458747657,1.004838812296045,0.999437460013959,0.9992552906062726,0.12857128571428586,0.0571429285714287,0.05333333333333338,0.19054328571428616,0.06264435714285733,0.03928316666666672,-56535.28571428572,197498.7142857143,-39868.36666666667
2018-08-20,30.35,30.35,30.01,30.049999,27.452543,3484442.0,1.0,0.9887973640856672,0.9901152883031301,0.25,-0.21012100000000444,-1331335.0,1.0058668314579577,1.0049049553263747,1.004515389772333,0.9943502543990771,0.9926266064077608,0.9926267545626788,1.0022913616663678,0.9989743659325985,0.9988108576876412,0.20142842857142895,0.06785714285714306,0.04500000000000005,0.11484771428571351,0.048940928571428496,0.028929433333333303,-50625.142857142855,-60945.21428571428,-11261.533333333333
2018-08-21,30.01,30.040001,29.450001,29.51,26.959221000000003,4354004.0,1.0009997000999666,0.9813395868043985,0.9833388870376542,-0.33999999999999986,-0.4933219999999956,869562.0,1.0054241705632727,1.0049032249799708,1.0044803604090669,0.9924651211836611,0.9920616329902076,0.99275662048874,0.9997648424113281,0.9983449861131276,0.9987795257609174,0.10428557142857185,0.050714357142857276,0.025,0.026102142857143105,0.028712142857143012,0.021621000000000144,56812.0,50370.42857142857,-34880.53333333333
2018-08-22,29.5,29.530001,29.049999,29.219999,26.694286,3269172.0,1.0010169830508475,0.9847457288135593,0.9905084406779662,-0.5100000000000016,-0.26493500000000125,-1084832.0,1.0055694538562507,1.004951409680135,1.004467719995346,0.9911167934050595,0.991828208991601,0.9925506474003265,0.9987021461648932,0.9983764133583944,0.9985562178207472,0.038571428571428513,0.02142849999999998,0.02833333333333338,0.006525285714285393,0.020228785714285737,0.01979383333333343,-220787.42857142858,-61766.0,-66525.43333333333
2018-08-23,29.1,29.110001,28.59,28.719999,26.237505,7531725.0,1.000343676975945,0.9824742268041237,0.9869415463917526,-0.3999999999999986,-0.456781000000003,4262553.0,1.0039642104132482,1.0048283808072689,1.003875857644167,0.989148344082475,0.991683218168342,0.9920012606223736,0.9954742647499387,0.9984275361777627,0.9975756279934296,-0.037142999999999864,0.004285642857142946,0.012333333333333366,-0.12006814285714285,0.00522042857142857,-0.014617033333333395,112428.71428571429,220001.7857142857,-36213.13333333333
2018-08-24,28.629999,28.889999,28.07,28.5,26.036522,8914773.0,1.009081383481711,0.9804401320447129,0.9954593431875425,-0.4700009999999999,-0.20098299999999725,1383048.0,1.0034380469037254,1.005105543229531,1.003950261073979,0.9867379680134272,0.9905832934808284,0.9917830561048987,0.993002095484106,0.9979050660408711,0.9976411688776411,-0.16285728571428543,-0.015000071428571309,-0.019000066666666628,-0.21533971428571416,-0.027406857142856924,-0.0155305666666667,246729.42857142858,415677.5,110430.16666666667
2018-08-27,28.58,28.610001,28.32,28.52,26.054794,3424585.0,1.001049720083975,0.9909027291812457,0.9979006298110568,-0.049999000000003235,0.018271999999999622,-5490188.0,1.00316085456641,1.0049341328546098,1.0038704302983243,0.9863401139477199,0.9900566811489019,0.991755390724102,0.992892033582411,0.9975087206464558,0.9976745312387789,-0.21714285714285758,-0.029285714285714297,-0.015000033333333345,-0.2009835714285713,-0.037194928571428525,-0.012789866666666682,-468599.14285714284,-155177.2857142857,-2655.1666666666665
2018-08-28,28.709999,28.98,28.639999,28.780001,26.292318,3858164.0,1.009404423873369,0.9975618250631078,1.0024382445990332,0.12999900000000153,0.2375240000000005,433579.0,1.0031279839379734,1.005361263922435,1.003976943174131,0.9866087989709735,0.9909588491449249,0.9918465914928494,0.9923860542868764,0.9986124332914607,0.997824795365404,-0.19857157142857165,-0.03500014285714289,-0.00933336666666662,-0.19576371428571449,-0.002610214285714158,-0.004567866666666613,-136801.85714285713,-96668.57142857143,-20345.266666666666
2018-08-29,28.99,29.43,28.9,29.43,26.886135,7657707.0,1.015177647464643,0.9968954812004139,1.015177647464643,0.2800009999999986,0.5938169999999978,3799543.0,1.0052962192900652,1.0055815253740115,1.0044139230120597,0.9877656728445088,0.9910579636217929,0.9918465201492024,0.9959663913099498,0.9991288764881588,0.9983192266568545,-0.1942857142857147,0.00357135714285712,-0.0006666666666667708,-0.08091542857142844,0.016966142857142534,0.012485366666666664,596180.7142857143,272777.78571428574,143687.23333333334
2018-08-30,29.59,29.6,29.200001,29.389999,26.849590000000003,6752880.0,1.0003379520108144,0.986819905373437,0.9932409259885097,0.6000000000000014,-0.03654499999999672,-904827.0,1.0052016838487579,1.0053129272060153,1.0042425396835153,0.9885485754972285,0.9905068483404448,0.9917154039707294,0.9973809683029291,0.9985729053571285,0.9980825109481866,-0.06000000000000024,0.022142785714285802,0.01299996666666665,-0.015661571428571466,0.0052202857142858205,0.00548133333333342,342696.5714285714,199754.2857142857,67079.8
2018-08-31,29.299999,29.59,29.27,29.5,26.950083000000003,8074726.0,1.009897645388998,0.998976143309766,1.0068259729292142,-0.2900010000000002,0.10049300000000017,1321846.0,1.006470349897065,1.006019901876658,1.0043556393244009,0.9905814918538295,0.9908491426294445,0.9917440370278573,0.9997120443388218,0.9992070952518575,0.9981388668355848,-0.028571571428571474,0.004999928571428518,0.0029999999999999953,0.03654242857142874,0.021533857142857066,0.004263200000000111,686507.7142857143,232860.14285714287,149812.23333333334
2018-09-03,29.530001,29.530001,29.165001,29.209999,26.68515,2558523.0,1.0,0.9876396888709893,0.9891634951180666,0.23000199999999893,-0.26493300000000275,-5516203.0,1.0064212531862158,1.005192731799732,1.004310131928081,0.9913194150062389,0.9902338795443569,0.9915936865065488,1.000029465585438,0.9977518651676883,0.9979824258948595,0.061428714285713885,0.012142857142857011,0.007666733333333298,0.06394928571428592,-0.028059428571428464,0.0027406000000000335,-710457.4285714285,-299014.35714285716,-30684.8
2018-09-04,29.129999,29.16,28.690001,28.799999,26.310591,3585014.0,1.0010299004816305,0.9848953650839465,0.9886714723196522,-0.4000019999999971,-0.3745590000000014,1026491.0,1.0052710413290615,1.0043545441163935,1.0043444619441353,0.9919558768689866,0.9893469224412069,0.9912944169720501,0.9990597697471679,0.9960309326156371,0.9977863376967625,0.07142857142857142,-0.045714357142857,-0.008333333333333333,0.03915271428571389,-0.08809350000000014,-0.012789833333333434,-761394.1428571428,-257332.35714285713,25738.166666666668
2018-09-05,28.780001,28.780001,28.549999,28.59,26.118742,2973465.0,1.0,0.9920082699093722,0.9933981586727534,-0.3499980000000029,-0.19184899999999772,-611549.0,1.0051210813170652,1.0041409679417375,1.0043444619441353,0.992113811258719,0.9892269626032194,0.9913246264811192,0.9984165595845532,0.995654296583482,0.9976803511576798,0.028571571428571474,-0.09428564285714305,-0.014666600000000092,0.009135428571428557,-0.09592407142857137,-0.016139666666666604,-64445.71428571428,-266522.4285714286,-36081.36666666667
2018-09-06,28.5,28.66,28.360001,28.530001,26.063931,4495929.0,1.0056140350877194,0.995087754385965,1.0010526666666666,-0.2800009999999986,-0.05481100000000083,1522464.0,1.0045795972048295,1.0038537905714013,1.0044398953924971,0.9917603725905558,0.9891845857807645,0.991499032599349,0.9982186198799293,0.995302337083403,0.9977956784693106,-0.029999857142857116,-0.1142857142857144,-0.019333333333333275,-0.032626714285714495,-0.11419521428571448,-0.014616933333333412,91109.28571428571,-22846.285714285714,-13617.133333333333
2018-09-07,28.549999,28.73,28.24,28.4,25.945166,3347541.0,1.0063047637935119,0.9891418910382448,0.9947460943869034,0.04999899999999968,-0.11876499999999979,-1148388.0,1.0033120423946678,1.0043041308423664,1.0044223686287272,0.990652716853103,0.989209194848806,0.9912167882541864,0.9952998265831096,0.9956331089465297,0.9973928627253205,-0.06285728571428553,-0.12857150000000012,-0.024333399999999963,-0.13442414285714271,-0.10766978571428558,-0.03288813333333328,-615738.0,-9778.642857142857,-132921.26666666666
2018-09-10,28.25,28.360001,28.16,28.26,25.817268,2266582.0,1.0038938407079647,0.9968141592920354,1.000353982300885,-0.2999989999999997,-0.12789800000000184,-1080959.0,1.0038200264942607,1.0045108551715092,1.0045294090520047,0.9920804674129027,0.9903145214550656,0.9912471112022547,0.9963159774848773,0.9968484728939033,0.9973819078683619,-0.19142857142857142,-0.12571428571428583,-0.03499996666666665,-0.14747457142857204,-0.08156807142857174,-0.03227916666666673,-640899.7142857143,-149101.57142857142,7192.9
2018-09-11,28.34,28.67,28.33,28.58,26.109606,3273782.0,1.0116443189837685,0.9996471418489766,1.008468595624559,0.08999999999999986,0.2923380000000009,1007200.0,1.0040695512935136,1.0052699505952893,1.0048155122018039,0.9921763243470758,0.9913789081004526,0.9914054172910982,0.9965506378699266,0.9981313411043741,0.9977775742077745,-0.13714271428571426,-0.08285714285714287,-0.03533333333333329,-0.12006814285714336,-0.04176285714285731,-0.021925466666666674,-685849.1428571428,329.2857142857143,-35463.1
2018-09-12,28.48,28.59,28.309999,28.370001,25.917759,2872094.0,1.0038623595505618,0.9940308637640449,0.9961376755617977,0.14000000000000057,-0.1918469999999992,-401688.0,1.0046213169435938,1.005521285064905,1.0049101266885017,0.9930893493317979,0.9922043821690184,0.9915648055948948,0.9975469493618883,0.998788207473663,0.9979104899094929,-0.1500001428571426,-0.04428571428571436,-0.027333299999999974,-0.1096272857142857,-0.022838999999999894,-0.02131640000000002,44795.857142857145,-332830.78571428574,-25890.8
2018-09-13,28.209999,28.290001,28.030001,28.059999,25.634554,3593758.0,1.0028359448009907,0.9936193546125258,0.9946827364297319,-0.2700010000000006,-0.2832049999999988,721664.0,1.004879323274931,1.005075182301996,1.0049932449402497,0.9943356335501664,0.9931457552095766,0.9917516619221772,0.9984057013776139,0.998732735562391,0.9980642991490096,-0.13142857142857167,-0.03000000000000012,-0.03300006666666668,-0.0965767142857139,-0.02871200000000001,-0.025884300000000002,1249.142857142857,-380072.5,-18004.6
2018-09-14,28.09,28.280001,28.09,28.15,25.716774,3996645.0,1.0067640085439657,1.0,1.0021359914560342,-0.11999899999999997,0.08221999999999952,402887.0,1.0058456102097832,1.0054833457634242,1.0051498425185128,0.9954773092773989,0.993795560268059,0.9922681919778523,0.9996539632037968,0.999035261394175,0.9985946379668574,-0.09857157142857124,-0.034999999999999885,-0.03166670000000001,-0.05742400000000002,-0.02414428571428573,-0.014921499999999928,146168.57142857142,40861.42857142857,-15168.5
2018-09-17,28.1,28.43,28.049999,28.4,25.945166,3426323.0,1.0117437722419929,0.9982206049822063,1.0106761565836297,0.010000000000001563,0.22839199999999948,-570322.0,1.006721286946108,1.0056504420754686,1.0053679312742445,0.9959248593625762,0.993842615976566,0.9923475762215959,1.0010287474776487,0.9996236836787891,0.9988580456828445,-0.05714285714285694,-0.04357135714285703,-0.024666666666666615,-0.016966428571428542,-0.02479657142857152,-0.015835066666666602,-152800.85714285713,-30845.785714285714,11034.5
2018-09-18,28.290001,28.639999,28.25,28.389999,25.936029,4835921.0,1.0123717917153838,0.9985860375190513,1.0035347471355691,0.19000099999999875,-0.009136999999999063,1409598.0,1.0075880052206612,1.0054500238076645,1.0056653421536617,0.9972740231455487,0.9939633699993259,0.9923579340779569,1.0022842692988865,0.9987920479409981,0.998860888409601,-0.03714257142857136,-0.049999928571428445,-0.023333299999999942,-0.0013052857142855803,-0.06786471428571415,-0.021316466666666638,212625.7142857143,-201556.14285714287,-25371.533333333333
2018-09-19,28.450001,28.67,28.32,28.66,26.182692000000003,4610610.0,1.0077328292536791,0.9954305449760793,1.0073813354171763,0.16000000000000014,0.24666300000000163,-225311.0,1.0081364321557633,1.005978229325012,1.0058089501646572,0.997076363957555,0.9945784156852289,0.9927079031398667,1.0032881768869282,0.9998020771859029,0.9995407240045414,0.028571571428571474,-0.08142849999999997,-0.025,0.0522034285714292,-0.04763557142857141,-0.004872299999999896,334861.14285714284,-153019.2857142857,-20030.466666666667
2018-09-20,28.610001,28.780001,28.290001,28.42,25.963436,7860581.0,1.0059419781215666,0.9888151000064628,0.9933589306760249,0.16000000000000014,-0.21925600000000145,3249971.0,1.0073218120325915,1.0056956816630525,1.0056038831972902,0.9955289294086243,0.9938526268778499,0.9924848105226068,1.001129653322852,0.9988401455963893,0.9990544402700465,0.03857157142857152,-0.04928557142857137,-0.010999999999999944,-0.020881428571428273,-0.07047478571428581,-0.02283910000000008,655257.0,-15296.07142857143,134058.76666666666
2018-09-21,28.4,28.65,28.370001,28.459999,25.999979,7845059.0,1.0088028169014085,0.9989436971830986,1.0021126408450705,-0.21000100000000188,0.036542999999998216,-15522.0,1.008027591654141,1.0063244542988674,1.0057606995485784,0.9962307627542034,0.9946600560430008,0.9926317497849664,1.001983219791891,0.9997650845768895,0.9990907109041179,-0.011428571428571692,-0.08071435714285714,-0.02933336666666667,0.011745714285714217,-0.04894078571428574,-0.025884233333333385,710423.5714285715,377609.71428571426,129624.63333333333
2018-09-24,28.5,28.700001,28.41,28.58,26.109606,3617768.0,1.0070175789473685,0.9968421052631579,1.0028070175438595,0.10000000000000142,0.1096269999999997,-4227291.0,1.0086249679607666,1.0067521456178488,1.005994618846824,0.9966911557042938,0.9955133946272301,0.9927203525182793,1.0031438313796235,1.0007747663786186,0.9992527010088128,0.04142871428571431,-0.044999928571428684,-0.02433333333333335,0.06786457142857115,-0.01435607142857138,-0.017966766666666818,3430.0,2339.5714285714284,-39897.2
2018-09-25,28.540001,28.58,28.15,28.219999,25.780724,3336209.0,1.0014015066082163,0.9863349339055734,0.9887875967488579,0.040001000000000175,-0.3288820000000001,-281559.0,1.0078588962556594,1.0068522532327213,1.0056553230311993,0.9947390034050899,0.9951081563412444,0.992389737913058,1.0012369178500269,1.0004454405269119,0.9985610636905603,0.06428585714285719,-0.017142857142857033,-0.02733333333333334,0.009135714285714056,-0.02414414285714298,-0.04324193333333331,-94348.0,25910.285714285714,-113617.16666666667
2018-09-26,28.23,28.280001,27.879999,27.959999,25.543196,3302764.0,1.0017712008501594,0.9876018065887354,0.9904356712716967,-0.31000099999999975,-0.23752800000000107,-33445.0,1.006434243199683,1.0065777650728955,1.0052888787912588,0.9932220322060227,0.9945734457842995,0.9920660393150807,0.998345419948322,0.9996870837129855,0.9978167684646712,0.01857142857142843,-0.019285714285714257,-0.05133333333333331,-0.057424285714286025,-0.03719535714285728,-0.06669013333333342,-17651.285714285714,-85226.07142857143,-129496.76666666666
2018-09-27,27.860001,27.950001,27.77,27.790001,25.387894,4733938.0,1.0032304377878523,0.9967695263183945,0.997487437276115,-0.36999899999999997,-0.15530199999999894,1431174.0,1.00512833549575,1.0063581703582056,1.0052968911693478,0.9929625306059288,0.9951182768757387,0.9921687666043209,0.9974815185398287,0.9998828939193576,0.9977773142697774,-0.06142857142857139,-0.04928557142857137,-0.07466663333333337,-0.07830500000000029,-0.039805142857142935,-0.0691261666666667,-14569.0,99028.35714285714,-65694.7
2018-09-28,27.709999,28.52,27.605,28.18,25.744183,9540554.0,1.029231361574571,0.9962107901916561,1.016961422481466,-0.15000200000000063,0.3562890000000003,4806616.0,1.0081995543987348,1.008167993277249,1.0059501192794194,0.993073994208154,0.9950751790828545,0.9921864252806983,0.9988501024061558,1.001069139646542,0.9981433583635673,-0.1057145714285715,-0.038571500000000015,-0.07966670000000005,-0.06264414285714334,-0.005220357142857068,-0.06394936666666678,704277.7142857143,519569.4285714286,157492.56666666668
2018-10-01,27.799999,28.02,27.559999,27.73,25.333078,3266730.0,1.0079137053206368,0.9913669061642773,0.9974820502691385,0.08999999999999986,-0.41110499999999917,-6273824.0,1.0084812297128876,1.0079015208727395,1.006213909456774,0.9934385379449847,0.9944837336768045,0.9922720766833186,0.9994391194908864,1.0002843864068691,0.9983889170957675,-0.11571457142857154,-0.038571500000000015,-0.08500003333333339,-0.09005114285714301,-0.05546628571428564,-0.07064883333333327,-656264.4285714285,-503.7142857142857,-7257.066666666667
2018-10-02,27.799999,27.9,27.34,27.49,25.113823,4887359.0,1.0035971584027754,0.983453272786089,0.9888489564334156,0.0,-0.21925500000000042,1620629.0,1.0077375642130828,1.0078825779336118,1.006300491400201,0.9912256201739834,0.9937281914640934,0.9923425328827082,0.9975443074320784,0.9997637636119848,0.9985725860756263,-0.08571442857142841,-0.04857150000000005,-0.07366670000000006,-0.12659371428571425,-0.05742400000000002,-0.06151326666666677,-422528.5714285714,143947.5,17778.5
2018-10-03,27.49,27.635,27.370001,27.440001,25.068146,3607643.0,1.005274645325573,0.9956348126591488,0.9981811931611495,-0.30999900000000125,-0.0456770000000013,-1279716.0,1.0074885736956833,1.0080567708282249,1.006442413476025,0.9910531498019821,0.9938721527531378,0.9927055023442279,0.9968834753774056,1.0000136533785144,0.9988283444917323,-0.14428571428571452,-0.0514285000000001,-0.06700000000000005,-0.1487800000000001,-0.04045771428571448,-0.05420466666666677,-1446.4285714285713,991.7857142857143,11282.366666666667
2018-10-04,27.629999,27.799999,27.549999,27.610001,25.223452,3437601.0,1.0061527327597803,0.9971045963483386,0.9992762214721759,0.1399990000000031,0.15530600000000305,-170042.0,1.008167320288764,1.0080131082722117,1.0066360486688195,0.9925916730080913,0.9936653382065906,0.9931931813290351,0.9983818503378796,0.9998093840939531,0.9992395003277464,-0.1300002857142855,-0.03285721428571416,-0.04900003333333333,-0.07961028571428537,-0.03523728571428565,-0.033801766666666566,14484.57142857143,-39931.71428571428,-136470.8
2018-10-05,27.610001,27.93,27.49,27.719999,25.323942,4037968.0,1.0115899669833406,0.9956537125804522,1.003983991163202,-0.01999800000000107,0.10048999999999708,600367.0,1.0095700011649327,1.008002122182308,1.006719668118874,0.9937419452926223,0.9934819887493226,0.9937003006802263,1.0003173246080947,0.9993313722782083,0.9995236552602685,-0.08857128571428571,-0.03499992857142864,-0.03399993333333337,-0.03132199999999991,-0.044373142857142965,-0.023752666666666755,105029.14285714286,43688.92857142857,-162560.16666666666
2018-10-08,27.469999,27.48,26.9,26.99,24.657042,5750649.0,1.0003640699076837,0.9792501266563569,0.9825264281953558,-0.14000199999999907,-0.6668999999999983,1712681.0,1.0091605200391944,1.0071444277674722,1.0066968131129976,0.9912391739123312,0.99210085225913,0.9933118805960635,0.9981800375965576,0.9978307780681932,0.9990111818730784,-0.055714571428571294,-0.05857157142857134,-0.03700003333333323,-0.10440742857142839,-0.09135621428571435,-0.04659173333333335,145244.42857142858,65337.71428571428,77535.46666666666
2018-10-09,27.0,27.32,26.73,26.83,24.510874,5956716.0,1.0118518518518518,0.99,0.9937037037037036,-0.4699990000000014,-0.1461679999999994,206067.0,1.0066777329359486,1.0074386436673417,1.0067783940456136,0.9903519181706661,0.9917129561894101,0.9930598197606265,0.9948575063425916,0.9968538043743738,0.9987200305099009,-0.10142842857142854,-0.10357150000000002,-0.05699996666666666,-0.1761869999999998,-0.11941557142857155,-0.05938146666666668,-511976.85714285716,96150.42857142857,69951.73333333334
2018-10-10,26.860001,27.0,26.48,26.879999,24.556549,6206737.0,1.0052121740427336,0.985852532172281,1.000744527150241,-0.13999899999999954,0.045674999999999244,250021.0,1.0062917998962484,1.0073865148045678,1.0064462115982167,0.9895641504575237,0.9915013442012544,0.9926917214596888,0.9953235744684633,0.9973813469796748,0.9982389264994207,-0.13428542857142847,-0.125,-0.0709999666666666,-0.11093271428571429,-0.10049192857142865,-0.07765286666666664,420001.0,-118131.71428571429,-48365.666666666664
2018-10-11,26.42,26.549999,26.01,26.01,23.761753,8552396.0,1.0049204769114306,0.9844814534443603,0.9844814534443603,-0.44000099999999875,-0.7947960000000016,2345659.0,1.0064808453974847,1.0071092048052839,1.0065989624282372,0.9897110334087055,0.9904683267913443,0.9926137730620529,0.9946996454700269,0.9961219764510527,0.9979469440812825,-0.197142714285714,-0.1414285714285712,-0.1056666666666666,-0.19315285714285732,-0.15987328571428577,-0.10292790000000013,523576.71428571426,50524.07142857143,59983.86666666667
2018-10-12,25.799999,26.01,25.620001,25.91,23.670395000000003,8826976.0,1.0081395739588983,0.9930233330629198,1.0042636048164189,-0.620001000000002,-0.09135799999999605,274580.0,1.0068901209165313,1.0071893473061073,1.0065403600472338,0.9893379648949584,0.9901955573484703,0.9924153460538246,0.9955685614207797,0.9962260183990926,0.9978615318108558,-0.2414287142857141,-0.1928572142857143,-0.11666666666666667,-0.1996787142857137,-0.1742293571428569,-0.10932293333333334,745619.0,372086.28571428574,25075.0
2018-10-15,25.719999,25.84,25.219999,25.43,23.231888,5122070.0,1.0046656689216822,0.9805598748273668,0.9887247662801231,-0.0799999999999983,-0.4385070000000013,-3704906.0,1.0066776832253743,1.0074225017570693,1.0066958823446233,0.9869744332491053,0.9897830531285984,0.9921793522523706,0.9940612106790578,0.9962215305084687,0.9978469075162579,-0.27285714285714285,-0.2014287142857142,-0.12700006666666658,-0.2845091428571429,-0.18205971428571413,-0.1151087333333333,240638.42857142858,127561.5,85451.56666666667
2018-10-16,25.43,25.83,25.4,25.549999,23.341511,6295699.0,1.0157294534014942,0.9988202909948879,1.0047187966968147,-0.28999900000000167,0.10962299999999914,1173629.0,1.0072690384279677,1.0084195197964503,1.007185867441952,0.9874268015940247,0.9905843734433235,0.992643516449402,0.9941661828981454,0.99724175375312,0.99838181832883,-0.3114287142857144,-0.20000000000000004,-0.12333330000000006,-0.2832044285714283,-0.15726321428571413,-0.09896933333333327,322533.0,213781.07142857142,90356.16666666667
2018-10-17,25.889999,26.0,25.639999,25.809999,23.579039,3941183.0,1.00424878347813,0.9903437616973256,0.9969100037431443,0.4599989999999998,0.23752800000000107,-2354516.0,1.00782399750946,1.0084922587743272,1.0073274935578898,0.9890116065998774,0.9901253902561044,0.9925880328423337,0.9962209794049723,0.997200508500765,0.9984988798311762,-0.22571428571428598,-0.14071442857142863,-0.09633339999999997,-0.15400042857142843,-0.1292039285714284,-0.08465676666666665,-258495.14285714287,-56625.357142857145,32257.266666666666
2018-10-18,26.0,26.014999,25.719999,25.879999,23.642988,5000100.0,1.0005768846153846,0.9892307307692308,0.995384576923077,0.11000100000000046,0.06394899999999737,1058917.0,1.0062132879042507,1.0064455104200998,1.0071595885421452,0.9889017109954817,0.989626814583074,0.9923927987217759,0.996461104150597,0.9956593052465943,0.99830994350639,-0.14285714285714285,-0.1221427857142857,-0.08333333333333333,-0.1239837142857146,-0.15008535714285717,-0.08069810000000004,-136659.42857142858,-324318.14285714284,16805.7
2018-10-19,25.73,26.059999,25.6,26.040001,23.78916,3901774.0,1.0128254566653712,0.9949475320637389,1.0120482316362223,-0.2699999999999996,0.14617199999999997,-1098326.0,1.0073008997074844,1.0067963498018664,1.0073769449712071,0.9902009966942614,0.9898825735758926,0.9925863200892925,0.9980759190771658,0.9966997467728146,0.9988866814147006,-0.1614287142857143,-0.14785707142857138,-0.09399996666666664,-0.10962700000000021,-0.11027985714285725,-0.07186686666666671,-329280.4285714286,45360.28571428572,18474.433333333334
2018-10-22,25.99,26.110001,25.74,25.790001,23.560768,3910242.0,1.0046171989226627,0.9903809157368219,0.9923047710657946,0.259999999999998,-0.22839199999999948,8468.0,1.0072575742805177,1.0068692098390013,1.0074010569116971,0.9910437770217558,0.9903774052152307,0.9923718786374519,0.9991935358802279,0.9969465906751273,0.9986183743735307,-0.061428571428571895,-0.12928564285714295,-0.07533333333333339,-0.02871214285714276,-0.11093250000000003,-0.07521666666666664,-663164.8571428572,-69794.07142857143,54788.666666666664
2018-10-23,25.73,25.75,25.290001,25.290001,23.103989,5035461.0,1.0007773027594247,0.9828993781577925,0.9828993781577925,-0.259999999999998,-0.45677900000000093,1125219.0,1.0062058212520213,1.0065479710842762,1.0070388230375522,0.9895974977495949,0.9894677313222766,0.9918136198477457,0.9961415035004241,0.9958550324606019,0.9977660671246387,-0.009999857142857036,-0.12571428571428558,-0.08699999999999998,-0.08091514285714345,-0.1402969285714286,-0.10018723333333336,-541645.0,101987.0,58722.63333333333
2018-10-24,25.25,25.67,25.23,25.450001,23.250158,4335550.0,1.0166336633663366,0.9992079207920792,1.0079208316831683,-0.4800000000000004,0.14616900000000044,-699911.0,1.0079155347441149,1.0072966089847446,1.0074645331647447,0.9922615043159825,0.9896179687825438,0.991986188415347,0.998883798558002,0.99647250461853,0.9981588389953511,-0.06714271428571449,-0.16999992857142868,-0.10766666666666667,0.002609999999999652,-0.14094957142857162,-0.08892003333333337,-112360.0,64139.21428571428,48781.86666666667
2018-10-25,25.139999,25.27,24.799999,24.799999,22.656342,6046314.0,1.0051710821468212,0.9864757353411191,0.9864757353411191,-0.11000100000000046,-0.5938160000000003,1710764.0,1.0064071959934473,1.0068381172107075,1.0075423710762725,0.990497996365444,0.9889623989797344,0.9917480677729668,0.9962776469357598,0.9952219149169526,0.9978852722923972,-0.04142871428571431,-0.17642871428571436,-0.10233333333333335,-0.09788128571428599,-0.19054285714285715,-0.09927373333333342,-35626.42857142857,143453.2857142857,81751.86666666667
2018-10-26,24.99,25.120001,24.68,24.91,22.756832,7008678.0,1.0052021208483393,0.9875950380152061,0.9967987194877952,-0.1499990000000011,0.10049000000000063,962364.0,1.0065433870463345,1.0071836922778972,1.007490308153085,0.9901053215537126,0.989558464076795,0.9913345690401403,0.9962617491849955,0.9962413642949839,0.9977073632267893,-0.12857128571428586,-0.17714278571428593,-0.10333333333333337,-0.11745814285714319,-0.1357292857142858,-0.0986647333333334,438213.5714285714,89859.21428571429,100401.1
2018-10-29,25.02,25.309999,24.85,25.200001,23.021767,3065002.0,1.01159068745004,0.9932054356514789,1.007194284572342,0.030000000000001137,0.26493500000000125,-3943676.0,1.008116787451285,1.0071650376777677,1.0074852053266865,0.9906731365368909,0.9897874237661863,0.991167396729116,0.9979488502777477,0.9972049772141724,0.9975913008264129,-0.14000000000000007,-0.14142857142857146,-0.10266666666666673,-0.08874585714285692,-0.10636478571428576,-0.09744663333333332,-276442.5714285714,-206551.0,-12044.033333333333
2018-10-30,25.110001,25.67,25.040001,25.66,23.442007,5374771.0,1.022301831051301,0.9972122661404912,1.0219035833570855,0.09000100000000089,0.4202399999999997,2309769.0,1.0094705552207037,1.0083857274640942,1.007816206637884,0.990996669976427,0.9905988333353442,0.9911216043498307,0.9993567576664424,0.9987163383718042,0.9982035953671302,-0.08857128571428571,-0.125,-0.106,-0.04959328571428553,-0.07961014285714287,-0.0831340666666667,210428.14285714287,-59426.142857142855,17961.666666666668
2018-10-31,25.799999,26.155001,25.65,25.93,23.688667,8438547.0,1.0137597679751849,0.9941860850459723,1.0050387986449147,0.6899979999999992,0.24665999999999855,3063776.0,1.010776636513921,1.0090171053972194,1.0080171045952673,0.9915402655920199,0.991292021306888,0.9910801223521605,1.0011759044634596,1.0001847201718437,0.9981255108080549,-0.027142999999999824,-0.04428578571428586,-0.08833340000000002,0.01827128571428562,-0.00522042857142857,-0.0831341666666668,646900.7142857143,-8132.071428571428,127597.9
2018-11-01,26.18,26.18,25.59,25.85,23.615583,7517907.0,1.0,0.9774637127578304,0.9873949579831933,0.38000100000000003,-0.07308399999999793,-920640.0,1.0106655932625748,1.008435707257298,1.0078190386578818,0.9907637419634538,0.9901806198565243,0.990701742777206,1.0018181301528026,0.9989798168266134,0.997926711718294,0.06428571428571418,0.027142928571428575,-0.08100003333333336,0.07308485714285748,-0.00391514285714299,-0.07826176666666669,354635.14285714284,-93504.92857142857,-11422.466666666667
2018-11-02,25.85,25.85,25.34,25.530001,23.323242,4797276.0,1.0,0.9802707930367505,0.9876209284332688,-0.3299999999999983,-0.2923410000000004,-2720631.0,1.0082893556388124,1.0081024451914635,1.0075256114278348,0.9880584379984069,0.9901599711571947,0.9900793126389945,0.9989181439742455,0.9989009712661236,0.9974436546379003,0.08571428571428592,0.009285785714285717,-0.08499999999999991,0.010440571428571641,0.006525285714285646,-0.08922456666666664,65960.85714285714,-23199.571428571428,-101592.76666666666
2018-11-05,25.549999,26.030001,25.389999,25.82,23.588175,5055041.0,1.0187867717724763,0.9937377688351378,1.01056755422965,-0.30000100000000174,0.2649329999999992,257765.0,1.0102344541567632,1.0083208250751052,1.0079179178553384,0.9890958713546952,0.9897969338600696,0.9899758347580605,1.0023598323868927,0.9993187396613263,0.9977023391940935,0.058571428571428594,0.008571357142857141,-0.09833336666666667,0.13311900000000015,0.01761885714285708,-0.08404769999999999,-141610.42857142858,-88618.42857142857,47909.1
2018-11-06,25.969999,26.200001,25.83,26.15,23.88965,3800013.0,1.0088564500907373,0.9946092027188757,1.0069311130893766,0.4200000000000017,0.30147499999999994,-1255028.0,1.0107565011913915,1.0086499441188628,1.0081664159714223,0.990097894883791,0.9901016082187518,0.9902516437185038,1.0038073171871187,1.0000345331860572,0.9983071230721108,0.13999985714285756,0.005714285714285846,-0.08566673333333329,0.1618311428571429,0.022186499999999856,-0.06303579999999999,-458380.71428571426,-10083.57142857143,15460.133333333333
2018-11-07,26.219999,26.58,26.209999,26.450001,24.163719,7760404.0,1.0137300157791767,0.9996186117322124,1.008772006436766,0.25,0.2740690000000008,3960391.0,1.0110621195241252,1.009589453487705,1.008565043135723,0.9910140628953243,0.9908435997161077,0.9906522038899531,1.0040327060248937,1.0009907781513205,0.9989183342442797,0.17142842857142884,0.015714214285714383,-0.0670000333333333,0.16313599999999998,0.03719507142857153,-0.04598256666666659,670771.7142857143,197164.57142857142,148588.0
2018-11-08,26.67,27.049999,26.6,27.049999,24.711857,10341246.0,1.0142481814773152,0.9973753280839895,1.0142481814773152,0.4500010000000003,0.548137999999998,2580842.0,1.0099115981564128,1.0096910766885583,1.0089323012587053,0.9910373574586812,0.9910170137175541,0.9906723972821396,1.0029390771849265,1.0011479174256843,0.9994770257176531,0.22285700000000017,0.06714285714285724,-0.03966669999999996,0.1814071428571426,0.06590692857142853,-0.022534566666666696,709496.4285714285,459962.28571428574,186910.26666666666
2018-11-09,27.389999,27.415001,26.969999,27.129999,24.784941,8955886.0,1.000912814929274,0.9846659359133237,0.9905074841368195,0.7199989999999978,0.07308400000000148,-1385360.0,1.0080763191498543,1.0094264778318878,1.007988349703862,0.9896773361540172,0.9906088008730185,0.9902875688061952,1.0008631751123414,1.0010195397879005,0.9985952277728314,0.22714285714285712,0.09999992857142866,-0.010666666666666677,0.15661057142857157,0.0874409285714286,-0.031974733333333324,73905.57142857143,360403.14285714284,-19488.933333333334
2018-11-12,26.299999,26.33,26.07,26.33,24.784943,8094853.0,1.0011407224768336,0.9912547905420073,1.0011407224768336,-1.0899999999999999,1.999999998503199e-06,-861033.0,1.0082392795036876,1.0094524363831312,1.0077625836090685,0.9916474901231852,0.9912056160433196,0.9902838316187861,1.0028268557542899,1.0023224929535464,0.998717183513088,0.017142714285714282,0.040714214285714236,-0.05,0.1670514285714282,0.12006814285714285,-0.018271166666666734,82420.85714285714,218528.0,160937.43333333332
2018-11-13,26.09,26.15,25.700001,26.01,24.483721,8696188.0,1.0022997316979685,0.9850517822920659,0.9969336910693753,-0.20999899999999982,-0.3012219999999992,601335.0,1.0085678126033975,1.008428584121105,1.0077193360522416,0.9923304885882303,0.9901944632933187,0.9903371152689855,1.004157250416591,1.0015376971954182,0.9989866746676199,0.034285714285714065,0.05999999999999999,-0.05699996666666666,0.1657827142857141,0.08811164285714287,-0.021003400000000026,556987.4285714285,311474.14285714284,126960.96666666666
2018-11-14,26.18,26.18,25.379999,25.4,23.909515,6695645.0,1.0,0.9694422841864019,0.9702062643239113,0.08999999999999986,-0.5742060000000002,-2000543.0,1.005883988064472,1.0080592211106176,1.0075435145413891,0.9888597050669824,0.9889777882108388,0.9894640309865604,0.9983913518586283,1.0003755921227604,0.9980541770397121,0.09000014285714286,0.07428578571428572,-0.043666666666666624,0.04590571428571418,0.08951235714285717,-0.038621033333333325,234372.0,46380.78571428572,102933.4
2018-11-15,25.27,25.469999,24.950001,25.389999,23.900103,7370002.0,1.0079144835773646,0.9873368025326474,1.0047486743173724,-0.9100000000000001,-0.009411999999997533,674357.0,1.0057494214197047,1.008252961305548,1.007602239568642,0.987820790754664,0.9889593428192275,0.9891384378593708,0.998079574891199,1.0009434460391589,0.998236592134552,-0.0999998571428574,0.02000000000000008,-0.0786666333333334,0.0014932857142859746,0.08166221428571444,-0.044111633333333344,509998.4285714286,25808.85714285714,131080.03333333333
2018-11-16,25.379999,25.620001,25.360001,25.360001,23.871862,4656498.0,1.0094563439502104,0.9992120567065428,0.9992120567065428,0.10999900000000196,-0.028241000000001293,-2713504.0,1.0051388968727095,1.0081005081984173,1.0075311188008709,0.9877627114652826,0.9893883871803035,0.9892570493302405,0.9967138677868815,1.0003732869058874,0.9980775276526633,-0.11999999999999998,0.025714214285714427,-0.07433339999999997,-0.04169385714285718,0.0607210714285714,-0.04840266666666662,-443415.14285714284,113678.28571428571,20617.666666666668
2018-11-19,25.299999,25.389999,25.040001,25.16,23.683599,4917226.0,1.0035573123935697,0.9897233988032964,0.9944664424690294,-0.08000000000000185,-0.18826299999999918,260728.0,1.0036116298607458,1.0067616140085793,1.007637560217067,0.986669578710898,0.9888534680847896,0.9896061584018052,0.9938879050714121,0.9984134911281692,0.9984755281284523,-0.19571442857142887,0.013571285714285659,-0.07233333333333339,-0.14689399999999964,0.01725657142857148,-0.03244809999999999,-774860.0,-32681.785714285714,-27780.766666666666
2018-11-20,24.92,25.299999,24.870001,25.299999,23.815382,6952637.0,1.0152487560192616,0.9979936195826644,1.0152487560192616,-0.379998999999998,0.13178299999999865,2035411.0,1.0056596214450297,1.006867970297442,1.0077507903559808,0.9885735335208038,0.9891254348374103,0.9898726123878939,0.9974223724831895,0.9991427737977654,0.9991936965389709,-0.3528569999999997,-0.06285707142857129,-0.06933333333333327,-0.13850842857142862,0.009051071428571486,-0.023183066666666717,-286178.4285714286,-106136.42857142857,33197.36666666667
2018-11-21,24.950001,25.48,24.92,25.42,23.928341,5569134.0,1.021242444038379,0.9987975551584147,1.0188376345155257,0.030000999999998612,0.11295900000000003,-1383503.0,1.0085312959538217,1.0083852877287547,1.0082851326891689,0.9896510713231477,0.9906492807231665,0.9903041131540984,0.9999505027744312,1.0013886792643605,0.9997968001178138,-0.19285685714285705,-0.08785707142857138,-0.06366666666666668,-0.12237171428571411,0.022339857142857054,-0.020940266666666693,-360817.0,-139198.07142857142,-21253.433333333334
2018-11-22,25.58,25.870001,25.290001,25.75,24.238976,8546023.0,1.0113370211102424,0.9886630570758406,1.0066458170445662,0.629998999999998,0.3106350000000013,2976889.0,1.0098223372984325,1.009195074950915,1.008499017495796,0.9901669677208298,0.9912487281545301,0.9904434999418145,1.0013379493423156,1.0027475998794533,1.0005356122378208,-0.07285714285714308,-0.01928571428571451,-0.028000000000000115,-0.03496357142857117,0.06540957142857147,0.015907433333333405,-21452.14285714286,267767.64285714284,-212.43333333333334
2018-11-23,25.75,26.35,25.66,26.34,24.794355,6654823.0,1.0233009708737864,0.996504854368932,1.0229126213592232,0.1700000000000017,0.5553789999999985,-1891200.0,1.0131510474232592,1.0095175177438658,1.009004397392959,0.9940330491754769,0.9914463771212295,0.990559550652015,1.0088674289187887,1.0036293903887086,1.0011572461225808,-0.06142857142857139,0.014285785714285737,-0.0016666333333333228,0.12640571428571437,0.08615571428571427,0.037465333333333226,-5831.714285714285,114270.14285714286,-72405.1
2018-11-26,26.299999,26.620001,26.25,26.41,24.860249,8762024.0,1.0121673768884933,0.9980988972661178,1.0041825476875494,0.5499989999999997,0.06589400000000012,2107201.0,1.0137586036105632,1.0097540125151339,1.009254454325186,0.9955704912802583,0.9916956410174612,0.9911441847333066,1.0087865536859568,1.003433064288578,1.0016725055028284,0.1471427142857143,0.023571428571428448,0.019333333333333275,0.13716371428571403,0.0693285,0.05427869999999994,198860.2857142857,354429.35714285716,121331.8
2018-11-27,26.639999,26.959999,26.26,26.959999,25.377974,8817582.0,1.0120120124629135,0.9857357727378294,1.0120120124629135,0.33999999999999986,0.5177249999999987,55558.0,1.014123699112378,1.0096312979925437,1.0091305396272332,0.9936453078561565,0.9907040096607195,0.990708034124738,1.0106151187940098,1.0036644932904457,1.0019156126950317,0.17999999999999972,0.029999999999999867,0.040333299999999996,0.21515885714285687,0.08673249999999985,0.06788209999999992,594440.5714285715,75512.71428571429,84062.76666666666
2018-11-28,26.959999,27.08,26.690001,26.959999,25.377974,6992248.0,1.004451075832755,0.9899852370172565,1.0,0.3200000000000003,0.0,-1825334.0,1.0142513796036903,1.008931504732218,1.0091372827057208,0.9936827133152936,0.9901761460130958,0.9906960833020689,1.01140562701272,1.0026467660420662,1.0020186125702601,0.23714285714285716,0.020714214285714152,0.03566666666666667,0.24205357142857103,0.047579785714285706,0.059964499999999886,296431.71428571426,-239214.14285714287,101702.16666666667
2018-11-29,27.5,27.5,27.059999,27.15,25.556824,7933699.0,1.0,0.9839999636363637,0.9872727272727272,0.5400010000000002,0.17885000000000062,941451.0,1.0120729858866528,1.0088663036658414,1.0091180532185413,0.9916836196086792,0.9901285765647415,0.9905217243976401,1.0074090514775007,1.0024157119803452,1.0017482175819152,0.36857142857142833,0.007857214285714318,0.05,0.24877742857142846,0.05513449999999993,0.06379453333333333,140151.7142857143,-73013.35714285714,97786.63333333333
2018-11-30,27.15,27.17,26.73,26.799999,25.227362,10461199.0,1.0007366482504605,0.9845303867403316,0.9871086187845304,-0.3500000000000014,-0.3294619999999995,2527500.0,1.0091435864883787,1.0088374412211003,1.0087150929380442,0.9896454526918103,0.9896482620074789,0.9901744862201931,1.0028763349445013,1.0014134188594663,1.0009168971535254,0.31428557142857116,0.06071435714285706,0.04733333333333327,0.18557442857142853,0.031601357142857216,0.047940066666666684,698866.4285714285,169024.7142857143,218647.5
2018-12-03,26.940001,27.1,26.700001,26.719999,25.152058,5112860.0,1.0059390866392321,0.9910913143618666,0.9918336305926642,-0.20999899999999982,-0.07530399999999915,-5348339.0,1.0083724529925202,1.0090973951454763,1.00875915586193,0.9899923465898139,0.9900796571553218,0.9901981661743613,1.0007603083085155,1.0010491288254155,1.0009011924710878,0.1942858571428572,0.06071435714285706,0.03166670000000001,0.13044028571428562,0.04773835714285722,0.05304300000000003,-490451.85714285716,-255952.0,40087.26666666667
2018-12-04,26.549999,26.725,26.360001,26.360001,24.813183,5478692.0,1.006591375012858,0.9928437662088048,0.9928437662088048,-0.39000199999999907,-0.3388750000000016,365832.0,1.0059853678695303,1.0095682076463948,1.0089529582703778,0.9894693339955101,0.9917511915854934,0.9905296457760617,0.9964647575727413,1.0026660932457652,1.0012326720727882,0.11428557142857139,0.026428499999999997,0.027333299999999974,0.002689714285714168,0.06454771428571426,0.056973133333333335,-168018.7142857143,-86925.21428571429,14774.366666666667
2018-12-05,25.719999,26.23,25.719999,26.17,24.634333,4293996.0,1.019828966556336,1.0,1.0174961515356202,-0.8299999999999983,-0.17884999999999707,-1184696.0,1.0070798806792223,1.0104192421448928,1.0090594683767111,0.9897409201003503,0.9926557056903044,0.9905560484163256,0.9983667009796087,1.0035766273327826,1.0015518494012032,-0.08285714285714262,0.032142785714285846,0.01566663333333338,-0.032273714285714,0.05244500000000001,0.04613916666666675,-638289.7142857143,-219714.7142857143,-1385.1333333333334
2018-12-06,26.17,26.200001,25.57,25.67,24.163671,7488881.0,1.0011463889950325,0.9770729843332059,0.980894153611005,0.4500010000000003,-0.4706620000000008,3194885.0,1.0055276487552391,1.0098256739338087,1.008925311938318,0.9885033788996899,0.9910743433779231,0.9902426233827286,0.9939212925721932,1.0022682056831014,1.001365796676866,-0.06714271428571397,0.05642864285714287,0.03433336666666674,-0.1734718571428568,0.020843500000000046,0.05024430000000007,-189814.42857142858,202313.07142857142,48085.566666666666
2018-12-07,25.6,26.059999,25.450001,25.709999,24.201324,4856795.0,1.0179687109375,0.9941406640625,1.0042968359375,-0.5700000000000003,0.037652999999998826,-2632086.0,1.0074587394844883,1.0108550595440893,1.0093508649412901,0.9890970113347246,0.9913898623250091,0.9904608109176384,0.9945351262775503,1.0029703766451352,1.001615733891856,-0.1942855714285712,0.021428642857142983,0.020333333333333432,-0.16809285714285696,0.036980357142857044,0.04814973333333335,-305064.71428571426,-4316.5,-71729.43333333333
2018-12-10,25.33,25.41,24.639999,24.639999,23.194111,7762781.0,1.0031583103039874,0.9727595341492302,0.9727595341492302,-0.2700000000000031,-1.0072130000000001,2905986.0,1.0079099266707723,1.0099914562787125,1.0090697857030881,0.9874912356937057,0.9895874276511923,0.9897792808675635,0.9924618129741936,0.9999354322258471,1.0004679088777526,-0.3100000000000002,0.029285714285714044,0.01033333333333329,-0.3375304285714285,-0.044376500000000006,0.005744799999999965,-24416.85714285714,57867.42857142857,156592.63333333333
2018-12-11,24.700001,24.91,24.51,24.77,23.316484,5467652.0,1.0085019834614581,0.9923076521332935,1.0028339674966005,-0.629998999999998,0.12237299999999962,-2295129.0,1.0090192602723433,1.0090814233803609,1.0086097907834268,0.9886022736069859,0.9891238631493982,0.9896157937339901,0.9947082913616321,0.9987923131530668,0.9998322550157364,-0.3499998571428569,-0.017857142857142856,-0.01366666666666667,-0.27298257142857146,-0.04370407142857147,-0.004184100000000039,-713363.8571428572,-7248.714285714285,3096.0333333333333
2018-12-12,24.98,25.360001,24.75,25.200001,23.721252,6760367.0,1.0152122097678142,0.9907926341072858,1.0088070856685347,0.2799990000000001,0.4047680000000007,1292715.0,1.010343992147855,1.0093582225701876,1.0086582055098479,0.9885596049991886,0.9892759757945012,0.9895026787027007,0.997133070658185,0.9989466894833503,0.9999578645831904,-0.28000014285714264,-0.042857142857142705,-0.027333299999999974,-0.20440085714285722,-0.0369802857142858,0.0010861666666666992,235358.14285714287,-127546.85714285714,-55939.333333333336
2018-12-13,25.190001,25.690001,25.08,25.49,23.994234,5092491.0,1.019849145698724,0.9956331482479893,1.011909447720943,0.21000099999999833,0.27298199999999895,-1667876.0,1.0122379593886932,1.0091116636291118,1.0093198436998054,0.9889580881476435,0.9892137110715769,0.9901083265523726,0.9998567394456334,0.9981607485091873,1.0007750142411154,-0.1942854285714287,-0.03999992857142866,-0.0329999666666667,-0.11699271428571427,-0.057151500000000056,0.012621699999999928,-55171.57142857143,-111595.14285714286,-80847.2
2018-12-14,25.360001,25.49,24.799999,24.799999,23.344723,8568055.0,1.005126143330988,0.977917903078947,0.977917903078947,0.1700000000000017,-0.6495110000000004,3475564.0,1.0101375560707864,1.0086087183750043,1.0094907151441717,0.9858035028732074,0.9877722114867789,0.9900298968871124,0.9942027039518229,0.9962847024657158,1.0004515800626381,-0.05142828571428585,-0.06714271428571424,-0.016333300000000033,-0.18423000000000048,-0.10825185714285723,0.0007160333333332621,610579.8571428572,-13854.92857142857,125692.63333333333
2018-12-17,24.57,24.6,24.129999,24.41,22.977608,8361507.0,1.0012210012210012,0.9820919413919414,0.9934879934879934,-0.7900010000000002,-0.3671149999999983,-206548.0,1.0101482149602103,1.0078379318577249,1.0089051894591223,0.9865204967387411,0.9875119378192154,0.989641702639006,0.9960018239342497,0.9949615582532214,0.9998822613712494,-0.2285714285714288,-0.14785707142857138,-0.03266663333333331,-0.16943757142857155,-0.17145471428571415,-0.02035223333333332,124660.85714285714,-32576.785714285714,110215.53333333334
2018-12-18,24.1,24.17,23.690001,23.690001,22.29986,9054005.0,1.0029045643153527,0.9829875933609957,0.9829875933609957,-0.46999999999999886,-0.6777480000000011,692498.0,1.0079961940141895,1.007727466749339,1.0087067932666096,0.9849272009242405,0.9870121061294826,0.98925431566041,0.9929576464233206,0.9937463863504353,0.99908414404697,-0.21428571428571427,-0.20428564285714274,-0.0623333,-0.27163771428571437,-0.21986528571428568,-0.052993000000000026,599601.4285714285,147268.35714285713,175133.06666666668
2018-12-19,23.610001,24.16,23.610001,23.940001,22.535189000000003,6495551.0,1.0232951705508186,1.0,1.0139771277434506,-0.48999900000000096,0.23532900000000367,-2558454.0,1.0108728883351652,1.0093914075029689,1.0090256317589976,0.9888186960457789,0.9881549658697423,0.9892670286026696,0.9988458740796377,0.9956538435269157,0.9992576480905263,-0.24571414285714255,-0.2778570714285714,-0.08699993333333336,-0.09413171428571385,-0.21583107142857116,-0.05428433333333326,-181032.85714285713,-102724.85714285714,-42161.76666666667
2018-12-20,23.57,23.950001,23.49,23.549999,22.168074,9803639.0,1.016122231650403,0.996605854900297,0.9991514212982605,-0.040001000000000175,-0.36711500000000186,3308088.0,1.0119614952193001,1.0104903777458218,1.0090881000981005,0.9894327250124937,0.9890174993097398,0.9892413794965463,0.9983197960513035,0.9965140437064679,0.9987544227512243,-0.1614287142857143,-0.2557142857142856,-0.10333333333333337,-0.1640585714285712,-0.21852057142857134,-0.08479276666666659,619426.7142857143,-46968.57142857143,-17920.233333333334
2018-12-21,23.57,23.85,23.110001,23.299999,21.932743,17554826.0,1.0118795078489606,0.9804837081035215,0.9885447178616885,0.0,-0.23533100000000218,7751187.0,1.0114853949451785,1.0109146935465168,1.0094536565287568,0.9879600212976702,0.9882598131484295,0.9891019719028864,0.995425172078897,0.996279121368541,0.99868899720872,-0.20142857142857146,-0.24071435714285702,-0.12733329999999998,-0.2555012857142859,-0.22995107142857155,-0.09507326666666671,1542065.5714285714,888711.8571428572,286631.3333333333
2018-12-24,23.0,23.42,22.98,23.360001,21.989225,2603196.0,1.0182608695652176,0.9991304347826088,1.0156522173913043,-0.5700000000000003,0.056482000000002586,-14951630.0,1.0112584983546773,1.0117482288716853,1.0100243280983696,0.9884596336597588,0.9887088609037011,0.9893644933775732,0.9959598534603771,0.9979082964530052,0.999172713705869,-0.31285728571428556,-0.2535713571428571,-0.10999996666666666,-0.2864298571428568,-0.20171128571428554,-0.09319059999999992,-355613.5714285714,-205392.57142857142,-183055.23333333334
2018-12-27,23.66,23.73,23.299999,23.700001,22.309273,5130983.0,1.0029585798816567,0.9847844040574809,1.0016906593406594,0.6600000000000001,0.3200479999999999,2527787.0,1.0109488464333443,1.0105432012520654,1.0100462897044926,0.989440562370978,0.9876220326220927,0.9893555807697536,0.9993559614977645,0.9967793327247938,0.9993312793149118,-0.24285728571428575,-0.1471427857142858,-0.08099999999999999,-0.14792142857142818,-0.16607571428571433,-0.07248159999999994,-491010.28571428574,59784.78571428572,-118840.16666666667
2018-12-28,23.709999,24.34,23.639999,24.34,22.911716,4948509.0,1.02657111035728,0.997047659091002,1.02657111035728,0.04999899999999968,0.6024429999999974,-182474.0,1.01457029059567,1.0123592527779401,1.0109319933830685,0.9915770934708437,0.9890487951047923,0.9902757599332404,1.0040821210505197,1.0000419724923848,1.001210107516024,-0.12285728571428578,-0.17571435714285727,-0.08233336666666666,-0.009413142857143088,-0.0894253571428573,-0.03325996666666668,-487571.14285714284,-181455.14285714287,-58237.86666666667
2018-12-31,24.450001,24.76,24.35,24.459999,23.024673,3841855.0,1.0126788951869572,0.9959099797173833,1.0004089161386946,0.7400020000000005,0.11295700000000153,-1106654.0,1.0159666235773277,1.0119814087957586,1.0110908071033884,0.9934231486646133,0.989175174794427,0.9905615325060648,1.006570881447334,0.9997642639353275,1.001065448910068,0.0500001428571427,-0.0821427857142858,-0.027333299999999974,0.10354471428571443,-0.08404649999999998,-0.02918100000000005,-744592.8571428572,-72495.71428571429,-117604.9
2019-01-02,24.440001,24.440001,23.809999,23.860001,22.459883,4061443.0,1.0,0.9742225051463788,0.9762684134096394,-0.010000000000001563,-0.5647899999999986,219588.0,1.012638742070068,1.0117558152026167,1.0107755956383813,0.9897406493998103,0.9892796727227947,0.9897285474540592,1.0011839222567895,1.0000148981682135,1.0003006608001714,0.11857142857142833,-0.06357135714285711,-0.03133326666666676,-0.010758000000000172,-0.05244485714285701,-0.047065966666666625,-347729.71428571426,-264381.28571428574,-19835.166666666668
2019-01-03,24.030001,24.389999,23.879999,24.34,22.911716,5152249.0,1.014981189555506,0.9937577197770405,1.0129004988389305,-0.41000000000000014,0.45183299999999704,1090806.0,1.0124757360565113,1.0122186156379058,1.0111563915437791,0.9893337729536309,0.9893832489830624,0.9898630248198508,1.0031480761911709,1.0007339361212373,1.000915129345835,0.06571442857142833,-0.04785714285714298,-0.0423332666666667,0.1062345714285711,-0.02891200000000005,-0.02572943333333342,-664484.2857142857,-22528.785714285714,7834.1
2019-01-04,24.17,24.299999,23.950001,24.25,22.826998,5078668.0,1.0053785270997102,0.9908978485726107,1.00330988829127,0.1399990000000031,-0.08471799999999874,-73581.0,1.011547024520904,1.0115162097330412,1.0108273839131274,0.9908215073063579,0.989390764302014,0.9896264991195156,1.0052573862525398,1.0003412791657182,1.000517167088235,0.08571428571428592,-0.05785714285714277,-0.025,0.12775071428571444,-0.06387528571428572,-0.03294613333333333,-1782308.2857142857,-120121.35714285714,-62465.63333333333
2019-01-07,24.51,24.700001,24.450001,24.59,23.147045,3746194.0,1.0077519787841698,0.9975520603835168,1.0032639738882088,0.33999999999999986,0.32004699999999886,-1332474.0,1.0100457544093258,1.0106521263820016,1.0103777017379874,0.9905960252493448,0.9895278294545518,0.989584982627019,1.0034876371806691,0.999723745320523,0.9999980450673245,0.21571428571428594,-0.0485714999999998,-0.014666699999999958,0.16540285714285677,-0.06051350000000001,-0.026043200000000037,163285.42857142858,-96164.07142857143,-60764.666666666664
2019-01-08,24.639999,24.969999,24.43,24.860001,23.401203,4936433.0,1.0133928576863984,0.9914773129658,1.0089286529597667,0.12999899999999798,0.25415800000000033,1190239.0,1.0115363655242888,1.0112426059788164,1.010446229623859,0.9915521550933902,0.9904963587321841,0.9896787911566843,1.004521636269113,1.0019387988834387,1.0000741395978312,0.13999985714285706,-0.05142871428571435,-0.031333366666666626,0.15598999999999968,0.004034285714285752,-0.027925766666666737,-27792.85714285714,-259401.57142857142,-120319.66666666667
2019-01-09,25.059999,25.209999,24.799999,25.190001,23.711838,4677565.0,1.0059856347161067,0.9896248998254149,1.0051876298957554,0.4200000000000017,0.3106350000000013,-258868.0,1.0085955832898355,1.0115829369427527,1.0098690517519364,0.9904917609125922,0.9910344271917181,0.9894494593385671,1.001466853346038,1.0027744871982789,0.9994833065490489,0.19285714285714306,0.03499992857142864,-0.02300003333333329,0.11430314285714312,0.05244500000000001,-0.036083899999999974,-38706.28571428572,-263138.71428571426,-65908.6
2019-01-10,25.290001,25.34,25.040001,25.33,23.843622,4164708.0,1.0019770264145107,0.9901146702208513,1.0015816132233446,0.23000199999999893,0.13178399999999968,-512857.0,1.0070667448937718,1.0115166842355496,1.0095293734028037,0.9896638595559447,0.9915435041102789,0.9891833184370582,1.0016343815009878,1.004102631474161,0.9993966087335754,0.11999999999999998,0.08500007142857134,-0.033666599999999984,0.11699271428571427,0.11026871428571436,-0.03388756666666666,46121.857142857145,-349235.5,-153243.86666666667
2019-01-11,25.18,25.395,25.1,25.24,23.758904,3240659.0,1.0085385226370136,0.9968228752978555,1.0023828435266084,-0.11000100000000046,-0.08471799999999874,-924049.0,1.0082865338419165,1.0104626379559922,1.009413590408607,0.9928924838632985,0.9913165666315544,0.9895528885223924,1.0053650143748407,1.0032744683158152,0.9990756364356985,0.10571414285714299,0.11214278571428567,-0.04866663333333333,0.18557442857142853,0.08740821428571419,-0.053968999999999906,-117254.85714285714,-232492.2857142857,-185897.43333333332
2019-01-14,25.120001,25.549999,25.110001,25.370001,23.881275,3761901.0,1.0171177540956309,0.9996019108438731,1.0099522289031757,-0.059999000000001246,0.12237099999999757,521242.0,1.0085917573476486,1.0105337467020798,1.0098358130173695,0.9937273683014174,0.991530570627524,0.9898734443166131,1.0049438329554472,1.0040459545733091,0.9994073773991378,0.1557142857142857,0.11071435714285702,-0.06133326666666671,0.13850842857142862,0.12237149999999986,-0.04988996666666665,-198621.14285714287,-431552.71428571426,-107678.23333333334
2019-01-15,25.6,25.65,25.370001,25.540001,24.0413,3433290.0,1.0019531249999998,0.9910156640624999,0.9976562890624999,0.47999900000000295,0.16002500000000097,-328611.0,1.0081024141905472,1.0098247193557255,1.009900917184036,0.9937441990856873,0.9922828531960226,0.9901073009974842,1.0041361759227656,1.0046967810876528,0.9997534961254636,0.20428571428571424,0.14500000000000007,-0.06333333333333328,0.17347171428571428,0.15061121428571436,-0.05051746666666664,-235054.0,-1008681.1428571428,-150013.63333333333
2019-01-16,25.68,25.82,25.559999,25.75,24.238976,4510993.0,1.0054517133956387,0.9953270638629285,1.0027258566978192,0.0799999999999983,0.1976760000000013,1077703.0,1.0077738048493283,1.0089097796293272,1.0100580860222088,0.993426342439889,0.9920111838446168,0.9904671902349041,1.0040593020384243,1.0037734696095466,1.0002740707225732,0.16714285714285687,0.19142857142857142,-0.04899999999999996,0.15599014285714322,0.1606965,-0.032946199999999946,109257.0,136271.2142857143,-198340.2
2019-01-17,26.01,26.1,25.799999,25.940001,24.41783,4773235.0,1.0034602076124568,0.9919261437908496,0.9973087658592847,0.33000000000000185,0.17885399999999763,262242.0,1.0063548548387653,1.008945610181527,1.0099754567213162,0.9934904611291818,0.992521308111286,0.9904950178825369,1.0023993181669268,1.0034604772180198,1.0004565752314605,0.19571442857142887,0.16785714285714295,-0.03100003333333324,0.14523242857142854,0.1506112142857141,-0.024474266666666723,-23314.0,-25553.428571428572,-11320.833333333334
2019-01-18,26.049999,26.190001,25.959999,26.07,24.540197,3358712.0,1.0053743572120675,0.9965451054335933,1.0007677927358078,0.03999899999999812,0.12236700000000056,-1414523.0,1.0062675294810455,1.0074315563854406,1.00993488946129,0.9944790619303501,0.9924854114214712,0.9906183958566965,1.0017679128583628,1.0016173831022004,1.0007207094490274,0.1414285714285712,0.16714285714285712,-0.016666666666666666,0.11833699999999985,0.11632007142857148,-0.009099533333333317,-188407.57142857142,-113556.92857142857,-70666.0
2019-01-21,26.23,26.309999,25.99,26.190001,24.653158,3338776.0,1.0030499046892871,0.9908501715592832,0.998475066717499,0.18000100000000074,0.11296100000000209,-19936.0,1.0064207978060136,1.0067437713498926,1.0093755873990549,0.9945841335501261,0.9921239965530354,0.9903134015753392,1.0013241205003849,1.0014792510006865,1.0000866732884233,0.13428557142857148,0.12714278571428572,0.0170000333333333,0.1156480000000002,0.11632035714285724,0.0006274999999999882,-117990.28571428571,-35934.21428571428,-31840.666666666668
2019-01-22,26.1,26.15,25.700001,25.809999,24.295456,3713474.0,1.0019157088122603,0.984674367816092,0.9888888505747127,-0.129999999999999,-0.35770199999999974,374698.0,1.0054746815453344,1.0068806076936254,1.0094012313929626,0.9928486324813027,0.9928705581723006,0.9905667810247689,0.9993964072215428,1.0023807107981917,1.0003531631872136,0.13142857142857167,0.11857135714285734,-0.0023333333333333426,0.07665028571428577,0.13111235714285716,0.004392833333333357,67545.0,-24854.928571428572,-125846.9
2019-01-23,25.82,25.93,25.59,25.709999,24.201324,4346649.0,1.004260263361735,0.9910921766072811,0.995739697908598,-0.28000000000000114,-0.09413200000000188,633175.0,1.003637897154778,1.0061148272512133,1.008944283140437,0.9916329561617896,0.9926801622316035,0.9904651647762616,0.9973660456508888,1.0011549393031678,1.0000679252529168,0.0999998571428574,0.12785707142857156,0.007333333333333295,0.045721285714285846,0.09211485714285723,0.0,83535.42857142857,-57542.857142857145,-17004.866666666665
2019-01-24,25.879999,25.940001,25.610001,25.92,24.399,5768222.0,1.0023184699504817,0.989567310261488,1.0015456337536952,0.059999000000001246,0.1976760000000013,1421573.0,1.003690089290561,1.005896251740554,1.0089162884619869,0.9914260484759309,0.9925851237808091,0.9910254239800034,0.9979216663210595,1.0010289211219126,1.0010274619063988,0.039999857142857156,0.1221427857142857,0.018333300000000108,0.05110000000000018,0.11228585714285723,0.040162966666666716,333561.71428571426,49253.857142857145,-66485.3
2019-01-25,25.92,26.25,25.799999,26.190001,24.653158,8277775.0,1.0127314814814814,0.9953703317901234,1.0104167052469135,0.040001000000000175,0.25415800000000033,2509553.0,1.0047300561599672,1.0062519305046478,1.009057271729321,0.9914322296083872,0.9924292860241382,0.9911275133018977,0.9990203589709301,1.0015398305046772,1.0012802198314092,0.03428571428571457,0.10071428571428573,0.04066663333333338,0.05916885714285718,0.10757950000000019,0.04455580000000007,538111.7142857143,323684.35714285716,93670.76666666666
2019-01-29,26.01,26.040001,25.52,25.58,24.078953,5159750.0,1.0011534409842369,0.9811610918877354,0.9834678969627065,0.08999999999999986,-0.5742050000000027,-3118025.0,1.0044005180702213,1.0053776864544934,1.0085886461032016,0.9898943650507995,0.9916924130899906,0.9908064618945793,0.9970430919857047,0.9997212050763158,1.000435580207882,0.0,0.09785721428571444,0.03433333333333337,-0.048411000000000017,0.04841071428571426,0.011923366666666624,55216.42857142857,15951.214285714286,-53353.9
2019-01-30,25.58,25.67,25.33,25.48,23.984821,7096734.0,1.0035183737294764,0.990226739640344,0.9960906958561377,-0.43000000000000327,-0.09413199999999833,1936984.0,1.0041353775727084,1.0052014535268767,1.00804428703756,0.9889917413660496,0.9917354016481997,0.9906262482743246,0.9963749352886089,0.9990714240734858,0.9999082884790549,-0.06714271428571449,0.03714292857142836,0.01299996666666665,-0.07933942857142842,0.01949878571428571,-0.0003137666666666187,534003.1428571428,172797.7857142857,66808.1
2019-01-31,25.5,25.610001,25.030001,25.030001,23.561228,7820233.0,1.0043137647058824,0.9815686666666666,0.9815686666666666,-0.0799999999999983,-0.42359300000000033,723499.0,1.0043159290036505,1.005368363404832,1.0080172077500567,0.9876658120956758,0.9911249728229011,0.9907479403939152,0.9939597352813472,0.9976419278908661,1.0000299805986457,-0.10428571428571434,0.014999928571428558,0.004666633333333318,-0.1559900000000002,-0.020171,0.007216833333333383,640208.1428571428,261108.92857142858,-24927.4
2019-02-01,25.0,25.049999,24.77,24.93,23.467096,5889425.0,1.00199996,0.9908,0.9972,-0.5,-0.09413199999999833,-1930808.0,1.0043279648876133,1.0049013232164739,1.0080431730426898,0.9885409024076627,0.9906947674444827,0.9910382090141838,0.9951470423421025,0.9972717247818226,1.0001537141490457,-0.15714285714285733,-0.012857142857142836,0.014333333333333325,-0.11833714285714285,-0.020843428571428544,0.016316266666666714,310850.14285714284,189197.57142857142,-82402.73333333334
2019-02-04,24.9,25.379999,24.67,25.219999,23.740076,5346651.0,1.0192770682730925,0.9907630522088354,1.0128513654618474,-0.10000000000000142,0.2729799999999969,-542774.0,1.0064732227320932,1.0050555599434354,1.0085889231746146,0.988493884636456,0.9900634203991229,0.9912973909757785,0.997591566278281,0.9974788059645848,1.0011491732190743,-0.13142857142857167,-0.015714357142857134,0.02666666666666657,-0.0658925714285716,-0.010085642857142878,0.048007199999999986,142857.42857142858,113196.42857142857,-123578.46666666666
2019-02-05,26.25,27.09,26.084999,26.860001,25.283842,11677214.0,1.032,0.9937142476190476,1.0232381333333334,1.3500000000000014,1.5437660000000015,6330563.0,1.0107134413105956,1.0072017653005785,1.008879084156254,0.9890863042589645,0.9902561763674477,0.9910878658964134,1.000690494789658,0.9993060805553586,1.0014578734054036,0.052857285714285496,0.046428571428571326,0.08799996666666665,0.12640599999999985,0.08875300000000001,0.09162176666666658,844141.7142857143,588851.7142857143,172722.1
2019-02-06,26.879999,27.01,26.334999,26.41,24.860249,8931547.0,1.0048363469061141,0.9797247016266629,0.9825149175042751,0.6299990000000015,-0.42359300000000033,-2745667.0,1.0095855649426861,1.0071578105513266,1.008502887998111,0.9868512142356132,0.9891417219220002,0.9905251607872924,0.9967045251121381,0.9978624420415342,1.0009033232789375,0.13714271428571426,0.08571421428571442,0.11033330000000004,0.029584428571428338,0.04437664285714276,0.08973916666666663,93396.0,315753.85714285716,-29069.733333333334
2019-02-07,26.6,26.879999,26.51,26.860001,25.283842,6029654.0,1.0105262781954887,0.9966165413533835,1.0097744736842105,-0.2799990000000001,0.42359300000000033,-2901893.0,1.0109245416871506,1.007662529878686,1.0084577803429953,0.9890591355878485,0.9894767503193239,0.991062921895621,1.0004626075009244,0.9987528497433146,1.001610981806355,0.08428571428571427,0.042142857142857135,0.10100000000000003,0.1721270000000002,0.06185800000000009,0.11170330000000005,124272.0,89744.21428571429,-384172.4
2019-02-08,26.879999,27.09,26.66,26.889999,25.31208,5653133.0,1.0078125374930258,0.9918155130883747,1.000372023823364,0.2799990000000001,0.02823800000000176,-376521.0,1.011537993653372,1.00783668561304,1.0081095026072555,0.9892861032232816,0.9891389222946655,0.9908190911724799,1.0010742257819567,0.9987245805352829,1.0011016420207568,0.18571414285714333,0.05928571428571442,0.12933330000000004,0.1896084285714288,0.05513450000000018,0.11076183333333335,-206228.7142857143,163887.2142857143,101664.56666666667
2019-02-11,26.889999,26.93,26.299999,26.540001,24.98262,5006572.0,1.001487579080981,0.9780587570866031,0.9869840828182999,0.00999999999999801,-0.329460000000001,-646561.0,1.0111342528498146,1.0077250909267326,1.008060469247233,0.9887846875689867,0.9882252498323313,0.9905949029401173,1.0018478566607614,0.9979037959710543,1.0006114228033447,0.19857128571428564,0.04714278571428565,0.10766663333333332,0.20305600000000013,0.023532999999999964,0.08911156666666666,-401951.5714285714,119128.28571428571,-4147.033333333334
2019-02-12,26.450001,26.75,26.385,26.459999,24.907312,4737685.0,1.0113421167734549,0.9975424953670134,1.0003779962049906,-0.4399979999999992,-0.07530799999999971,-268887.0,1.012468846674594,1.0083984057811035,1.0075528361277721,0.9897479011928458,0.9891444018002542,0.9906113974826509,1.0023018561186172,0.9987244492303599,0.9997383189982686,0.20714300000000005,0.02500007142857135,0.09133340000000002,0.2057451428571428,0.043703999999999965,0.06651986666666675,-164534.2857142857,73157.92857142857,-7027.466666666666
2019-02-13,26.799999,26.889999,26.49,26.629999,25.067337,4917567.0,1.0033582090805302,0.9884328727027191,0.9936567161812209,0.34999799999999937,0.16002499999999742,179882.0,1.0101947239327993,1.0083339733324461,1.0072421465908912,0.9894150184062577,0.988954451521357,0.9903621605821622,0.999559763364242,0.9985756648212616,0.9995132456663528,0.27142842857142874,0.06999992857142853,0.07833326666666665,0.1896087142857143,0.061858071428571346,0.06808879999999995,-61297.71428571428,40779.857142857145,35857.066666666666
2019-02-14,26.77,26.85,26.469999,26.540001,24.98262,3226415.0,1.0029884198729921,0.9887933881210311,0.991408330220396,-0.02999900000000011,-0.08471699999999771,-1691152.0,1.0060502124860837,1.0083818268983398,1.0073417605866577,0.9887120384779697,0.9888991713684672,0.9908478566813173,0.9950126486338223,0.9978515717117401,1.0000179095600445,0.07428571428571422,0.06357149999999986,0.07766663333333336,-0.04303171428571417,0.041687142857142846,0.0840912333333333,-1207257.0,-181557.64285714287,-27834.266666666666
2019-02-15,26.49,26.9,26.450001,26.809999,25.236774,5493973.0,1.0154775386938468,0.998490033975085,1.0120799924499813,-0.28000000000000114,0.25415399999999977,2267558.0,1.0075703827414741,1.0085779738420801,1.0073583055579356,0.99139280024203,0.9891220072388215,0.9910056004879187,0.9992362307689232,0.9979703779405307,0.9999905593470796,-0.0557141428571433,0.04071428571428548,0.08199996666666666,0.05378928571428584,0.04168685714285709,0.0775019333333334,-491082.0,-198843.0,11390.8
2019-02-18,26.93,26.99,26.690001,26.74,25.170883,2494503.0,1.0022279985146676,0.9910880430746379,0.992944671370219,0.4400000000000013,-0.06589100000000059,-2999470.0,1.0063849142156427,1.0086547279513967,1.0072532879384342,0.9906030147736378,0.9898310751807432,0.9910119403046529,0.996831973295496,0.9986472903982102,0.999645052116378,0.047142857142856896,0.06571428571428559,0.09199999999999993,-0.016137000000000006,0.0779950000000001,0.0781295,-505021.5714285714,-190374.7857142857,-86138.83333333333
2019-02-19,26.809999,27.389999,26.75,27.35,25.745089,5406497.0,1.0216337195685832,0.997762066309663,1.0201417762081975,-0.12000099999999847,0.5742060000000002,2911994.0,1.0083593687978651,1.0099486812256184,1.007716012631248,0.9914525223766789,0.9903693127999802,0.9910189405021913,0.9996562236361864,1.0003652247090715,1.000207645527044,-0.01000000000000004,0.08785707142857165,0.07666663333333332,0.06185842857142835,0.12573342857142858,0.08660146666666672,-35233.71428571428,-120731.21428571429,55343.433333333334
2019-02-20,27.290001,27.530001,27.049999,27.27,25.669783,5545497.0,1.008794429871952,0.9912054968411323,0.9992670942005462,0.48000199999999893,-0.0753060000000012,139000.0,1.0094032046251467,1.0102687287374807,1.0075627317040998,0.9933306280558973,0.991057657812442,0.9910098799647024,1.001410939547936,1.0016293981043487,0.9998855935684036,0.05714314285714295,0.1278572142857143,0.08833340000000002,0.0981661428571426,0.15061107142857136,0.07561933333333333,76989.28571428571,-162481.14285714287,20302.133333333335
2019-02-21,27.549999,27.77,27.290001,27.77,26.140442,6951812.0,1.0079855175312347,0.9905626856828561,1.0079855175312347,0.2599979999999995,0.47065900000000127,1406315.0,1.0089236904476866,1.0106962685611403,1.0076293944646042,0.992333512386732,0.991040706789789,0.9910411394932837,1.0024977283088279,1.0023997922137224,0.9999788564895862,0.15714257142857133,0.1821427857142857,0.08299999999999995,0.17616142857142844,0.19095328571428563,0.08095346666666667,316303.85714285716,75884.78571428571,75808.23333333334
2019-02-22,27.959999,28.1,27.65,27.950001,26.309879,9632319.0,1.0050071890202859,0.9889127678438042,0.999642417726839,0.41000000000000014,0.1694369999999985,2680507.0,1.009159259010509,1.0096769914716541,1.0077303998847966,0.9924020688354586,0.9909085436208581,0.9910010760807155,1.0033528285296305,1.0014562959469362,0.9999142166397027,0.16571428571428573,0.21857135714285722,0.08899993333333332,0.17750600000000002,0.18355735714285717,0.08220856666666662,673536.0,306119.14285714284,182253.7
2019-02-25,28.0,28.040001,27.76,28.02,26.375772,3775188.0,1.001428607142857,0.9914285714285714,1.0007142857142857,0.040001000000000175,0.06589300000000264,-5857131.0,1.0089364286204896,1.0074933205532868,1.007493402701658,0.9927785235936787,0.9907452810358242,0.9908212659517394,1.0046822507430433,0.999847449688433,0.9998585980459587,0.17571428571428577,0.125,0.09400000000000001,0.19902171428571439,0.0779950000000001,0.08722893333333334,78396.14285714286,-564430.4285714285,17817.633333333335
2019-02-26,27.969999,28.1,27.559999,27.690001,26.065138,6324358.0,1.0046478728869457,0.9853414367301193,0.9899893453696583,-0.030000999999998612,-0.3106340000000003,2549170.0,1.0073893335052182,1.0074798581233462,1.007077739994702,0.9909001525586835,0.9911464764003568,0.9903459168146141,1.0015264440172829,1.0003813373931032,0.9991931685948413,0.211428428571429,0.07785714285714285,0.09499993333333343,0.11833771428571437,0.0860635000000001,0.07279543333333341,118626.42857142857,-186227.7857142857,85415.23333333334
2019-02-27,27.709999,28.0,27.610001,27.84,26.206335,6389087.0,1.0104655723733516,0.9963912665604933,1.004691483388361,-0.26000000000000156,0.14119699999999824,64729.0,1.0085661297707442,1.0074755219931935,1.0073614882404802,0.9916577559138057,0.9911303853437217,0.9905251035645473,1.0032045600198747,1.0000182666576853,0.99942767507237,0.11142842857142858,0.07928564285714275,0.07033329999999995,0.14792171428571418,0.0658923571428571,0.07216783333333332,556369.1428571428,25673.785714285714,98526.56666666667
2019-02-28,27.85,28.0,27.690001,28.0,26.356945,5947499.0,1.0053859964093357,0.9942549730700179,1.0053859964093357,0.1400010000000016,0.15061000000000035,-441588.0,1.0062450264622804,1.0073021976300727,1.00735929767427,0.9911567425938562,0.9913046324852676,0.9904893672047835,1.00109659147718,1.0003764075566832,0.9995163463960872,0.14857157142857144,0.0692857857142857,0.07233333333333339,0.08740799999999993,0.07463321428571414,0.07059896666666662,77286.0,21026.14285714286,47883.53333333333
2019-03-01,27.99,28.360001,27.959999,28.030001,26.385185,6032636.0,1.0132190425151841,0.9989281529117543,1.0014291175419794,0.13999999999999702,0.028240000000000265,85137.0,1.0068771139827422,1.0081401593039445,1.0076845921710278,0.9922599791753738,0.9927953036156356,0.9907227675088137,1.0014054519545277,1.0014081957512317,0.9996536914521771,0.09999985714285689,0.07857149999999992,0.06599999999999989,0.10220028571428585,0.10018321428571422,0.06557850000000004,69591.28571428571,73290.28571428571,41980.03333333333
2019-03-04,28.18,28.26,27.799999,27.860001,26.225161,5000408.0,1.0028388928317957,0.9865152235628105,0.988644464158978,0.19000000000000128,-0.16002399999999994,-1032228.0,1.006141881882822,1.0075327861652545,1.0076000766916853,0.9916817703010815,0.9920076413439067,0.9903884381131209,0.9986424443299196,1.0005700863193738,0.9992495804996161,0.09000014285714286,0.1235713571428571,0.07100003333333334,0.012102714285714253,0.09413207142857136,0.05616546666666669,-278772.0,18765.928571428572,54723.2
2019-03-05,27.75,27.92,27.6,27.719999,26.093374,6222120.0,1.0061261261261263,0.9945945945945946,0.9989188828828829,-0.4299999999999997,-0.1317869999999992,1221712.0,1.0063017300407995,1.0077304945256542,1.0077026174062467,0.9924934598369087,0.9924477643361836,0.9905132522142981,0.9985390822093544,1.0009459553694924,0.9992643743717956,-0.029999857142857116,0.06785721428571431,0.05066666666666665,-0.03092928571428542,0.07328835714285731,0.048007199999999986,-487171.28571428574,93182.35714285714,96111.46666666666
2019-03-06,27.73,27.85,27.59,27.780001,26.149855,6598569.0,1.004327443202308,0.994951316263974,1.0018031373963217,-0.019999999999999574,0.056480999999998005,376449.0,1.0067158494778639,1.0078261390491767,1.0077830085525816,0.9929967090991092,0.9928876163463938,0.9908558171625608,0.9986946324496452,1.0016884415963443,0.9996948505991824,-0.038571428571428513,0.06857142857142863,0.0543333333333333,-0.032273857142857514,0.08337392857142843,0.06181329999999991,403340.14285714284,240868.14285714287,96169.83333333333
2019-03-07,27.9,27.93,27.549999,27.75,26.121616,7749056.0,1.0010752688172044,0.9874551612903226,0.9946236559139785,0.16999999999999815,-0.028238999999999237,1150487.0,1.0062054774679008,1.0067974054865594,1.007676842067764,0.9932986697505667,0.9920994111546252,0.9907345833186622,0.9993566768131197,1.0004415604152013,0.9996576491993618,-0.009999857142857544,0.10071428571428573,0.06933333333333327,0.008068285714285497,0.06320299999999993,0.06400973333333333,203528.2857142857,161077.35714285713,113413.56666666667
2019-03-08,27.51,27.58,26.98,27.120001,25.528585,8082906.0,1.0025445292620865,0.980734278444202,0.9858233733187931,-0.389999999999997,-0.5930309999999999,333850.0,1.0050738998805773,1.0068200148256607,1.0076843773781508,0.9910619571625251,0.9913598565381653,0.9904401489247527,0.996661232517467,0.9999328962686709,0.9991335738515319,-0.028571285714285466,0.04142857142857156,0.05433336666666667,-0.09682142857142852,0.025550142857142837,0.03765283333333329,241974.14285714287,399171.64285714284,77156.13333333333
2019-03-11,27.0,27.225,26.889999,27.120001,25.528585,4515540.0,1.0083333333333333,0.9959258888888889,1.0044444814814815,-0.5100000000000016,0.0,-3567366.0,1.005494948012577,1.0058699872374286,1.007537772439879,0.9913006594223639,0.9912287010081101,0.9904586674947116,0.9965267303849165,0.9988116609310482,0.9989344997260174,-0.12142857142857164,0.013571499999999912,0.03599999999999994,-0.11833714285714285,-0.015464571428571463,0.029180899999999947,-204565.57142857142,-63639.78571428572,-125407.83333333333
2019-03-12,27.190001,27.35,26.790001,26.790001,25.217951,6327468.0,1.0058844793716633,0.9852887096252774,0.9852887096252774,0.19000099999999875,-0.3106340000000003,1811928.0,1.004447153277788,1.0056621336302651,1.0076954737194599,0.9893521675242958,0.9908060733498348,0.9905962547526295,0.9942209578253876,0.9978132048899575,0.9989951934814364,-0.11428557142857139,-0.007142857142857244,0.03933336666666657,-0.16674771428571436,-0.03227371428571425,0.03796660000000003,42118.857142857145,55855.07142857143,38923.933333333334
2019-03-13,26.84,26.950001,26.639999,26.799999,25.227362,6670359.0,1.0040983979135618,0.9925483979135619,0.9985096497764531,-0.3500009999999989,0.009411000000000058,342891.0,1.0046270825751835,1.0053844822290028,1.0077148078589295,0.9902140495744031,0.9909479099377423,0.9906736433617368,0.9956302700564554,0.9971363571931875,0.9990758252787802,-0.19142857142857142,-0.05071421428571427,0.04200000000000005,-0.14254271428571436,-0.06522000000000006,0.041418033333333305,238564.42857142858,-20103.785714285714,-14212.5
2019-03-14,26.959999,26.959999,26.475,26.620001,25.057924,4872936.0,1.0,0.9820104221813956,0.98738879775181,0.11999899999999997,-0.16943799999999953,-1797423.0,1.0037519217000226,1.005026825870411,1.0075710157020668,0.9884163106582318,0.9904548852475703,0.9906883685455611,0.9939831150377307,0.9962610986235426,0.999269829648285,-0.11285728571428574,-0.07142857142857142,0.04866663333333333,-0.1479214285714287,-0.08942535714285706,0.049889866666666664,-192740.57142857142,-339955.9285714286,-98243.23333333334
2019-03-15,26.42,26.48,26.205,26.35,24.803768,12677087.0,1.0022710068130203,0.9918622255866766,0.9973504920514762,-0.5399989999999981,-0.25415599999999827,7804151.0,1.0034581450729814,1.0050869972754226,1.007580050595834,0.9879750119900464,0.9904858605445778,0.990723776065117,0.9933470228456099,0.9960208276476276,0.9992748460500009,-0.18714285714285697,-0.11285714285714274,0.04733333333333339,-0.19229814285714245,-0.11228599999999998,0.04455573333333333,868359.7142857143,635849.9285714285,226255.4
2019-03-18,26.35,26.57,26.32,26.41,24.860249,6347119.0,1.0083491461100569,0.9988614800759013,1.0022770398481973,-0.07000000000000028,0.056480999999998005,-6329968.0,1.0044972704005317,1.0053513739342164,1.0072157865237328,0.989604486102272,0.9914515779264192,0.9909937236606859,0.9944403634076411,0.9968985201103804,0.998922368529546,-0.22142857142857103,-0.11571421428571428,0.04833333333333343,-0.1801952857142857,-0.0860635000000001,0.03733910000000004,-200276.7142857143,1625.7857142857142,33348.933333333334
2019-03-19,26.65,26.65,26.27,26.299999,24.756701,5303050.0,1.0,0.9857410881801126,0.9868667542213884,0.29999999999999716,-0.10354799999999997,-1044069.0,1.0041337662202336,1.0046038330504055,1.0061491198570662,0.9903197446359735,0.9906908508992494,0.990727951679388,0.9945894178222977,0.9956253251698823,0.9977099892258144,-0.12285714285714329,-0.07571421428571437,0.013333333333333286,-0.11026914285714286,-0.10354528571428569,-0.017571366666666678,-397122.28571428574,-77574.07142857143,-212472.13333333333
2019-03-20,26.370001,26.42,26.155001,26.35,24.803768,5579254.0,1.0018960560524819,0.9918467959102466,0.9992415244883761,-0.2799990000000001,0.04706700000000197,276204.0,1.0032141551801121,1.0043545515963446,1.0060511101619452,0.989737017067596,0.9905188382449799,0.9911320214888408,0.993846138251854,0.9951864343183852,0.9982675427919511,-0.08999985714285737,-0.1057142142857145,-0.016999933333333436,-0.10354528571428544,-0.11094121428571414,-0.0018826999999999336,151959.14285714287,-26303.214285714286,-111743.1
2019-03-21,26.280001,26.5,26.205,26.450001,24.897902,8459645.0,1.0083713467134192,0.9971460807783075,1.0064687973185389,-0.08999999999999986,0.09413399999999683,2880391.0,1.00356942194322,1.004008287610504,1.0059792791125428,0.9914309272323145,0.9903915473783051,0.9911496728030049,0.9968718650651771,0.9955464114452823,0.998157353579762,-0.13000000000000003,-0.1221427857142857,-0.010666633333333427,-0.045721285714285846,-0.1062345000000001,-0.012864666666666717,304596.71428571426,173357.7857142857,80999.7
2019-03-22,26.51,26.67,26.370001,26.52,24.963793,3483122.0,1.006035458317616,0.9947190116937004,1.000377216144851,0.22999900000000295,0.06589100000000059,-4976523.0,1.0038461448580849,1.004236613716634,1.0059200431400293,0.9917410149151914,0.9909775322447972,0.9912464560898491,0.9971386602606626,0.9963844651585589,0.998157526657145,-0.047142857142856896,-0.11928571428571415,-0.012333299999999998,-0.03765271428571434,-0.09009771428571435,-0.011609566666666757,-455319.5714285714,-108377.57142857143,-72333.7
2019-03-25,26.200001,26.26,25.73,25.92,24.399,9184359.0,1.0022900380805329,0.9820610312190446,0.9893129393392008,-0.30999900000000125,-0.5647929999999981,5701237.0,1.0041732931553038,1.003962607427663,1.0059467917733476,0.9917482447777128,0.9900822777179723,0.9913798652275971,0.9974135376302897,0.9956983263340103,0.9982351552078417,-0.10857114285714278,-0.11071421428571426,-0.02299993333333331,-0.09413199999999985,-0.12102671428571428,-0.019453999999999992,615917.5714285715,211588.5,139259.56666666668
2019-03-26,25.83,25.940001,25.74,25.84,24.323694,6423434.0,1.0042586527293844,0.9965156794425087,1.0003871467286103,-0.370001000000002,-0.0753060000000012,-2760925.0,1.0044572425719274,1.0039576938224541,1.005710676305212,0.9924130238999745,0.9901940179450104,0.9913456380301137,0.9978473454413089,0.9955971841434594,0.9982354602252956,-0.08428571428571477,-0.13571428571428587,-0.02066670000000007,-0.06858200000000027,-0.13044007142857136,-0.019453933333333378,-893379.0,-12509.642857142857,56191.63333333333
2019-03-27,25.809999,25.99,25.59,25.940001,24.41783,4970813.0,1.006974080084234,0.9914762104407675,1.0050368851234748,-0.02000099999999705,0.09413599999999889,-1452621.0,1.0042608045682384,1.004379037484385,1.0058312053386687,0.9913579853806697,0.9904812357414707,0.991447082621382,0.9982416090520629,0.9963409862298521,0.9986147991900374,-0.07714300000000003,-0.14928578571428552,-0.032999999999999946,-0.06320271428571443,-0.12169900000000007,-0.021650233333333328,-196615.14285714287,-198445.92857142858,1774.8666666666666
2019-03-28,25.809999,26.040001,25.66,26.02,24.493134,4996723.0,1.0089113525343414,0.9941883376283741,1.0081364203074938,0.0,0.0753040000000027,25910.0,1.005533854930287,1.0048338105752603,1.0060286364273803,0.99256473530185,0.9914422399689117,0.9916269142716267,1.0012801327786494,0.9979347753004735,0.9991724021929407,-0.12000014285714247,-0.12142864285714287,-0.032000033333333275,-0.03765242857142833,-0.07396078571428559,-0.016316199999999982,-43761.0,-220441.64285714287,59010.26666666667
2019-03-29,26.049999,26.25,25.879999,26.030001,24.502548,8543111.0,1.0076775818686212,0.9934740880412318,0.9992323224273444,0.23999999999999844,0.00941399999999959,3546388.0,1.0063597871897356,1.0047869711849238,1.0057686378665396,0.9927972056062764,0.9912671113369361,0.9914597160738317,1.0012788181985022,0.997562478225178,0.9987441465255195,-0.04571457142857126,-0.06785721428571431,-0.014666699999999958,-0.04303142857142867,-0.07328835714285706,-0.024474199999999988,423408.14285714284,287683.64285714284,101637.93333333333
2019-04-01,26.200001,26.379999,26.139999,26.27,24.728464,3777254.0,1.0068701524095363,0.9977098474156546,1.002671717455278,0.15000200000000063,0.225915999999998,-4765857.0,1.0061453308606096,1.0048573764019146,1.0059233763297017,0.992877743697326,0.9921543354648202,0.991680442885199,1.000736378218036,0.9988041216416067,0.9990683813950214,-0.011428571428571186,-0.0707142857142856,-0.02433329999999998,-0.024205428571428506,-0.03496335714285718,-0.014747300000000034,-668913.0,-182158.14285714287,42758.36666666667
2019-04-02,26.559999,26.709999,26.370001,26.469999,24.916725,4303196.0,1.005647590574081,0.9928464605740384,0.9966114456555514,0.35999800000000093,0.18826100000000068,525942.0,1.0060899211829617,1.0049680330205233,1.0053905053632184,0.9926102363945172,0.9921756256548544,0.991516589360678,1.000198411005279,0.9986685356329709,0.9982840370432666,0.00714271428571424,-0.02000007142857133,-0.008333333333333333,-0.00672399999999992,-0.02218835714285713,-0.02761213333333335,117153.42857142857,-169083.07142857142,-36776.7
2019-04-03,26.66,26.67,26.309999,26.440001,24.888487,4310143.0,1.0003750937734435,0.9868716804201051,0.9917479744936234,0.1000009999999989,-0.02823799999999821,6947.0,1.0058163577105204,1.004994825432912,1.0051098608266014,0.9932974719946686,0.9925228583861907,0.9913721288133104,1.0005462731701966,0.9989799054002432,0.9980333997197025,0.06571414285714283,-0.02142849999999998,-0.021000033333333334,0.06992671428571436,-0.012102642857142751,-0.02604319999999992,-696316.5714285715,-40199.5,-41178.46666666667
2019-04-04,26.360001,26.379999,26.15,26.26,24.719051,3315290.0,1.000758649440112,0.9920333462809807,0.9962063355005184,-0.2999989999999997,-0.16943600000000103,-994853.0,1.005316357240624,1.0048867999062756,1.004868965223564,0.9926571386858789,0.9925350812929267,0.9914211508332481,0.9999490144233263,0.9988981799323177,0.9976407603186785,0.07571442857142888,-0.004285642857142946,-0.039666599999999975,0.05647957142857152,-0.006051214285714376,-0.0473797,-444020.5714285714,-668699.7857142857,-121217.4
2019-04-05,26.049999,26.15,25.9,25.950001,24.427242,4699615.0,1.0038388101281692,0.9942418807770396,0.9961613050349829,-0.3100020000000008,-0.29180900000000065,1384325.0,1.0048684615326149,1.0045646330504268,1.0048300192604935,0.9930522344482035,0.9922051099144367,0.9915987879310225,0.9986810744106845,0.9984613417313738,0.99752472322895,0.034285714285714065,-0.021428642857142983,-0.06366666666666668,0.0013445714285715837,-0.030929071428571424,-0.06275456666666664,-38742.57142857143,-117678.85714285714,-164423.46666666667
2019-04-08,26.040001,26.09,25.67,25.799999,24.286043,3828023.0,1.0019200844116711,0.985791052773001,0.990783333687276,-0.009997999999999507,-0.1411990000000003,-871592.0,1.0038697089436621,1.0047017819369746,1.0048464018361205,0.9918526223260073,0.9922086788139286,0.9914108706425034,0.9962020620363677,0.9987410974075086,0.9971936914947165,0.03285742857142842,-0.04357135714285703,-0.0653333,-0.029584428571428845,-0.03361842857142859,-0.0696576333333334,-166957.14285714287,-105359.07142857143,1761.1666666666667
2019-04-09,25.700001,25.75,25.52,25.65,24.144844,3098117.0,1.0019454863056232,0.9929960703114369,0.9980544358733682,-0.33999999999999986,-0.1411990000000003,-729906.0,1.003050838148948,1.0047053126693417,1.00475632228341,0.9917843340788937,0.992290769842585,0.9916660250952141,0.9960337925286569,0.9986563053635794,0.9974625278448401,-0.049999714285714196,-0.04785714285714272,-0.07566660000000004,-0.05110057142857168,-0.04706600000000018,-0.06400980000000006,-777856.2857142857,-177224.07142857142,-107541.36666666667
2019-04-10,25.59,25.84,25.540001,25.68,24.173084,3281188.0,1.009769441187964,0.998046150840172,1.003516998827667,-0.11000100000000046,0.028240000000000265,183071.0,1.003465022260152,1.0048051765603807,1.0047331179105636,0.9918323774252534,0.9923550605612897,0.9917211879045367,0.9961545470104267,0.9984454626142314,0.9974233783594837,-0.08714300000000007,-0.04928578571428562,-0.07066663333333333,-0.07933999999999994,-0.05177271428571422,-0.06777503333333333,-70866.57142857143,-369889.78571428574,-103596.63333333333
2019-04-11,25.469999,25.66,25.360001,25.51,24.01306,4703117.0,1.0074597961311267,0.9956812719152442,1.0015705143922464,-0.12000099999999847,-0.16002399999999994,1421929.0,1.0037239087683012,1.0049069149756316,1.0048022445679565,0.9922373504739971,0.9924237934342571,0.9917687311993776,0.9968629854013832,0.9985306982033312,0.9972961956255806,-0.1557142857142857,-0.07428578571428572,-0.07933336666666667,-0.12909500000000002,-0.06790949999999997,-0.0781295,57131.57142857143,87142.5,-41479.4
2019-04-12,25.700001,26.275,25.65,26.02,24.493134,5208489.0,1.022373501074961,0.9980544358733682,1.0124513224727112,0.23000199999999893,0.4800740000000019,505372.0,1.006866538382804,1.0063414480466621,1.005107393186616,0.9938348869673204,0.9935661794809946,0.9917396072980981,0.9998206065412528,1.0001834398557248,0.997663602456605,-0.13714271428571426,-0.03571428571428571,-0.07633329999999994,-0.05647900000000001,0.00672385714285717,-0.06306836666666663,128335.14285714286,-283990.71428571426,-27471.566666666666
2019-04-15,26.110001,26.309999,26.110001,26.25,24.709637,4052073.0,1.007659823528923,1.0,1.0053618917900462,0.41000000000000014,0.21650299999999945,-1156416.0,1.007852420395491,1.0065843888180577,1.0052680908765201,0.9949729803557518,0.9938150595208154,0.9921890998460043,1.0011285431540426,1.0005387787886844,0.9982208500443073,-0.03571428571428571,0.020000071428571582,-0.06899996666666665,-0.001344857142857084,0.027567357142857216,-0.05051746666666664,105254.71428571429,-169382.92857142858,-31611.166666666668
2019-04-16,26.18,26.41,26.120001,26.41,24.860249,4391154.0,1.008785332314744,0.9977082123758594,1.008785332314744,0.06999899999999926,0.15061199999999886,339081.0,1.0085590664221447,1.00671376397738,1.0053567310828073,0.9954681705841545,0.994260202516179,0.9922928871053798,1.0029319756225799,1.0008065250166323,0.998549731692036,0.018571571428571434,0.026428642857142748,-0.05233333333333334,0.06185814285714285,0.031601357142857216,-0.041104166666666705,-44065.857142857145,-41404.21428571428,-61032.2
2019-04-17,26.41,26.815001,26.389999,26.719999,25.152058,3845610.0,1.0153351382052251,0.9992426732298372,1.0117379401741764,0.23000000000000043,0.29180900000000065,-545544.0,1.0104755026783667,1.0071726058110144,1.005723654249571,0.9973898306494169,0.994621226487712,0.9924359323375752,1.0059254908349942,1.0010637764356811,0.9988808917846312,0.052856999999999994,0.04285721428571421,-0.04400000000000001,0.1237164285714287,0.04706599999999993,-0.033259899999999946,2512.4285714285716,-82222.35714285714,-91765.3
2019-04-18,26.959999,26.98,26.66,26.780001,25.208536,3230173.0,1.000741876882117,0.9888724402400757,0.9933235160728306,0.5499989999999997,0.056477999999998474,-615437.0,1.0103035584750086,1.0066771983119784,1.0057125411850683,0.9968007406392223,0.9942925373590581,0.9924831749692337,1.005249645149203,1.00064171883893,0.9988375537899262,0.1799997142857142,0.06500000000000002,-0.031333366666666626,0.15195599999999995,0.05042771428571413,-0.030436000000000026,18865.14285714286,-379495.5714285714,-150629.43333333332
2019-04-23,26.889999,27.129999,26.82,27.08,25.490931,4186789.0,1.0089252513546023,0.9973968388767884,1.0070658611776073,-0.07000000000000028,0.28239500000000106,956616.0,1.0101829599273855,1.0068239910937689,1.0059252319214855,0.9967079817873105,0.994270179606282,0.9930385936503199,1.0057566254849089,1.0009555862476678,0.9995456367185533,0.1857141428571428,0.04928557142857137,-0.02066670000000007,0.1882638571428572,0.05446192857142863,-0.0012551333333333285,129371.57142857143,29252.5,-129870.56666666667
2019-04-24,27.299999,27.52,27.200001,27.35,25.745089,7090426.0,1.0080586449838331,0.9963370694628964,1.0018315385286278,0.41000000000000014,0.25415800000000033,2903637.0,1.0102685097634865,1.006996209265894,1.0059160756431689,0.9968016671512608,0.9945195088126288,0.9930522996694535,1.005793914647249,1.001328450024316,0.9994585386201249,0.2614285714285712,0.05285714285714275,0.009999966666666657,0.2474327142857144,0.05916885714285718,0.007216800000000015,341044.14285714284,199087.85714285713,85829.53333333334
2019-04-26,27.299999,27.43,27.18,27.4,25.792152,4404262.0,1.0047619415663716,0.9956044320734224,1.0036630404272175,0.0,0.04706300000000141,-2686164.0,1.007752572690831,1.0073095555368174,1.005878657716326,0.9964516666084114,0.9951432767878658,0.9933961570843918,1.004538445783607,1.00217952616243,1.000071016313523,0.22857114285714278,0.045714214285714254,0.003666600000000031,0.18557400000000004,0.06454750000000001,0.019140033333333407,-114889.57142857143,6722.785714285715,-64106.86666666667
2019-04-29,27.34,27.379999,27.16,27.33,25.726261,2820984.0,1.001463021214338,0.9934162399414777,0.9996342355523042,0.040001000000000175,-0.06589100000000059,-1583278.0,1.0068673152173186,1.007359867806405,1.0057908118263517,0.9955111294571938,0.9952420549064728,0.9934250851519888,1.0037202091782154,1.002424376166129,1.0001085025060512,0.17571414285714276,0.06999992857142853,0.016666666666666666,0.14523200000000003,0.07194357142857147,0.016629966666666718,-175869.85714285713,-35307.57142857143,-128312.5
2019-04-30,27.379999,27.379999,27.17,27.200001,25.603891,4930786.0,1.0,0.9923302042487292,0.9934259310966373,0.03999900000000167,-0.12237000000000009,2109802.0,1.005612267743784,1.0070856670829642,1.0057908118263517,0.9947428425818895,0.9951055065830221,0.9937690778875666,1.0015260090042002,1.00222899231339,1.000309740284212,0.17142842857142884,0.09500000000000013,0.014000000000000058,0.10623457142857161,0.08404635714285723,0.01819890000000003,77090.28571428571,16512.214285714286,1928.3333333333333
2019-05-01,27.450001,28.145,27.370001,27.950001,26.309879,6163100.0,1.0253187240321047,0.9970856103065351,1.0182149355841554,0.07000199999999879,0.7059879999999978,1232314.0,1.0070384942904809,1.0087569984844238,1.0065590690669879,0.9944346907357035,0.9959122606925602,0.9939431907115619,1.0024512940627688,1.0041883924488813,1.0010052217353016,0.14857157142857144,0.10071428571428573,0.03433336666666662,0.16540299999999977,0.14455971428571424,0.0502036999999999,331070.0,166791.2142857143,-217132.9
2019-05-02,27.459999,27.57,27.09,27.27,25.669783,6239217.0,1.0040058632194415,0.986525891716165,0.9930808810298937,0.009997999999999507,-0.6400959999999998,76117.0,1.007504778052956,1.0089041682639823,1.0064142929706341,0.994099469518002,0.9954501050786123,0.993532004432904,1.0024166319137777,1.0038331385314905,1.0006986831080247,0.07142857142857142,0.12571414285714283,0.03699996666666661,0.0658924285714286,0.10892421428571428,0.026984466666666644,429863.4285714286,224364.2857142857,-3596.733333333333
2019-05-03,27.35,27.549999,27.209999,27.41,25.801565,3853201.0,1.0073125776965264,0.9948811334552102,1.0021937842778792,-0.1099989999999984,0.13178200000000118,-2386016.0,1.0072743961018022,1.0087286780145939,1.0066580455605183,0.993740083029205,0.9952240324082577,0.9938366726087405,1.0017206209281022,1.0037386232065055,1.0012095841099078,0.06571442857142884,0.12571428571428583,0.023333333333333428,0.04437628571428576,0.11632007142857148,0.034828800000000014,-47655.42857142857,40858.07142857143,-48328.3
2019-05-06,27.27,27.68,27.17,27.549999,25.933352,5447607.0,1.015034836817015,0.9963329666299964,1.0102676567656765,-0.08000000000000185,0.1317869999999992,1594406.0,1.0082709949351139,1.0092697523493002,1.007096004919336,0.9937394969102195,0.99527058203074,0.9939862116327323,1.002925780676252,1.0043598476617506,1.0015771218524843,-0.004285571428571444,0.12857149999999987,0.029999966666666704,0.026894714285714168,0.13716371428571428,0.037652799999999924,-234688.42857142858,53177.857142857145,-4388.233333333334
2019-05-07,27.620001,27.940001,27.440001,27.5,25.886286,5198790.0,1.0115858069664805,0.9934829835813547,0.9956552861819231,0.3500009999999989,-0.04706600000000094,-248817.0,1.0092458328494152,1.0084992027701232,1.0072031535944381,0.993436432839924,0.9949440497241676,0.9938641083928339,1.001781815784067,1.0031601307838371,1.001216671481264,0.04571457142857126,0.137142857142857,0.04466666666666666,0.013447714285713832,0.09951085714285693,0.03294613333333333,113504.0,-692.7857142857143,-108695.16666666667
2019-05-08,27.379999,27.639999,27.26,27.59,25.971004,4874117.0,1.0094959828157772,0.9956172752234212,1.0076698687972925,-0.24000199999999694,0.08471800000000229,-324673.0,1.010393398792478,1.0086303570048982,1.0073185044110433,0.9937508664516302,0.9946309979544121,0.9938940505104912,1.002929763390494,1.0033249862843547,1.001459759903012,0.005714142857143096,0.09071414285714294,0.028999966666666665,0.034963285714285676,0.09009764285714285,0.033573700000000054,293304.71428571426,58717.42857142857,46366.5
2019-05-09,27.559999,27.76,27.52,27.65,26.027485,4023225.0,1.007256930597131,0.9985486574219397,1.0032656387251682,0.17999999999999972,0.056480999999998005,-850892.0,1.0114301031634967,1.0085211854536402,1.00748406749493,0.9946392169049459,0.9946910297434178,0.9944436380505877,1.0043354359088554,1.0029307224565278,1.0019248498825444,0.025714285714285672,0.09857135714285725,0.0453332666666667,0.06051342857142826,0.08337399999999993,0.05428283333333326,-129651.57142857143,-26280.64285714286,-172037.8
2019-05-10,27.57,27.709999,27.33,27.5,25.886286,5964795.0,1.0050779470438882,0.9912948857453754,0.9974610083424011,0.010000999999999038,-0.1411990000000003,1941570.0,1.0085385635937514,1.0077885289421162,1.0075113773054134,0.9938119705390661,0.9941233306373849,0.9942696115940167,1.0013705891600335,1.0019109416114012,1.0018273119363372,0.017142714285714282,0.08285714285714287,0.058000000000000065,-0.06051328571428576,0.05244485714285701,0.052086399999999956,-28329.285714285714,151370.35714285713,-15287.966666666667
2019-05-13,26.58,26.65,26.309999,26.43,25.624514,11006835.0,1.0026335590669677,0.9898419488337097,0.9943566591422123,-0.990000000000002,-0.261771999999997,5042040.0,1.008342520143398,1.0079236490981769,1.0073666932715046,0.9942856929844296,0.9941925812512159,0.9942151362071147,1.001552843176079,1.0019847375449282,1.0014713044036285,-0.12571414285714308,-0.027142785714285824,0.0256666999999999,-0.006466999999999652,0.029712714285714474,0.04022280000000009,681088.2857142857,555475.8571428572,201200.73333333334
2019-05-14,26.23,26.26,25.84,26.1,25.304571,6125783.0,1.0011437285550897,0.9851315287838353,0.9950438429279451,-0.34999999999999787,-0.3199430000000021,-4881052.0,1.0074612559803355,1.0073678260410688,1.0071077724721962,0.9928928923170902,0.9933164876731478,0.9939132425789634,1.0005314229832314,1.0011260219556666,1.0010348851576434,-0.16000000000000014,-0.04714278571428565,0.014000033333333306,-0.07099914285714297,-0.01331142857142861,0.027047899999999934,324654.5714285714,138499.57142857142,37635.333333333336
2019-05-15,26.200001,26.360001,26.0,26.290001,25.488781,5020273.0,1.006106869995921,0.9923663743371612,1.0034351143727056,-0.02999900000000011,0.1842100000000002,-1105510.0,1.0061858321487507,1.0072284135419323,1.0070554154097728,0.9923262362752566,0.9930328665927382,0.9938763187888278,0.9995553454985212,1.0012405630873866,1.001174978222489,-0.15285699999999988,-0.07857128571428566,0.005000066666666688,-0.06351014285714283,-0.018307714285714333,0.032874433333333286,-61047.71428571428,-147868.07142857142,-117427.93333333333
2019-05-16,26.5,26.66,26.27,26.66,25.847504,6974621.0,1.0060377358490566,0.9913207547169811,1.0060377358490566,0.2999989999999997,0.35872300000000124,1954348.0,1.0053932505605474,1.0073195417049814,1.0070276681910901,0.9920173464374891,0.9927268896387066,0.9936633490322052,1.001038552593826,1.0014101841889465,1.0012871788356148,-0.16000014285714265,-0.057142785714285695,0.009999966666666657,-0.005540285714285379,0.003953714285714227,0.037301333333333395,253690.14285714287,183597.07142857142,106578.9
2019-05-17,26.84,26.85,25.76,25.85,25.062191,9531257.0,1.0003725782414308,0.9597615499254845,0.9631147540983607,0.33999999999999986,-0.7853130000000021,2556636.0,1.0040899070499265,1.0072416529212023,1.0068518344466686,0.9868950999663552,0.9903229832089927,0.9925605186772535,0.9946735362082643,0.9988016497993791,1.0001706224503752,-0.07714271428571452,-0.03571428571428571,0.00933336666666662,-0.12983042857142887,-0.047433571428571596,0.004848866666666633,665305.7142857143,479305.21428571426,174268.7
2019-05-20,27.1,27.860001,27.059999,27.860001,27.010933,14554708.0,1.0280443173431735,0.9985239483394834,1.0280443173431735,0.26000000000000156,1.9487420000000029,5023451.0,1.0070595337279324,1.0092448184457146,1.0077741418989927,0.986891570097433,0.9907653935011895,0.9929489276078994,0.9982133474394078,1.0012743916741316,1.0013805005453602,-0.06571414285714283,-0.019999928571428578,0.01466666666666671,0.14049257142857183,0.10050300000000004,0.0707482,1504497.5714285714,687423.0,341485.5
2019-05-21,29.25,29.299999,28.0,28.43,27.563562,12199554.0,1.0017093675213675,0.9572649572649573,0.971965811965812,2.1499999999999986,0.5526289999999996,-2355154.0,1.0065783080818582,1.0075584358378047,1.0078058325017014,0.9820301517430875,0.9879210611410768,0.9917899813073652,0.9945711765284665,0.9979708828442501,1.0005724830942033,0.23999999999999996,0.1285713571428571,0.09633329999999998,0.23961085714285751,0.08954878571428589,0.09481703333333336,890679.8571428572,431175.28571428574,296142.13333333336
2019-05-22,28.42,28.440001,28.120001,28.379999,27.515085,6493727.0,1.0007037649542574,0.9894440886699506,0.9985925052779733,-0.8299999999999983,-0.04847700000000188,-5705827.0,1.0063026232086139,1.007322571676006,1.0077013309959042,0.9819733145768362,0.9881295037806329,0.9916300549037956,0.9951762974050038,0.9983645702905414,1.000653523102303,0.26285714285714334,0.06857150000000013,0.0790000333333334,0.2700815714285711,0.13180728571428574,0.10292809999999998,-644729.7142857143,18179.285714285714,59803.73333333333
2019-05-23,28.18,28.26,27.809999,27.940001,27.088495,6488169.0,1.0028388928317957,0.986870085166785,0.9914833569907736,-0.240000000000002,-0.42658999999999736,-5558.0,1.0065447895338575,1.0070030227570965,1.0077319579432418,0.9822216797744004,0.9875572860457454,0.9916660226502552,0.9946676565568364,0.9975995397700339,1.0006768572124196,0.27857142857142847,0.059285714285714164,0.07133329999999999,0.2548462857142861,0.09192357142857155,0.09341506666666674,51769.42857142857,188212.0,88671.53333333334
2019-05-24,27.75,27.870001,27.620001,27.84,26.991543,4640934.0,1.0043243603603602,0.9953153513513513,1.0032432432432432,-0.4299999999999997,-0.0969520000000017,-1847235.0,1.006290145300206,1.0062379887244783,1.0078112537450663,0.9826429622049991,0.987484599240128,0.9917433320182523,0.9946402463954848,0.9970977959470029,1.000849817458082,0.22142842857142853,0.034285714285714315,0.06833329999999999,0.2146802857142858,0.07558507142857149,0.0948899666666667,-54191.28571428572,-57619.5,51427.23333333333
2019-05-27,27.870001,27.940001,27.67,27.82,26.972151,2861724.0,1.0025116611944147,0.9928237892779409,0.9982059204088296,0.12000099999999847,-0.019391999999999854,-1779210.0,1.0057864203495428,1.005589835455045,1.0075693277452813,0.9828576814279933,0.9874375139327413,0.9915692532995112,0.9935214156183095,0.9972799841060677,1.0006727815107874,0.19571442857142834,0.017857142857142856,0.07600003333333329,0.16066385714285708,0.07756178571428585,0.09330223333333336,-587556.7142857143,-166933.2857142857,-13982.133333333333
2019-05-28,27.799999,28.09,27.77,28.0,27.146666,6377606.0,1.0104316910227227,0.998920899241759,1.0071942808343266,-0.07000199999999879,0.17451499999999953,3515882.0,1.007223436461156,1.0056566717555413,1.0076683909083346,0.9884518741874609,0.987673487076908,0.9916772408770617,0.9998184908663045,0.9972460135372844,1.0008602403921902,0.13714271428571426,0.029999999999999867,0.0776666666666666,0.29778214285714305,0.08397585714285707,0.10445353333333335,-450521.5714285714,107392.07142857143,55816.3
2019-05-29,27.74,28.040001,27.66,28.040001,27.185448,3980308.0,1.0108147440519106,0.9971160778658977,1.0108147440519106,-0.059999000000001246,0.038782000000001204,-2397298.0,1.0047620688481185,1.0059108012880256,1.0072830990075663,0.9882507498340917,0.9875711599657624,0.9916459622768127,0.9973571232532671,0.9977852353463375,1.0008056877781635,0.091428571428571,0.012857214285714085,0.0679999666666666,0.02493071428571422,0.08271164285714303,0.08974379999999998,-1510628.5714285714,-3065.5,-40939.36666666667
2019-05-30,27.889999,28.129999,27.809999,28.01,27.156361,5797962.0,1.0086052351597432,0.9971315882800857,1.0043026534350181,0.1499990000000011,-0.02908700000000053,1817654.0,1.0057471927964579,1.006162750439158,1.0073146127285935,0.9939459828362528,0.9879880672896703,0.9915503485528155,1.0019766720345822,0.9982739242815243,1.0007703798329959,-0.1942858571428572,0.022857071428571376,0.059333266666666634,-0.05817157142857151,0.090719642857143,0.08155746666666666,-914513.1428571428,-11916.642857142857,58196.3
2019-05-31,27.700001,27.940001,27.610001,27.879999,27.030323,9247550.0,1.0086642596150086,0.9967509026443717,1.006498122509093,-0.18999799999999922,-0.1260380000000012,3449588.0,1.0068844063194222,1.0065935147640181,1.0073105769719357,0.9949898134040274,0.9884815639904316,0.9915184382284327,1.003106045924742,0.999141171664873,1.0006941395061408,-0.1028570000000002,0.08000007142857157,0.05066670000000002,-0.06925171428571428,0.10041492857142842,0.07233579999999999,393403.28571428574,-125663.21428571429,161879.86666666667
2019-06-03,27.65,27.82,27.51,27.540001,26.700686,6917109.0,1.0061482820976493,0.9949367088607596,0.9960217359855336,-0.05000100000000174,-0.3296369999999982,-2330441.0,1.0073571762145443,1.006950982874201,1.0070043484350166,0.9961421882174523,0.9891819339959262,0.9913749060827968,1.0037543857811364,0.9992110211689865,1.0001702660331862,-0.07571428571428587,0.1014285714285713,0.041333333333333284,-0.05540128571428582,0.09972250000000013,0.05162093333333336,61277.142857142855,56523.28571428572,102383.3
2019-06-04,27.549999,27.85,27.440001,27.76,26.91398,5602273.0,1.010889328888905,0.9960073319784876,1.007622541111526,-0.1000009999999989,0.21329399999999765,-1314836.0,1.0082950288614791,1.0072925870808427,1.0073425968352427,0.9962410425927575,0.9894420023988781,0.9916127358074104,1.0043799997623197,0.9995101230789022,1.0006469002011427,-0.028571571428571474,0.09642842857142853,0.019666666666666662,-0.011080428571428769,0.10179992857142851,0.056848133333333335,137334.14285714287,41571.42857142857,79070.0
2019-06-05,28.0,28.219999,27.9,28.01,27.156361,4875996.0,1.0078571071428573,0.9964285714285713,1.000357142857143,0.4500010000000003,0.24238100000000173,-726277.0,1.009058663996971,1.007422542173257,1.0073069920281845,0.996756011471419,0.9898068464497062,0.9915804602258033,1.0046873172549358,0.9991043664366226,1.000423276257127,0.018571285714285932,0.10714285714285714,0.03700003333333335,0.026315714285714314,0.09348978571428569,0.05551433333333335,287753.14285714284,-149901.7857142857,22973.566666666666
2019-06-06,28.07,28.35,27.93,28.16,27.301790000000004,5151939.0,1.0099750623441397,0.9950124688279302,1.0032062700391877,0.07000000000000028,0.14542900000000358,275943.0,1.008993431328602,1.008108433894879,1.0073708726068615,0.9961976642694435,0.9923247692284523,0.9915363068713042,1.0041176014270587,1.0019680461466816,1.0004691006408124,0.03857157142857152,0.08785714285714288,0.02566670000000002,0.022160571428572036,0.15997135714285754,0.05189003333333346,-175095.2857142857,-312808.4285714286,-64616.23333333333
2019-06-07,28.120001,28.370001,28.120001,28.370001,27.50539,3789058.0,1.0088904691006235,1.0,1.0088904691006235,0.050000999999998186,0.20359999999999445,-1362881.0,1.0087185349069896,1.006740301877554,1.0075084901913365,0.9966096531457438,0.9924302014899177,0.9916828258021901,1.0038427050054464,1.0005999141293567,1.0006433482632593,0.05428585714285715,0.07285721428571408,0.02733339999999996,0.04570599999999964,0.03531835714285693,0.05710793333333323,-27321.428571428572,-768975.0,-20506.8
2019-06-11,28.5,28.780001,28.49,28.65,27.776855,5254451.0,1.009824596491228,0.9996491228070175,1.0052631578947369,0.37999900000000153,0.27146500000000273,1465393.0,1.008892729382916,1.0073199610896868,1.0077872093672329,0.9969693009353053,0.9954576418857791,0.991890588564375,1.0039799199282633,1.0029782959814226,1.000830979008007,0.08714300000000007,-0.05357142857142857,0.03866666666666667,0.08864200000000011,0.015235214285714298,0.06835313333333334,-77644.42857142857,-496078.78571428574,81115.56666666667
2019-06-12,28.700001,28.75,28.219999,28.26,27.398743,6985946.0,1.0017421253748389,0.9832751922203766,0.9846689552380156,0.20000100000000032,-0.37811200000000156,1731495.0,1.0079038530628917,1.0073941296911568,1.0078452802130609,0.9950441994461633,0.9950170064250952,0.9915887548300966,1.0008614674609666,1.0019837566928544,1.0005390798127196,0.14285714285714285,0.02000007142857133,0.04400006666666663,0.05263142857142863,-0.008310142857142822,0.05982839999999996,-323086.28571428574,35158.5,68505.33333333333
2019-06-13,28.389999,28.5,28.290001,28.43,27.563562,2815595.0,1.0038746390938584,0.9964777032926279,1.0014089820855576,-0.3100020000000008,0.16481900000000138,-4170351.0,1.007579046919493,1.0074681115670185,1.007130477381786,0.9952643415078587,0.9957032648626555,0.9915684912629662,1.0016310740466845,1.0026927299139103,0.9999788813627665,0.10571414285714299,0.014999928571428558,0.031333266666666644,0.123268,0.03393335714285709,0.04178943333333341,-585930.5714285715,-262326.71428571426,-111583.5
2019-06-14,28.35,28.4,28.059999,28.219999,27.359961,3248435.0,1.001763668430335,0.9897706878306878,0.9954144268077602,-0.03999899999999812,-0.20360100000000259,432840.0,1.0062753811396972,1.0072852050005883,1.0070557375554825,0.9943733923438874,0.9953072174683223,0.9916766511334504,0.9998870577175749,1.0021335287399473,1.0000566662220287,0.1142858571428574,0.04285714285714296,0.029666700000000053,0.0637115714285714,0.02631557142857131,0.05633926666666665,-336262.5714285714,-99464.21428571429,-99692.73333333334
2019-06-17,28.200001,28.469999,28.02,28.280001,27.418133,3979476.0,1.009574396823603,0.9936169860419508,1.0028368793320255,-0.1499990000000011,0.058172000000002555,731041.0,1.0065207082369467,1.0077896861169588,1.007131131526385,0.9939717372886558,0.9953638743800374,0.9916345128863416,1.0002413057854154,1.0024643115201755,1.0000781027238335,0.028571571428571474,0.023571428571428705,0.02833336666666663,0.03739600000000008,0.0318558571428572,0.05388560000000003,-128074.28571428571,79839.42857142857,4209.166666666667
2019-06-18,28.110001,28.48,28.049999,28.280001,27.418133,7740427.0,1.0131625395530937,0.9978654572086283,1.0060476696532312,-0.08999999999999986,0.0,3760951.0,1.00697606212394,1.007984746726271,1.0070687216175875,0.9943793070573269,0.9952884856633852,0.9916855959056294,1.000647220015993,1.0023824107215258,0.999937436486752,0.005714428571428597,0.022143000000000055,0.02800003333333336,0.01662042857142814,0.019390500000000088,0.049492700000000056,369784.0,97344.35714285714,76427.33333333333
2019-06-19,28.450001,28.719999,28.41,28.67,27.796247,4496837.0,1.0094902632868097,0.998593989504605,1.0077328292536791,0.33999999999999986,0.37811400000000006,-3243590.0,1.007061747007681,1.007890140957335,1.0069988701615986,0.9941784484151277,0.9953940507804356,0.9918559627697378,1.0004818428950009,1.0021622739502236,1.0003400212558105,0.04714285714285741,0.050714357142857276,0.027666666666666728,0.04155100000000037,0.04362850000000001,0.06366536666666675,101111.28571428571,36894.92857142857,-23398.433333333334
2019-06-20,28.870001,28.950001,28.610001,28.879999,27.999846,7971328.0,1.0027710425087966,0.9909941118464112,1.000346311037537,0.41999999999999815,0.20359900000000053,3474491.0,1.0060540964387623,1.0074734129108391,1.0067747054846992,0.9929420182778983,0.9949556596066017,0.9917018573238375,0.9997794362011153,1.0018796780646892,1.0000959026638185,0.052857285714285496,0.07000014285714277,0.049666733333333234,0.0318558571428572,0.060248928571428655,0.0676280666666667,388125.28571428574,155240.42857142858,103240.36666666667
2019-06-21,28.799999,28.85,28.41,28.540001,27.67021,8435965.0,1.0017361458936163,0.98645836758536,0.9909722913532045,-0.07000199999999879,-0.3296360000000007,464637.0,1.0060532422271589,1.0069785476450253,1.0065906793279153,0.993396757615753,0.9942204785309582,0.9912988476626181,1.0006799127889994,1.0007706901249829,0.9996861244180866,0.01428542857142848,0.07857128571428566,0.041333333333333284,0.038781000000000176,0.045706214285714405,0.05475750000000008,207145.57142857142,-57970.357142857145,147091.33333333334
2019-06-24,28.52,28.719999,28.42,28.68,27.805943,2594749.0,1.007012587657784,0.9964936886395512,1.0056100981767182,-0.2799990000000001,0.13573299999999833,-5841216.0,1.006501520593434,1.0070402837564636,1.0066551673483786,0.993399041236742,0.9943316913723005,0.991472141092424,1.001280072230594,1.001455573138639,0.9999577607458972,0.018571571428571434,0.062142857142857215,0.03166666666666664,0.03462585714285688,0.07894692857142845,0.06398856666666669,-31549.428571428572,-308740.0,-112334.86666666667
2019-06-25,28.540001,28.690001,28.360001,28.450001,27.582952,5151976.0,1.0052557811753404,0.9936930625895913,0.9968465312947957,0.0200010000000006,-0.22299100000000038,2557227.0,1.0070003938427206,1.0066378874912087,1.0067425747519911,0.9939593804880139,0.9941663864159507,0.9916005115509534,1.0014846585858845,1.0006858581517297,1.0000407564843166,0.027142999999999824,0.07071442857142861,0.06533336666666673,0.0318558571428572,0.0477837142857143,0.06528126666666659,271934.4285714286,-32164.071428571428,-195161.96666666667
2019-06-26,28.379999,28.43,28.129999,28.15,27.292095,5816499.0,1.0017618393855474,0.9911909792526772,0.9918957361485459,-0.16000199999999865,-0.29085699999999903,664523.0,1.0058843142087126,1.0062025112228297,1.0067631784463396,0.9936128080895463,0.993792272689101,0.9918024932332481,0.9999216381311017,1.0000814719582585,0.99993581959167,0.025714000000000174,0.027142785714285824,0.07166663333333337,-0.018005428571428745,0.009695285714285668,0.06625080000000001,262431.85714285716,67178.78571428571,-10309.466666666667
2019-06-27,28.16,28.379999,28.059999,28.379999,27.515085,4500162.0,1.0078124644886364,0.996448828125,1.0078124644886364,-0.2199990000000014,0.22298999999999936,-1316337.0,1.005120017770933,1.0060480399474365,1.006820031596097,0.9934104325061709,0.9938948697817489,0.991938575026176,1.0001737516790166,1.000410485847505,1.000081731262201,0.00714271428571424,0.006428571428571418,0.0653333,0.01385028571428545,0.015235357142856796,0.06754346666666665,-462895.0,-46555.5,-17337.033333333333
2019-06-28,28.32,28.620001,28.139999,28.209999,27.350266,10031978.0,1.0105932556497175,0.9936440324858756,0.996115783898305,0.16000000000000014,-0.16481899999999783,5531816.0,1.0052775881084912,1.0061696675580862,1.0069718822561189,0.9927032957892096,0.9934408721021686,0.9920160176184726,0.9985141737711061,0.9994980083330535,0.9997509995305093,-0.018571571428571434,0.014285642857142986,0.060666666666666674,-0.0637115714285714,-0.011080285714285511,0.050092066666666685,790734.4285714285,445922.85714285716,101911.9
2019-07-01,28.5,28.530001,28.1,28.280001,27.418133,4239651.0,1.0010526666666666,0.9859649122807018,0.9922807368421052,0.17999999999999972,0.06786699999999968,-5792327.0,1.0050321058453298,1.005543101142046,1.0069945518702934,0.9919848387083939,0.992463428493146,0.9928894630303131,0.9973619488860443,0.9985706925435799,1.0007231989553007,-0.052857285714285496,0.0,0.05533333333333334,-0.08310185714285723,-0.025623000000000014,0.07853140000000008,-533096.7142857143,-72485.71428571429,-176386.86666666667
2019-07-02,28.360001,28.43,27.709999,27.870001,27.020628,6316713.0,1.0024682298142373,0.9770803252087332,0.9827221444738312,-0.13999899999999954,-0.39750500000000244,2077062.0,1.0051366892625615,1.0055949657448602,1.0061420156193288,0.9906451183688757,0.9920209379923144,0.9921746755926215,0.9961833564747054,0.9984316346318524,0.9992124598596559,-0.06285685714285703,-0.024285714285714275,0.042000033333333305,-0.0927974285714289,-0.027008214285714364,0.00032316666666657075,-302750.28571428574,-47802.357142857145,-274599.8333333333
2019-07-03,27.700001,27.950001,27.450001,27.790001,26.943068,5314763.0,1.0090252704323006,0.9909747295676993,1.0032490973556283,-0.6600000000000001,-0.0775599999999983,-1001950.0,1.0054242153732067,1.0059628679833204,1.0063858790496931,0.9898566956443255,0.9916278684405339,0.9932983346693796,0.9958460706431211,0.9985630714368574,1.0002552360393167,-0.11714271428571418,-0.04928557142857137,-0.05166663333333332,-0.123267857142857,-0.044321000000000055,-0.02068313333333336,388573.4285714286,178512.0,-229493.03333333333
2019-07-04,27.959999,28.285,27.91,28.16,27.301790000000004,4764310.0,1.0116237843928393,0.9982117667457714,1.0071531118438166,0.2599979999999995,0.35872200000000376,-550453.0,1.0063339301185636,1.006667161980642,1.006749879697646,0.990502224809494,0.992230802648754,0.9935905906052402,0.9973184392929813,0.9994015489394329,1.0005405895915114,-0.08285742857142862,-0.027857214285714398,-0.01533336666666673,-0.04016599999999926,-0.00415507142857103,-0.007109833333333171,-55380.857142857145,108276.78571428571,-57647.23333333333
2019-07-05,28.25,28.290001,28.059999,28.15,27.292095,4483767.0,1.00141596460177,0.9932743008849558,0.9964601769911504,0.2900010000000002,-0.009695000000004228,-280543.0,1.0062845194351666,1.0060844168219396,1.0067024487566452,0.990799842185534,0.99220632513754,0.9938040644625126,0.9979705022704961,0.998946070200799,1.0007064835915238,-0.018571285714285932,0.00357135714285712,0.0023333333333333426,0.0,-0.009002714285714373,0.0067866666666666,-190390.2857142857,36020.78571428572,-66813.4
2019-07-08,28.15,28.209999,27.809999,27.879999,27.030323,3179608.0,1.0021314031971582,0.987921811722913,0.9904084902309059,-0.10000000000000142,-0.26177200000000056,-1304159.0,1.0054729392506698,1.0052964785108016,1.0066293501845385,0.9895816969852358,0.9914960647457033,0.9935576131415647,0.9954842202336776,0.9978289859563472,1.0002786584911125,-0.001428571428571652,0.0028570714285712944,0.013333333333333286,-0.06925171428571428,-0.027700714285714412,0.0012926666666666384,-188650.57142857142,-325772.78571428574,-48710.86666666667
2019-07-09,27.690001,27.780001,27.535,27.690001,26.846115,3961751.0,1.003250270738524,0.9944022753917561,1.0,-0.4599989999999998,-0.18420799999999815,782143.0,1.0044239414062137,1.0048507647573524,1.0066539705026754,0.9896900174003614,0.9911966565947855,0.9936102293453586,0.9960391082482053,0.9972766410096557,1.0003384611441517,-0.08999985714285737,-0.054285714285714395,-0.005999999999999991,-0.07202157142857146,-0.06786657142857143,-0.004201199999999972,-867175.2857142857,-38220.42857142857,36667.566666666666
2019-07-10,27.75,27.98,27.530001,27.530001,26.690990000000003,4628606.0,1.0082882882882882,0.9920721081081081,0.9920721081081081,0.059999000000001246,-0.15512499999999818,666855.0,1.005457601637874,1.0052448537416019,1.006582523744861,0.9905624739471338,0.9912736563277639,0.9933819363075701,0.9960093041433487,0.9966856265146965,0.9998343887199443,-0.10714285714285714,-0.08000007142857132,-0.0016666333333333228,-0.10387757142857115,-0.09348971428571419,-0.015189199999999896,55565.0,-238765.85714285713,-58300.0
2019-07-11,27.450001,27.48,27.17,27.32,26.487391,7185390.0,1.0010928597051783,0.9897995996430019,0.9952640803182484,-0.2999989999999997,-0.20359900000000408,2556784.0,1.0052611201937227,1.005198904728142,1.0062584609333032,0.9923795131520293,0.9915123157604526,0.9931380537001402,0.9978010092639797,0.9969921828693425,0.9993160332621557,-0.13000000000000003,-0.09642842857142853,-0.00966663333333327,-0.07617671428571425,-0.08448707142857158,-0.023268566666666737,124096.71428571429,-89326.78571428571,106836.06666666667
2019-07-12,27.309999,27.5,27.25,27.27,26.438913,4409631.0,1.0069571954213545,0.9978030390993423,0.9985353716051033,-0.14000199999999907,-0.048477999999999355,-2775759.0,1.0049656809064447,1.0051949481398255,1.006203526275357,0.9933549859422641,0.9916058407932947,0.9931604353941154,0.9971276198710475,0.9964868452570842,0.9991237905344917,-0.055714571428571294,-0.08642864285714273,-0.019333333333333275,-0.07202214285714297,-0.09764499999999998,-0.023914933333333367,-129304.57142857143,129634.42857142857,-46277.7
2019-07-15,27.17,27.24,26.879999,27.0,26.177143,4602805.0,1.0025763709974236,0.9893264262053736,0.9937430990062568,-0.13999899999999954,-0.2617699999999985,193174.0,1.003673193278528,1.005003561698546,1.0060005966547707,0.9920856515793501,0.9912939381944221,0.9929129528461489,0.9952119037513961,0.9962651715221887,0.9986986230843973,-0.11285699999999974,-0.09785721428571417,-0.017666699999999955,-0.16066385714285758,-0.10041492857142842,-0.028439333333333275,-23072.14285714286,-39226.5,-154824.83333333334
2019-07-16,27.0,27.059999,26.889999,26.99,26.167446,2909547.0,1.0022221851851851,0.9959258888888889,0.9996296296296295,-0.1700000000000017,-0.009696999999999178,-1693258.0,1.0037883676475874,1.005036443541377,1.0058697267576886,0.9924644498656262,0.9916321460255801,0.9929459255137532,0.9956646826997503,0.9968175924851232,0.9988188862058671,-0.17857142857142858,-0.09857135714285725,-0.02166666666666662,-0.16066414285714256,-0.08033207142857128,-0.017774666666666643,-224888.57142857142,-207639.42857142858,-133585.4
2019-07-17,26.879999,27.290001,26.85,27.190001,26.361353,5141569.0,1.0152530511626878,0.9988839657322904,1.011532812929048,-0.12000099999999847,0.19390699999999939,2232022.0,1.0056628887855203,1.005567914018095,1.0060151841668146,0.9940304718669658,0.9918060844261009,0.9930418133055466,0.998682443085199,0.9970833316594383,0.9989492285997844,-0.18142871428571386,-0.09142864285714276,-0.02233333333333327,-0.09556714285714259,-0.08240942857142843,-0.018420899999999917,280280.14285714284,45814.78571428572,-15356.8
2019-07-18,27.18,27.215,26.93,27.120001,26.293486,3630224.0,1.0012877115526122,0.9908020603384842,0.9977925312729948,0.3000009999999982,-0.06786699999999968,-1511345.0,1.0053825231875329,1.0049032322968732,1.0057962043138065,0.9935161554307842,0.9916030864155729,0.992854262935877,0.9983670904099126,0.9972030993290592,0.9988637415469797,-0.07285728571428558,-0.08142857142857148,-0.02733333333333334,-0.07894699999999995,-0.0754842857142857,-0.028762499999999965,-47361.0,-457268.14285714284,-41525.73333333333
2019-07-19,27.209999,27.48,27.195,27.379999,26.545561,3624244.0,1.0099228596076024,0.9994487688147288,1.0062477032799597,0.02999900000000011,0.25207499999999783,-5980.0,1.0056160333760062,1.0055368175069401,1.0057944642225887,0.9945699641031586,0.9925662190251463,0.9930021396021037,1.000392175434463,0.9982007397889057,0.9989651226550053,-0.07714300000000003,-0.09214292857142858,-0.028666700000000014,-0.02077557142857194,-0.06232657142857155,-0.02520763333333349,-143480.2857142857,-43957.642857142855,-50923.166666666664
2019-07-22,27.370001,27.48,27.18,27.370001,26.535868,3895711.0,1.0040189622207176,0.993058056519618,1.0,0.16000199999999865,-0.00969299999999862,271467.0,1.0060340480210834,1.0056475841074028,1.005632080659925,0.9950354579426752,0.9937074855473522,0.9927707414860909,1.0010687353889989,0.9994348723264892,0.9986687736849845,-0.011428571428571692,-0.07071428571428585,-0.025,0.0069252857142859826,-0.034625714285714135,-0.03231739999999993,-469954.14285714284,-172928.7142857143,3555.1
2019-07-23,27.4,27.485001,27.309999,27.43,26.594038,4545024.0,1.0031022262773723,0.996715291970803,1.001094890510949,0.02999900000000011,0.0581700000000005,649313.0,1.0054833381433717,1.0052245095249082,1.0054080016527966,0.9948800654957409,0.9941175257190025,0.9926729471248839,1.001434380946977,0.9992810004090121,0.9985298314388583,0.012857285714285334,-0.021428642857142983,-0.036666666666666715,0.022160714285714533,-0.02493071428571422,-0.03942723333333333,19341.85714285714,-54981.357142857145,-23647.566666666666
2019-07-24,27.549999,27.83,27.52,27.65,26.807333,5451446.0,1.0101633760494872,0.9989111070385157,1.0036298004947295,0.1499990000000011,0.21329499999999868,906422.0,1.006567196007952,1.0051201946432402,1.005688710008618,0.9962493056147613,0.9941674785970557,0.9931941442854885,1.0028467668739016,0.9990293353126488,0.999161859614082,0.05428557142857114,-0.029285714285714297,-0.038333400000000024,0.09002714285714271,-0.035318357142857436,-0.01971366666666666,121234.42857142857,49081.142857142855,-51150.0
2019-07-25,27.809999,27.99,27.68,27.959999,27.107883,4564918.0,1.0064725281004143,0.9953254583000883,1.0053937434517706,0.26000000000000156,0.3005500000000012,-886528.0,1.0071743878529849,1.0054813777502862,1.0057753063088366,0.9961635298163612,0.9943139898409938,0.9931557361190705,1.003670211705636,0.9996674472026932,0.9992946849929557,0.11571414285714303,-0.031428642857142766,-0.019333333333333275,0.13434814285714275,-0.013157999999999908,-0.015189299999999998,236481.57142857142,5796.5,58310.76666666667
2019-07-26,27.92,27.98,27.700001,27.780001,26.933371,6581160.0,1.0021489971346704,0.9921203796561604,0.9949857091690544,0.11000100000000046,-0.174512,2016242.0,1.0053023801346967,1.0054826344601084,1.0057881505989812,0.9951973032340569,0.9946138875505115,0.9932340591799195,1.0013063397399227,0.9999943914125609,0.9992803944049989,0.14857157142857144,-0.016428571428571206,-0.014333333333333325,0.08171685714285713,-0.006925142857142725,-0.014219666666666578,205655.85714285713,242968.0,111090.83333333333
2019-07-29,27.889999,27.959999,27.629999,27.85,27.001238,4969573.0,1.0025098602549252,0.9906776619102784,0.9985658299951894,-0.030001000000002165,0.06786699999999968,-1611587.0,1.0054769728064556,1.0054297479969942,1.005552666046692,0.9951795320300275,0.9943478437304059,0.9931360817088638,1.0014168109859505,0.9998919506979316,0.999138026093771,0.10142842857142854,0.014285571428571484,-0.010333400000000026,0.10110742857142847,0.011080214285714263,-0.013896500000000008,191335.57142857142,71987.28571428571,33003.23333333333
2019-07-30,27.969999,28.040001,27.74,28.0,27.146666,4128512.0,1.0025027530390687,0.9917769392841236,1.0010726135528285,0.08000000000000185,0.145427999999999,-841061.0,1.0044169575823794,1.0050164954791927,1.0051973398295577,0.9940835563827982,0.9943267602429785,0.9929331311113803,1.000677512453503,1.000534843943983,0.9989721908904242,0.10857142857142879,0.015714214285714383,-0.004666733333333302,0.08587214285714292,0.03254828571428549,-0.009048900000000042,72038.28571428571,-35721.0,-120397.16666666667
2019-07-31,27.99,28.040001,27.85,27.91,27.059408,5952782.0,1.0017863879957127,0.9949982136477314,0.9971418363701322,0.02000099999999705,-0.0872579999999985,1824270.0,1.0040980184073787,1.005066033214231,1.004940543986521,0.9943607216868144,0.9946980898147447,0.9928132719161512,1.0002692033635219,1.0006689693762605,0.998619157794306,0.08857128571428571,0.03857135714285701,-0.01533336666666673,0.07479142857142865,0.040858357142857314,-0.024561299999999994,293867.28571428574,-88043.42857142857,48531.5
2019-08-01,27.700001,28.135,27.68,28.01,27.156361,3865724.0,1.0157039344511216,0.9992779422643342,1.0111912992349712,-0.2899989999999981,0.09695299999999918,-2087058.0,1.0058982624322002,1.0056908002877858,1.0053716403845987,0.9947268145858903,0.9948034400408156,0.9930893995967485,1.0017115474669536,1.0015729642069653,0.9989806574008873,0.042857285714285966,0.027857285714285647,-0.03899999999999994,0.08033185714285704,0.051246285714285786,-0.028116166666666706,-97042.85714285714,-38850.5,-136853.46666666667
2019-08-02,27.780001,27.799999,27.459999,27.790001,26.943068,4174010.0,1.000719870384454,0.9884808499466937,1.000359971189346,0.0799999999999983,-0.21329300000000018,308286.0,1.0045491901943382,1.005558193101145,1.0053377645342931,0.9932367778584872,0.9947430417366243,0.9931568156754597,1.0012444289947562,1.0020455979343288,0.9992935800620919,0.03285742857142842,0.04357149999999978,-0.03399993333333337,0.01939071428571434,0.05470892857142852,-0.024238066666666686,-182490.85714285713,-30628.214285714286,-142065.16666666666
2019-08-05,27.77,27.799999,27.225,27.309999,26.477694,4900534.0,1.0010802664746128,0.9803745048613612,0.9834353258912496,-0.010000999999999038,-0.4653740000000006,726524.0,1.003778867104938,1.0054766274789615,1.0051400204948542,0.9911009273672404,0.9936322285918008,0.99261950954952,0.998107512200396,1.0008888619530159,0.9985544209859096,-0.005714142857143096,0.05499999999999997,-0.025,-0.0900270000000002,0.022160571428571276,-0.04427496666666665,47945.142857142855,142213.35714285713,76859.5
2019-08-06,26.66,26.879999,26.370001,26.719999,25.905676,6451575.0,1.0082520255063767,0.9891223180795198,1.0022505251312828,-1.1099999999999994,-0.5720179999999999,1551041.0,1.004650728300896,1.0049765542177964,1.0052398953058888,0.9906726328562918,0.9929349680451744,0.9924671513991843,0.9991453430521428,1.0002258413960328,0.9987345541137925,-0.18000000000000022,-0.015714214285714383,-0.0626667,-0.14681357142857163,-0.03254835714285725,-0.05590919999999997,-18512.14285714286,93571.85714285714,43319.96666666667
2019-08-07,26.6,27.049999,26.51,26.93,26.109276,5787846.0,1.0169172556390977,0.9966165413533835,1.012406015037594,-0.05999999999999872,0.20360000000000156,-663729.0,1.006708927641492,1.006092950223974,1.0057450758476738,0.9915210442053068,0.9933502881176671,0.9926480034692079,1.001122512343915,1.0012696616649326,0.9994182300767609,-0.18428557142857116,-0.04142857142857131,-0.059333300000000005,-0.1274231428571428,-0.013157857142857157,-0.03942729999999995,116896.14285714286,154115.85714285713,-955.1
2019-08-08,26.65,26.9,26.52,26.809999,25.992931,7043287.0,1.0093808630393997,0.9951219512195122,1.0060037148217638,0.04999999999999716,-0.11634500000000259,1255441.0,1.0076915147843966,1.006054236183388,1.0057973557993658,0.9919989030532194,0.9930412297180088,0.992603774239025,1.0018269553823342,1.0012522339179186,0.9993579384211985,-0.1885712857142861,-0.03999992857142866,-0.05033333333333338,-0.16481928571428586,-0.039473571428571476,-0.05073846666666668,416396.4285714286,244217.35714285713,84770.83333333333
2019-08-09,26.93,27.08,26.82,27.0,26.177143,3574197.0,1.005569996286669,0.9959153360564427,1.0025993316004456,0.28000000000000114,0.18421200000000226,-3469090.0,1.0082320302545331,1.006165024330956,1.0056299138205975,0.9921299205401782,0.9932453211134963,0.9926794843580439,1.0026065975580933,1.0014379004608076,0.9995740566779364,-0.15142857142857125,-0.031428642857142766,-0.04633333333333335,-0.12603785714285717,-0.025623214285714267,-0.03910410000000001,-339797.85714285716,-22965.285714285714,-215259.36666666667
2019-08-12,26.969999,27.16,26.889999,27.16,26.332266,2551678.0,1.0070449020038896,0.9970337410839355,1.0070449020038896,0.03999900000000167,0.15512299999999968,-1022519.0,1.0069950256192142,1.0064466440257072,1.005829654998505,0.9918093203715498,0.9932680674787201,0.9930484453181516,1.0020142550965103,1.001862901281732,1.0000661955166625,-0.10428599999999985,-0.030714357142856943,-0.051000033333333285,-0.11772785714285712,-0.01869800000000004,-0.03619556666666668,-187720.85714285713,-142381.85714285713,-56265.76666666667
2019-08-13,27.1,27.200001,26.889999,27.01,26.186838,4044409.0,1.003690073800738,0.992250885608856,0.9966789667896679,0.13000100000000003,-0.145427999999999,1492731.0,1.007419340392969,1.0059842652936537,1.0058703831313884,0.9923478968947158,0.9927923373766016,0.9935541306648225,1.0014883973251276,1.0013664131599418,1.0005314229271904,-0.0971429999999996,-0.03214278571428559,-0.042000033333333305,-0.10803285714285694,-0.0443210714285713,-0.027792999999999898,-18514.428571428572,-100502.64285714286,-75743.46666666666
2019-08-14,27.1,27.18,26.82,27.030001,26.206228,3071737.0,1.0029520295202952,0.9896678966789667,0.9974170110701106,0.0,0.019389999999997798,-972672.0,1.0076867351137808,1.0057328011093594,1.005667941767655,0.9936755242972309,0.9923882258322356,0.9935105695685313,1.0034857809221078,1.0007966465612517,1.0003370200510064,-0.09571428571428545,-0.05071421428571427,-0.020000033333333295,-0.03878085714285717,-0.0644039285714287,-0.024561333333333362,-261256.7142857143,-106655.78571428571,-74767.53333333334
2019-08-15,26.5,26.700001,26.16,26.23,25.430609,7680824.0,1.0075472075471699,0.9871698113207548,0.989811320754717,-0.6000000000000014,-0.775618999999999,4609087.0,1.0075860468338942,1.0061183875673951,1.0055320558727994,0.9933965947602645,0.9920346138082781,0.9931425043876974,1.0017087517254555,1.0004270473887993,0.9997589603480365,-0.022857142857142878,-0.10142857142857155,-0.04866663333333333,-0.06786671428571418,-0.1073401428571429,-0.06237270000000012,175607.0,78547.42857142857,97217.13333333333
2019-08-16,26.18,26.440001,26.08,26.389999,25.585732,4948626.0,1.0099312834224599,0.9961802902979373,1.0080213521772345,-0.3200000000000003,0.15512299999999968,-2732198.0,1.0065880508029459,1.006648489222219,1.005815899833489,0.993334273180915,0.9924276586931109,0.9932393707014634,1.0010823713168329,1.0011024418303738,1.0001443328542394,-0.06000000000000024,-0.1221427857142857,-0.069,-0.07479200000000016,-0.10110757142857148,-0.05687876666666666,-119888.57142857143,-1496.2142857142858,15495.3
2019-08-19,26.51,26.790001,26.51,26.719999,25.905676,4729992.0,1.0105620897774423,1.0,1.0079215013202565,0.33000000000000185,0.31994399999999956,-218634.0,1.006756797479809,1.007224156132103,1.0060969227194982,0.9940311372924133,0.9930150201728163,0.9936419769773663,1.0013563408166175,1.001591648099476,1.000728099890551,-0.019999999999999574,-0.10428564285714284,-0.054666666666666565,-0.012464999999999853,-0.08864214285714286,-0.037488233333333315,-330470.71428571426,42962.857142857145,51679.46666666667
2019-08-20,26.700001,26.870001,26.559999,26.68,25.866896,4779599.0,1.0063670409600358,0.9947564795971356,0.9992508989044607,0.19000099999999875,-0.03877999999999915,49607.0,1.006870661004576,1.0075513456295544,1.0062008150602155,0.9938655863696552,0.9929977534549167,0.9936537837842123,1.0008779932886196,1.0017422954233564,1.0007031298540332,-0.032856999999999914,-0.09214278571428558,-0.032999999999999946,-0.044321000000000055,-0.08517942857142861,-0.03264063333333335,172200.2857142857,-83798.78571428571,27261.6
2019-08-21,26.49,26.549999,26.27,26.370001,25.566343,4550499.0,1.0022649679124198,0.9916949792374481,0.9954700264250661,-0.21000100000000188,-0.30055300000000074,-229100.0,1.0061878132772228,1.0065914194482186,1.0060000377143532,0.9931029061058713,0.9924561132387105,0.9936412128218569,0.9992244396345019,1.000619347365506,1.0008163937979317,-0.06857128571428614,-0.086428642857143,-0.04200000000000005,-0.10941757142857154,-0.11357271428571433,-0.03748823333333343,285545.85714285716,48912.5,-2603.5666666666666
2019-08-22,26.549999,26.67,26.379999,26.58,25.769941,3808648.0,1.0045198118463208,0.9935969865761578,1.0011299812101688,0.059999000000001246,0.2035979999999995,-741851.0,1.0063063472837348,1.006862843838352,1.0061142694523912,0.9932952062440572,0.9928215515693865,0.9937677923862955,0.9998602988374306,1.0006743480812792,1.0010119238276622,-0.07857157142857167,-0.08785728571428564,-0.03000006666666669,-0.059556714285714615,-0.08379478571428578,-0.02391499999999998,-33680.142857142855,-26097.285714285714,-112558.06666666667
2019-08-23,26.5,26.67,26.4,26.639999,25.828114000000003,3382810.0,1.0064150943396226,0.9962264150943396,1.0052829811320754,-0.04999899999999968,0.05817300000000358,-425838.0,1.006801070829353,1.007243902971567,1.0060961994163333,0.9942321374462534,0.9939538308717422,0.9937152382527955,1.0009840088462827,1.0022348948841953,1.0012368441452282,-0.08571428571428592,-0.09071428571428568,-0.026999966666666708,-0.05401628571428522,-0.04639857142857119,-0.020359966666666552,44439.0,-108408.85714285714,-34227.36666666667
2019-08-26,26.0,26.27,25.91,26.27,25.469391,5929913.0,1.0103846153846154,0.9965384615384616,1.0103846153846154,-0.5,-0.35872300000000124,2547103.0,1.007206414806131,1.0073962308200126,1.00635647422924,0.9955705160487829,0.9944835554045236,0.993955639430565,1.0039230509362682,1.002815901330862,1.00179156135784,-0.07142857142857142,-0.04714285714285715,-0.039000000000000055,0.005540285714285886,-0.031163214285714145,-0.02359173333333331,-250130.14285714287,-37261.57142857143,44236.933333333334
2019-08-27,26.290001,26.565001,26.24,26.379999,25.576036,5502780.0,1.0104602506481457,0.9980980982085166,1.0034232786830248,0.2900010000000002,0.10664499999999677,-427133.0,1.0072819815526575,1.0069350161778017,1.0066310764113386,0.9958444886074371,0.994589380894176,0.9940280464078859,1.0032661832942382,1.0021742773055355,1.0019180163262866,0.015714428571428636,-0.022142785714285802,-0.02366663333333333,-0.0013851428571431004,-0.03808857142857163,-0.01971366666666678,79164.85714285714,-20361.85714285714,86441.1
2019-08-28,26.16,26.280001,26.120001,26.24,25.440304,5071140.0,1.0045871941896023,0.998470986238532,1.003058103975535,-0.13000100000000003,-0.1357319999999973,-431640.0,1.006428425040109,1.006592611259959,1.0062755478455692,0.9956260580700845,0.9948285976812489,0.9940142804247607,1.0025714122449922,1.0019638765308048,1.0016355260278362,-0.050000000000000204,-0.034999999999999885,-0.023999966666666712,-0.06648171428571407,-0.03947335714285697,-0.030701633333333332,48735.42857142857,-140867.64285714287,-2347.633333333333
2019-08-29,26.26,26.43,26.17,26.32,25.517866,3918001.0,1.0064737242955064,0.9965727341964966,1.0022848438690022,0.10000000000000142,0.07756200000000035,-1153139.0,1.0064436655166047,1.0066571632605903,1.0064484149369988,0.9958855230128504,0.9948755546912527,0.9942066362200278,1.0030048329542125,1.0019414131214162,1.0017852697810363,-0.06285728571428553,-0.04785714285714272,-0.030666666666666606,-0.04986142857142844,-0.04709121428571424,-0.025854,-123085.42857142857,24557.428571428572,9592.566666666668
2019-08-30,26.57,26.84,26.48,26.74,25.925066,8009807.0,1.0101618366578848,0.9966127211140384,1.0063981934512607,0.3099999999999987,0.40719999999999956,4091806.0,1.0075717896230998,1.0068798014501614,1.0064563808386748,0.996588057566649,0.9948454818362601,0.9941121012966715,1.0045659996722403,1.001895219653371,1.0017902861200796,0.011428571428571692,-0.02857135714285722,-0.021333299999999986,0.05124614285714303,-0.029085714285714253,-0.020683166666666607,494186.85714285716,389866.35714285716,146185.43333333332
2019-09-02,26.65,26.780001,26.549999,26.709999,25.895979,2006984.0,1.00487808630394,0.996247617260788,1.0022513696060038,0.0799999999999983,-0.02908700000000053,-6002823.0,1.007622971688474,1.0069646594861044,1.0064850183081158,0.9969667190930247,0.995130962668541,0.9942184199880438,1.0047261980145026,1.0022932484259666,1.001865331773613,0.014285857142856986,-0.03214285714285735,-0.02400003333333333,0.018005428571428745,-0.020775642857142933,-0.021329633333333337,-257380.57142857142,-145530.35714285713,-62957.566666666666
2019-09-03,26.66,26.85,26.584999,26.68,25.866896,2873187.0,1.007126781695424,0.9971867591897975,1.0007501875468867,0.010000000000001563,-0.02908299999999997,866203.0,1.007724641310731,1.007262856070042,1.0066191701553842,0.9971039111066615,0.9956680242764574,0.9942341355620102,1.0040786560737611,1.002531332460022,1.001853841674811,0.022857142857142878,-0.03142857142857152,-0.024666666666666615,0.005540285714285379,-0.02423799999999992,-0.024238066666666686,-72803.28571428571,-14182.142857142857,-55727.9
2019-09-04,26.379999,26.59,26.27,26.58,25.769941,4667158.0,1.007960614403359,0.9958302121239655,1.007581539332128,-0.2800009999999986,-0.09695500000000123,1793971.0,1.007378355456266,1.0072923851311986,1.0065457447671797,0.9970027326188763,0.9962866243338296,0.9941314390648586,1.0036782166376916,1.0038006337869798,1.0019855663027244,0.05428557142857165,-0.00857149999999989,-0.03899999999999994,0.04293571428571395,0.02423799999999992,-0.03457973333333335,-180393.57142857142,-215261.85714285713,-26142.933333333334
2019-09-05,26.6,26.975,26.58,26.879999,26.060799,3864243.0,1.0140977443609023,0.9992481203007517,1.0105262781954887,0.2200009999999999,0.29085800000000006,-802915.0,1.0078979974152311,1.0075899894839444,1.0067999186425294,0.9971670214891957,0.9965057550483164,0.9942621944648806,1.0046929308537578,1.003979557073998,1.0021566507941817,0.044285571428571605,0.03000000000000012,-0.040333299999999996,0.06925185714285728,0.03393335714285709,-0.03490280000000005,-234076.7142857143,-77455.92857142857,-23355.833333333332
2019-09-06,26.9,27.155001,26.9,27.07,26.245008,3782169.0,1.009479591078067,1.0,1.0063197026022306,0.29999999999999716,0.18420899999999918,-82074.0,1.0085969112564404,1.0075126681482747,1.0070442717739758,0.9973854520265483,0.9965057550483164,0.9945248484763419,1.0051588735147143,1.0038651428798533,1.0025344505752876,0.1057142857142855,0.027857142857142643,-0.034000000000000107,0.11495771428571391,0.02423799999999992,-0.022945433333333418,-184138.7142857143,-67701.64285714286,-93299.7
2019-09-09,27.059999,27.33,26.92,27.200001,26.371048,3099121.0,1.0099778643746438,0.9948263486632059,1.0051737622015433,0.15999900000000267,0.1260399999999997,-683048.0,1.0090975026963174,1.007770584106461,1.0072932052446333,0.9971359683789353,0.9965107456958927,0.9946631380347728,1.0055715761336488,1.0042882045439308,1.002754714982166,0.11428557142857139,0.025714142857142925,-0.02766666666666661,0.1218831428571424,0.03601085714285698,-0.021006333333333415,-116982.85714285714,-120034.14285714286,-62348.4
2019-09-10,27.35,27.5,27.16,27.23,26.400133,3971208.0,1.0054844606946982,0.9930530164533821,0.9956124314442413,0.2900010000000002,0.029085000000002026,872087.0,1.0084293061301477,1.0080005478766236,1.0073925954998209,0.9966274391416986,0.9966077483541739,0.9947056739404149,1.004030752989789,1.0042983763310145,1.0025727089118799,0.11142857142857159,0.061428571428571645,-0.020666633333333333,0.06786671428571418,0.05955642857142861,-0.024884433333333313,-576942.7142857143,-41377.92857142857,-5243.466666666666
2019-09-11,27.389999,27.57,27.299999,27.459999,26.623123,5255508.0,1.0065717782611092,0.9967141291242837,1.0025556773477795,0.03999899999999812,0.22298999999999936,1284300.0,1.008671262124029,1.0081471169062515,1.0075521085086674,0.9966940836936267,0.9968304013933257,0.9947628711229666,1.0040742255243285,1.0044002117694153,1.0027531702778014,0.10571414285714299,0.05999999999999999,-0.020000033333333295,0.10387771428571416,0.06094157142857145,-0.014542833333333387,464074.85714285716,103347.14285714286,-23242.466666666667
2019-09-12,27.67,27.76,27.559999,27.59,26.749161,4720227.0,1.003252620166245,0.9960245392121431,0.9971087820744488,0.28000100000000216,0.1260380000000012,-535281.0,1.0081178104770034,1.0079212258938675,1.0071370646991715,0.9965280522682474,0.9968159816874544,0.9946544243545603,1.0035540247425516,1.0038163404081561,1.002283753039117,0.14428571428571452,0.0835714285714287,-0.001000033333333287,0.12603785714285717,0.06578907142857128,-0.01357333333333332,263862.85714285716,95529.78571428571,28483.433333333334
2019-09-13,27.75,27.85,27.6,27.85,27.001238,4384027.0,1.0036036036036036,0.9945945945945946,1.0036036036036036,0.0799999999999983,0.2520769999999999,-336200.0,1.0074953803627527,1.0074368679095094,1.0072331891398099,0.9963515354783373,0.9966771340486069,0.9948582158428236,1.0029857482099052,1.0033319824237983,1.0023918741195925,0.19571442857142834,0.125,-0.001000033333333287,0.17589957142857163,0.1094176428571428,0.0019390000000000167,-40447.28571428572,-110420.42857142857,7000.566666666667
2019-09-16,27.719999,27.76,27.5,27.6,26.758858,5067325.0,1.0014430375700951,0.9920635278522195,0.995671031589864,-0.030000999999998612,-0.2423800000000007,683298.0,1.005687565106923,1.0067927812610773,1.0072452815096593,0.9953251651285469,0.9962460933088713,0.9952478499425189,1.0008635701233872,1.0027782504885725,1.002799730976213,0.15999985714285714,0.10214271428571438,-0.0016666999999999396,0.09972271428571437,0.08448728571428583,0.009372133333333347,171868.85714285713,-31103.928571428572,5559.7
2019-09-17,27.51,27.75,27.51,27.75,26.904285,4750838.0,1.0087241003271536,1.0,1.0087241003271536,-0.20999899999999982,0.14542700000000153,-316487.0,1.0055796378567927,1.0070882745566165,1.0072610173370184,0.9953251651285469,0.9963553085775476,0.9956104393398683,1.001207055512662,1.003182964513688,1.0030155168160753,0.08714285714285756,0.09642857142857153,0.02833333333333338,0.094182428571429,0.10457007142857146,0.03328696666666673,138381.2857142857,-22878.714285714286,-56691.23333333333
2019-09-18,27.799999,27.84,27.559999,27.690001,26.846115,4855346.0,1.0014388849438447,0.9913669061642773,0.9960432372677424,0.2899989999999981,-0.0581700000000005,104508.0,1.0043597836523928,1.006728643174355,1.0067450716471766,0.9948309590572715,0.9959834637181034,0.9954354515002314,0.9999026948078333,1.002737135470741,1.0024700908904136,0.1057142857142855,0.10999992857142844,0.03999996666666661,0.06786671428571468,0.09487492857142854,0.024561299999999994,250889.2857142857,66953.21428571429,-31083.333333333332
2019-09-19,27.85,28.07,27.799999,27.83,26.981848,9796613.0,1.0078994614003591,0.998204631956912,0.9992818671454218,0.05000100000000174,0.13573299999999833,4941267.0,1.0047047837532015,1.0065670449416746,1.006695691592542,0.9955669041292043,0.9960971716354515,0.9955382075248113,1.000426899908002,1.0022288264488954,1.002246029301202,0.07142857142857142,0.09142857142857151,0.0400000000000001,0.08310214285714272,0.07548442857142845,0.032963900000000025,832200.7142857143,127629.0,91777.53333333334
2019-09-20,27.959999,28.0,27.815001,27.91,27.059408,7518047.0,1.0014306509810675,0.9948140913738945,0.9982117667457714,0.1099989999999984,0.07756000000000185,-2278566.0,1.00397033699891,1.0063207995614694,1.0065577134156887,0.995295470164863,0.9959947769292449,0.9955014993687265,0.9998063412505721,1.0019402833874502,1.0020997771393796,0.08142857142857148,0.09357135714285723,0.034333300000000004,0.062326428571428796,0.08310207142857148,0.029408833333333342,323219.85714285716,393647.35714285716,131461.66666666666
2019-09-23,27.99,28.059999,27.889999,27.93,27.0788,2713048.0,1.002500857449089,0.9964272597356199,0.9978563772775992,0.030000999999998612,0.019391999999999854,-4804999.0,1.0038629423250305,1.005990376401017,1.006406245263862,0.9953530016682169,0.995940526968232,0.9954812833237825,0.999913140565308,1.0017335826539298,1.0017934929818368,0.04571428571428525,0.09499999999999988,0.034000033333333235,0.047091285714285745,0.08656457142857146,0.02488446666666668,-286739.85714285716,-11438.5,5379.0
2019-09-24,27.99,28.35,27.959999,28.280001,27.418133,6335892.0,1.0128617363344052,0.9989281529117543,1.0103608788853162,0.0,0.3393329999999999,3622844.0,1.0051855327151449,1.0063404565389489,1.0067119673483176,0.995972081427811,0.9961618084530742,0.9957038589005458,1.0008784656055527,1.001932106907729,1.0022495567183582,0.034285714285714065,0.1150000714285712,0.029666666666666567,0.05955642857142861,0.11772800000000012,0.041043166666666644,278837.85714285716,119195.28571428571,76382.76666666666
2019-09-25,28.110001,28.57,28.059999,28.4,27.534475,6124908.0,1.016364247016569,0.9982212024823479,1.0103165773633376,0.12000100000000202,0.1163419999999995,-210984.0,1.0073171340646412,1.006502349585782,1.00715904126486,0.9968517492321151,0.996088457180331,0.9959889690939918,1.0029706864303345,1.001917128276861,1.0026795422614658,0.055714571428571294,0.10785721428571422,0.033666699999999966,0.11080242857142863,0.10526257142857151,0.044274900000000034,151083.2857142857,161476.07142857142,101772.36666666667
2019-09-26,28.41,28.5,28.25,28.4,27.534475,5522671.0,1.0031678986272439,0.994368180218233,0.9996480112636396,0.2999989999999997,0.0,-602237.0,1.006523390964654,1.0060515144107234,1.0070130643008626,0.9960472035490054,0.9956861843387763,0.9962289147239077,1.0016741022784041,1.0014405788955332,1.0030074319450966,0.12857142857142836,0.10785714285714297,0.06366666666666668,0.09002714285714271,0.09210478571428585,0.07012886666666666,110261.85714285714,124321.57142857143,-71938.43333333333
2019-09-27,28.48,28.68,28.459999,28.68,27.805943,7381369.0,1.0070224719101124,0.9992977176966292,1.0070224719101124,0.07000000000000028,0.2714679999999987,1858698.0,1.0073210462455495,1.005840414948971,1.0069161039171175,0.9971801766250559,0.9960055678411636,0.9963328289705309,1.003242564370171,1.0015726295890022,1.0029741359361926,0.0971430000000001,0.1014286428571428,0.07666666666666669,0.13711828571428544,0.10249250000000007,0.0740070333333333,360860.4285714286,305874.85714285716,81091.43333333333
2019-09-30,28.65,28.790001,28.5,28.52,27.65082,4883008.0,1.004886596858639,0.9947643979057592,0.9954624781849913,0.16999999999999815,-0.15512299999999968,-2498361.0,1.0068906370253037,1.0057977103892526,1.0067269208198242,0.9966887146177482,0.9961278093734763,0.9961583089007229,1.0026969373758239,1.001561918641913,1.002558835165017,0.11428571428571388,0.09285714285714265,0.07133333333333323,0.0955674285714286,0.08933478571428566,0.05817146666666666,-701943.5714285715,65128.57142857143,5100.533333333334
2019-10-01,28.450001,28.67,28.415001,28.49,27.621733000000003,4519383.0,1.0077328292536791,0.99876977157224,1.0014059401966278,-0.19999899999999826,-0.029086999999996976,-363625.0,1.0077909482071052,1.0058806426030076,1.0067724470962789,0.9972538117889406,0.9962746409769018,0.996292085299893,1.0031532478688034,1.0014797945596878,1.002630669874756,0.07000028571428578,0.07571442857142863,0.058333333333333334,0.08033214285714305,0.07132928571428591,0.058494566666666734,-428380.5714285714,-52580.357142857145,-8673.866666666667
2019-10-02,28.360001,28.370001,27.959999,28.049999,27.195141,5439446.0,1.0003526092964523,0.9858955576200438,0.9890690412881156,-0.08999999999999986,-0.42659200000000297,920063.0,1.0074840556138716,1.005673498969451,1.00670870180908,0.9957492829152867,0.9955511422917518,0.9960987712459795,1.00189791415602,1.0009055273606642,1.0024173037035244,0.052857285714286,0.04928578571428562,0.06233336666666674,0.01662014285714264,0.031855714285714196,0.05429326666666666,389485.4285714286,51372.78571428572,29631.566666666666
2019-10-03,27.549999,27.65,27.110001,27.299999,26.467999,9155289.0,1.0036298004947295,0.9840291101280983,0.9909255895072809,-0.8100020000000008,-0.7271420000000006,3715843.0,1.006165207636775,1.00567537017596,1.006679034764027,0.9936208482319074,0.9947964648298592,0.9957798420310442,0.9991214442448723,0.9999999549252124,1.0020771573134282,-0.06285728571428553,-0.014285785714285737,0.03333333333333333,-0.13573342857142887,-0.03808850000000013,0.023268599999999987,402771.0,340804.4285714286,178221.36666666667
2019-10-04,27.33,27.4,27.1,27.17,26.341961,4610752.0,1.0025612879619465,0.9915843395536043,0.9941456275155508,-0.2199990000000014,-0.12603799999999765,-4544537.0,1.0041933563432575,1.0057552452039493,1.0065505745514378,0.9926727249563726,0.9947622370942438,0.9956251061796862,0.9968113085523311,0.9998909974913329,1.0017059121928773,-0.11142871428571459,-0.02785707142857165,0.02766666666666661,-0.17035914285714274,-0.029778357142857054,0.01712823333333328,-216308.0,-32612.35714285714,40931.4
2019-10-07,27.450001,27.459999,27.200001,27.299999,26.467999,2513602.0,1.0003642258519407,0.9908925322079223,0.994535446465011,0.12000100000000202,0.12603799999999765,-2097150.0,1.0037928316610714,1.0051581113128627,1.006216561567015,0.9921762038120424,0.994111703680524,0.9954369085353351,0.9960809421525271,0.9988775222154657,1.0011776065622238,-0.13714271428571426,-0.004285642857142946,0.048333366666666676,-0.1523537142857145,-0.0311632857142859,0.03328693333333324,-429867.0,-159802.57142857142,-113877.03333333334
2019-10-08,27.49,27.530001,27.24,27.42,26.584343,4192232.0,1.001455110949436,0.9909057839214259,0.9974536194979994,0.03999899999999812,0.11634400000000156,1678630.0,1.0029974943809747,1.0051592703132621,1.005916390243725,0.9909773561298705,0.9940787663774632,0.9951971647257654,0.994713963236511,0.9989782638033411,1.000978617922723,-0.1414285714285717,-0.022142785714285802,0.03999996666666661,-0.17451428571428554,-0.01869800000000004,0.0336102333333334,-455591.0,-47365.28571428572,-43684.933333333334
2019-10-09,27.16,27.18,27.01,27.09,26.2644,4511412.0,1.0007363770250368,0.9944771723122239,0.9974226804123711,-0.3299999999999983,-0.3199430000000021,319180.0,1.0024046058333174,1.0046476214293105,1.0057880296715729,0.9909363239022226,0.9938125192599855,0.9950640375948884,0.9949939921261367,0.9988454647509802,1.0007907704706174,-0.21285714285714263,-0.04928571428571438,0.03333333333333333,-0.19806000000000015,-0.051246285714285786,0.027469866666666575,-53085.142857142855,-377514.35714285716,-18657.6
2019-10-10,27.1,27.23,27.0,27.18,26.351656,3070649.0,1.0047970479704798,0.9963099630996309,1.0029520295202952,-0.05999999999999872,0.087256,-1440763.0,1.001985208507146,1.0048880783571257,1.0057321404607387,0.99058492269185,0.9939193672403952,0.9950552785583261,0.9952148620295177,0.9991840549491606,1.0008130099923271,-0.19285728571428556,-0.061428499999999886,0.027999999999999994,-0.181439571428572,-0.050553714285714486,0.027792999999999898,-206962.0,-317671.28571428574,-28245.066666666666
2019-10-11,27.370001,27.530001,27.309999,27.49,26.652208,4771853.0,1.0058458163739197,0.9978077457870755,1.0043843257440874,0.27000099999999705,0.30055200000000326,1701204.0,1.0027699523753555,1.0051270039946136,1.0055882731179397,0.9922866638585688,0.9940179733869278,0.9950951127140942,0.9974027598089422,0.9996503369824811,1.0007458810687548,-0.1414285714285717,-0.04428564285714286,0.02666669999999994,-0.07756185714285684,-0.0304708571428571,0.024238066666666686,-95370.42857142857,147057.5,-107931.8
2019-10-14,27.66,27.879999,27.620001,27.67,26.826723,3712752.0,1.0079536876355748,0.9985539045553145,1.000361532899494,0.28999900000000167,0.17451499999999953,-1059101.0,1.0033876505383335,1.0047764290875543,1.0056907931623276,0.9943616344910282,0.9939912413614678,0.9951719889572449,0.9987507517221156,0.9989360979834939,1.000682886511871,0.015714428571428636,-0.023571428571428448,0.03366666666666672,0.051246285714286036,-0.042243571428571415,0.031024800000000022,-777505.2857142857,-187367.14285714287,56858.933333333334
2019-10-15,27.73,27.860001,27.690001,27.83,26.981848,2721378.0,1.0046880995311938,0.9985575549945906,1.00360620266859,0.07000000000000028,0.15512499999999818,-991374.0,1.0036914807625117,1.0039424185528847,1.0056095037568533,0.9953578081254548,0.9940152665409138,0.995217682150738,1.000102262458264,0.9984567855052975,1.000778087015928,0.057142857142857446,-0.027142928571428575,0.03566666666666667,0.0914124285714283,-0.03947335714285722,0.03716506666666663,-269910.5714285714,-243109.2857142857,-5060.3
2019-10-16,27.959999,28.25,27.940001,28.16,27.301790000000004,4592927.0,1.0103719960791129,0.9992847639229171,1.0071531118438166,0.2299989999999994,0.3199420000000046,1871549.0,1.0051211622235363,1.0044569969423038,1.005689883146045,0.9965566983704541,0.9943664510912482,0.9953328338773698,1.0019047860838077,0.9989928641181673,1.0007638060996509,0.07285685714285707,-0.03214292857142859,0.05266666666666661,0.11911300000000072,-0.016620357142856892,0.05106163333333349,297046.4285714286,-66410.28571428571,-2474.366666666667
2019-10-17,28.15,28.280001,27.889999,27.950001,27.09819,5168781.0,1.0046181527531084,0.990763730017762,0.9928952397868562,0.19000099999999875,-0.2036000000000051,575854.0,1.0055730253383466,1.0042852598596608,1.0053738967591184,0.9965364049556449,0.9937568805427578,0.9950500208679369,1.0012535889822158,0.9979837761093633,1.000176104819363,0.0942857142857143,-0.023571428571428705,0.05166666666666657,0.07340671428571406,-0.05055378571428574,0.034579699999999984,139507.0,-158042.0,43484.6
2019-10-18,27.85,27.889999,27.58,27.76,26.91398,3300194.0,1.0014362298025135,0.9903052064631955,0.9967684021543985,-0.29999999999999716,-0.1842100000000002,-1868587.0,1.0056730043065576,1.0040388050699376,1.0051057847166,0.9959404098343552,0.9934383668682889,0.9947268610833767,1.0011601206596483,0.9980770563928925,0.9998577281377687,0.09857142857142875,-0.05714285714285694,0.03166666666666676,0.0927971428571429,-0.05263142857142863,0.02229906666666667,-173031.14285714287,-113058.14285714286,-16065.833333333334
2019-10-21,27.65,27.75,27.52,27.709999,26.865503000000004,2988423.0,1.003616636528029,0.9952983725135625,1.002169945750452,-0.20000000000000284,-0.048476999999994774,-311771.0,1.0055043741004932,1.0037447913038196,1.0048937437883796,0.9957958968934882,0.9931904097926691,0.9947425952117219,1.0010483944068136,0.9981316282181657,0.9997576009227322,0.07857142857142817,-0.0571429285714287,0.019666699999999912,0.07340671428571507,-0.05401642857142847,0.016481833333333522,-11746.57142857143,-109354.28571428571,-3689.9333333333334
2019-10-22,27.860001,27.9,27.73,27.83,26.981848,3390569.0,1.001435714234181,0.9953337761904603,0.998923151510296,0.21000100000000188,0.11634499999999548,402146.0,1.0048743595091019,1.0038221559422287,1.004758785573029,0.9954424726654002,0.9938645682619845,0.9948186205362911,1.0002682266591292,0.9988354932340356,0.9998679582582675,0.07000000000000028,-0.03571428571428571,0.0170000333333333,0.04709142857142824,-0.015235214285714298,0.01939049999999997,-197326.2857142857,-146348.35714285713,-19354.633333333335
2019-10-23,27.9,27.93,27.700001,27.889999,27.040018,2469384.0,1.0010752688172044,0.992831577060932,0.999641541218638,0.03999899999999812,0.0581700000000005,-921185.0,1.0038917282493347,1.003639689393834,1.0045755685915654,0.99462499730906,0.9944933159000441,0.9946892021341794,1.000165370704721,0.9994580612134183,0.999770820387296,0.034285714285714065,0.02500007142857135,0.0170000333333333,0.030470714285714098,0.04085850000000007,0.013896500000000008,-177624.0,-477564.64285714284,-92870.8
2019-10-24,27.99,28.08,27.82,27.879999,27.030323,4105698.0,1.0032154340836013,0.993926402286531,0.9960699892818865,0.08999999999999986,-0.009695000000000675,1636314.0,1.0036813474711073,1.0036864141168094,1.0045743290554774,0.9939634040650515,0.9946606060952531,0.994619264236659,0.9990887687923349,0.9995955156252994,0.9997361939608774,0.03714285714285686,0.04714285714285715,0.010666666666666557,0.006924999999999975,0.049168714285714135,0.009372066666666613,197760.0,-36075.28571428572,-20484.3
2019-10-25,27.93,28.040001,27.889999,28.030001,27.175753000000004,4346294.0,1.0039384532760474,0.9985678123881131,1.0035804153240242,-0.05999999999999872,0.1454300000000046,240596.0,1.0027622699278123,1.003941716075674,1.0045854907112255,0.9938609824172222,0.9952088403938382,0.9947517048297763,0.9985783835752216,1.0002415848295148,0.9997354210182247,-0.004285571428571444,0.03428564285714281,0.005999999999999991,-0.01800528571428574,0.05055385714285749,0.00581716666666677,-35233.28571428572,130906.57142857143,-1257.7666666666667
2019-10-28,28.040001,28.07,27.940001,28.030001,27.175753000000004,2905878.0,1.0010698644411604,0.9964336663183428,0.9996433666318343,0.11000100000000046,0.0,-1440416.0,1.0022553715975338,1.0039141984679403,1.0045730516069278,0.9946709733173053,0.9956036891364751,0.9948973761119804,0.9995424016959328,1.0003979953390743,0.9998678321862903,-0.015714142857142628,0.039285785714285835,0.010666733333333293,0.011080428571429277,0.042243571428571665,0.013896500000000126,-323271.85714285716,-91882.42857142857,-72048.23333333334
2019-10-29,28.059999,28.1,27.870001,27.93,27.0788,3072469.0,1.0014255524385443,0.9932288664728747,0.9953671060358911,0.01999800000000107,-0.09695300000000273,166591.0,1.002253846259824,1.0039634252831908,1.0043297666773074,0.9950886390329737,0.9955145244336644,0.9946716716610762,0.9993422165361461,1.0002511685978972,0.9994225990432483,0.029999857142857116,0.06428564285714293,0.01833329999999999,0.02354571428571463,0.05817142857142876,0.005817166666666651,-32532.14285714286,-102781.64285714286,-55945.63333333333
2019-10-30,27.860001,27.93,27.51,27.639999,26.797636,4663705.0,1.0025125268301318,0.9874371504868217,0.9921033025088548,-0.1999980000000008,-0.2811640000000004,1591236.0,1.0020961163029816,1.0038002452017374,1.0043655547401837,0.9939656073148679,0.994880752104178,0.994540679805161,0.9979041246444893,0.9994762595256513,0.9992912678846188,0.030000142857143124,0.05428578571428565,0.0020000666666666928,-0.009695285714286175,0.031855714285714445,-0.0016159666666666795,239326.0,113789.71428571429,-6388.033333333334
2019-10-31,27.01,27.139999,26.58,26.74,25.925066,14236157.0,1.0048129951869678,0.9840799703813401,0.9900037023324694,-0.8500009999999989,-0.8725699999999996,9572452.0,1.0025785850105227,1.0037264722598123,1.0042626725330706,0.992357920770708,0.9939001967180542,0.9940698577526421,0.9966299176190854,0.9984490721391072,0.998981995724187,-0.12142871428571413,-0.02571435714285692,-0.027999999999999994,-0.1509688571428569,-0.05193871428571433,-0.03522606666666661,1549369.7142857143,676021.7142857143,147984.8
2019-11-01,26.48,26.5,26.049999,26.190001,25.391829,11845393.0,1.0007552870090635,0.9837612915407855,0.9890483761329304,-0.5300000000000011,-0.5332369999999997,-2390764.0,1.0025328733236452,1.00321230078649,1.0042401604006705,0.9910621656964013,0.9928435815027307,0.9937014310915384,0.9951166083211272,0.9976409895129242,0.9986765493704256,-0.2028571428571426,-0.08428571428571427,-0.04933329999999998,-0.23545557142857124,-0.10249242857142857,-0.05558596666666667,1339429.857142857,580902.9285714285,144244.86666666667
2019-11-04,26.200001,26.24,25.950001,25.950001,25.159143,11251279.0,1.0015266793310427,0.9904580156313735,0.9904580156313735,-0.2799990000000001,-0.23268600000000106,-594114.0,1.0022916226447083,1.0029864850579078,1.0042076877967356,0.9905666818885217,0.9922650429767865,0.9935024562880634,0.9943148977996253,0.9967018332959802,0.9984299373155514,-0.2557141428571426,-0.10928564285714286,-0.05966663333333327,-0.2673114285714284,-0.13019321428571423,-0.06398856666666669,1020797.2857142857,609278.6428571428,284607.7
2019-11-05,26.02,26.16,26.01,26.040001,25.246401,6707022.0,1.005380476556495,0.9996156802459647,1.0007686779400462,-0.18000100000000074,0.0872579999999985,-4544257.0,1.0024976259704865,1.0026299479491494,1.0039583124708051,0.9907163772967861,0.9922886798570042,0.9935253738658705,0.9939132210304857,0.9962458023028536,0.9981101972840424,-0.27285714285714285,-0.13857135714285715,-0.06566666666666662,-0.275621714285715,-0.14681350000000037,-0.07239106666666674,337246.85714285716,151006.7857142857,12371.0
2019-11-06,26.040001,26.16,26.0,26.0,25.207619,8981546.0,1.0046082563514493,0.9984638633462418,0.9984638633462418,0.0200010000000006,-0.03878199999999765,2274524.0,1.003003110529099,1.0026292410633164,1.003566446115301,0.9910064054436288,0.9928386893804672,0.9935334625613337,0.9937447205611153,0.996643561128524,0.9977151068168059,-0.2857142857142857,-0.15071421428571416,-0.069,-0.2811620000000004,-0.13504078571428554,-0.07756186666666665,867952.5714285715,272340.35714285716,95221.26666666666
2019-11-07,26.01,26.23,25.969999,26.110001,25.314266,9715457.0,1.0084582852748942,0.9984620915032679,1.0038447135717032,-0.030000999999998612,0.10664699999999883,733911.0,1.0040077866485777,1.003130816454201,1.0037427923368896,0.9917540090193994,0.9934213240261865,0.9936699262708348,0.9949558073519456,0.9971490119440458,0.9978549968937414,-0.292857,-0.13142857142857142,-0.07999999999999995,-0.25207628571428586,-0.11426528571428562,-0.07400696666666669,948998.2857142857,458233.0714285714,139759.53333333333
2019-11-08,26.25,26.290001,26.16,26.25,25.449999,8996951.0,1.0015238476190476,0.9965714285714286,1.0,0.23999999999999844,0.13573299999999833,-718506.0,1.00386654676128,1.0029813315321308,1.0035595048605208,0.9930589058886289,0.9935122566017484,0.9935790499666614,0.9960839069935378,0.9969940158190135,0.9976209144967376,-0.23000014285714293,-0.0999999999999999,-0.07433333333333335,-0.19251957142857176,-0.10110742857142897,-0.0785314666666667,619035.1428571428,429180.5714285714,53852.73333333333
2019-11-11,25.459999,25.65,25.43,25.58,25.58,10137172.0,1.0074627261375775,0.9988217202993606,1.004713315189054,-0.7900010000000002,0.13000100000000003,1140221.0,1.0042450797542244,1.0034118323823733,1.0036453758364854,0.9951648701626318,0.9937613954666699,0.9937142940464482,0.9981852802587642,0.9974075989389248,0.9979292757302064,-0.22142871428571453,-0.17142871428571432,-0.10633336666666662,-0.04929514285714325,-0.10013200000000008,-0.06902733333333337,-585569.2857142857,481900.21428571426,175138.8
2019-11-12,25.610001,25.74,25.25,25.34,25.34,8172561.0,1.0050761028865247,0.985942952520775,0.9894572046287698,0.15000200000000063,-0.23999999999999844,-1964611.0,1.0048623391652902,1.0036976062444676,1.0035568182909134,0.995476536016916,0.9932693508566587,0.9932867334113994,0.9982436843295984,0.9966801463253627,0.997530984544611,-0.12428557142857143,-0.163571357142857,-0.09466666666666666,-0.007404142857143066,-0.12142985714285714,-0.07605776666666676,-524690.2857142857,407369.78571428574,121772.6
2019-11-13,25.4,25.49,25.200001,25.200001,25.200001,10195802.0,1.0035433070866142,0.9921260236220473,0.9921260236220473,-0.21000100000000188,-0.13999899999999954,2023241.0,1.0051504288446576,1.003721025744683,1.003663174883919,0.9957148228727265,0.993140752380624,0.9934944156114661,0.9984819711854088,0.9963984344925171,0.9976328839557421,-0.1142858571428574,-0.185,-0.09866670000000007,0.0058368571428571514,-0.13073728571428564,-0.06650466666666664,-150782.42857142858,435007.4285714286,158545.2
2019-11-14,25.190001,25.42,25.049999,25.32,25.32,7682531.0,1.0091305673231217,0.9944421598077745,1.005160738183377,-0.20999899999999982,0.11999899999999997,-2513271.0,1.0056861560970327,1.0040918910337597,1.0038465337781988,0.9949757485244136,0.9928460629105998,0.9938415172674553,0.9991094083630275,0.9965113146967566,0.998107388911612,-0.11857128571428584,-0.19571421428571437,-0.07866660000000003,0.010514142857143074,-0.13255378571428597,-0.038266633333333286,139358.42857142858,238302.64285714287,-49091.933333333334
2019-11-15,25.389999,25.459999,25.25,25.41,25.41,4839464.0,1.0027569910499012,0.9944860572857841,1.0007877511141297,0.1999980000000008,0.08999999999999986,-2843067.0,1.005421689625383,1.004212400077241,1.003853057214464,0.9944074905157769,0.9927069479797028,0.9939382411918614,0.9994413923298687,0.996593056445492,0.9983287930315646,-0.09285742857142866,-0.1892858571428572,-0.06466669999999995,0.02891157142857129,-0.12612521428571455,-0.031065366666666705,-591726.0,138113.2857142857,7623.733333333334
2019-11-18,25.5,25.540001,25.219999,25.299999,25.299999,4332041.0,1.0015686666666668,0.989019568627451,0.9921568235294117,0.11000100000000046,-0.11000100000000046,-507423.0,1.0044374583956361,1.004222622522107,1.0038932052416214,0.9930585586763744,0.992406283847887,0.9938758090725124,0.9977716937523985,0.9963637505521721,0.9982495056003781,-0.07285714285714308,-0.18285707142857152,-0.06500003333333335,-0.0020381428571428933,-0.1270572142857144,-0.038933333333333306,-769059.4285714285,89969.42857142857,60614.63333333333
2019-11-19,25.299999,25.42,25.200001,25.42,25.42,6036835.0,1.0047431227171195,0.9960475097251981,1.0047431227171195,-0.20000100000000032,0.12000100000000202,1704794.0,1.0048973548382178,1.0043819507997491,1.0040028056338774,0.9929837131269128,0.9930213095077709,0.994047199932638,0.998449282711987,0.9972665948527624,0.9984924890410153,-0.13571442857142862,-0.18285728571428578,-0.0730000333333333,-0.004285571428570937,-0.09840257142857135,-0.03881143333333329,-422873.71428571426,98080.71428571429,61486.76666666667
2019-11-20,25.25,25.290001,24.870001,24.9,24.9,8128204.0,1.001584198019802,0.9849505346534653,0.9861386138613861,-0.04999899999999968,-0.5200000000000031,2091369.0,1.004057565107107,1.0041513224306657,1.004031066333703,0.9910021151774994,0.9930834926700655,0.9937296453440128,0.9957957539508915,0.9969905171048278,0.9981163534893158,-0.029999857142857116,-0.12571428571428583,-0.06366666666666668,-0.0971428571428571,-0.07321900000000017,-0.04547999999999999,-286995.4285714286,-436282.35714285716,120559.73333333334
2019-11-21,24.790001,25.0,24.66,24.809999,24.809999,9329722.0,1.0084711170443277,0.9947559098525248,1.000806696215946,-0.4599989999999998,-0.09000099999999733,1201518.0,1.0045425671296504,1.0047024531474702,1.0041535353028312,0.992261109082035,0.9938688225494755,0.9936778435691093,0.9974171098919167,0.9978303971107574,0.9980448423791709,-0.11714285714285719,-0.1207142142857143,-0.07699996666666671,-0.07571442857142838,-0.04155928571428572,-0.05138856666666657,165308.7142857143,-179690.7857142857,208635.76666666666
2019-11-22,24.75,24.879999,24.559999,24.860001,24.860001,7850045.0,1.005252484848485,0.9923231919191919,1.0044444848484848,-0.040001000000000175,0.050001999999999214,-1479677.0,1.0047867353813462,1.0049685821130019,1.0041337575853169,0.9922892759816272,0.9940020494271768,0.9934950251068463,0.999176890067122,0.9988294306262656,0.9980468476826508,-0.09285714285714265,-0.10357150000000002,-0.08733336666666662,-0.04857142857142855,-0.0213672857142857,-0.05974023333333337,-335108.14285714284,-242945.2857142857,102606.4
2019-11-25,24.92,25.09,24.780001,24.83,24.83,5226110.0,1.0068218298555376,0.9943820626003209,0.9963884430176564,0.1700000000000017,-0.030001000000002165,-2623935.0,1.00445691574312,1.0050715359200764,1.0040960289926488,0.9922806906662766,0.9936282195953451,0.9933559637083467,0.9979237050434477,0.9985165567032377,0.9979144113532562,-0.038571571428571004,-0.07857142857142842,-0.09133333333333328,-0.07000000000000028,-0.029742928571428604,-0.06655743333333343,-350917.28571428574,-105779.42857142857,50445.26666666667
2019-11-26,24.99,24.99,24.745001,24.940001,24.940001,8318168.0,1.0,0.990196118447379,0.9979992396958783,0.06999999999999673,0.11000100000000046,3092058.0,1.0040630598788485,1.0047423747521156,1.0039397590082757,0.9916678422607902,0.9930376663882835,0.993077249156773,0.9975253462694118,0.9984833692996402,0.997727512587499,-0.05714271428571444,-0.07500007142857155,-0.0913333333333334,-0.06714271428571449,-0.019115571428571596,-0.06806156666666668,496957.71428571426,-47384.142857142855,186559.66666666666
2019-11-27,25.0,25.059999,24.860001,25.059999,25.059999,6687302.0,1.00239996,0.99440004,1.00239996,0.010000000000001563,0.11999800000000249,-1630866.0,1.0041818160693246,1.0043096372324805,1.0036740244723052,0.9924364810282972,0.9927475198523358,0.992914425026009,0.9989886514794959,0.9983801726159471,0.9975690741927052,-0.07142857142857142,-0.07214285714285726,-0.09866663333333332,-0.034285714285714065,-0.018161928571428478,-0.07472636666666675,336465.85714285716,-216296.7857142857,69812.5
2019-11-28,25.18,25.190001,24.870001,24.870001,24.870001,5636223.0,1.0003971803018268,0.9876886814932485,0.9876886814932485,0.17999999999999972,-0.18999800000000278,-1051079.0,1.0035609671528543,1.004229160995536,1.003533325390596,0.9912423627094472,0.9921130379181802,0.9928119234085252,0.9965523027332287,0.9975007927226078,0.997395522249585,-0.017142714285714282,-0.07642857142857144,-0.09899999999999996,-0.07857128571428618,-0.041428428571428554,-0.07427296666666668,-57230.28571428572,-240052.0,15581.4
2019-11-29,25.0,25.040001,24.84,24.84,24.84,6081727.0,1.00160004,0.9936,0.9936,-0.17999999999999972,-0.030000999999998612,445504.0,1.0035632302928825,1.0038103976999948,1.003538785730512,0.992478000616095,0.9917400578967971,0.9929217498597521,0.9976182150387449,0.9967069844948181,0.9972899088444382,-0.03571428571428571,-0.032857071428571416,-0.09500000000000004,-0.008571428571428388,-0.05285714285714275,-0.06913266666666663,-292353.85714285716,-289674.64285714284,92717.76666666666
2019-12-02,25.0,25.200001,24.82,24.99,24.99,9471254.0,1.00800004,0.9928,0.9995999999999999,0.0,0.14999999999999858,3389527.0,1.0034959335722642,1.0040192503509573,1.0036848991795777,0.9921985849228773,0.9922298470024561,0.9928384707759667,0.9974458298650383,0.9974314698784775,0.99720424398609,0.029999857142857116,-0.043571500000000034,-0.08833333333333329,0.02571442857142817,-0.025000000000000102,-0.06251676666666685,20218.85714285714,92763.78571428571,216094.36666666667
2019-12-03,24.809999,24.85,24.575001,24.719999,24.719999,8881409.0,1.0016122934950542,0.9905280931289033,0.99637243032537,-0.19000099999999875,-0.27000099999999705,-589845.0,1.0029759062360597,1.003881320808703,1.0036907851549404,0.9919421422385503,0.9921157091100887,0.9926782813405814,0.996292679218879,0.9977347846430006,0.9971192199465924,0.008571285714285892,-0.04214292857142838,-0.1016667333333333,-0.02000028571428558,-0.03428585714285707,-0.0753949666666666,147337.7142857143,-93885.21428571429,183028.0
2019-12-04,24.25,24.41,24.09,24.190001,24.190001,9806709.0,1.00659793814433,0.9934020618556701,0.9975258144329896,-0.5599990000000012,-0.5299980000000026,925300.0,1.0029439217058873,1.0037004187245036,1.0038748741325112,0.9918021421321717,0.992041416399224,0.992697297500406,0.9964551608496409,0.9971894329465443,0.9970486957204041,-0.09571428571428596,-0.06714292857142848,-0.12166666666666662,-0.09142842857142851,-0.08071421428571439,-0.0950005666666667,654371.2857142857,151727.0,244577.5
2019-12-05,24.68,24.85,24.639999,24.700001,24.700001,8240303.0,1.0068881685575366,0.9983792139384117,1.0008104132901134,0.4299999999999997,0.5100000000000016,-1566406.0,1.0039279457855355,1.0039955028321919,1.0039972986149757,0.9929711557737476,0.9923194990172689,0.9928457245554687,0.9968567570773887,0.9971910516734004,0.9972067098540117,-0.0442857142857141,-0.05071421428571427,-0.1103333333333333,-0.034285714285714065,-0.05071421428571427,-0.07767739999999997,-11123.57142857143,242917.07142857142,137820.16666666666
2019-12-06,24.700001,24.790001,24.52,24.59,24.59,4160974.0,1.003643724548837,0.9927125104164976,0.9955465183989264,0.0200010000000006,-0.11000100000000046,-4079329.0,1.0041056264353692,1.004143721252347,1.0039874743240687,0.9927300801189615,0.9925832805736293,0.9926505478230816,0.9958776939915212,0.9974331727355085,0.9969389132898417,-0.04285699999999996,-0.057142785714285695,-0.10766663333333332,-0.06714271428571449,-0.05071421428571427,-0.0861917666666668,-360904.0,-12219.07142857143,-6177.333333333333
2019-12-09,24.610001,24.73,24.5,24.58,24.58,3933613.0,1.0048760258075569,0.9955302317947894,0.9987809427557519,-0.08999999999999986,-0.010000000000001563,-227361.0,1.0047454615076163,1.0041532143302352,1.0041143463696152,0.9938503015906104,0.9925463321500286,0.9926204333389631,0.9974623027433073,0.997007302738268,0.9969101658273057,-0.08142842857142847,-0.04928557142857137,-0.11433333333333333,-0.04142871428571431,-0.06000000000000024,-0.08652510000000019,-243230.0,-150230.14285714287,34257.833333333336
2019-12-10,24.6,24.65,24.370001,24.42,24.42,3702266.0,1.0020325203252032,0.9906504471544715,0.9926829268292683,-0.010000999999999038,-0.1599999999999966,-231347.0,1.0048072444112168,1.0041852373520497,1.0041345786325038,0.9934289368983918,0.9929534687572436,0.9925344860283496,0.9973312922903457,0.9974747536645453,0.9968206931870849,-0.05714285714285694,-0.046428571428571326,-0.1153333,-0.059999999999999734,-0.034285714285714065,-0.08862666666666665,-339923.0,-316138.4285714286,20993.233333333334
2019-12-11,24.42,24.59,24.35,24.530001,24.530001,5859595.0,1.006961506961507,0.9971334971334971,1.0045045454545454,-0.17999999999999972,0.1100009999999969,2157329.0,1.004658882548575,1.0040774080604196,1.0042828779702162,0.9940480079174628,0.99312329642017,0.9928576975832387,0.998031941640995,0.9977388857530167,0.9972340679519412,-0.08285714285714262,-0.026428642857142748,-0.11466669999999995,-0.06571414285714283,-0.01999985714285733,-0.0755878333333334,-515951.28571428574,-247866.2142857143,39863.0
2019-12-12,24.33,24.450001,24.16,24.219999,24.219999,7724501.0,1.004932223592273,0.9930127414714345,0.9954787916152898,-0.09000000000000341,-0.3100019999999972,1864906.0,1.005133158276749,1.0040545322564045,1.0042868522503932,0.9944029576806817,0.9931725499596159,0.9931554566195754,0.9979042789681263,0.9970984790935027,0.9974165709280353,-0.06857128571428614,-0.03000000000000012,-0.08933333333333345,-0.07142857142857142,-0.0457144285714285,-0.056835566666666656,-165272.57142857142,-8967.42857142857,-217055.2
2019-12-13,24.370001,24.870001,24.34,24.709999,24.709999,7204353.0,1.0205170282922844,0.9987689372684064,1.0139514971706403,0.040001000000000175,0.48999999999999844,-520148.0,1.0071215997264569,1.005032760716172,1.0049455769598339,0.9951696541682153,0.9934858981501934,0.9936557114771626,1.000250805073505,0.998352982961573,0.9982466749626256,0.01714299999999978,-0.03928564285714309,-0.07033330000000007,0.07428542857142872,-0.00857149999999989,-0.022727666666666715,-371765.14285714284,141303.07142857142,-154701.33333333334
2019-12-16,24.780001,25.16,24.76,25.049999,25.049999,5439561.0,1.0153349065643702,0.9991928571754296,1.010895802627288,0.41000000000000014,0.33999999999999986,-1764792.0,1.008328276584576,1.0061281111850557,1.0054058512009447,0.9952858889163608,0.9941285223450542,0.9939468728619646,1.0016915749788158,0.9992741660281022,0.9989279345291561,0.014285857142856986,-0.014999928571428558,-0.04733333333333339,0.049999714285714196,0.007857000000000067,-0.0036381333333333527,-400106.0,-205614.7857142857,-193723.93333333332
2019-12-17,25.0,25.16,24.870001,25.08,25.08,4520010.0,1.0064,0.9948000399999999,1.0031999999999999,0.2199990000000014,0.030000999999998612,-919551.0,1.0087220302204565,1.0064138283279127,1.0054398353157283,0.9955841074282896,0.9941570937736257,0.9937863515204324,1.0027849294932547,0.9993313117423879,0.9990089785978212,0.04285699999999996,0.0,-0.03399999999999999,0.06999999999999977,0.0014286428571426463,-0.0055467000000000155,51290.857142857145,-154806.57142857142,-72900.4
2019-12-18,24.879999,25.110001,24.83,25.030001,25.030001,5581929.0,1.0092444537477674,0.9979903938099032,1.0060290195349284,-0.12000099999999847,-0.04999899999999968,1061919.0,1.009346091354772,1.0070457764311942,1.005594375228939,0.9959355591447345,0.9948929303676725,0.9937705692025544,1.003820369033137,1.0006413358882222,0.9992611504707775,0.03857114285714301,-0.021428642857142726,-0.038666733333333286,0.06428585714285719,0.011428571428571439,-0.005920600000000083,235473.7142857143,-3878.1428571428573,-113320.56666666667
2019-12-19,25.200001,25.200001,24.85,24.889999,24.889999,11883356.0,1.0,0.9861110719797194,0.9876983338214946,0.3200019999999988,-0.14000199999999907,6301427.0,1.0090557313083146,1.0069314878597657,1.0053124323864424,0.9952870769769129,0.9943580069376524,0.9933588685517695,1.0031082843177408,1.0002197883040433,0.998722937812437,0.08571442857142841,0.014285785714285737,-0.026999966666666708,0.06714271428571397,0.00357135714285712,-0.014142233333333346,1168727.142857143,414402.0714285714,72263.3
2019-12-20,24.91,24.959999,24.76,24.799999,24.799999,11314751.0,1.0020071858691288,0.9939783219590527,0.9955840626254516,-0.2900010000000002,-0.08999999999999986,-568605.0,1.0083479711522605,1.0065034268504178,1.0053285436614452,0.994836337666278,0.9944421727918705,0.9932724316646903,1.0018339296278704,0.9999329356344326,0.9985757398999522,0.06999999999999977,-0.006428571428571418,-0.04466666666666666,0.03857114285714301,-0.013571499999999912,-0.02166666666666662,779308.0,131678.35714285713,77260.0
2019-12-23,24.68,24.84,24.66,24.73,24.73,2454478.0,1.006482982171799,0.9991896272285251,1.0020259319286873,-0.23000000000000043,-0.06999899999999926,-8860273.0,1.0085695080921928,1.006851333184471,1.0052958855292524,0.9957187499172909,0.9950608537989863,0.9932846952289957,1.002769235386927,1.0003367571775268,0.9984861604579399,0.050000000000000204,-0.009285642857142966,-0.02599996666666667,0.07285728571428558,0.0007143571428570741,-0.028333333333333263,-752860.4285714285,-459066.5,-256089.8
2019-12-24,24.73,24.785,24.610001,24.73,24.73,1830617.0,1.002224019409624,0.9951476344520825,1.0,0.05000000000000071,0.0,-623861.0,1.0059562211089557,1.0065389104177063,1.0052008160800225,0.9952014209435304,0.9951855375558729,0.9935915179600393,1.0007761643625501,1.0005134847180275,0.9988375869703143,0.051428428571428854,0.034285714285714315,-0.02933336666666667,0.0028572857142858004,0.03857135714285726,-0.020333333333333314,-767676.5714285715,-569720.8571428572,-211398.13333333333
2019-12-27,24.709999,24.82,24.690001,24.780001,24.780001,2296788.0,1.004451679662148,0.999190691994767,1.0028329422433404,-0.0200010000000006,0.050000999999998186,466171.0,1.0044014744086383,1.006364875496607,1.0052310951658736,0.9952011116320071,0.995243500274184,0.9938270069057966,0.9996243271648432,1.0006579510718294,0.9991944842576908,-0.010000285714285542,0.002142785714285722,-0.02300003333333329,-0.03857114285714301,0.005714285714285593,-0.014000000000000058,-448967.5714285714,-424536.78571428574,-263300.4666666667
2019-12-30,24.780001,24.860001,24.58,24.799999,24.799999,1897980.0,1.0032284098777882,0.9919289349504061,1.0008070217592002,0.07000199999999879,0.01999800000000107,-398808.0,1.003948390105465,1.0063352101629606,1.0050343565843625,0.9947909537677795,0.9951875305980346,0.9937432327438843,0.9992824731304432,1.001033701311849,0.9990493603768849,-0.03142842857142877,0.005714285714285593,-0.01366666666666667,-0.04000014285714266,0.014999928571428558,-0.017333366666666686,-374575.71428571426,-161642.42857142858,-192818.36666666667
2019-12-31,24.67,24.75,24.43,24.629999,24.629999,3259787.0,1.0032428050263478,0.9902715849209566,0.9983785569517633,-0.1100009999999969,-0.16999999999999815,1361807.0,1.003091011716691,1.0062185515357316,1.0050505503835774,0.9936882667836441,0.9948119129641894,0.9936027503317234,0.9981895499042768,1.001004959468707,0.9989690539048061,-0.029999857142857116,0.004285642857142946,-0.023999966666666595,-0.05714314285714244,0.0035713571428573738,-0.026000033333333287,-331734.5714285714,-48130.42857142857,-52655.9
2020-01-02,24.440001,24.6,24.42,24.549999,24.549999,2804051.0,1.0065466036601227,0.9991816285113901,1.0045007363133904,-0.22999900000000295,-0.08000000000000185,-455736.0,1.0040262408109941,1.0065409860596544,1.0052164816166926,0.9955554891453114,0.9954212830611121,0.993941485661188,1.0005898931174049,1.0018490887175728,0.9993805176642719,-0.10857142857142879,-0.01142850000000019,-0.03533330000000004,-0.04857142857142855,0.009285642857142713,-0.025,-1297043.5714285714,-64158.21428571428,-50933.0
2020-01-03,24.709999,24.940001,24.690001,24.73,24.73,3403316.0,1.00930805379636,0.999190691994767,1.0008094294135748,0.26999800000000107,0.18000100000000074,599265.0,1.0050692219434558,1.0067085965478582,1.0053686459860005,0.9963001134361278,0.995568225551203,0.994046258403507,1.0013363740871366,1.0015851518575034,0.9992493945541537,-0.028571571428571474,0.020714214285714152,-0.019666666666666662,-0.009999857142857036,0.014285642857142986,-0.02300000000000004,-1130205.0,-175448.5,-87783.96666666666
2020-01-06,24.6,24.690001,24.41,24.629999,24.629999,3567678.0,1.0036585772357722,0.9922764227642276,1.0012194715447154,-0.1099989999999984,-0.1000009999999989,164362.0,1.0046657355240234,1.006617621808108,1.0054377919598663,0.995312512798371,0.995515631357831,0.9942904546738658,1.001221165460855,1.001995200423891,0.9997520898102648,-0.011428571428571186,0.01928571428571451,-0.02166666666666662,-0.014285857142856986,0.029285714285714297,-0.009000033333333235,159028.57142857142,-296915.9285714286,-152017.53333333333
2020-01-07,24.799999,25.030001,24.77,24.950001,24.950001,4023426.0,1.009274274567511,0.9987903628544501,1.0060484679858253,0.19999899999999826,0.3200019999999988,455748.0,1.0056729148322927,1.0058145679706243,1.0054645638773057,0.9958329025701378,0.9955171617568341,0.9944249364405966,1.002085232315973,1.0014306983392613,0.9999268155359274,0.009999857142857036,0.030714142857142943,0.00033326666666665025,0.03142871428571427,0.017143000000000037,0.004666733333333302,313258.4285714286,-227209.07142857142,-176876.53333333333
2020-01-08,24.950001,25.0,24.57,24.860001,24.860001,4999690.0,1.0020039678555523,0.9847694996084368,0.99639278571572,0.15000200000000063,-0.08999999999999986,976264.0,1.0053232417170648,1.0048623580628515,1.0053562799775413,0.9937727322292336,0.9944869219306203,0.9941731466969048,1.0011652099548842,1.0003947685598638,0.9996584255648352,0.03428600000000007,0.012142857142857264,0.006666700000000011,0.011428571428571692,-0.013571285714285659,0.0,386128.85714285716,-31419.35714285714,-95011.83333333333
2020-01-09,25.0,25.129999,24.83,24.889999,24.889999,6149710.0,1.0051999600000001,0.9932,0.99559996,0.04999899999999968,0.02999799999999908,1150020.0,1.0056048917345237,1.0047766409199943,1.0053022176490234,0.993954312950604,0.9943726333591918,0.9941337446102274,1.0004213439892842,0.9998519085598637,0.99963214279758,0.03142842857142877,0.0,0.0026666666666666098,0.012857142857142836,-0.013571499999999912,0.001999966666666708,607390.0,116407.14285714286,30786.666666666668
2020-01-10,25.09,25.17,25.0,25.120001,25.120001,3465876.0,1.0031885213232363,0.9964129135113591,1.00119573535273,0.08999999999999986,0.23000199999999893,-2683834.0,1.0055971369197934,1.0043440743182421,1.0054085016931313,0.9948316456063758,0.99425995619501,0.9943409711123601,1.000823798046565,0.9995066739754208,0.9997386926528085,0.059999999999999734,0.015000071428571309,0.003333333333333381,0.07000028571428528,0.006428571428571418,0.005999999999999991,29441.285714285714,-151146.64285714287,-161743.06666666668
2020-01-13,25.040001,25.120001,24.879999,25.01,25.01,2820451.0,1.0031948880513224,0.993610144025154,0.9988018770446535,-0.04999899999999968,-0.1100009999999969,-645425.0,1.0051183204042506,1.0045722806076223,1.0054349992948421,0.9940357192511993,0.9947956041982554,0.9943146412465319,1.0000096752938883,1.0002997842056467,0.9996187565542969,0.08571428571428592,-0.011428571428571439,0.0013333666666666725,0.06571442857142884,0.008571500000000145,-0.0016666333333333228,2342.8571428571427,-647350.3571428572,-128895.03333333334
2020-01-14,25.120001,25.23,25.08,25.200001,25.200001,4063238.0,1.0043789409084818,0.9984076035665763,1.0031847132490164,0.0799999999999983,0.19000099999999875,1242787.0,1.0044141614202682,1.004741691681862,1.0055677246483972,0.9939238494757434,0.9951119814559356,0.9946719386489761,1.0003490015560943,1.0008426878216155,1.0001352909461558,0.058571714285714095,0.015000071428571309,-0.001999966666666708,0.06714299999999998,0.028571571428571474,0.011000000000000062,94274.57142857143,-517965.21428571426,-52432.833333333336
2020-01-15,25.209999,25.290001,25.18,25.25,25.25,4679739.0,1.0031734233706238,0.9988100356529169,1.0015867116853119,0.08999800000000135,0.04999899999999968,616501.0,1.0043448537252468,1.0045052946246351,1.0056201707607513,0.9948572227455562,0.9950848677719636,0.9948456065040734,1.0004014644333226,1.0008113149470887,1.0004015146689995,0.08714271428571406,0.037857071428571434,0.006999966666666661,0.08857157142857121,0.03714285714285711,0.01366666666666667,158865.85714285713,158947.2142857143,-46732.933333333334
2020-01-16,25.4,25.469999,25.290001,25.42,25.42,4803331.0,1.0027558661417324,0.9956693307086615,1.0007874015748033,0.19000099999999875,0.1700000000000017,123592.0,1.0034136525215642,1.0045432836769284,1.0054453649654758,0.9944113610104435,0.9951221317902906,0.9949412508610288,0.9996498835174622,1.0008675579167174,1.000441094721493,0.08571442857142841,0.04785714285714272,0.013333333333333286,0.06714271428571449,0.04928571428571438,0.014333333333333443,111415.0,212336.7142857143,-155597.43333333332
2020-01-17,25.59,25.674999,25.42,25.42,25.42,4711623.0,1.003321570926143,0.9933567799921845,0.9933567799921845,0.19000000000000128,0.0,-91708.0,1.0036018815316485,1.0044625616243568,1.0055023408798454,0.9956381153509789,0.9947054237901062,0.9950355404231381,0.9992161684141,1.000190689184492,1.00034057304372,0.09142842857142851,0.0628572142857143,0.026000033333333287,0.07999985714285732,0.045714214285714504,0.023333366666666678,-41152.42857142857,172488.2142857143,-138992.86666666667
2020-01-20,25.450001,25.610001,25.379999,25.49,25.49,4826203.0,1.0062868366881401,0.9972494303634802,1.0015716698793056,-0.13999899999999954,0.06999999999999673,114580.0,1.0037571496299542,1.004681020682239,1.0054919708313057,0.9962166054029046,0.9950854591767543,0.9951637860400652,1.0000692698254294,1.0002453069073567,1.0004754348919307,0.06428585714285719,0.04785714285714298,0.040000033333333344,0.08571442857142841,0.04928578571428562,0.04333329999999999,-189072.42857142858,209158.7857142857,-166016.86666666667
2020-01-21,25.5,25.530001,25.360001,25.51,25.51,4197310.0,1.0011765098039216,0.9945098431372549,1.0003921568627452,0.04999899999999968,0.020000000000003126,-628893.0,1.0034697194129094,1.0045334281663514,1.0053015822061853,0.9959447382066041,0.99538819190649,0.9950348070133599,0.9999544728982885,1.0003891354724268,1.0004614930110185,0.058571428571428594,0.059285714285714164,0.02733333333333334,0.0557141428571433,0.0628572142857143,0.026999966666666708,104490.57142857143,66965.92857142857,-134766.43333333332
2020-01-22,25.5,25.809999,25.450001,25.719999,25.719999,5896399.0,1.0121568235294118,0.9980392549019608,1.0086274117647058,0.0,0.20999899999999982,1699089.0,1.0047499959097792,1.0049341581570148,1.0055853521722042,0.9965774683318621,0.9953065937915307,0.9952123651628753,1.001358120715439,1.0006838980046637,1.0008975227898778,0.06571414285714283,0.07571421428571437,0.02666663333333332,0.10142842857142854,0.0835714285714287,0.03766663333333339,439421.14285714284,220882.0,57847.5
2020-01-23,25.74,25.799999,25.67,25.75,25.75,3898603.0,1.0023309634809636,0.9972804972804974,1.0003885003885005,0.23999999999999844,0.030000999999998612,-1997796.0,1.004457427705848,1.004435794563058,1.005500516761318,0.9964164531481366,0.99517015131194,0.9952707073457323,1.0009586617353652,1.0006538316457299,1.0009511080443025,0.08857128571428571,0.0735714999999999,0.03766663333333327,0.07857128571428566,0.07285714285714283,0.039000000000000055,-23519.285714285714,35377.642857142855,-1167.0
2020-01-24,25.85,26.030001,25.780001,25.9,25.9,5378181.0,1.0069632882011603,0.9972921083172146,1.001934235976789,0.11000000000000298,0.14999999999999858,1479578.0,1.0049988369673533,1.0046718453463,1.0056648756905164,0.9961996063858933,0.9955284145657248,0.9954920960511571,1.0010083080627192,1.0007048862480208,1.0012594850158867,0.09142871428571452,0.08928571428571429,0.041666666666666664,0.09285714285714265,0.09071435714285693,0.04933333333333323,99777.42857142857,129321.64285714286,55863.833333333336
2020-01-28,25.6,25.6,25.34,25.459999,25.459999,5906231.0,1.0,0.9898437499999999,0.9945312109375,-0.25,-0.44000099999999875,528050.0,1.0046051418042485,1.0040093971629065,1.0054328254584661,0.9953673805703704,0.9948893707904068,0.9952491044800404,1.0001145665431044,0.9998822250302831,1.0009270405319852,0.028571428571428976,0.0571429285714287,0.039333333333333324,0.005714142857142589,0.036428428571428535,0.030999933333333375,157557.14285714287,134486.07142857142,1554.5333333333333
2020-01-29,25.77,25.870001,25.6,25.790001,25.790001,5957461.0,1.003880519984478,0.9934031819945675,1.0007761350407451,0.16999999999999815,0.33000200000000035,51230.0,1.0046849916697251,1.0041434366006867,1.0053977686715396,0.9953740094278535,0.9955060623894162,0.995262119164145,1.0011744744071844,1.0001953214106423,1.001103618646167,0.025714285714285672,0.05857135714285709,0.04800000000000004,0.052857285714285496,0.0664285714285714,0.05233339999999996,177976.85714285713,68412.21428571429,-58901.333333333336
2020-01-30,25.82,25.84,25.68,25.83,25.83,6387621.0,1.0007745933384973,0.994577846630519,1.0003872966692486,0.05000000000000071,0.03999899999999812,430160.0,1.0038975283340619,1.0038273389820078,1.0047396875064134,0.9949923546088592,0.995604480005882,0.995122416142882,1.001005278234319,1.0005372740298741,1.000651478629454,0.052856999999999994,0.058571428571428594,0.04833330000000006,0.04857142857142855,0.06714292857142848,0.03733336666666662,223059.7142857143,16993.64285714286,-27224.4
2020-01-31,25.940001,25.99,25.690001,25.75,25.75,7906153.0,1.001927486433019,0.9903623750824065,0.9926753665121293,0.12000099999999847,-0.0799999999999983,1518532.0,1.004004810709647,1.0037372650612784,1.004292773502035,0.9943998591724522,0.9951722986895282,0.9948280667397813,0.9999028796128027,0.9999286762555456,1.0000441307589487,0.06285728571428553,0.06071435714285706,0.03866666666666667,0.034285714285714065,0.044999928571428684,0.023333366666666678,529834.7142857143,317162.64285714284,82219.73333333334
2020-02-03,25.25,25.370001,25.120001,25.290001,25.290001,5846559.0,1.004752514851485,0.9948515247524752,1.001584198019802,-0.6900009999999988,-0.4599989999999998,-2059594.0,1.002947052327086,1.0038485241184327,1.0042378573304178,0.9939444691510972,0.9952609687414796,0.994829782898197,0.9988967062206735,1.0001274134680562,0.9999902706929421,-0.03571428571428571,0.014999928571428558,0.008333333333333333,-0.061428285714285887,0.02000007142857133,0.007000033333333396,-7120.0,216150.57142857142,44218.3
2020-02-04,25.450001,25.780001,25.43,25.67,25.67,6829208.0,1.0129666006692888,0.9992141061212532,1.0086443611534632,0.20000100000000032,0.37999900000000153,982649.0,1.0044664290682754,1.0044619283870617,1.0043619288944687,0.9942206989854909,0.9953185760668137,0.9948705733085753,1.0000761149013824,1.0005173883183738,1.0000774487468933,-0.041428428571428304,0.023571428571428705,0.019000066666666628,-0.011428571428571186,0.03357135714285724,0.021333300000000104,418657.85714285716,197569.2857142857,41575.96666666667
2020-02-05,25.879999,25.9,25.629999,25.82,25.82,4627103.0,1.0007728361967865,0.9903400305386411,0.9976816459691517,0.4299980000000012,0.14999999999999858,-2202105.0,1.0035820787819365,1.0042904578746448,1.004387690101028,0.9932275450171232,0.9947135757015084,0.9950115385938728,0.9994686020431486,1.000238455052934,1.000410225818482,0.004285571428571444,0.04785714285714298,0.02266660000000004,-0.011428571428571186,0.04071428571428574,0.031000033333333357,-107296.85714285714,-3759.714285714286,-241875.1
2020-02-06,25.940001,26.139999,25.924999,26.110001,26.110001,6748231.0,1.0077100228330755,0.9994216654039451,1.0065535849439637,0.060001999999997224,0.2900010000000002,2121128.0,1.004683510615233,1.0046443262097409,1.0045777846664932,0.9945958186462581,0.9949815996083142,0.9951929833753693,1.001186084044072,1.000650325293588,1.0007758765624322,0.04857157142857105,0.038571500000000015,0.03433336666666662,0.09285742857142866,0.04928578571428562,0.04366673333333336,120285.71428571429,138921.42857142858,-152217.33333333334
2020-02-07,26.15,26.18,25.85,26.030001,26.030001,5357922.0,1.0011472275334607,0.9885277246653921,0.9954111281070745,0.20999899999999982,-0.08000000000000185,-1390309.0,1.0042930402650876,1.0044890159674063,1.0043999261785486,0.9938993247420903,0.9946366670849719,0.9948375866232648,1.0004196544821191,1.0007970644446518,1.0005553831017118,0.054285714285714146,0.03999999999999991,0.04899999999999996,0.034285714285714065,0.04357149999999978,0.04333336666666661,-85648.42857142857,46164.21428571428,96781.46666666666
2020-02-10,26.08,26.09,25.805,25.950001,25.950001,3267967.0,1.000383435582822,0.9894555214723927,0.9950153757668713,-0.07000000000000028,-0.0799999999999983,-2089955.0,1.0042371605857052,1.0040673444598835,1.0043385733843218,0.9931675640052152,0.9940799593070372,0.9946478495239417,0.9996522372103508,1.000328757722335,1.0003892289606076,0.03714285714285686,0.04499992857142843,0.04499999999999993,0.01714300000000029,0.03285721428571442,0.04066669999999999,-445664.85714285716,-111302.57142857143,47911.666666666664
2020-02-11,26.07,26.195,26.040001,26.129999,26.129999,4218651.0,1.004794783275796,0.9988492903720751,1.0023014576141158,-0.00999999999999801,0.1799980000000012,950684.0,1.004646774420388,1.0043257925650175,1.0043500101714433,0.9943799804751677,0.99438991982381,0.9946364694698521,1.0010273930820632,1.0004651363474328,1.0003715128063,0.018571285714285932,0.04071428571428574,0.04533336666666668,0.05428557142857165,0.04428564285714286,0.04499993333333343,-526786.0,1524.357142857143,64062.1
2020-02-12,26.25,26.379999,26.07,26.34,26.34,9463367.0,1.004952342857143,0.9931428571428571,1.0034285714285713,0.17999999999999972,0.21000099999999833,5244716.0,1.004675321278339,1.0038111868027124,1.0044074746040885,0.9941358851023653,0.9940401771267311,0.9946769335429338,1.0012908749976017,1.0000937906091376,1.000458897795279,0.14285714285714285,0.05357142857142857,0.048999966666666714,0.1499998571428571,0.044285785714285604,0.05133336666666667,516686.85714285716,254783.42857142858,252179.56666666668
2020-02-13,26.5,26.655001,26.35,26.43,26.43,5805261.0,1.0058490943396226,0.9943396226415094,0.9973584905660378,0.25,0.08999999999999986,-3658106.0,1.0036585346598152,1.0040624818640453,1.004494350914531,0.9934395303195446,0.9938301146525177,0.9948125348002855,0.9996786077708266,0.9998773613361045,1.0004248955824215,0.1499998571428571,0.054285714285714395,0.06099999999999994,0.10857142857142829,0.04857142857142855,0.06000003333333327,-146278.14285714287,136189.85714285713,84849.13333333333
2020-02-14,26.41,26.66,26.370001,26.610001,26.610001,6689755.0,1.0094661113214691,0.9984854600530102,1.0075729269216207,-0.08999999999999986,0.18000100000000074,884494.0,1.0049004311061984,1.0042412549440676,1.0045916678365758,0.9946031631073117,0.9939153540622173,0.9947893291850062,1.0010916479068936,1.000280124975021,1.0005273019360292,0.07571442857142838,0.03999999999999991,0.06566663333333338,0.11285728571428574,0.050714357142857276,0.06866673333333335,294664.5714285714,93683.85714285714,129523.46666666666
2020-02-17,26.629999,26.700001,26.41,26.58,26.58,3209998.0,1.0026286895467025,0.9917386778722748,0.9981224558063256,0.2199990000000014,-0.030001000000002165,-3479757.0,1.0041745263510022,1.0044290184831177,1.0043690223615873,0.9935055934599302,0.9940507060530942,0.9945409287142565,0.9998872008872309,1.0005366424656514,1.000437736149121,0.09857114285714326,0.07357135714285715,0.06400000000000006,0.06714271428571397,0.08000007142857132,0.0616666666666666,-505461.85714285716,-192588.07142857142,-6443.933333333333
2020-02-18,26.65,26.67,26.549999,26.65,26.65,4990434.0,1.0007504690431521,0.996247617260788,1.0,0.02000099999999705,0.07000000000000028,1780436.0,1.0041178465666725,1.00420544341588,1.0042720854218332,0.9946084352592724,0.9942538800006815,0.9946733018641418,1.0005427540147918,1.0004812042484554,1.0003970870976304,0.07142857142857142,0.06285714285714279,0.06833333333333323,0.08857128571428571,0.061428499999999886,0.06733336666666657,-52498.28571428572,-69073.35714285714,47425.2
2020-02-19,26.75,26.870001,26.57,26.76,26.76,8207824.0,1.0044860186915887,0.9932710280373832,1.000373831775701,0.10000000000000142,0.11000000000000298,3217390.0,1.0047039298679248,1.004470545226815,1.004112476892636,0.9951535076256997,0.9941605358154574,0.9944893240369063,1.001308247730339,1.000480242470345,1.000207932557293,0.09571428571428596,0.0664285714285714,0.06500003333333335,0.11571414285714303,0.06642857142857166,0.06033330000000004,705693.8571428572,130014.5,139479.93333333332
2020-02-20,26.9,27.059999,26.75,27.030001,27.030001,8131375.0,1.0059479182156135,0.9944237918215614,1.004832750929368,0.14999999999999858,0.27000099999999705,-76449.0,1.004868663430756,1.0047577189255719,1.0042439419046378,0.9945212935470549,0.9944506370111114,0.9948111337773438,1.001669861061089,1.0013486270715763,1.0004892647310812,0.11857142857142833,0.06857135714285713,0.0649999666666666,0.12857171428571387,0.09142864285714276,0.07233333333333328,558960.5714285715,16087.285714285714,104389.5
2020-02-21,27.030001,27.290001,26.959999,27.24,27.24,5425270.0,1.0096189415605277,0.9974102109726153,1.0077691081106508,0.13000100000000003,0.20999899999999982,-2706105.0,1.0055353203883823,1.0051053208333607,1.004391241289989,0.9951309155227346,0.9946334003125499,0.9949514741430975,1.0022899377299577,1.0017904063637797,1.0008949030014362,0.11142871428571409,0.12714292857142848,0.06766669999999995,0.12857142857142836,0.13928564285714273,0.07833336666666663,-576871.0,-30092.071428571428,-24148.0
2020-02-24,26.940001,26.99,26.66,26.83,26.83,5165130.0,1.0018559390550876,0.9896064963026542,0.995916815296332,-0.08999999999999986,-0.41000000000000014,-260140.0,1.0049648696334488,1.0043117021466321,1.0043468218810505,0.9944547546171839,0.9939471424683642,0.9947245935694741,1.0020839841199998,1.0008812959454132,1.0007189389995563,0.06285728571428553,0.10642857142857132,0.06166669999999996,0.05714285714285694,0.08285714285714262,0.05699996666666666,-91447.28571428571,-118862.71428571429,56641.8
2020-02-25,26.33,26.645,26.200001,26.59,26.59,8108706.0,1.0119635396885682,0.9950627041397646,1.0098746676794532,-0.6100010000000005,-0.23999999999999844,2943576.0,1.0053216451144629,1.0051110381103308,1.0046391102689587,0.9939657894867201,0.9942844762970159,0.9947730122399611,1.0024128042282616,1.0017522260675775,1.0010880320207163,-0.011428571428571692,0.03214292857142834,0.042999966666666604,-0.0028572857142858004,0.05499999999999997,0.05266666666666661,202707.2857142857,248685.92857142858,176275.16666666666
2020-02-26,26.02,26.27,25.790001,26.07,26.07,9305458.0,1.009607993850884,0.9911606840891622,1.0019215987701768,-0.3099999999999987,-0.5199999999999996,1196752.0,1.0063186885864888,1.0052466074687456,1.0048134120337056,0.9938832189462755,0.9936944062031029,0.9945314482573806,1.0029555389373832,1.0014213699123071,1.0010459282047548,-0.08714271428571456,0.005714214285714344,0.029999966666666704,-0.07285714285714258,-0.0028572142857142984,0.028999966666666665,870780.0,182659.07142857142,174740.66666666666
2020-02-27,25.9,26.139999,25.469999,25.530001,25.530001,8920398.0,1.0092663706563707,0.9833976447876449,0.9857143243243244,-0.120000000000001,-0.5399990000000017,-385060.0,1.0075352459598057,1.0058265462632392,1.0050165102765638,0.9920475085929695,0.993327971926121,0.9940177018952048,1.0009147281265725,1.000728741070682,1.0005168486260554,-0.10714285714285714,-0.017857142857142856,0.02300003333333329,-0.15999985714285714,-0.03571428571428571,0.00933336666666662,561423.4285714285,254462.57142857142,141355.3
2020-02-28,25.1,25.110001,24.530001,24.83,24.83,14529115.0,1.0003984462151394,0.9772908764940238,0.9892430278884461,-0.7999999999999972,-0.7000010000000003,5608717.0,1.0069513070345988,1.0058276184512618,1.004937929612344,0.989764629801061,0.9924590687133803,0.9934050867547168,0.9993246132855358,1.0003164305079373,1.0001320361698434,-0.23571428571428552,-0.06999999999999977,-0.009999999999999905,-0.2757142857142862,-0.08000007142857157,-0.01966666666666678,903041.5714285715,804367.7142857143,324192.8
2020-03-02,24.41,24.440001,23.82,24.34,24.34,9254024.0,1.0012290454731667,0.9758295780417862,0.9971323228185169,-0.6900000000000013,-0.48999999999999844,-5275091.0,1.0062771823571064,1.0055729228939312,1.0048681787639113,0.9871083135468073,0.9908148035469312,0.9928208466897036,0.998224552126843,0.999947206593966,1.000257887597388,-0.3557142857142855,-0.11857142857142858,-0.039333333333333324,-0.38428585714285696,-0.12785707142857156,-0.03600000000000006,160378.42857142858,359669.5,151413.36666666667
2020-03-03,24.66,24.959999,24.0,24.0,24.0,9220650.0,1.012165409570154,0.9732360097323601,0.9732360097323601,0.25,-0.33999999999999986,-33374.0,1.0066409635013387,1.0060881419448606,1.005064131193312,0.9836548562267708,0.9893928858747527,0.992020399335333,0.9932912523585157,0.9977905950442366,0.9993133655924897,-0.3385715714285712,-0.11357142857142856,-0.026333366666666674,-0.46285714285714263,-0.16714285714285712,-0.049666666666666616,542197.1428571428,-17336.928571428572,146481.56666666668
2020-03-04,23.629999,23.709999,23.07,23.209999,23.209999,9773009.0,1.0033855270158918,0.976301353207844,0.9822259831665672,-1.0300009999999986,-0.7900010000000002,552359.0,1.0068594760671679,1.0059121728503082,1.0051377651003774,0.9817541214989408,0.9881044380580624,0.9914134496710194,0.9913354191971208,0.9967097016585603,0.9987078264692837,-0.47285742857142815,-0.20500007142857132,-0.06233336666666662,-0.5171429999999998,-0.23000007142857143,-0.07666670000000006,658268.4285714285,283410.5714285714,185856.63333333333
2020-03-05,23.700001,23.700001,23.1,23.24,23.24,9670624.0,1.0,0.9746835031779113,0.9805906759244439,0.07000199999999879,0.030000999999998612,-102385.0,1.005150398968801,1.0052360220416319,1.0047325376493972,0.9788428070758189,0.9864042982812695,0.990634924613551,0.9871519918035478,0.9947823980159046,0.9977732686079417,-0.37571414285714255,-0.19357135714285714,-0.059999966666666654,-0.47857142857142876,-0.2407143571428573,-0.08266663333333343,223131.14285714287,212919.2142857143,125807.5
2020-03-06,22.809999,22.9,22.129999,22.139999,22.139999,9650016.0,1.0039456818915247,0.9701885125027845,0.9706269167306846,-0.8900019999999991,-1.100000999999999,-20608.0,1.004341497260321,1.005330092923405,1.0047863615964159,0.9758467825634793,0.9848650007548774,0.9897318584542938,0.9826813229407633,0.9928184309390733,0.9967812158193479,-0.4585715714285712,-0.27285714285714285,-0.09766669999999991,-0.5614287142857144,-0.3171429285714285,-0.12033336666666668,49222.57142857143,460001.28571428574,191713.76666666666
2020-03-09,20.75,21.48,20.27,20.27,20.27,13358601.0,1.0351807228915664,0.976867469879518,0.976867469879518,-2.0599990000000012,-1.869999,3708585.0,1.0080435475796345,1.0077893967697202,1.0057269427527629,0.9749139004337468,0.983480704513358,0.9890510371730373,0.9814174865915052,0.9911661073590388,0.9959456569494388,-0.7357142857142855,-0.4214285714285713,-0.17000000000000004,-0.7514287142857141,-0.4557142857142856,-0.18766666666666662,634029.0,597726.2142857143,266014.0
2020-03-10,19.5,21.174999,19.379999,21.129999,21.129999,19234684.0,1.0858973846153845,0.9938461025641027,1.0835896923076924,-1.25,0.859999000000002,5876083.0,1.0202576816368125,1.0136044943357057,1.008590188906609,0.9772789327294724,0.9835217812652667,0.9891844489251741,0.9948955815085405,0.9971100973970383,0.9989142729951118,-0.8000000000000002,-0.5178571428571429,-0.2033333333333334,-0.5285715714285709,-0.4021429285714286,-0.14433333333333329,672224.1428571428,787632.8571428572,444281.76666666666
2020-03-11,21.1,21.27,19.959999,19.959999,19.959999,14457005.0,1.0080568720379146,0.9459715165876776,0.9459715165876776,1.6000000000000014,-1.1700000000000017,-4777679.0,1.0212330854317766,1.0137551338944415,1.0087294006417236,0.9730134953788855,0.9800609044628464,0.9876033934116111,0.9875868949041349,0.9929057235154889,0.9970874523800096,-0.4728571428571427,-0.4142857142857141,-0.1556666666666666,-0.6257144285714286,-0.5050001428571428,-0.19433340000000002,743283.0,451830.71428571426,283318.13333333336
2020-03-12,19.6,19.870001,18.26,18.26,18.26,19394539.0,1.0137755612244896,0.9316326530612244,0.9316326530612244,-1.5,-1.6999989999999983,4937534.0,1.0214631070966818,1.0140520352990101,1.0091627662379232,0.9670701587115803,0.9753625074691756,0.9855052202926348,0.9816435582368298,0.9874674052976726,0.9947956309264089,-0.7228571428571426,-0.530714357142857,-0.2073333333333333,-0.8199999999999997,-0.6414285714285712,-0.25233333333333324,1453412.7142857143,997804.9285714285,433563.93333333335
2020-03-13,16.799999,19.0,16.07,18.799999,18.799999,31830455.0,1.1309524482709792,0.9565476759849807,1.1190476261337872,-2.8000010000000017,0.5399989999999981,12435916.0,1.0396869529902655,1.0232732145287167,1.0134635982991886,0.9642482048226,0.9730011631607703,0.9843780636560537,1.0011895072321468,0.9962624632146337,0.999008039580464,-0.975714285714286,-0.7242858571428571,-0.30466673333333333,-0.63,-0.5735714999999999,-0.2316667,3151063.714285714,1904666.0714285714,797476.7333333333
2020-03-16,17.459999,17.98,16.450001,16.450001,16.450001,20770982.0,1.029782418658787,0.9421536049343416,0.9421536049343416,0.6600000000000001,-2.3499979999999994,-11059473.0,1.0439415842272353,1.024545991598018,1.0142979284260987,0.9596010765020899,0.9692219417889544,0.9826214663287828,0.9956984970907037,0.9914252444471259,0.9970270198109488,-0.8914288571428572,-0.6335714999999998,-0.25966670000000003,-0.9699998571428569,-0.7242856428571428,-0.2946666666666667,1585765.4285714286,904448.2857142857,497480.76666666666
2020-03-17,16.07,18.49,16.049999,18.4,18.4,21793941.0,1.1505911636589918,0.9987553827006844,1.144990665836963,-1.3899989999999995,1.9499989999999983,1022959.0,1.0648909387654446,1.0346162180128828,1.0188854138590886,0.9636820579589328,0.969764420261206,0.982606175548097,1.0206076041058865,1.0016444635233248,1.001571896633732,-0.9628570000000002,-0.7107142857142856,-0.3126667,-0.5342855714285716,-0.5478571428571429,-0.24233333333333343,1734846.4285714286,892034.5,498824.43333333335
2020-03-18,18.08,18.25,16.43,16.620001000000002,16.620001000000002,18588946.0,1.0094026548672568,0.9087389380530975,0.9192478429203542,2.009999999999998,-1.7799989999999966,-3204995.0,1.061208357619115,1.0346259525993748,1.0191730744814376,0.9539494105551585,0.9644316554944526,0.9798861391319122,1.0123762288260059,0.9968968577087555,0.9989574365321054,-0.38142857142857167,-0.5585714285714286,-0.25999996666666675,-0.5214284285714282,-0.6364285714285712,-0.30666663333333327,747192.1428571428,690610.5714285715,465394.76666666666
2020-03-19,17.139999,17.85,15.0,15.0,15.0,28350561.0,1.0414236313549379,0.8751459087016283,0.8751459087016283,-0.9400009999999988,-1.620001000000002,9761615.0,1.054854964296194,1.0375563229665032,1.0202968614321664,0.9369922400033764,0.9571355863664243,0.9757436139085017,0.982598545453711,0.9887470634811256,0.994577180657361,-0.3371430000000001,-0.5685715000000001,-0.29333339999999997,-0.8757141428571431,-0.7021428571428571,-0.37033336666666666,1302268.142857143,987246.1428571428,720077.6666666666
2020-03-20,15.9,16.559998999999998,15.53,16.02,16.02,22421225.0,1.0415093710691823,0.9767295597484276,1.0075471698113208,-1.2399989999999992,1.0199999999999996,-5929336.0,1.0596338927292321,1.0404334890805043,1.0216422662166906,0.9413862461691977,0.9571998707740416,0.9753503417446029,0.9913950673428028,0.9894909811234689,0.9949817153808358,-0.742857142857143,-0.6078571428571429,-0.3416666666666666,-0.562857,-0.5942857142857143,-0.3336667,1137745.7142857143,940514.3571428572,568776.7666666667
2020-03-23,14.95,15.41,14.1,14.1,14.1,18966556.0,1.0307692307692309,0.9431438127090301,0.9431438127090301,-0.9500000000000011,-1.92,-3454669.0,1.0620615598070522,1.0417623334518669,1.0226551260562375,0.9430306975474557,0.9550504281295181,0.9738066181191575,0.9930395187210609,0.9873415384789453,0.9932526632789078,-0.6642857142857146,-0.6935714285714286,-0.37099999999999994,-0.5942857142857145,-0.7071428571428572,-0.39500003333333333,-61140.42857142857,696136.1428571428,523286.3
2020-03-24,14.5,14.85,14.21,14.85,14.85,16337588.0,1.0241379310344827,0.9800000000000001,1.0241379310344827,-0.4499999999999993,0.75,-2628968.0,1.0468023430589812,1.0432446480246234,1.0232998976481935,0.9463810295496013,0.9553146171861007,0.9731783084400882,0.9794809908497315,0.9903352490409393,0.9939805457262534,-0.3285712857142857,-0.6521427857142859,-0.38566666666666666,-0.5642855714285714,-0.5971427857142857,-0.37599996666666674,-2213266.714285714,468898.5,403964.56666666665
2020-03-25,16.0,16.68,15.62,16.57,16.57,17711774.0,1.0425,0.97625,1.035625,1.5,1.7200000000000006,1374186.0,1.0486191403934402,1.0462803623103378,1.0245514862196223,0.9512519431304097,0.9554265098162499,0.972615213201993,0.9928340472876828,0.9942662721891933,0.9950537600119678,-0.20857128571428568,-0.5500000714285714,-0.3416666666666667,0.017142714285714282,-0.4764285714285713,-0.32566666666666666,-437029.71428571426,574367.8571428572,274946.9
2020-03-26,16.959999,16.99,16.139999,16.700001,16.700001,12373719.0,1.0017689269910923,0.9516509405454564,0.9846699283413873,0.9599989999999998,0.13000100000000003,-5338055.0,1.0273588208694548,1.0461248798174496,1.024415480641338,0.9445227371082343,0.9541023975335835,0.9711922571321245,0.9699310847883148,0.9952693444471006,0.9946308079378127,0.12714271428571422,-0.417857142857143,-0.3180000333333333,-0.24285699999999974,-0.3885712857142857,-0.3243333,-1345746.0,194550.2142857143,218948.6
2020-03-27,17.200001,17.370001000000002,15.47,15.47,15.47,20689923.0,1.0098837203555977,0.8994185523593865,0.8994185523593865,0.2400020000000005,-1.2300009999999997,8316204.0,1.0274275445106462,1.0443179510648806,1.0244294009424755,0.9431912534377042,0.9485703319964314,0.9678900268756704,0.9670983289938908,0.9897372789099483,0.9910256621190715,-0.12571414285714258,-0.2535713571428571,-0.3069999666666667,-0.16428585714285734,-0.3428571428571428,-0.37133336666666666,300139.5714285714,523665.85714285716,466672.26666666666
2020-03-30,15.47,16.780001000000002,15.4,16.780001000000002,16.780001000000002,10117975.0,1.0846800904977376,0.995475113122172,1.0846800904977376,-1.7300009999999997,1.3100010000000015,-10571948.0,1.0336070386739034,1.0442310014850487,1.0271644476408435,0.9603811397834962,0.9486866898934362,0.9680145747173337,0.9970317835361922,0.9898151644949517,0.9939109166087852,-0.23857128571428557,-0.2878571428571428,-0.3719999666666667,0.25428585714285745,-0.3107141428571428,-0.3266666333333332,-2604655.1428571427,-651193.5,230265.9
2020-03-31,17.27,18.02,16.6,16.959999,16.959999,18647893.0,1.043427909669948,0.9612044006948467,0.982049739432542,1.799999999999999,0.17999799999999766,8529918.0,1.03388111561687,1.046757504173051,1.0285870289950698,0.9581632599186989,0.9497747530439483,0.9668464674984689,0.9933892934820809,0.9923921804124418,0.99331257458987,0.1957142857142856,-0.2735714285714287,-0.31266666666666665,0.13428557142857148,-0.21428571428571427,-0.32300003333333327,-539047.4285714285,299349.14285714284,455248.63333333336
2020-04-01,17.43,17.629998999999998,16.57,17.049999,17.049999,10598172.0,1.011474411933448,0.9506597819850833,0.9781984509466437,0.16000000000000014,0.08999999999999986,-8049721.0,1.031124712926044,1.046593136366548,1.0288199754364653,0.9592369698152778,0.9511338336813668,0.965426092630059,0.998397098944597,0.995718308832829,0.9925733952289014,0.35428571428571437,-0.1550000000000001,-0.3106666666666667,0.4214284285714286,-0.086428642857143,-0.3236667000000001,-1195483.4285714286,-628311.9285714285,79678.26666666666
